Date,Country,Latitude,Longitude,Production country appearances,Metric
01/07/1992,Australia,-25.3,133.8,1,Production country appearances in KVIFF catalogue
01/07/1992,Austria,47.5,14.5,1,Production country appearances in KVIFF catalogue
01/07/1992,Belgium,50.5,4.5,2,Production country appearances in KVIFF catalogue
01/07/1992,Canada,56.1,-106.3,1,Production country appearances in KVIFF catalogue
01/07/1992,Czechoslovakia,49.8,15,1,Production country appearances in KVIFF catalogue
01/07/1992,Finland,61.9,25.7,1,Production country appearances in KVIFF catalogue
01/07/1992,France,46.2,2.2,3,Production country appearances in KVIFF catalogue
01/07/1992,Germany,51.2,10.4,1,Production country appearances in KVIFF catalogue
01/07/1992,Hungary,47.2,19.5,1,Production country appearances in KVIFF catalogue
01/07/1992,Iran,32.4,53.7,1,Production country appearances in KVIFF catalogue
01/07/1992,Lithuania,55.2,23.9,1,Production country appearances in KVIFF catalogue
01/07/1992,Netherlands,52.1,5.3,1,Production country appearances in KVIFF catalogue
01/07/1992,Russia,61.5,105.3,2,Production country appearances in KVIFF catalogue
01/07/1992,South Korea,36.5,127.8,1,Production country appearances in KVIFF catalogue
01/07/1992,Spain,40.5,-3.7,1,Production country appearances in KVIFF catalogue
01/07/1992,Turkey,39,35.2,1,Production country appearances in KVIFF catalogue
01/07/1994,Australia,-25.3,133.8,1,Production country appearances in KVIFF catalogue
01/07/1994,Austria,47.5,14.5,1,Production country appearances in KVIFF catalogue
01/07/1994,Bulgaria,42.7,25.5,1,Production country appearances in KVIFF catalogue
01/07/1994,Canada,56.1,-106.3,5,Production country appearances in KVIFF catalogue
01/07/1994,China,35.9,104.2,2,Production country appearances in KVIFF catalogue
01/07/1994,Croatia,45.1,15.2,1,Production country appearances in KVIFF catalogue
01/07/1994,Cuba,21.5,-79.4,2,Production country appearances in KVIFF catalogue
01/07/1994,Czech Republic,49.8,15.5,46,Production country appearances in KVIFF catalogue
01/07/1994,Finland,61.9,25.7,2,Production country appearances in KVIFF catalogue
01/07/1994,France,46.2,2.2,10,Production country appearances in KVIFF catalogue
01/07/1994,Georgia,42.3,43.4,1,Production country appearances in KVIFF catalogue
01/07/1994,Germany,51.2,10.4,6,Production country appearances in KVIFF catalogue
01/07/1994,Hungary,47.2,19.5,8,Production country appearances in KVIFF catalogue
01/07/1994,India,20.6,78.9,2,Production country appearances in KVIFF catalogue
01/07/1994,Ireland,53.4,-8.2,2,Production country appearances in KVIFF catalogue
01/07/1994,Italy,41.9,12.6,10,Production country appearances in KVIFF catalogue
01/07/1994,Japan,36.2,138.3,1,Production country appearances in KVIFF catalogue
01/07/1994,Kazakhstan,48,66.9,2,Production country appearances in KVIFF catalogue
01/07/1994,Mexico,23.6,-102.5,1,Production country appearances in KVIFF catalogue
01/07/1994,Monaco,43.7,7.4,1,Production country appearances in KVIFF catalogue
01/07/1994,Netherlands,52.1,5.3,1,Production country appearances in KVIFF catalogue
01/07/1994,Norway,60.5,8.5,1,Production country appearances in KVIFF catalogue
01/07/1994,Poland,52,19.1,3,Production country appearances in KVIFF catalogue
01/07/1994,Romania,45.9,24.9,1,Production country appearances in KVIFF catalogue
01/07/1994,Russia,61.5,105.3,16,Production country appearances in KVIFF catalogue
01/07/1994,Slovak Republic,48.7,19.7,2,Production country appearances in KVIFF catalogue
01/07/1994,Slovenia,46.2,14.9,1,Production country appearances in KVIFF catalogue
01/07/1994,Spain,40.5,-3.7,11,Production country appearances in KVIFF catalogue
01/07/1994,Switzerland,46.8,8.2,2,Production country appearances in KVIFF catalogue
01/07/1994,Taiwan,23.7,121,1,Production country appearances in KVIFF catalogue
01/07/1994,United Kingdom,55.4,-3.4,12,Production country appearances in KVIFF catalogue
01/07/1994,USA,39.8,-98.6,14,Production country appearances in KVIFF catalogue
01/07/1994,Vietnam,14.1,108.3,1,Production country appearances in KVIFF catalogue
01/07/1994,Yugoslavia,44,20.9,2,Production country appearances in KVIFF catalogue
01/07/1995,Argentina,-38.4,-63.6,2,Production country appearances in KVIFF catalogue
01/07/1995,Australia,-25.3,133.8,1,Production country appearances in KVIFF catalogue
01/07/1995,Austria,47.5,14.5,3,Production country appearances in KVIFF catalogue
01/07/1995,Belgium,50.5,4.5,2,Production country appearances in KVIFF catalogue
01/07/1995,Brazil,-14.2,-51.9,1,Production country appearances in KVIFF catalogue
01/07/1995,Canada,56.1,-106.3,5,Production country appearances in KVIFF catalogue
01/07/1995,China,35.9,104.2,1,Production country appearances in KVIFF catalogue
01/07/1995,Cyprus,35.1,33.4,1,Production country appearances in KVIFF catalogue
01/07/1995,Czech Republic,49.8,15.5,16,Production country appearances in KVIFF catalogue
01/07/1995,Czechoslovakia,49.8,15,16,Production country appearances in KVIFF catalogue
01/07/1995,Denmark,56.3,9.5,2,Production country appearances in KVIFF catalogue
01/07/1995,Finland,61.9,25.7,6,Production country appearances in KVIFF catalogue
01/07/1995,France,46.2,2.2,13,Production country appearances in KVIFF catalogue
01/07/1995,Germany,51.2,10.4,13,Production country appearances in KVIFF catalogue
01/07/1995,Greece,39.1,21.8,2,Production country appearances in KVIFF catalogue
01/07/1995,Hong Kong,22.3,114.2,6,Production country appearances in KVIFF catalogue
01/07/1995,Hungary,47.2,19.5,5,Production country appearances in KVIFF catalogue
01/07/1995,India,20.6,78.9,1,Production country appearances in KVIFF catalogue
01/07/1995,Iran,32.4,53.7,3,Production country appearances in KVIFF catalogue
01/07/1995,Italy,41.9,12.6,8,Production country appearances in KVIFF catalogue
01/07/1995,Japan,36.2,138.3,3,Production country appearances in KVIFF catalogue
01/07/1995,Mexico,23.6,-102.5,1,Production country appearances in KVIFF catalogue
01/07/1995,Netherlands,52.1,5.3,4,Production country appearances in KVIFF catalogue
01/07/1995,North Macedonia,41.6,21.7,1,Production country appearances in KVIFF catalogue
01/07/1995,Poland,52,19.1,6,Production country appearances in KVIFF catalogue
01/07/1995,Romania,45.9,24.9,1,Production country appearances in KVIFF catalogue
01/07/1995,Russia,61.5,105.3,16,Production country appearances in KVIFF catalogue
01/07/1995,Senegal,14.5,-14.5,1,Production country appearances in KVIFF catalogue
01/07/1995,Slovak Republic,48.7,19.7,1,Production country appearances in KVIFF catalogue
01/07/1995,South Korea,36.5,127.8,1,Production country appearances in KVIFF catalogue
01/07/1995,Sweden,60.1,18.6,4,Production country appearances in KVIFF catalogue
01/07/1995,Switzerland,46.8,8.2,3,Production country appearances in KVIFF catalogue
01/07/1995,Taiwan,23.7,121,1,Production country appearances in KVIFF catalogue
01/07/1995,Tajikistan,38.9,71,1,Production country appearances in KVIFF catalogue
01/07/1995,United Kingdom,55.4,-3.4,13,Production country appearances in KVIFF catalogue
01/07/1995,USA,39.8,-98.6,34,Production country appearances in KVIFF catalogue
01/07/1995,USSR,61.5,105.3,1,Production country appearances in KVIFF catalogue
01/07/1995,Yugoslavia,44,20.9,1,Production country appearances in KVIFF catalogue
01/07/1996,Australia,-25.3,133.8,1,Production country appearances in KVIFF catalogue
01/07/1996,Austria,47.5,14.5,5,Production country appearances in KVIFF catalogue
01/07/1996,Belgium,50.5,4.5,1,Production country appearances in KVIFF catalogue
01/07/1996,Bulgaria,42.7,25.5,1,Production country appearances in KVIFF catalogue
01/07/1996,Canada,56.1,-106.3,7,Production country appearances in KVIFF catalogue
01/07/1996,China,35.9,104.2,2,Production country appearances in KVIFF catalogue
01/07/1996,Croatia,45.1,15.2,1,Production country appearances in KVIFF catalogue
01/07/1996,Cuba,21.5,-79.4,1,Production country appearances in KVIFF catalogue
01/07/1996,Czech Republic,49.8,15.5,11,Production country appearances in KVIFF catalogue
01/07/1996,Czechoslovakia,49.8,15,2,Production country appearances in KVIFF catalogue
01/07/1996,Denmark,56.3,9.5,3,Production country appearances in KVIFF catalogue
01/07/1996,Estonia,58.6,25,3,Production country appearances in KVIFF catalogue
01/07/1996,Finland,61.9,25.7,2,Production country appearances in KVIFF catalogue
01/07/1996,France,46.2,2.2,26,Production country appearances in KVIFF catalogue
01/07/1996,Georgia,42.3,43.4,1,Production country appearances in KVIFF catalogue
01/07/1996,Germany,51.2,10.4,17,Production country appearances in KVIFF catalogue
01/07/1996,Greece,39.1,21.8,1,Production country appearances in KVIFF catalogue
01/07/1996,Hong Kong,22.3,114.2,4,Production country appearances in KVIFF catalogue
01/07/1996,Hungary,47.2,19.5,2,Production country appearances in KVIFF catalogue
01/07/1996,Iceland,64.9,-18.6,1,Production country appearances in KVIFF catalogue
01/07/1996,India,20.6,78.9,2,Production country appearances in KVIFF catalogue
01/07/1996,Iran,32.4,53.7,1,Production country appearances in KVIFF catalogue
01/07/1996,Ireland,53.4,-8.2,1,Production country appearances in KVIFF catalogue
01/07/1996,Israel,31,35,3,Production country appearances in KVIFF catalogue
01/07/1996,Italy,41.9,12.6,3,Production country appearances in KVIFF catalogue
01/07/1996,Japan,36.2,138.3,5,Production country appearances in KVIFF catalogue
01/07/1996,Kazakhstan,48,66.9,3,Production country appearances in KVIFF catalogue
01/07/1996,Latvia,56.9,24.6,1,Production country appearances in KVIFF catalogue
01/07/1996,Netherlands,52.1,5.3,2,Production country appearances in KVIFF catalogue
01/07/1996,Norway,60.5,8.5,2,Production country appearances in KVIFF catalogue
01/07/1996,Poland,52,19.1,5,Production country appearances in KVIFF catalogue
01/07/1996,Russia,61.5,105.3,7,Production country appearances in KVIFF catalogue
01/07/1996,Slovak Republic,48.7,19.7,1,Production country appearances in KVIFF catalogue
01/07/1996,Slovenia,46.2,14.9,2,Production country appearances in KVIFF catalogue
01/07/1996,Spain,40.5,-3.7,3,Production country appearances in KVIFF catalogue
01/07/1996,Sri Lanka,7.9,80.8,1,Production country appearances in KVIFF catalogue
01/07/1996,Sweden,60.1,18.6,1,Production country appearances in KVIFF catalogue
01/07/1996,Switzerland,46.8,8.2,3,Production country appearances in KVIFF catalogue
01/07/1996,Taiwan,23.7,121,2,Production country appearances in KVIFF catalogue
01/07/1996,United Kingdom,55.4,-3.4,7,Production country appearances in KVIFF catalogue
01/07/1996,USA,39.8,-98.6,39,Production country appearances in KVIFF catalogue
01/07/1996,Venezuela,6.4,-66.6,1,Production country appearances in KVIFF catalogue
01/07/1996,Vietnam,14.1,108.3,1,Production country appearances in KVIFF catalogue
01/07/1996,Yugoslavia,44,20.9,6,Production country appearances in KVIFF catalogue
01/07/1997,Albania,41.2,20.2,1,Production country appearances in KVIFF catalogue
01/07/1997,Australia,-25.3,133.8,23,Production country appearances in KVIFF catalogue
01/07/1997,Austria,47.5,14.5,3,Production country appearances in KVIFF catalogue
01/07/1997,Belarus,53.7,27.9,2,Production country appearances in KVIFF catalogue
01/07/1997,Belgium,50.5,4.5,3,Production country appearances in KVIFF catalogue
01/07/1997,Bulgaria,42.7,25.5,1,Production country appearances in KVIFF catalogue
01/07/1997,Canada,56.1,-106.3,12,Production country appearances in KVIFF catalogue
01/07/1997,Czech Republic,49.8,15.5,40,Production country appearances in KVIFF catalogue
01/07/1997,Czechoslovakia,49.8,15,4,Production country appearances in KVIFF catalogue
01/07/1997,Denmark,56.3,9.5,1,Production country appearances in KVIFF catalogue
01/07/1997,Finland,61.9,25.7,1,Production country appearances in KVIFF catalogue
01/07/1997,France,46.2,2.2,29,Production country appearances in KVIFF catalogue
01/07/1997,Georgia,42.3,43.4,2,Production country appearances in KVIFF catalogue
01/07/1997,Germany,51.2,10.4,14,Production country appearances in KVIFF catalogue
01/07/1997,Greece,39.1,21.8,1,Production country appearances in KVIFF catalogue
01/07/1997,Hungary,47.2,19.5,3,Production country appearances in KVIFF catalogue
01/07/1997,Iceland,64.9,-18.6,2,Production country appearances in KVIFF catalogue
01/07/1997,India,20.6,78.9,2,Production country appearances in KVIFF catalogue
01/07/1997,Iran,32.4,53.7,3,Production country appearances in KVIFF catalogue
01/07/1997,Israel,31,35,1,Production country appearances in KVIFF catalogue
01/07/1997,Italy,41.9,12.6,6,Production country appearances in KVIFF catalogue
01/07/1997,Japan,36.2,138.3,3,Production country appearances in KVIFF catalogue
01/07/1997,Kazakhstan,48,66.9,1,Production country appearances in KVIFF catalogue
01/07/1997,Lithuania,55.2,23.9,2,Production country appearances in KVIFF catalogue
01/07/1997,Luxembourg,49.8,6.1,1,Production country appearances in KVIFF catalogue
01/07/1997,Mexico,23.6,-102.5,1,Production country appearances in KVIFF catalogue
01/07/1997,Mongolia,46.9,103.8,1,Production country appearances in KVIFF catalogue
01/07/1997,Netherlands,52.1,5.3,3,Production country appearances in KVIFF catalogue
01/07/1997,New Zealand,-40.9,174.9,1,Production country appearances in KVIFF catalogue
01/07/1997,Palestine,31.9,35.2,1,Production country appearances in KVIFF catalogue
01/07/1997,Poland,52,19.1,6,Production country appearances in KVIFF catalogue
01/07/1997,Portugal,39.4,-8.2,1,Production country appearances in KVIFF catalogue
01/07/1997,Romania,45.9,24.9,1,Production country appearances in KVIFF catalogue
01/07/1997,Russia,61.5,105.3,16,Production country appearances in KVIFF catalogue
01/07/1997,Slovak Republic,48.7,19.7,3,Production country appearances in KVIFF catalogue
01/07/1997,Slovenia,46.2,14.9,1,Production country appearances in KVIFF catalogue
01/07/1997,South Korea,36.5,127.8,1,Production country appearances in KVIFF catalogue
01/07/1997,Spain,40.5,-3.7,7,Production country appearances in KVIFF catalogue
01/07/1997,Sweden,60.1,18.6,1,Production country appearances in KVIFF catalogue
01/07/1997,Switzerland,46.8,8.2,4,Production country appearances in KVIFF catalogue
01/07/1997,Taiwan,23.7,121,2,Production country appearances in KVIFF catalogue
01/07/1997,Tunisia,33.9,9.5,1,Production country appearances in KVIFF catalogue
01/07/1997,Turkmenistan,38.9,59.6,1,Production country appearances in KVIFF catalogue
01/07/1997,Ukraine,48.4,31.2,2,Production country appearances in KVIFF catalogue
01/07/1997,United Kingdom,55.4,-3.4,12,Production country appearances in KVIFF catalogue
01/07/1997,USA,39.8,-98.6,58,Production country appearances in KVIFF catalogue
01/07/1998,Argentina,-38.4,-63.6,4,Production country appearances in KVIFF catalogue
01/07/1998,Australia,-25.3,133.8,3,Production country appearances in KVIFF catalogue
01/07/1998,Austria,47.5,14.5,5,Production country appearances in KVIFF catalogue
01/07/1998,Belgium,50.5,4.5,2,Production country appearances in KVIFF catalogue
01/07/1998,Brazil,-14.2,-51.9,1,Production country appearances in KVIFF catalogue
01/07/1998,Bulgaria,42.7,25.5,1,Production country appearances in KVIFF catalogue
01/07/1998,Canada,56.1,-106.3,3,Production country appearances in KVIFF catalogue
01/07/1998,Chile,-35.7,-71.5,1,Production country appearances in KVIFF catalogue
01/07/1998,China,35.9,104.2,2,Production country appearances in KVIFF catalogue
01/07/1998,Czech Republic,49.8,15.5,11,Production country appearances in KVIFF catalogue
01/07/1998,Czechoslovakia,49.8,15,1,Production country appearances in KVIFF catalogue
01/07/1998,Denmark,56.3,9.5,3,Production country appearances in KVIFF catalogue
01/07/1998,Estonia,58.6,25,2,Production country appearances in KVIFF catalogue
01/07/1998,Finland,61.9,25.7,2,Production country appearances in KVIFF catalogue
01/07/1998,France,46.2,2.2,26,Production country appearances in KVIFF catalogue
01/07/1998,Germany,51.2,10.4,14,Production country appearances in KVIFF catalogue
01/07/1998,Greece,39.1,21.8,1,Production country appearances in KVIFF catalogue
01/07/1998,Hong Kong,22.3,114.2,3,Production country appearances in KVIFF catalogue
01/07/1998,Hungary,47.2,19.5,5,Production country appearances in KVIFF catalogue
01/07/1998,India,20.6,78.9,3,Production country appearances in KVIFF catalogue
01/07/1998,Iran,32.4,53.7,1,Production country appearances in KVIFF catalogue
01/07/1998,Italy,41.9,12.6,7,Production country appearances in KVIFF catalogue
01/07/1998,Japan,36.2,138.3,11,Production country appearances in KVIFF catalogue
01/07/1998,Kazakhstan,48,66.9,1,Production country appearances in KVIFF catalogue
01/07/1998,Latvia,56.9,24.6,1,Production country appearances in KVIFF catalogue
01/07/1998,Lithuania,55.2,23.9,5,Production country appearances in KVIFF catalogue
01/07/1998,Mexico,23.6,-102.5,1,Production country appearances in KVIFF catalogue
01/07/1998,Mongolia,46.9,103.8,1,Production country appearances in KVIFF catalogue
01/07/1998,Morocco,31.8,-7.1,1,Production country appearances in KVIFF catalogue
01/07/1998,Netherlands,52.1,5.3,8,Production country appearances in KVIFF catalogue
01/07/1998,Norway,60.5,8.5,1,Production country appearances in KVIFF catalogue
01/07/1998,Poland,52,19.1,4,Production country appearances in KVIFF catalogue
01/07/1998,Portugal,39.4,-8.2,2,Production country appearances in KVIFF catalogue
01/07/1998,Russia,61.5,105.3,19,Production country appearances in KVIFF catalogue
01/07/1998,Slovak Republic,48.7,19.7,2,Production country appearances in KVIFF catalogue
01/07/1998,South Korea,36.5,127.8,2,Production country appearances in KVIFF catalogue
01/07/1998,Spain,40.5,-3.7,13,Production country appearances in KVIFF catalogue
01/07/1998,Sweden,60.1,18.6,2,Production country appearances in KVIFF catalogue
01/07/1998,Switzerland,46.8,8.2,2,Production country appearances in KVIFF catalogue
01/07/1998,Taiwan,23.7,121,2,Production country appearances in KVIFF catalogue
01/07/1998,Thailand,15.9,101,2,Production country appearances in KVIFF catalogue
01/07/1998,Tunisia,33.9,9.5,1,Production country appearances in KVIFF catalogue
01/07/1998,Turkey,39,35.2,1,Production country appearances in KVIFF catalogue
01/07/1998,Turkmenistan,38.9,59.6,1,Production country appearances in KVIFF catalogue
01/07/1998,Ukraine,48.4,31.2,5,Production country appearances in KVIFF catalogue
01/07/1998,United Kingdom,55.4,-3.4,13,Production country appearances in KVIFF catalogue
01/07/1998,USA,39.8,-98.6,52,Production country appearances in KVIFF catalogue
01/07/1998,Yugoslavia,44,20.9,1,Production country appearances in KVIFF catalogue
01/07/1999,Argentina,-38.4,-63.6,1,Production country appearances in KVIFF catalogue
01/07/1999,Austria,47.5,14.5,4,Production country appearances in KVIFF catalogue
01/07/1999,Belgium,50.5,4.5,24,Production country appearances in KVIFF catalogue
01/07/1999,Brazil,-14.2,-51.9,1,Production country appearances in KVIFF catalogue
01/07/1999,Canada,56.1,-106.3,15,Production country appearances in KVIFF catalogue
01/07/1999,Croatia,45.1,15.2,1,Production country appearances in KVIFF catalogue
01/07/1999,Czech Republic,49.8,15.5,19,Production country appearances in KVIFF catalogue
01/07/1999,Denmark,56.3,9.5,1,Production country appearances in KVIFF catalogue
01/07/1999,Finland,61.9,25.7,2,Production country appearances in KVIFF catalogue
01/07/1999,France,46.2,2.2,21,Production country appearances in KVIFF catalogue
01/07/1999,Georgia,42.3,43.4,1,Production country appearances in KVIFF catalogue
01/07/1999,Germany,51.2,10.4,9,Production country appearances in KVIFF catalogue
01/07/1999,Hungary,47.2,19.5,2,Production country appearances in KVIFF catalogue
01/07/1999,Iceland,64.9,-18.6,1,Production country appearances in KVIFF catalogue
01/07/1999,Iran,32.4,53.7,3,Production country appearances in KVIFF catalogue
01/07/1999,Italy,41.9,12.6,2,Production country appearances in KVIFF catalogue
01/07/1999,Kazakhstan,48,66.9,9,Production country appearances in KVIFF catalogue
01/07/1999,Kyrgyzstan,41.2,74.8,1,Production country appearances in KVIFF catalogue
01/07/1999,Lithuania,55.2,23.9,1,Production country appearances in KVIFF catalogue
01/07/1999,Netherlands,52.1,5.3,5,Production country appearances in KVIFF catalogue
01/07/1999,Norway,60.5,8.5,1,Production country appearances in KVIFF catalogue
01/07/1999,Poland,52,19.1,4,Production country appearances in KVIFF catalogue
01/07/1999,Romania,45.9,24.9,1,Production country appearances in KVIFF catalogue
01/07/1999,Russia,61.5,105.3,6,Production country appearances in KVIFF catalogue
01/07/1999,Slovenia,46.2,14.9,1,Production country appearances in KVIFF catalogue
01/07/1999,South Korea,36.5,127.8,1,Production country appearances in KVIFF catalogue
01/07/1999,Spain,40.5,-3.7,1,Production country appearances in KVIFF catalogue
01/07/1999,Sweden,60.1,18.6,1,Production country appearances in KVIFF catalogue
01/07/1999,Switzerland,46.8,8.2,1,Production country appearances in KVIFF catalogue
01/07/1999,Tajikistan,38.9,71,1,Production country appearances in KVIFF catalogue
01/07/1999,Turkey,39,35.2,1,Production country appearances in KVIFF catalogue
01/07/1999,United Kingdom,55.4,-3.4,6,Production country appearances in KVIFF catalogue
01/07/1999,USA,39.8,-98.6,11,Production country appearances in KVIFF catalogue
01/07/1999,USSR,61.5,105.3,7,Production country appearances in KVIFF catalogue
01/07/1999,Vietnam,14.1,108.3,1,Production country appearances in KVIFF catalogue
01/07/1999,Yugoslavia,44,20.9,14,Production country appearances in KVIFF catalogue
01/07/2000,Australia,-25.3,133.8,2,Production country appearances in KVIFF catalogue
01/07/2000,Austria,47.5,14.5,6,Production country appearances in KVIFF catalogue
01/07/2000,Azerbaijan,40.1,47.6,1,Production country appearances in KVIFF catalogue
01/07/2000,Belarus,53.7,27.9,1,Production country appearances in KVIFF catalogue
01/07/2000,Belgium,50.5,4.5,6,Production country appearances in KVIFF catalogue
01/07/2000,Bhutan,27.5,90.4,1,Production country appearances in KVIFF catalogue
01/07/2000,Bosnia and Herzegovina,43.9,17.7,12,Production country appearances in KVIFF catalogue
01/07/2000,Brazil,-14.2,-51.9,2,Production country appearances in KVIFF catalogue
01/07/2000,Bulgaria,42.7,25.5,1,Production country appearances in KVIFF catalogue
01/07/2000,Canada,56.1,-106.3,7,Production country appearances in KVIFF catalogue
01/07/2000,China,35.9,104.2,4,Production country appearances in KVIFF catalogue
01/07/2000,Croatia,45.1,15.2,2,Production country appearances in KVIFF catalogue
01/07/2000,Czech Republic,49.8,15.5,21,Production country appearances in KVIFF catalogue
01/07/2000,Czechoslovakia,49.8,15,1,Production country appearances in KVIFF catalogue
01/07/2000,Denmark,56.3,9.5,5,Production country appearances in KVIFF catalogue
01/07/2000,Egypt,26.8,30.8,1,Production country appearances in KVIFF catalogue
01/07/2000,Finland,61.9,25.7,2,Production country appearances in KVIFF catalogue
01/07/2000,France,46.2,2.2,32,Production country appearances in KVIFF catalogue
01/07/2000,Germany,51.2,10.4,24,Production country appearances in KVIFF catalogue
01/07/2000,Greece,39.1,21.8,2,Production country appearances in KVIFF catalogue
01/07/2000,Hungary,47.2,19.5,10,Production country appearances in KVIFF catalogue
01/07/2000,Iceland,64.9,-18.6,1,Production country appearances in KVIFF catalogue
01/07/2000,India,20.6,78.9,2,Production country appearances in KVIFF catalogue
01/07/2000,Iran,32.4,53.7,3,Production country appearances in KVIFF catalogue
01/07/2000,Ireland,53.4,-8.2,3,Production country appearances in KVIFF catalogue
01/07/2000,Italy,41.9,12.6,11,Production country appearances in KVIFF catalogue
01/07/2000,Japan,36.2,138.3,3,Production country appearances in KVIFF catalogue
01/07/2000,Kazakhstan,48,66.9,1,Production country appearances in KVIFF catalogue
01/07/2000,Lithuania,55.2,23.9,3,Production country appearances in KVIFF catalogue
01/07/2000,Luxembourg,49.8,6.1,1,Production country appearances in KVIFF catalogue
01/07/2000,Mexico,23.6,-102.5,1,Production country appearances in KVIFF catalogue
01/07/2000,Netherlands,52.1,5.3,3,Production country appearances in KVIFF catalogue
01/07/2000,New Zealand,-40.9,174.9,2,Production country appearances in KVIFF catalogue
01/07/2000,Norway,60.5,8.5,3,Production country appearances in KVIFF catalogue
01/07/2000,Poland,52,19.1,7,Production country appearances in KVIFF catalogue
01/07/2000,Portugal,39.4,-8.2,1,Production country appearances in KVIFF catalogue
01/07/2000,Russia,61.5,105.3,17,Production country appearances in KVIFF catalogue
01/07/2000,Slovak Republic,48.7,19.7,5,Production country appearances in KVIFF catalogue
01/07/2000,Slovenia,46.2,14.9,2,Production country appearances in KVIFF catalogue
01/07/2000,South Korea,36.5,127.8,6,Production country appearances in KVIFF catalogue
01/07/2000,Spain,40.5,-3.7,6,Production country appearances in KVIFF catalogue
01/07/2000,Sweden,60.1,18.6,6,Production country appearances in KVIFF catalogue
01/07/2000,Switzerland,46.8,8.2,6,Production country appearances in KVIFF catalogue
01/07/2000,Taiwan,23.7,121,2,Production country appearances in KVIFF catalogue
01/07/2000,Thailand,15.9,101,2,Production country appearances in KVIFF catalogue
01/07/2000,Ukraine,48.4,31.2,2,Production country appearances in KVIFF catalogue
01/07/2000,United Kingdom,55.4,-3.4,11,Production country appearances in KVIFF catalogue
01/07/2000,USA,39.8,-98.6,34,Production country appearances in KVIFF catalogue
01/07/2000,Uzbekistan,41.4,64.6,2,Production country appearances in KVIFF catalogue
01/07/2000,Yugoslavia,44,20.9,2,Production country appearances in KVIFF catalogue
01/07/2000,Zimbabwe,-19,29.2,2,Production country appearances in KVIFF catalogue
01/07/2001,Albania,41.2,20.2,1,Production country appearances in KVIFF catalogue
01/07/2001,Argentina,-38.4,-63.6,6,Production country appearances in KVIFF catalogue
01/07/2001,Australia,-25.3,133.8,2,Production country appearances in KVIFF catalogue
01/07/2001,Austria,47.5,14.5,7,Production country appearances in KVIFF catalogue
01/07/2001,Belgium,50.5,4.5,6,Production country appearances in KVIFF catalogue
01/07/2001,Brazil,-14.2,-51.9,4,Production country appearances in KVIFF catalogue
01/07/2001,Bulgaria,42.7,25.5,1,Production country appearances in KVIFF catalogue
01/07/2001,Canada,56.1,-106.3,2,Production country appearances in KVIFF catalogue
01/07/2001,Chile,-35.7,-71.5,1,Production country appearances in KVIFF catalogue
01/07/2001,China,35.9,104.2,2,Production country appearances in KVIFF catalogue
01/07/2001,Croatia,45.1,15.2,2,Production country appearances in KVIFF catalogue
01/07/2001,Czech Republic,49.8,15.5,18,Production country appearances in KVIFF catalogue
01/07/2001,Czechoslovakia,49.8,15,1,Production country appearances in KVIFF catalogue
01/07/2001,Denmark,56.3,9.5,2,Production country appearances in KVIFF catalogue
01/07/2001,Finland,61.9,25.7,1,Production country appearances in KVIFF catalogue
01/07/2001,France,46.2,2.2,29,Production country appearances in KVIFF catalogue
01/07/2001,Georgia,42.3,43.4,1,Production country appearances in KVIFF catalogue
01/07/2001,Germany,51.2,10.4,24,Production country appearances in KVIFF catalogue
01/07/2001,Greece,39.1,21.8,4,Production country appearances in KVIFF catalogue
01/07/2001,Hungary,47.2,19.5,6,Production country appearances in KVIFF catalogue
01/07/2001,India,20.6,78.9,2,Production country appearances in KVIFF catalogue
01/07/2001,Iran,32.4,53.7,5,Production country appearances in KVIFF catalogue
01/07/2001,Ireland,53.4,-8.2,2,Production country appearances in KVIFF catalogue
01/07/2001,Israel,31,35,3,Production country appearances in KVIFF catalogue
01/07/2001,Italy,41.9,12.6,11,Production country appearances in KVIFF catalogue
01/07/2001,Japan,36.2,138.3,2,Production country appearances in KVIFF catalogue
01/07/2001,Kyrgyzstan,41.2,74.8,1,Production country appearances in KVIFF catalogue
01/07/2001,Latvia,56.9,24.6,1,Production country appearances in KVIFF catalogue
01/07/2001,Lithuania,55.2,23.9,1,Production country appearances in KVIFF catalogue
01/07/2001,Mexico,23.6,-102.5,3,Production country appearances in KVIFF catalogue
01/07/2001,Netherlands,52.1,5.3,2,Production country appearances in KVIFF catalogue
01/07/2001,North Macedonia,41.6,21.7,1,Production country appearances in KVIFF catalogue
01/07/2001,Norway,60.5,8.5,3,Production country appearances in KVIFF catalogue
01/07/2001,Peru,-9.2,-75,1,Production country appearances in KVIFF catalogue
01/07/2001,Poland,52,19.1,9,Production country appearances in KVIFF catalogue
01/07/2001,Portugal,39.4,-8.2,2,Production country appearances in KVIFF catalogue
01/07/2001,Romania,45.9,24.9,2,Production country appearances in KVIFF catalogue
01/07/2001,Russia,61.5,105.3,17,Production country appearances in KVIFF catalogue
01/07/2001,Singapore,1.35,103.8,1,Production country appearances in KVIFF catalogue
01/07/2001,Slovenia,46.2,14.9,3,Production country appearances in KVIFF catalogue
01/07/2001,South Korea,36.5,127.8,29,Production country appearances in KVIFF catalogue
01/07/2001,Spain,40.5,-3.7,15,Production country appearances in KVIFF catalogue
01/07/2001,Sweden,60.1,18.6,5,Production country appearances in KVIFF catalogue
01/07/2001,Switzerland,46.8,8.2,4,Production country appearances in KVIFF catalogue
01/07/2001,Taiwan,23.7,121,2,Production country appearances in KVIFF catalogue
01/07/2001,Thailand,15.9,101,1,Production country appearances in KVIFF catalogue
01/07/2001,Ukraine,48.4,31.2,1,Production country appearances in KVIFF catalogue
01/07/2001,United Kingdom,55.4,-3.4,15,Production country appearances in KVIFF catalogue
01/07/2001,Uruguay,-32.5,-55.8,1,Production country appearances in KVIFF catalogue
01/07/2001,USA,39.8,-98.6,38,Production country appearances in KVIFF catalogue
01/07/2001,Uzbekistan,41.4,64.6,1,Production country appearances in KVIFF catalogue
01/07/2001,Vietnam,14.1,108.3,2,Production country appearances in KVIFF catalogue
01/07/2001,Yugoslavia,44,20.9,1,Production country appearances in KVIFF catalogue
01/07/2002,Argentina,-38.4,-63.6,6,Production country appearances in KVIFF catalogue
01/07/2002,Australia,-25.3,133.8,4,Production country appearances in KVIFF catalogue
01/07/2002,Austria,47.5,14.5,8,Production country appearances in KVIFF catalogue
01/07/2002,Belarus,53.7,27.9,1,Production country appearances in KVIFF catalogue
01/07/2002,Belgium,50.5,4.5,2,Production country appearances in KVIFF catalogue
01/07/2002,Brazil,-14.2,-51.9,18,Production country appearances in KVIFF catalogue
01/07/2002,Bulgaria,42.7,25.5,2,Production country appearances in KVIFF catalogue
01/07/2002,Canada,56.1,-106.3,7,Production country appearances in KVIFF catalogue
01/07/2002,China,35.9,104.2,8,Production country appearances in KVIFF catalogue
01/07/2002,Croatia,45.1,15.2,1,Production country appearances in KVIFF catalogue
01/07/2002,Czech Republic,49.8,15.5,23,Production country appearances in KVIFF catalogue
01/07/2002,Czechoslovakia,49.8,15,1,Production country appearances in KVIFF catalogue
01/07/2002,Denmark,56.3,9.5,2,Production country appearances in KVIFF catalogue
01/07/2002,Estonia,58.6,25,1,Production country appearances in KVIFF catalogue
01/07/2002,Finland,61.9,25.7,4,Production country appearances in KVIFF catalogue
01/07/2002,France,46.2,2.2,29,Production country appearances in KVIFF catalogue
01/07/2002,Germany,51.2,10.4,24,Production country appearances in KVIFF catalogue
01/07/2002,Greece,39.1,21.8,2,Production country appearances in KVIFF catalogue
01/07/2002,Hong Kong,22.3,114.2,2,Production country appearances in KVIFF catalogue
01/07/2002,Hungary,47.2,19.5,6,Production country appearances in KVIFF catalogue
01/07/2002,Iceland,64.9,-18.6,1,Production country appearances in KVIFF catalogue
01/07/2002,India,20.6,78.9,6,Production country appearances in KVIFF catalogue
01/07/2002,Indonesia,-0.8,113.9,1,Production country appearances in KVIFF catalogue
01/07/2002,Iran,32.4,53.7,6,Production country appearances in KVIFF catalogue
01/07/2002,Ireland,53.4,-8.2,1,Production country appearances in KVIFF catalogue
01/07/2002,Israel,31,35,2,Production country appearances in KVIFF catalogue
01/07/2002,Italy,41.9,12.6,10,Production country appearances in KVIFF catalogue
01/07/2002,Japan,36.2,138.3,10,Production country appearances in KVIFF catalogue
01/07/2002,Kazakhstan,48,66.9,1,Production country appearances in KVIFF catalogue
01/07/2002,Kyrgyzstan,41.2,74.8,1,Production country appearances in KVIFF catalogue
01/07/2002,Latvia,56.9,24.6,1,Production country appearances in KVIFF catalogue
01/07/2002,Mexico,23.6,-102.5,4,Production country appearances in KVIFF catalogue
01/07/2002,Moldova,47.4,28.4,1,Production country appearances in KVIFF catalogue
01/07/2002,Netherlands,52.1,5.3,22,Production country appearances in KVIFF catalogue
01/07/2002,New Zealand,-40.9,174.9,1,Production country appearances in KVIFF catalogue
01/07/2002,North Macedonia,41.6,21.7,1,Production country appearances in KVIFF catalogue
01/07/2002,Norway,60.5,8.5,4,Production country appearances in KVIFF catalogue
01/07/2002,Philippines,12.9,122,1,Production country appearances in KVIFF catalogue
01/07/2002,Poland,52,19.1,6,Production country appearances in KVIFF catalogue
01/07/2002,Portugal,39.4,-8.2,1,Production country appearances in KVIFF catalogue
01/07/2002,Romania,45.9,24.9,2,Production country appearances in KVIFF catalogue
01/07/2002,Russia,61.5,105.3,16,Production country appearances in KVIFF catalogue
01/07/2002,Russia,61.5,105.3,1,Production country appearances in KVIFF catalogue
01/07/2002,Russia,61.5,105.3,1,Production country appearances in KVIFF catalogue
01/07/2002,Rwanda,-1.9,29.9,1,Production country appearances in KVIFF catalogue
01/07/2002,Slovak Republic,48.7,19.7,1,Production country appearances in KVIFF catalogue
01/07/2002,Slovenia,46.2,14.9,3,Production country appearances in KVIFF catalogue
01/07/2002,South Korea,36.5,127.8,11,Production country appearances in KVIFF catalogue
01/07/2002,Spain,40.5,-3.7,13,Production country appearances in KVIFF catalogue
01/07/2002,Sweden,60.1,18.6,6,Production country appearances in KVIFF catalogue
01/07/2002,Switzerland,46.8,8.2,5,Production country appearances in KVIFF catalogue
01/07/2002,Taiwan,23.7,121,1,Production country appearances in KVIFF catalogue
01/07/2002,Tunisia,33.9,9.5,1,Production country appearances in KVIFF catalogue
01/07/2002,Ukraine,48.4,31.2,3,Production country appearances in KVIFF catalogue
01/07/2002,United Kingdom,55.4,-3.4,24,Production country appearances in KVIFF catalogue
01/07/2002,Uruguay,-32.5,-55.8,1,Production country appearances in KVIFF catalogue
01/07/2002,USA,39.8,-98.6,36,Production country appearances in KVIFF catalogue
01/07/2002,Yugoslavia,44,20.9,1,Production country appearances in KVIFF catalogue
01/07/2003,Albania,41.2,20.2,1,Production country appearances in KVIFF catalogue
01/07/2003,Argentina,-38.4,-63.6,5,Production country appearances in KVIFF catalogue
01/07/2003,Armenia,40.1,45,1,Production country appearances in KVIFF catalogue
01/07/2003,Australia,-25.3,133.8,5,Production country appearances in KVIFF catalogue
01/07/2003,Austria,47.5,14.5,11,Production country appearances in KVIFF catalogue
01/07/2003,Belarus,53.7,27.9,1,Production country appearances in KVIFF catalogue
01/07/2003,Belgium,50.5,4.5,3,Production country appearances in KVIFF catalogue
01/07/2003,Bosnia and Herzegovina,43.9,17.7,1,Production country appearances in KVIFF catalogue
01/07/2003,Brazil,-14.2,-51.9,3,Production country appearances in KVIFF catalogue
01/07/2003,Bulgaria,42.7,25.5,2,Production country appearances in KVIFF catalogue
01/07/2003,Canada,56.1,-106.3,11,Production country appearances in KVIFF catalogue
01/07/2003,Chad,15.5,18.7,1,Production country appearances in KVIFF catalogue
01/07/2003,China,35.9,104.2,2,Production country appearances in KVIFF catalogue
01/07/2003,Czech Republic,49.8,15.5,20,Production country appearances in KVIFF catalogue
01/07/2003,Czechoslovakia,49.8,15,5,Production country appearances in KVIFF catalogue
01/07/2003,Denmark,56.3,9.5,7,Production country appearances in KVIFF catalogue
01/07/2003,Estonia,58.6,25,7,Production country appearances in KVIFF catalogue
01/07/2003,Finland,61.9,25.7,3,Production country appearances in KVIFF catalogue
01/07/2003,France,46.2,2.2,46,Production country appearances in KVIFF catalogue
01/07/2003,Germany,51.2,10.4,23,Production country appearances in KVIFF catalogue
01/07/2003,Greece,39.1,21.8,2,Production country appearances in KVIFF catalogue
01/07/2003,Hong Kong,22.3,114.2,2,Production country appearances in KVIFF catalogue
01/07/2003,Hungary,47.2,19.5,5,Production country appearances in KVIFF catalogue
01/07/2003,Iceland,64.9,-18.6,3,Production country appearances in KVIFF catalogue
01/07/2003,India,20.6,78.9,2,Production country appearances in KVIFF catalogue
01/07/2003,Iran,32.4,53.7,4,Production country appearances in KVIFF catalogue
01/07/2003,Ireland,53.4,-8.2,4,Production country appearances in KVIFF catalogue
01/07/2003,Israel,31,35,2,Production country appearances in KVIFF catalogue
01/07/2003,Italy,41.9,12.6,15,Production country appearances in KVIFF catalogue
01/07/2003,Japan,36.2,138.3,14,Production country appearances in KVIFF catalogue
01/07/2003,Kurdistan,36.2,44,1,Production country appearances in KVIFF catalogue
01/07/2003,Latvia,56.9,24.6,6,Production country appearances in KVIFF catalogue
01/07/2003,Lithuania,55.2,23.9,6,Production country appearances in KVIFF catalogue
01/07/2003,Luxembourg,49.8,6.1,2,Production country appearances in KVIFF catalogue
01/07/2003,Mexico,23.6,-102.5,3,Production country appearances in KVIFF catalogue
01/07/2003,Netherlands,52.1,5.3,4,Production country appearances in KVIFF catalogue
01/07/2003,North Macedonia,41.6,21.7,1,Production country appearances in KVIFF catalogue
01/07/2003,Norway,60.5,8.5,8,Production country appearances in KVIFF catalogue
01/07/2003,Philippines,12.9,122,1,Production country appearances in KVIFF catalogue
01/07/2003,Poland,52,19.1,6,Production country appearances in KVIFF catalogue
01/07/2003,Portugal,39.4,-8.2,1,Production country appearances in KVIFF catalogue
01/07/2003,Russia,61.5,105.3,12,Production country appearances in KVIFF catalogue
01/07/2003,Senegal,14.5,-14.5,1,Production country appearances in KVIFF catalogue
01/07/2003,Serbia,44,20.9,1,Production country appearances in KVIFF catalogue
01/07/2003,Slovak Republic,48.7,19.7,5,Production country appearances in KVIFF catalogue
01/07/2003,Slovenia,46.2,14.9,1,Production country appearances in KVIFF catalogue
01/07/2003,South Korea,36.5,127.8,4,Production country appearances in KVIFF catalogue
01/07/2003,Spain,40.5,-3.7,9,Production country appearances in KVIFF catalogue
01/07/2003,Sweden,60.1,18.6,7,Production country appearances in KVIFF catalogue
01/07/2003,Switzerland,46.8,8.2,3,Production country appearances in KVIFF catalogue
01/07/2003,Taiwan,23.7,121,2,Production country appearances in KVIFF catalogue
01/07/2003,Tunisia,33.9,9.5,1,Production country appearances in KVIFF catalogue
01/07/2003,Turkey,39,35.2,2,Production country appearances in KVIFF catalogue
01/07/2003,United Kingdom,55.4,-3.4,22,Production country appearances in KVIFF catalogue
01/07/2003,USA,39.8,-98.6,34,Production country appearances in KVIFF catalogue
01/07/2003,Uzbekistan,41.4,64.6,1,Production country appearances in KVIFF catalogue
01/07/2004,Afghanistan,33.9,67.7,1,Production country appearances in KVIFF catalogue
01/07/2004,Algeria,28,1.7,1,Production country appearances in KVIFF catalogue
01/07/2004,Argentina,-38.4,-63.6,5,Production country appearances in KVIFF catalogue
01/07/2004,Australia,-25.3,133.8,2,Production country appearances in KVIFF catalogue
01/07/2004,Austria,47.5,14.5,9,Production country appearances in KVIFF catalogue
01/07/2004,Belarus,53.7,27.9,1,Production country appearances in KVIFF catalogue
01/07/2004,Belgium,50.5,4.5,5,Production country appearances in KVIFF catalogue
01/07/2004,Bhutan,27.5,90.4,1,Production country appearances in KVIFF catalogue
01/07/2004,Bosnia and Herzegovina,43.9,17.7,2,Production country appearances in KVIFF catalogue
01/07/2004,Bulgaria,42.7,25.5,1,Production country appearances in KVIFF catalogue
01/07/2004,Canada,56.1,-106.3,6,Production country appearances in KVIFF catalogue
01/07/2004,China,35.9,104.2,3,Production country appearances in KVIFF catalogue
01/07/2004,Colombia,4.6,-74.3,1,Production country appearances in KVIFF catalogue
01/07/2004,Croatia,45.1,15.2,2,Production country appearances in KVIFF catalogue
01/07/2004,Czech Republic,49.8,15.5,22,Production country appearances in KVIFF catalogue
01/07/2004,Denmark,56.3,9.5,6,Production country appearances in KVIFF catalogue
01/07/2004,Estonia,58.6,25,4,Production country appearances in KVIFF catalogue
01/07/2004,Finland,61.9,25.7,2,Production country appearances in KVIFF catalogue
01/07/2004,France,46.2,2.2,30,Production country appearances in KVIFF catalogue
01/07/2004,Germany,51.2,10.4,26,Production country appearances in KVIFF catalogue
01/07/2004,Greece,39.1,21.8,2,Production country appearances in KVIFF catalogue
01/07/2004,Hungary,47.2,19.5,8,Production country appearances in KVIFF catalogue
01/07/2004,Iceland,64.9,-18.6,2,Production country appearances in KVIFF catalogue
01/07/2004,India,20.6,78.9,4,Production country appearances in KVIFF catalogue
01/07/2004,Iran,32.4,53.7,6,Production country appearances in KVIFF catalogue
01/07/2004,Ireland,53.4,-8.2,2,Production country appearances in KVIFF catalogue
01/07/2004,Israel,31,35,4,Production country appearances in KVIFF catalogue
01/07/2004,Italy,41.9,12.6,12,Production country appearances in KVIFF catalogue
01/07/2004,Japan,36.2,138.3,4,Production country appearances in KVIFF catalogue
01/07/2004,Kazakhstan,48,66.9,2,Production country appearances in KVIFF catalogue
01/07/2004,Latvia,56.9,24.6,3,Production country appearances in KVIFF catalogue
01/07/2004,Luxembourg,49.8,6.1,2,Production country appearances in KVIFF catalogue
01/07/2004,Mexico,23.6,-102.5,3,Production country appearances in KVIFF catalogue
01/07/2004,Mongolia,46.9,103.8,1,Production country appearances in KVIFF catalogue
01/07/2004,Netherlands,52.1,5.3,4,Production country appearances in KVIFF catalogue
01/07/2004,North Macedonia,41.6,21.7,1,Production country appearances in KVIFF catalogue
01/07/2004,Norway,60.5,8.5,2,Production country appearances in KVIFF catalogue
01/07/2004,Palestine,31.9,35.2,1,Production country appearances in KVIFF catalogue
01/07/2004,Peru,-9.2,-75,1,Production country appearances in KVIFF catalogue
01/07/2004,Poland,52,19.1,6,Production country appearances in KVIFF catalogue
01/07/2004,Portugal,39.4,-8.2,1,Production country appearances in KVIFF catalogue
01/07/2004,Romania,45.9,24.9,1,Production country appearances in KVIFF catalogue
01/07/2004,Russia,61.5,105.3,11,Production country appearances in KVIFF catalogue
01/07/2004,Serbia,44,20.9,1,Production country appearances in KVIFF catalogue
01/07/2004,Slovak Republic,48.7,19.7,3,Production country appearances in KVIFF catalogue
01/07/2004,Slovenia,46.2,14.9,2,Production country appearances in KVIFF catalogue
01/07/2004,South Korea,36.5,127.8,6,Production country appearances in KVIFF catalogue
01/07/2004,Spain,40.5,-3.7,12,Production country appearances in KVIFF catalogue
01/07/2004,Sweden,60.1,18.6,5,Production country appearances in KVIFF catalogue
01/07/2004,Switzerland,46.8,8.2,7,Production country appearances in KVIFF catalogue
01/07/2004,Taiwan,23.7,121,1,Production country appearances in KVIFF catalogue
01/07/2004,Thailand,15.9,101,1,Production country appearances in KVIFF catalogue
01/07/2004,Turkey,39,35.2,11,Production country appearances in KVIFF catalogue
01/07/2004,United Kingdom,55.4,-3.4,13,Production country appearances in KVIFF catalogue
01/07/2004,Uruguay,-32.5,-55.8,1,Production country appearances in KVIFF catalogue
01/07/2004,USA,39.8,-98.6,37,Production country appearances in KVIFF catalogue
01/07/2005,Angola,-11.2,17.9,1,Production country appearances in KVIFF catalogue
01/07/2005,Argentina,-38.4,-63.6,6,Production country appearances in KVIFF catalogue
01/07/2005,Australia,-25.3,133.8,2,Production country appearances in KVIFF catalogue
01/07/2005,Austria,47.5,14.5,8,Production country appearances in KVIFF catalogue
01/07/2005,Austria,47.5,14.5,1,Production country appearances in KVIFF catalogue
01/07/2005,Belarus,53.7,27.9,2,Production country appearances in KVIFF catalogue
01/07/2005,Belgium,50.5,4.5,10,Production country appearances in KVIFF catalogue
01/07/2005,Bosnia and Herzegovina,43.9,17.7,1,Production country appearances in KVIFF catalogue
01/07/2005,Brazil,-14.2,-51.9,2,Production country appearances in KVIFF catalogue
01/07/2005,Bulgaria,42.7,25.5,3,Production country appearances in KVIFF catalogue
01/07/2005,Canada,56.1,-106.3,16,Production country appearances in KVIFF catalogue
01/07/2005,Chile,-35.7,-71.5,2,Production country appearances in KVIFF catalogue
01/07/2005,China,35.9,104.2,7,Production country appearances in KVIFF catalogue
01/07/2005,Colombia,4.6,-74.3,2,Production country appearances in KVIFF catalogue
01/07/2005,Czech Republic,49.8,15.5,21,Production country appearances in KVIFF catalogue
01/07/2005,Czechoslovakia,49.8,15,1,Production country appearances in KVIFF catalogue
01/07/2005,Denmark,56.3,9.5,10,Production country appearances in KVIFF catalogue
01/07/2005,Estonia,58.6,25,1,Production country appearances in KVIFF catalogue
01/07/2005,Finland,61.9,25.7,2,Production country appearances in KVIFF catalogue
01/07/2005,France,46.2,2.2,34,Production country appearances in KVIFF catalogue
01/07/2005,Germany,51.2,10.4,24,Production country appearances in KVIFF catalogue
01/07/2005,Greece,39.1,21.8,6,Production country appearances in KVIFF catalogue
01/07/2005,Hong Kong,22.3,114.2,1,Production country appearances in KVIFF catalogue
01/07/2005,Hungary,47.2,19.5,6,Production country appearances in KVIFF catalogue
01/07/2005,Iceland,64.9,-18.6,2,Production country appearances in KVIFF catalogue
01/07/2005,India,20.6,78.9,1,Production country appearances in KVIFF catalogue
01/07/2005,Iran,32.4,53.7,6,Production country appearances in KVIFF catalogue
01/07/2005,Iraq,33.2,43.7,1,Production country appearances in KVIFF catalogue
01/07/2005,Israel,31,35,5,Production country appearances in KVIFF catalogue
01/07/2005,Italy,41.9,12.6,13,Production country appearances in KVIFF catalogue
01/07/2005,Japan,36.2,138.3,16,Production country appearances in KVIFF catalogue
01/07/2005,Kazakhstan,48,66.9,2,Production country appearances in KVIFF catalogue
01/07/2005,Kyrgyzstan,41.2,74.8,1,Production country appearances in KVIFF catalogue
01/07/2005,Latvia,56.9,24.6,3,Production country appearances in KVIFF catalogue
01/07/2005,Lithuania,55.2,23.9,1,Production country appearances in KVIFF catalogue
01/07/2005,Luxembourg,49.8,6.1,2,Production country appearances in KVIFF catalogue
01/07/2005,Mexico,23.6,-102.5,5,Production country appearances in KVIFF catalogue
01/07/2005,Morocco,31.8,-7.1,2,Production country appearances in KVIFF catalogue
01/07/2005,Netherlands,52.1,5.3,9,Production country appearances in KVIFF catalogue
01/07/2005,New Zealand,-40.9,174.9,1,Production country appearances in KVIFF catalogue
01/07/2005,North Macedonia,41.6,21.7,1,Production country appearances in KVIFF catalogue
01/07/2005,Norway,60.5,8.5,11,Production country appearances in KVIFF catalogue
01/07/2005,Palestine,31.9,35.2,1,Production country appearances in KVIFF catalogue
01/07/2005,Peru,-9.2,-75,1,Production country appearances in KVIFF catalogue
01/07/2005,Philippines,12.9,122,1,Production country appearances in KVIFF catalogue
01/07/2005,Poland,52,19.1,8,Production country appearances in KVIFF catalogue
01/07/2005,Portugal,39.4,-8.2,3,Production country appearances in KVIFF catalogue
01/07/2005,Romania,45.9,24.9,3,Production country appearances in KVIFF catalogue
01/07/2005,Russia,61.5,105.3,9,Production country appearances in KVIFF catalogue
01/07/2005,Serbia,44,20.9,2,Production country appearances in KVIFF catalogue
01/07/2005,Slovak Republic,48.7,19.7,3,Production country appearances in KVIFF catalogue
01/07/2005,Slovenia,46.2,14.9,3,Production country appearances in KVIFF catalogue
01/07/2005,South Africa,-30.6,22.9,2,Production country appearances in KVIFF catalogue
01/07/2005,South Korea,36.5,127.8,4,Production country appearances in KVIFF catalogue
01/07/2005,Spain,40.5,-3.7,11,Production country appearances in KVIFF catalogue
01/07/2005,Sweden,60.1,18.6,6,Production country appearances in KVIFF catalogue
01/07/2005,Switzerland,46.8,8.2,3,Production country appearances in KVIFF catalogue
01/07/2005,Taiwan,23.7,121,2,Production country appearances in KVIFF catalogue
01/07/2005,Turkey,39,35.2,2,Production country appearances in KVIFF catalogue
01/07/2005,Ukraine,48.4,31.2,2,Production country appearances in KVIFF catalogue
01/07/2005,United Kingdom,55.4,-3.4,23,Production country appearances in KVIFF catalogue
01/07/2005,United Kingdom,55.4,-3.4,1,Production country appearances in KVIFF catalogue
01/07/2005,USA,39.8,-98.6,47,Production country appearances in KVIFF catalogue
01/07/2005,USSR,61.5,105.3,4,Production country appearances in KVIFF catalogue
01/07/2006,Albania,41.2,20.2,1,Production country appearances in KVIFF catalogue
01/07/2006,Argentina,-38.4,-63.6,7,Production country appearances in KVIFF catalogue
01/07/2006,Armenia,40.1,45,1,Production country appearances in KVIFF catalogue
01/07/2006,Australia,-25.3,133.8,4,Production country appearances in KVIFF catalogue
01/07/2006,Austria,47.5,14.5,6,Production country appearances in KVIFF catalogue
01/07/2006,Azerbaijan,40.1,47.6,1,Production country appearances in KVIFF catalogue
01/07/2006,Belarus,53.7,27.9,1,Production country appearances in KVIFF catalogue
01/07/2006,Belgium,50.5,4.5,3,Production country appearances in KVIFF catalogue
01/07/2006,Bosnia and Herzegovina,43.9,17.7,2,Production country appearances in KVIFF catalogue
01/07/2006,Brazil,-14.2,-51.9,6,Production country appearances in KVIFF catalogue
01/07/2006,Bulgaria,42.7,25.5,2,Production country appearances in KVIFF catalogue
01/07/2006,Canada,56.1,-106.3,7,Production country appearances in KVIFF catalogue
01/07/2006,Chile,-35.7,-71.5,1,Production country appearances in KVIFF catalogue
01/07/2006,China,35.9,104.2,3,Production country appearances in KVIFF catalogue
01/07/2006,Croatia,45.1,15.2,2,Production country appearances in KVIFF catalogue
01/07/2006,Czech Republic,49.8,15.5,29,Production country appearances in KVIFF catalogue
01/07/2006,Czechoslovakia,49.8,15,2,Production country appearances in KVIFF catalogue
01/07/2006,Denmark,56.3,9.5,4,Production country appearances in KVIFF catalogue
01/07/2006,Estonia,58.6,25,1,Production country appearances in KVIFF catalogue
01/07/2006,Finland,61.9,25.7,5,Production country appearances in KVIFF catalogue
01/07/2006,France,46.2,2.2,28,Production country appearances in KVIFF catalogue
01/07/2006,Germany,51.2,10.4,23,Production country appearances in KVIFF catalogue
01/07/2006,Greece,39.1,21.8,2,Production country appearances in KVIFF catalogue
01/07/2006,Guinea,9.9,-9.7,1,Production country appearances in KVIFF catalogue
01/07/2006,Hong Kong,22.3,114.2,1,Production country appearances in KVIFF catalogue
01/07/2006,Hungary,47.2,19.5,3,Production country appearances in KVIFF catalogue
01/07/2006,Iceland,64.9,-18.6,1,Production country appearances in KVIFF catalogue
01/07/2006,India,20.6,78.9,1,Production country appearances in KVIFF catalogue
01/07/2006,Iran,32.4,53.7,5,Production country appearances in KVIFF catalogue
01/07/2006,Iraq,33.2,43.7,2,Production country appearances in KVIFF catalogue
01/07/2006,Ireland,53.4,-8.2,1,Production country appearances in KVIFF catalogue
01/07/2006,Israel,31,35,3,Production country appearances in KVIFF catalogue
01/07/2006,Italy,41.9,12.6,9,Production country appearances in KVIFF catalogue
01/07/2006,Japan,36.2,138.3,3,Production country appearances in KVIFF catalogue
01/07/2006,Kyrgyzstan,41.2,74.8,1,Production country appearances in KVIFF catalogue
01/07/2006,Latvia,56.9,24.6,1,Production country appearances in KVIFF catalogue
01/07/2006,Lithuania,55.2,23.9,2,Production country appearances in KVIFF catalogue
01/07/2006,Luxembourg,49.8,6.1,2,Production country appearances in KVIFF catalogue
01/07/2006,Mexico,23.6,-102.5,6,Production country appearances in KVIFF catalogue
01/07/2006,Netherlands,52.1,5.3,8,Production country appearances in KVIFF catalogue
01/07/2006,Norway,60.5,8.5,3,Production country appearances in KVIFF catalogue
01/07/2006,Pakistan,30.4,69.3,1,Production country appearances in KVIFF catalogue
01/07/2006,Palestine,31.9,35.2,1,Production country appearances in KVIFF catalogue
01/07/2006,Peru,-9.2,-75,1,Production country appearances in KVIFF catalogue
01/07/2006,Poland,52,19.1,4,Production country appearances in KVIFF catalogue
01/07/2006,Romania,45.9,24.9,2,Production country appearances in KVIFF catalogue
01/07/2006,Russia,61.5,105.3,7,Production country appearances in KVIFF catalogue
01/07/2006,Rwanda,-1.9,29.9,1,Production country appearances in KVIFF catalogue
01/07/2006,Serbia,44,20.9,1,Production country appearances in KVIFF catalogue
01/07/2006,Sierra Leone,8.5,-11.8,1,Production country appearances in KVIFF catalogue
01/07/2006,Slovak Republic,48.7,19.7,3,Production country appearances in KVIFF catalogue
01/07/2006,Slovenia,46.2,14.9,1,Production country appearances in KVIFF catalogue
01/07/2006,South Africa,-30.6,22.9,3,Production country appearances in KVIFF catalogue
01/07/2006,South Korea,36.5,127.8,6,Production country appearances in KVIFF catalogue
01/07/2006,Spain,40.5,-3.7,13,Production country appearances in KVIFF catalogue
01/07/2006,Sweden,60.1,18.6,9,Production country appearances in KVIFF catalogue
01/07/2006,Switzerland,46.8,8.2,5,Production country appearances in KVIFF catalogue
01/07/2006,Taiwan,23.7,121,1,Production country appearances in KVIFF catalogue
01/07/2006,Thailand,15.9,101,4,Production country appearances in KVIFF catalogue
01/07/2006,Turkey,39,35.2,1,Production country appearances in KVIFF catalogue
01/07/2006,United Kingdom,55.4,-3.4,30,Production country appearances in KVIFF catalogue
01/07/2006,Uruguay,-32.5,-55.8,1,Production country appearances in KVIFF catalogue
01/07/2006,USA,39.8,-98.6,61,Production country appearances in KVIFF catalogue
01/07/2007,Argentina,-38.4,-63.6,7,Production country appearances in KVIFF catalogue
01/07/2007,Armenia,40.1,45,1,Production country appearances in KVIFF catalogue
01/07/2007,Australia,-25.3,133.8,2,Production country appearances in KVIFF catalogue
01/07/2007,Austria,47.5,14.5,7,Production country appearances in KVIFF catalogue
01/07/2007,Belgium,50.5,4.5,6,Production country appearances in KVIFF catalogue
01/07/2007,Bosnia and Herzegovina,43.9,17.7,1,Production country appearances in KVIFF catalogue
01/07/2007,Brazil,-14.2,-51.9,1,Production country appearances in KVIFF catalogue
01/07/2007,Bulgaria,42.7,25.5,2,Production country appearances in KVIFF catalogue
01/07/2007,Burkina Faso,12.2,-1.6,1,Production country appearances in KVIFF catalogue
01/07/2007,Canada,56.1,-106.3,8,Production country appearances in KVIFF catalogue
01/07/2007,Chad,15.5,18.7,1,Production country appearances in KVIFF catalogue
01/07/2007,China,35.9,104.2,5,Production country appearances in KVIFF catalogue
01/07/2007,Croatia,45.1,15.2,2,Production country appearances in KVIFF catalogue
01/07/2007,Czech Republic,49.8,15.5,32,Production country appearances in KVIFF catalogue
01/07/2007,Czechoslovakia,49.8,15,13,Production country appearances in KVIFF catalogue
01/07/2007,Denmark,56.3,9.5,4,Production country appearances in KVIFF catalogue
01/07/2007,Estonia,58.6,25,2,Production country appearances in KVIFF catalogue
01/07/2007,Finland,61.9,25.7,2,Production country appearances in KVIFF catalogue
01/07/2007,France,46.2,2.2,38,Production country appearances in KVIFF catalogue
01/07/2007,Germany,51.2,10.4,28,Production country appearances in KVIFF catalogue
01/07/2007,Greece,39.1,21.8,2,Production country appearances in KVIFF catalogue
01/07/2007,Hong Kong,22.3,114.2,2,Production country appearances in KVIFF catalogue
01/07/2007,Hungary,47.2,19.5,3,Production country appearances in KVIFF catalogue
01/07/2007,Iceland,64.9,-18.6,5,Production country appearances in KVIFF catalogue
01/07/2007,India,20.6,78.9,1,Production country appearances in KVIFF catalogue
01/07/2007,Iran,32.4,53.7,1,Production country appearances in KVIFF catalogue
01/07/2007,Ireland,53.4,-8.2,3,Production country appearances in KVIFF catalogue
01/07/2007,Israel,31,35,2,Production country appearances in KVIFF catalogue
01/07/2007,Italy,41.9,12.6,15,Production country appearances in KVIFF catalogue
01/07/2007,Japan,36.2,138.3,14,Production country appearances in KVIFF catalogue
01/07/2007,Kazakhstan,48,66.9,1,Production country appearances in KVIFF catalogue
01/07/2007,Latvia,56.9,24.6,2,Production country appearances in KVIFF catalogue
01/07/2007,Lithuania,55.2,23.9,1,Production country appearances in KVIFF catalogue
01/07/2007,Luxembourg,49.8,6.1,1,Production country appearances in KVIFF catalogue
01/07/2007,Malaysia,4.2,101.9,3,Production country appearances in KVIFF catalogue
01/07/2007,Mexico,23.6,-102.5,2,Production country appearances in KVIFF catalogue
01/07/2007,Netherlands,52.1,5.3,6,Production country appearances in KVIFF catalogue
01/07/2007,New Zealand,-40.9,174.9,1,Production country appearances in KVIFF catalogue
01/07/2007,North Macedonia,41.6,21.7,1,Production country appearances in KVIFF catalogue
01/07/2007,Norway,60.5,8.5,6,Production country appearances in KVIFF catalogue
01/07/2007,Peru,-9.2,-75,1,Production country appearances in KVIFF catalogue
01/07/2007,Philippines,12.9,122,1,Production country appearances in KVIFF catalogue
01/07/2007,Poland,52,19.1,8,Production country appearances in KVIFF catalogue
01/07/2007,Portugal,39.4,-8.2,1,Production country appearances in KVIFF catalogue
01/07/2007,Romania,45.9,24.9,3,Production country appearances in KVIFF catalogue
01/07/2007,Russia,61.5,105.3,9,Production country appearances in KVIFF catalogue
01/07/2007,Serbia,44,20.9,3,Production country appearances in KVIFF catalogue
01/07/2007,Slovak Republic,48.7,19.7,2,Production country appearances in KVIFF catalogue
01/07/2007,South Africa,-30.6,22.9,1,Production country appearances in KVIFF catalogue
01/07/2007,South Korea,36.5,127.8,6,Production country appearances in KVIFF catalogue
01/07/2007,Spain,40.5,-3.7,8,Production country appearances in KVIFF catalogue
01/07/2007,Sweden,60.1,18.6,2,Production country appearances in KVIFF catalogue
01/07/2007,Switzerland,46.8,8.2,2,Production country appearances in KVIFF catalogue
01/07/2007,Taiwan,23.7,121,1,Production country appearances in KVIFF catalogue
01/07/2007,Turkey,39,35.2,3,Production country appearances in KVIFF catalogue
01/07/2007,Ukraine,48.4,31.2,1,Production country appearances in KVIFF catalogue
01/07/2007,United Kingdom,55.4,-3.4,20,Production country appearances in KVIFF catalogue
01/07/2007,USA,39.8,-98.6,35,Production country appearances in KVIFF catalogue
01/07/2007,Uzbekistan,41.4,64.6,1,Production country appearances in KVIFF catalogue
01/07/2008,Albania,41.2,20.2,2,Production country appearances in KVIFF catalogue
01/07/2008,Argentina,-38.4,-63.6,4,Production country appearances in KVIFF catalogue
01/07/2008,Australia,-25.3,133.8,1,Production country appearances in KVIFF catalogue
01/07/2008,Austria,47.5,14.5,5,Production country appearances in KVIFF catalogue
01/07/2008,Belgium,50.5,4.5,10,Production country appearances in KVIFF catalogue
01/07/2008,Bosnia and Herzegovina,43.9,17.7,1,Production country appearances in KVIFF catalogue
01/07/2008,Brazil,-14.2,-51.9,2,Production country appearances in KVIFF catalogue
01/07/2008,Bulgaria,42.7,25.5,3,Production country appearances in KVIFF catalogue
01/07/2008,Canada,56.1,-106.3,6,Production country appearances in KVIFF catalogue
01/07/2008,China,35.9,104.2,4,Production country appearances in KVIFF catalogue
01/07/2008,Croatia,45.1,15.2,1,Production country appearances in KVIFF catalogue
01/07/2008,Czech Republic,49.8,15.5,27,Production country appearances in KVIFF catalogue
01/07/2008,Czechoslovakia,49.8,15,4,Production country appearances in KVIFF catalogue
01/07/2008,Denmark,56.3,9.5,6,Production country appearances in KVIFF catalogue
01/07/2008,Estonia,58.6,25,2,Production country appearances in KVIFF catalogue
01/07/2008,Finland,61.9,25.7,3,Production country appearances in KVIFF catalogue
01/07/2008,France,46.2,2.2,23,Production country appearances in KVIFF catalogue
01/07/2008,Germany,51.2,10.4,22,Production country appearances in KVIFF catalogue
01/07/2008,Greece,39.1,21.8,2,Production country appearances in KVIFF catalogue
01/07/2008,Hungary,47.2,19.5,9,Production country appearances in KVIFF catalogue
01/07/2008,Iceland,64.9,-18.6,3,Production country appearances in KVIFF catalogue
01/07/2008,India,20.6,78.9,2,Production country appearances in KVIFF catalogue
01/07/2008,Indonesia,-0.8,113.9,1,Production country appearances in KVIFF catalogue
01/07/2008,Iran,32.4,53.7,3,Production country appearances in KVIFF catalogue
01/07/2008,Ireland,53.4,-8.2,3,Production country appearances in KVIFF catalogue
01/07/2008,Israel,31,35,2,Production country appearances in KVIFF catalogue
01/07/2008,Italy,41.9,12.6,12,Production country appearances in KVIFF catalogue
01/07/2008,Japan,36.2,138.3,2,Production country appearances in KVIFF catalogue
01/07/2008,Kazakhstan,48,66.9,1,Production country appearances in KVIFF catalogue
01/07/2008,Latvia,56.9,24.6,1,Production country appearances in KVIFF catalogue
01/07/2008,Lithuania,55.2,23.9,2,Production country appearances in KVIFF catalogue
01/07/2008,Luxembourg,49.8,6.1,2,Production country appearances in KVIFF catalogue
01/07/2008,Mexico,23.6,-102.5,9,Production country appearances in KVIFF catalogue
01/07/2008,Montenegro,42.7,19.3,1,Production country appearances in KVIFF catalogue
01/07/2008,Netherlands,52.1,5.3,16,Production country appearances in KVIFF catalogue
01/07/2008,New Zealand,-40.9,174.9,2,Production country appearances in KVIFF catalogue
01/07/2008,Norway,60.5,8.5,2,Production country appearances in KVIFF catalogue
01/07/2008,Peru,-9.2,-75,1,Production country appearances in KVIFF catalogue
01/07/2008,Philippines,12.9,122,1,Production country appearances in KVIFF catalogue
01/07/2008,Poland,52,19.1,6,Production country appearances in KVIFF catalogue
01/07/2008,Portugal,39.4,-8.2,2,Production country appearances in KVIFF catalogue
01/07/2008,Romania,45.9,24.9,2,Production country appearances in KVIFF catalogue
01/07/2008,Russia,61.5,105.3,8,Production country appearances in KVIFF catalogue
01/07/2008,Serbia,44,20.9,2,Production country appearances in KVIFF catalogue
01/07/2008,Slovak Republic,48.7,19.7,6,Production country appearances in KVIFF catalogue
01/07/2008,Slovenia,46.2,14.9,4,Production country appearances in KVIFF catalogue
01/07/2008,South Africa,-30.6,22.9,1,Production country appearances in KVIFF catalogue
01/07/2008,South Korea,36.5,127.8,3,Production country appearances in KVIFF catalogue
01/07/2008,Spain,40.5,-3.7,9,Production country appearances in KVIFF catalogue
01/07/2008,Sweden,60.1,18.6,7,Production country appearances in KVIFF catalogue
01/07/2008,Switzerland,46.8,8.2,4,Production country appearances in KVIFF catalogue
01/07/2008,Taiwan,23.7,121,1,Production country appearances in KVIFF catalogue
01/07/2008,Turkey,39,35.2,1,Production country appearances in KVIFF catalogue
01/07/2008,Uganda,1.4,32.3,1,Production country appearances in KVIFF catalogue
01/07/2008,Ukraine,48.4,31.2,1,Production country appearances in KVIFF catalogue
01/07/2008,United Kingdom,55.4,-3.4,31,Production country appearances in KVIFF catalogue
01/07/2008,United Kingdom,55.4,-3.4,1,Production country appearances in KVIFF catalogue
01/07/2008,USA,39.8,-98.6,40,Production country appearances in KVIFF catalogue
01/07/2008,Venezuela,6.4,-66.6,1,Production country appearances in KVIFF catalogue
01/07/2009,Albania,41.2,20.2,1,Production country appearances in KVIFF catalogue
01/07/2009,Argentina,-38.4,-63.6,6,Production country appearances in KVIFF catalogue
01/07/2009,Armenia,40.1,45,1,Production country appearances in KVIFF catalogue
01/07/2009,Australia,-25.3,133.8,3,Production country appearances in KVIFF catalogue
01/07/2009,Austria,47.5,14.5,8,Production country appearances in KVIFF catalogue
01/07/2009,Azerbaijan,40.1,47.6,1,Production country appearances in KVIFF catalogue
01/07/2009,Belgium,50.5,4.5,8,Production country appearances in KVIFF catalogue
01/07/2009,Bosnia and Herzegovina,43.9,17.7,1,Production country appearances in KVIFF catalogue
01/07/2009,Bulgaria,42.7,25.5,2,Production country appearances in KVIFF catalogue
01/07/2009,Canada,56.1,-106.3,6,Production country appearances in KVIFF catalogue
01/07/2009,Chile,-35.7,-71.5,1,Production country appearances in KVIFF catalogue
01/07/2009,China,35.9,104.2,2,Production country appearances in KVIFF catalogue
01/07/2009,Croatia,45.1,15.2,3,Production country appearances in KVIFF catalogue
01/07/2009,Cyprus,35.1,33.4,1,Production country appearances in KVIFF catalogue
01/07/2009,Czech Republic,49.8,15.5,33,Production country appearances in KVIFF catalogue
01/07/2009,Czechoslovakia,49.8,15,2,Production country appearances in KVIFF catalogue
01/07/2009,Denmark,56.3,9.5,4,Production country appearances in KVIFF catalogue
01/07/2009,Ethiopia,9.1,40.5,1,Production country appearances in KVIFF catalogue
01/07/2009,Finland,61.9,25.7,2,Production country appearances in KVIFF catalogue
01/07/2009,France,46.2,2.2,31,Production country appearances in KVIFF catalogue
01/07/2009,Georgia,42.3,43.4,1,Production country appearances in KVIFF catalogue
01/07/2009,Germany,51.2,10.4,27,Production country appearances in KVIFF catalogue
01/07/2009,Greece,39.1,21.8,3,Production country appearances in KVIFF catalogue
01/07/2009,Hungary,47.2,19.5,7,Production country appearances in KVIFF catalogue
01/07/2009,Iceland,64.9,-18.6,2,Production country appearances in KVIFF catalogue
01/07/2009,India,20.6,78.9,3,Production country appearances in KVIFF catalogue
01/07/2009,Indonesia,-0.8,113.9,1,Production country appearances in KVIFF catalogue
01/07/2009,Iran,32.4,53.7,2,Production country appearances in KVIFF catalogue
01/07/2009,Ireland,53.4,-8.2,1,Production country appearances in KVIFF catalogue
01/07/2009,Israel,31,35,5,Production country appearances in KVIFF catalogue
01/07/2009,Italy,41.9,12.6,14,Production country appearances in KVIFF catalogue
01/07/2009,Japan,36.2,138.3,7,Production country appearances in KVIFF catalogue
01/07/2009,Kazakhstan,48,66.9,2,Production country appearances in KVIFF catalogue
01/07/2009,Lithuania,55.2,23.9,1,Production country appearances in KVIFF catalogue
01/07/2009,Luxembourg,49.8,6.1,1,Production country appearances in KVIFF catalogue
01/07/2009,Malaysia,4.2,101.9,1,Production country appearances in KVIFF catalogue
01/07/2009,Mexico,23.6,-102.5,5,Production country appearances in KVIFF catalogue
01/07/2009,Netherlands,52.1,5.3,5,Production country appearances in KVIFF catalogue
01/07/2009,New Zealand,-40.9,174.9,1,Production country appearances in KVIFF catalogue
01/07/2009,North Macedonia,41.6,21.7,1,Production country appearances in KVIFF catalogue
01/07/2009,Norway,60.5,8.5,3,Production country appearances in KVIFF catalogue
01/07/2009,Pakistan,30.4,69.3,1,Production country appearances in KVIFF catalogue
01/07/2009,Palestine,31.9,35.2,1,Production country appearances in KVIFF catalogue
01/07/2009,Peru,-9.2,-75,1,Production country appearances in KVIFF catalogue
01/07/2009,Philippines,12.9,122,1,Production country appearances in KVIFF catalogue
01/07/2009,Poland,52,19.1,9,Production country appearances in KVIFF catalogue
01/07/2009,Portugal,39.4,-8.2,1,Production country appearances in KVIFF catalogue
01/07/2009,Romania,45.9,24.9,2,Production country appearances in KVIFF catalogue
01/07/2009,Russia,61.5,105.3,15,Production country appearances in KVIFF catalogue
01/07/2009,Serbia,44,20.9,4,Production country appearances in KVIFF catalogue
01/07/2009,Singapore,1.35,103.8,2,Production country appearances in KVIFF catalogue
01/07/2009,Slovak Republic,48.7,19.7,8,Production country appearances in KVIFF catalogue
01/07/2009,Slovenia,46.2,14.9,1,Production country appearances in KVIFF catalogue
01/07/2009,South Korea,36.5,127.8,7,Production country appearances in KVIFF catalogue
01/07/2009,Spain,40.5,-3.7,14,Production country appearances in KVIFF catalogue
01/07/2009,Sweden,60.1,18.6,5,Production country appearances in KVIFF catalogue
01/07/2009,Switzerland,46.8,8.2,2,Production country appearances in KVIFF catalogue
01/07/2009,Taiwan,23.7,121,1,Production country appearances in KVIFF catalogue
01/07/2009,Thailand,15.9,101,1,Production country appearances in KVIFF catalogue
01/07/2009,Tunisia,33.9,9.5,1,Production country appearances in KVIFF catalogue
01/07/2009,Turkey,39,35.2,2,Production country appearances in KVIFF catalogue
01/07/2009,Ukraine,48.4,31.2,1,Production country appearances in KVIFF catalogue
01/07/2009,United Kingdom,55.4,-3.4,14,Production country appearances in KVIFF catalogue
01/07/2009,Uruguay,-32.5,-55.8,2,Production country appearances in KVIFF catalogue
01/07/2009,USA,39.8,-98.6,31,Production country appearances in KVIFF catalogue
01/07/2009,USA,39.8,-98.6,1,Production country appearances in KVIFF catalogue
01/07/2010,Albania,41.2,20.2,2,Production country appearances in KVIFF catalogue
01/07/2010,Argentina,-38.4,-63.6,2,Production country appearances in KVIFF catalogue
01/07/2010,Armenia,40.1,45,1,Production country appearances in KVIFF catalogue
01/07/2010,Australia,-25.3,133.8,10,Production country appearances in KVIFF catalogue
01/07/2010,Austria,47.5,14.5,4,Production country appearances in KVIFF catalogue
01/07/2010,Azerbaijan,40.1,47.6,1,Production country appearances in KVIFF catalogue
01/07/2010,Belgium,50.5,4.5,10,Production country appearances in KVIFF catalogue
01/07/2010,Bosnia and Herzegovina,43.9,17.7,2,Production country appearances in KVIFF catalogue
01/07/2010,Brazil,-14.2,-51.9,1,Production country appearances in KVIFF catalogue
01/07/2010,Canada,56.1,-106.3,6,Production country appearances in KVIFF catalogue
01/07/2010,Chad,15.5,18.7,1,Production country appearances in KVIFF catalogue
01/07/2010,China,35.9,104.2,1,Production country appearances in KVIFF catalogue
01/07/2010,Colombia,4.6,-74.3,1,Production country appearances in KVIFF catalogue
01/07/2010,Croatia,45.1,15.2,3,Production country appearances in KVIFF catalogue
01/07/2010,Czech Republic,49.8,15.5,33,Production country appearances in KVIFF catalogue
01/07/2010,Czechoslovakia,49.8,15,4,Production country appearances in KVIFF catalogue
01/07/2010,Denmark,56.3,9.5,9,Production country appearances in KVIFF catalogue
01/07/2010,Egypt,26.8,30.8,1,Production country appearances in KVIFF catalogue
01/07/2010,Estonia,58.6,25,1,Production country appearances in KVIFF catalogue
01/07/2010,Finland,61.9,25.7,3,Production country appearances in KVIFF catalogue
01/07/2010,France,46.2,2.2,33,Production country appearances in KVIFF catalogue
01/07/2010,Germany,51.2,10.4,20,Production country appearances in KVIFF catalogue
01/07/2010,Greece,39.1,21.8,2,Production country appearances in KVIFF catalogue
01/07/2010,Hungary,47.2,19.5,2,Production country appearances in KVIFF catalogue
01/07/2010,Iceland,64.9,-18.6,1,Production country appearances in KVIFF catalogue
01/07/2010,India,20.6,78.9,1,Production country appearances in KVIFF catalogue
01/07/2010,Iran,32.4,53.7,4,Production country appearances in KVIFF catalogue
01/07/2010,Iraq,33.2,43.7,1,Production country appearances in KVIFF catalogue
01/07/2010,Ireland,53.4,-8.2,3,Production country appearances in KVIFF catalogue
01/07/2010,Israel,31,35,3,Production country appearances in KVIFF catalogue
01/07/2010,Italy,41.9,12.6,11,Production country appearances in KVIFF catalogue
01/07/2010,Japan,36.2,138.3,3,Production country appearances in KVIFF catalogue
01/07/2010,Lithuania,55.2,23.9,1,Production country appearances in KVIFF catalogue
01/07/2010,Luxembourg,49.8,6.1,1,Production country appearances in KVIFF catalogue
01/07/2010,Mexico,23.6,-102.5,2,Production country appearances in KVIFF catalogue
01/07/2010,Monaco,43.7,7.4,1,Production country appearances in KVIFF catalogue
01/07/2010,Netherlands,52.1,5.3,9,Production country appearances in KVIFF catalogue
01/07/2010,North Macedonia,41.6,21.7,1,Production country appearances in KVIFF catalogue
01/07/2010,Palestine,31.9,35.2,1,Production country appearances in KVIFF catalogue
01/07/2010,Peru,-9.2,-75,1,Production country appearances in KVIFF catalogue
01/07/2010,Poland,52,19.1,4,Production country appearances in KVIFF catalogue
01/07/2010,Portugal,39.4,-8.2,1,Production country appearances in KVIFF catalogue
01/07/2010,Romania,45.9,24.9,3,Production country appearances in KVIFF catalogue
01/07/2010,Russia,61.5,105.3,6,Production country appearances in KVIFF catalogue
01/07/2010,Serbia,44,20.9,4,Production country appearances in KVIFF catalogue
01/07/2010,Slovak Republic,48.7,19.7,4,Production country appearances in KVIFF catalogue
01/07/2010,Slovenia,46.2,14.9,2,Production country appearances in KVIFF catalogue
01/07/2010,South Korea,36.5,127.8,3,Production country appearances in KVIFF catalogue
01/07/2010,Spain,40.5,-3.7,9,Production country appearances in KVIFF catalogue
01/07/2010,Sweden,60.1,18.6,9,Production country appearances in KVIFF catalogue
01/07/2010,Switzerland,46.8,8.2,7,Production country appearances in KVIFF catalogue
01/07/2010,Taiwan,23.7,121,2,Production country appearances in KVIFF catalogue
01/07/2010,Thailand,15.9,101,1,Production country appearances in KVIFF catalogue
01/07/2010,Turkey,39,35.2,2,Production country appearances in KVIFF catalogue
01/07/2010,Ukraine,48.4,31.2,1,Production country appearances in KVIFF catalogue
01/07/2010,United Arab Emirates,23.4,53.8,1,Production country appearances in KVIFF catalogue
01/07/2010,United Kingdom,55.4,-3.4,17,Production country appearances in KVIFF catalogue
01/07/2010,Uruguay,-32.5,-55.8,1,Production country appearances in KVIFF catalogue
01/07/2010,USA,39.8,-98.6,22,Production country appearances in KVIFF catalogue
01/07/2011,Argentina,-38.4,-63.6,2,Production country appearances in KVIFF catalogue
01/07/2011,Armenia,40.1,45,1,Production country appearances in KVIFF catalogue
01/07/2011,Australia,-25.3,133.8,1,Production country appearances in KVIFF catalogue
01/07/2011,Austria,47.5,14.5,5,Production country appearances in KVIFF catalogue
01/07/2011,Azerbaijan,40.1,47.6,1,Production country appearances in KVIFF catalogue
01/07/2011,Belgium,50.5,4.5,5,Production country appearances in KVIFF catalogue
01/07/2011,Bosnia and Herzegovina,43.9,17.7,2,Production country appearances in KVIFF catalogue
01/07/2011,Brazil,-14.2,-51.9,1,Production country appearances in KVIFF catalogue
01/07/2011,Bulgaria,42.7,25.5,2,Production country appearances in KVIFF catalogue
01/07/2011,Canada,56.1,-106.3,11,Production country appearances in KVIFF catalogue
01/07/2011,Chile,-35.7,-71.5,2,Production country appearances in KVIFF catalogue
01/07/2011,China,35.9,104.2,1,Production country appearances in KVIFF catalogue
01/07/2011,Croatia,45.1,15.2,2,Production country appearances in KVIFF catalogue
01/07/2011,Czech Republic,49.8,15.5,23,Production country appearances in KVIFF catalogue
01/07/2011,Czechoslovakia,49.8,15,3,Production country appearances in KVIFF catalogue
01/07/2011,Denmark,56.3,9.5,7,Production country appearances in KVIFF catalogue
01/07/2011,Estonia,58.6,25,1,Production country appearances in KVIFF catalogue
01/07/2011,Finland,61.9,25.7,4,Production country appearances in KVIFF catalogue
01/07/2011,France,46.2,2.2,23,Production country appearances in KVIFF catalogue
01/07/2011,Georgia,42.3,43.4,1,Production country appearances in KVIFF catalogue
01/07/2011,Germany,51.2,10.4,20,Production country appearances in KVIFF catalogue
01/07/2011,Ghana,7.9,-1,1,Production country appearances in KVIFF catalogue
01/07/2011,Greece,39.1,21.8,8,Production country appearances in KVIFF catalogue
01/07/2011,Hungary,47.2,19.5,1,Production country appearances in KVIFF catalogue
01/07/2011,Iceland,64.9,-18.6,4,Production country appearances in KVIFF catalogue
01/07/2011,Iran,32.4,53.7,1,Production country appearances in KVIFF catalogue
01/07/2011,Ireland,53.4,-8.2,1,Production country appearances in KVIFF catalogue
01/07/2011,Israel,31,35,2,Production country appearances in KVIFF catalogue
01/07/2011,Italy,41.9,12.6,9,Production country appearances in KVIFF catalogue
01/07/2011,Japan,36.2,138.3,3,Production country appearances in KVIFF catalogue
01/07/2011,Kazakhstan,48,66.9,1,Production country appearances in KVIFF catalogue
01/07/2011,Lebanon,33.9,35.9,1,Production country appearances in KVIFF catalogue
01/07/2011,Lithuania,55.2,23.9,1,Production country appearances in KVIFF catalogue
01/07/2011,Mexico,23.6,-102.5,2,Production country appearances in KVIFF catalogue
01/07/2011,Netherlands,52.1,5.3,7,Production country appearances in KVIFF catalogue
01/07/2011,North Macedonia,41.6,21.7,1,Production country appearances in KVIFF catalogue
01/07/2011,Norway,60.5,8.5,6,Production country appearances in KVIFF catalogue
01/07/2011,Palestine,31.9,35.2,1,Production country appearances in KVIFF catalogue
01/07/2011,Peru,-9.2,-75,1,Production country appearances in KVIFF catalogue
01/07/2011,Poland,52,19.1,8,Production country appearances in KVIFF catalogue
01/07/2011,Qatar,25.4,51.2,1,Production country appearances in KVIFF catalogue
01/07/2011,Romania,45.9,24.9,4,Production country appearances in KVIFF catalogue
01/07/2011,Russia,61.5,105.3,6,Production country appearances in KVIFF catalogue
01/07/2011,Serbia,44,20.9,2,Production country appearances in KVIFF catalogue
01/07/2011,Slovak Republic,48.7,19.7,8,Production country appearances in KVIFF catalogue
01/07/2011,South Korea,36.5,127.8,3,Production country appearances in KVIFF catalogue
01/07/2011,Spain,40.5,-3.7,9,Production country appearances in KVIFF catalogue
01/07/2011,Sweden,60.1,18.6,7,Production country appearances in KVIFF catalogue
01/07/2011,Switzerland,46.8,8.2,3,Production country appearances in KVIFF catalogue
01/07/2011,Thailand,15.9,101,1,Production country appearances in KVIFF catalogue
01/07/2011,Turkey,39,35.2,2,Production country appearances in KVIFF catalogue
01/07/2011,United Arab Emirates,23.4,53.8,1,Production country appearances in KVIFF catalogue
01/07/2011,United Kingdom,55.4,-3.4,16,Production country appearances in KVIFF catalogue
01/07/2011,USA,39.8,-98.6,37,Production country appearances in KVIFF catalogue
01/07/2012,Australia,-25.3,133.8,3,Production country appearances in KVIFF catalogue
01/07/2012,Austria,47.5,14.5,7,Production country appearances in KVIFF catalogue
01/07/2012,Belarus,53.7,27.9,1,Production country appearances in KVIFF catalogue
01/07/2012,Belgium,50.5,4.5,6,Production country appearances in KVIFF catalogue
01/07/2012,Brazil,-14.2,-51.9,2,Production country appearances in KVIFF catalogue
01/07/2012,Bulgaria,42.7,25.5,3,Production country appearances in KVIFF catalogue
01/07/2012,Canada,56.1,-106.3,10,Production country appearances in KVIFF catalogue
01/07/2012,Croatia,45.1,15.2,2,Production country appearances in KVIFF catalogue
01/07/2012,Czech Republic,49.8,15.5,26,Production country appearances in KVIFF catalogue
01/07/2012,Czechoslovakia,49.8,15,4,Production country appearances in KVIFF catalogue
01/07/2012,Denmark,56.3,9.5,9,Production country appearances in KVIFF catalogue
01/07/2012,Estonia,58.6,25,1,Production country appearances in KVIFF catalogue
01/07/2012,Finland,61.9,25.7,2,Production country appearances in KVIFF catalogue
01/07/2012,France,46.2,2.2,39,Production country appearances in KVIFF catalogue
01/07/2012,Germany,51.2,10.4,25,Production country appearances in KVIFF catalogue
01/07/2012,Greece,39.1,21.8,5,Production country appearances in KVIFF catalogue
01/07/2012,Hong Kong,22.3,114.2,1,Production country appearances in KVIFF catalogue
01/07/2012,Hungary,47.2,19.5,4,Production country appearances in KVIFF catalogue
01/07/2012,Iceland,64.9,-18.6,2,Production country appearances in KVIFF catalogue
01/07/2012,India,20.6,78.9,1,Production country appearances in KVIFF catalogue
01/07/2012,Indonesia,-0.8,113.9,1,Production country appearances in KVIFF catalogue
01/07/2012,Iran,32.4,53.7,3,Production country appearances in KVIFF catalogue
01/07/2012,Ireland,53.4,-8.2,3,Production country appearances in KVIFF catalogue
01/07/2012,Israel,31,35,2,Production country appearances in KVIFF catalogue
01/07/2012,Italy,41.9,12.6,33,Production country appearances in KVIFF catalogue
01/07/2012,Japan,36.2,138.3,3,Production country appearances in KVIFF catalogue
01/07/2012,Latvia,56.9,24.6,2,Production country appearances in KVIFF catalogue
01/07/2012,Lithuania,55.2,23.9,1,Production country appearances in KVIFF catalogue
01/07/2012,Luxembourg,49.8,6.1,1,Production country appearances in KVIFF catalogue
01/07/2012,Mexico,23.6,-102.5,3,Production country appearances in KVIFF catalogue
01/07/2012,Morocco,31.8,-7.1,1,Production country appearances in KVIFF catalogue
01/07/2012,Netherlands,52.1,5.3,4,Production country appearances in KVIFF catalogue
01/07/2012,Norway,60.5,8.5,4,Production country appearances in KVIFF catalogue
01/07/2012,Pakistan,30.4,69.3,1,Production country appearances in KVIFF catalogue
01/07/2012,Palestine,31.9,35.2,1,Production country appearances in KVIFF catalogue
01/07/2012,Philippines,12.9,122,1,Production country appearances in KVIFF catalogue
01/07/2012,Poland,52,19.1,10,Production country appearances in KVIFF catalogue
01/07/2012,Portugal,39.4,-8.2,3,Production country appearances in KVIFF catalogue
01/07/2012,Romania,45.9,24.9,3,Production country appearances in KVIFF catalogue
01/07/2012,Russia,61.5,105.3,4,Production country appearances in KVIFF catalogue
01/07/2012,Serbia,44,20.9,3,Production country appearances in KVIFF catalogue
01/07/2012,Slovak Republic,48.7,19.7,8,Production country appearances in KVIFF catalogue
01/07/2012,Slovenia,46.2,14.9,2,Production country appearances in KVIFF catalogue
01/07/2012,South Africa,-30.6,22.9,1,Production country appearances in KVIFF catalogue
01/07/2012,South Korea,36.5,127.8,2,Production country appearances in KVIFF catalogue
01/07/2012,Spain,40.5,-3.7,11,Production country appearances in KVIFF catalogue
01/07/2012,Sweden,60.1,18.6,6,Production country appearances in KVIFF catalogue
01/07/2012,Switzerland,46.8,8.2,4,Production country appearances in KVIFF catalogue
01/07/2012,Turkey,39,35.2,7,Production country appearances in KVIFF catalogue
01/07/2012,Ukraine,48.4,31.2,1,Production country appearances in KVIFF catalogue
01/07/2012,United Kingdom,55.4,-3.4,20,Production country appearances in KVIFF catalogue
01/07/2012,Uruguay,-32.5,-55.8,1,Production country appearances in KVIFF catalogue
01/07/2012,USA,39.8,-98.6,20,Production country appearances in KVIFF catalogue
01/07/2013,Argentina,-38.4,-63.6,2,Production country appearances in KVIFF catalogue
01/07/2013,Armenia,40.1,45,2,Production country appearances in KVIFF catalogue
01/07/2013,Australia,-25.3,133.8,1,Production country appearances in KVIFF catalogue
01/07/2013,Austria,47.5,14.5,8,Production country appearances in KVIFF catalogue
01/07/2013,Belgium,50.5,4.5,12,Production country appearances in KVIFF catalogue
01/07/2013,Bosnia and Herzegovina,43.9,17.7,2,Production country appearances in KVIFF catalogue
01/07/2013,Bulgaria,42.7,25.5,1,Production country appearances in KVIFF catalogue
01/07/2013,Cambodia,12.6,104.9,1,Production country appearances in KVIFF catalogue
01/07/2013,Canada,56.1,-106.3,8,Production country appearances in KVIFF catalogue
01/07/2013,Chad,15.5,18.7,1,Production country appearances in KVIFF catalogue
01/07/2013,Chile,-35.7,-71.5,2,Production country appearances in KVIFF catalogue
01/07/2013,China,35.9,104.2,2,Production country appearances in KVIFF catalogue
01/07/2013,Croatia,45.1,15.2,6,Production country appearances in KVIFF catalogue
01/07/2013,Czech Republic,49.8,15.5,29,Production country appearances in KVIFF catalogue
01/07/2013,Czechoslovakia,49.8,15,6,Production country appearances in KVIFF catalogue
01/07/2013,Denmark,56.3,9.5,6,Production country appearances in KVIFF catalogue
01/07/2013,Estonia,58.6,25,1,Production country appearances in KVIFF catalogue
01/07/2013,Finland,61.9,25.7,2,Production country appearances in KVIFF catalogue
01/07/2013,France,46.2,2.2,30,Production country appearances in KVIFF catalogue
01/07/2013,Georgia,42.3,43.4,2,Production country appearances in KVIFF catalogue
01/07/2013,Germany,51.2,10.4,28,Production country appearances in KVIFF catalogue
01/07/2013,Greece,39.1,21.8,4,Production country appearances in KVIFF catalogue
01/07/2013,Hong Kong,22.3,114.2,1,Production country appearances in KVIFF catalogue
01/07/2013,Hungary,47.2,19.5,1,Production country appearances in KVIFF catalogue
01/07/2013,Iceland,64.9,-18.6,1,Production country appearances in KVIFF catalogue
01/07/2013,India,20.6,78.9,2,Production country appearances in KVIFF catalogue
01/07/2013,Indonesia,-0.8,113.9,2,Production country appearances in KVIFF catalogue
01/07/2013,Iran,32.4,53.7,5,Production country appearances in KVIFF catalogue
01/07/2013,Iraq,33.2,43.7,5,Production country appearances in KVIFF catalogue
01/07/2013,Ireland,53.4,-8.2,2,Production country appearances in KVIFF catalogue
01/07/2013,Israel,31,35,6,Production country appearances in KVIFF catalogue
01/07/2013,Italy,41.9,12.6,10,Production country appearances in KVIFF catalogue
01/07/2013,Japan,36.2,138.3,3,Production country appearances in KVIFF catalogue
01/07/2013,Kazakhstan,48,66.9,1,Production country appearances in KVIFF catalogue
01/07/2013,Luxembourg,49.8,6.1,2,Production country appearances in KVIFF catalogue
01/07/2013,Mexico,23.6,-102.5,4,Production country appearances in KVIFF catalogue
01/07/2013,Moldova,47.4,28.4,1,Production country appearances in KVIFF catalogue
01/07/2013,Netherlands,52.1,5.3,9,Production country appearances in KVIFF catalogue
01/07/2013,New Zealand,-40.9,174.9,1,Production country appearances in KVIFF catalogue
01/07/2013,Norway,60.5,8.5,5,Production country appearances in KVIFF catalogue
01/07/2013,Palestine,31.9,35.2,2,Production country appearances in KVIFF catalogue
01/07/2013,Peru,-9.2,-75,1,Production country appearances in KVIFF catalogue
01/07/2013,Philippines,12.9,122,2,Production country appearances in KVIFF catalogue
01/07/2013,Poland,52,19.1,11,Production country appearances in KVIFF catalogue
01/07/2013,Romania,45.9,24.9,5,Production country appearances in KVIFF catalogue
01/07/2013,Russia,61.5,105.3,8,Production country appearances in KVIFF catalogue
01/07/2013,Saudi Arabia,23.9,45.1,1,Production country appearances in KVIFF catalogue
01/07/2013,Serbia,44,20.9,2,Production country appearances in KVIFF catalogue
01/07/2013,Slovak Republic,48.7,19.7,8,Production country appearances in KVIFF catalogue
01/07/2013,Slovenia,46.2,14.9,3,Production country appearances in KVIFF catalogue
01/07/2013,South Africa,-30.6,22.9,1,Production country appearances in KVIFF catalogue
01/07/2013,South Korea,36.5,127.8,4,Production country appearances in KVIFF catalogue
01/07/2013,Spain,40.5,-3.7,5,Production country appearances in KVIFF catalogue
01/07/2013,Sweden,60.1,18.6,6,Production country appearances in KVIFF catalogue
01/07/2013,Switzerland,46.8,8.2,5,Production country appearances in KVIFF catalogue
01/07/2013,Thailand,15.9,101,2,Production country appearances in KVIFF catalogue
01/07/2013,Turkey,39,35.2,5,Production country appearances in KVIFF catalogue
01/07/2013,Ukraine,48.4,31.2,1,Production country appearances in KVIFF catalogue
01/07/2013,United Kingdom,55.4,-3.4,14,Production country appearances in KVIFF catalogue
01/07/2013,USA,39.8,-98.6,40,Production country appearances in KVIFF catalogue
01/07/2013,USSR,61.5,105.3,2,Production country appearances in KVIFF catalogue
01/07/2014,Albania,41.2,20.2,1,Production country appearances in KVIFF catalogue
01/07/2014,Argentina,-38.4,-63.6,5,Production country appearances in KVIFF catalogue
01/07/2014,Australia,-25.3,133.8,4,Production country appearances in KVIFF catalogue
01/07/2014,Austria,47.5,14.5,8,Production country appearances in KVIFF catalogue
01/07/2014,Azerbaijan,40.1,47.6,1,Production country appearances in KVIFF catalogue
01/07/2014,Belgium,50.5,4.5,5,Production country appearances in KVIFF catalogue
01/07/2014,Bulgaria,42.7,25.5,2,Production country appearances in KVIFF catalogue
01/07/2014,Burma,21.9,95.9,1,Production country appearances in KVIFF catalogue
01/07/2014,Cambodia,12.6,104.9,1,Production country appearances in KVIFF catalogue
01/07/2014,Canada,56.1,-106.3,7,Production country appearances in KVIFF catalogue
01/07/2014,China,35.9,104.2,1,Production country appearances in KVIFF catalogue
01/07/2014,Colombia,4.6,-74.3,1,Production country appearances in KVIFF catalogue
01/07/2014,Croatia,45.1,15.2,2,Production country appearances in KVIFF catalogue
01/07/2014,Cyprus,35.1,33.4,1,Production country appearances in KVIFF catalogue
01/07/2014,Czech Republic,49.8,15.5,30,Production country appearances in KVIFF catalogue
01/07/2014,Czechoslovakia,49.8,15,4,Production country appearances in KVIFF catalogue
01/07/2014,Denmark,56.3,9.5,5,Production country appearances in KVIFF catalogue
01/07/2014,Estonia,58.6,25,4,Production country appearances in KVIFF catalogue
01/07/2014,Finland,61.9,25.7,3,Production country appearances in KVIFF catalogue
01/07/2014,France,46.2,2.2,31,Production country appearances in KVIFF catalogue
01/07/2014,Georgia,42.3,43.4,2,Production country appearances in KVIFF catalogue
01/07/2014,Germany,51.2,10.4,24,Production country appearances in KVIFF catalogue
01/07/2014,Greece,39.1,21.8,5,Production country appearances in KVIFF catalogue
01/07/2014,Hong Kong,22.3,114.2,1,Production country appearances in KVIFF catalogue
01/07/2014,Hungary,47.2,19.5,4,Production country appearances in KVIFF catalogue
01/07/2014,Iceland,64.9,-18.6,3,Production country appearances in KVIFF catalogue
01/07/2014,India,20.6,78.9,8,Production country appearances in KVIFF catalogue
01/07/2014,Indonesia,-0.8,113.9,2,Production country appearances in KVIFF catalogue
01/07/2014,Iran,32.4,53.7,2,Production country appearances in KVIFF catalogue
01/07/2014,Iraq,33.2,43.7,1,Production country appearances in KVIFF catalogue
01/07/2014,Ireland,53.4,-8.2,2,Production country appearances in KVIFF catalogue
01/07/2014,Israel,31,35,2,Production country appearances in KVIFF catalogue
01/07/2014,Italy,41.9,12.6,22,Production country appearances in KVIFF catalogue
01/07/2014,Japan,36.2,138.3,5,Production country appearances in KVIFF catalogue
01/07/2014,Kazakhstan,48,66.9,3,Production country appearances in KVIFF catalogue
01/07/2014,Kosovo,42.6,20.9,1,Production country appearances in KVIFF catalogue
01/07/2014,Latvia,56.9,24.6,1,Production country appearances in KVIFF catalogue
01/07/2014,Luxembourg,49.8,6.1,2,Production country appearances in KVIFF catalogue
01/07/2014,Malawi,-13.3,34.3,1,Production country appearances in KVIFF catalogue
01/07/2014,Mauritania,21,-10.9,1,Production country appearances in KVIFF catalogue
01/07/2014,Mexico,23.6,-102.5,3,Production country appearances in KVIFF catalogue
01/07/2014,Montenegro,42.7,19.3,1,Production country appearances in KVIFF catalogue
01/07/2014,Netherlands,52.1,5.3,5,Production country appearances in KVIFF catalogue
01/07/2014,New Zealand,-40.9,174.9,1,Production country appearances in KVIFF catalogue
01/07/2014,North Macedonia,41.6,21.7,1,Production country appearances in KVIFF catalogue
01/07/2014,Norway,60.5,8.5,2,Production country appearances in KVIFF catalogue
01/07/2014,Paraguay,-23.4,-58.4,1,Production country appearances in KVIFF catalogue
01/07/2014,Poland,52,19.1,6,Production country appearances in KVIFF catalogue
01/07/2014,Portugal,39.4,-8.2,1,Production country appearances in KVIFF catalogue
01/07/2014,Qatar,25.4,51.2,1,Production country appearances in KVIFF catalogue
01/07/2014,Romania,45.9,24.9,4,Production country appearances in KVIFF catalogue
01/07/2014,Russia,61.5,105.3,7,Production country appearances in KVIFF catalogue
01/07/2014,Serbia,44,20.9,3,Production country appearances in KVIFF catalogue
01/07/2014,Slovak Republic,48.7,19.7,7,Production country appearances in KVIFF catalogue
01/07/2014,Slovenia,46.2,14.9,3,Production country appearances in KVIFF catalogue
01/07/2014,South Korea,36.5,127.8,3,Production country appearances in KVIFF catalogue
01/07/2014,Spain,40.5,-3.7,7,Production country appearances in KVIFF catalogue
01/07/2014,Sweden,60.1,18.6,1,Production country appearances in KVIFF catalogue
01/07/2014,Switzerland,46.8,8.2,4,Production country appearances in KVIFF catalogue
01/07/2014,Taiwan,23.7,121,2,Production country appearances in KVIFF catalogue
01/07/2014,Tanzania,-6.4,34.9,1,Production country appearances in KVIFF catalogue
01/07/2014,Turkey,39,35.2,2,Production country appearances in KVIFF catalogue
01/07/2014,Ukraine,48.4,31.2,3,Production country appearances in KVIFF catalogue
01/07/2014,United Kingdom,55.4,-3.4,39,Production country appearances in KVIFF catalogue
01/07/2014,Uruguay,-32.5,-55.8,1,Production country appearances in KVIFF catalogue
01/07/2014,USA,39.8,-98.6,27,Production country appearances in KVIFF catalogue
01/07/2014,USSR,61.5,105.3,2,Production country appearances in KVIFF catalogue
01/07/2015,Albania,41.2,20.2,2,Production country appearances in KVIFF catalogue
01/07/2015,Argentina,-38.4,-63.6,2,Production country appearances in KVIFF catalogue
01/07/2015,Australia,-25.3,133.8,3,Production country appearances in KVIFF catalogue
01/07/2015,Austria,47.5,14.5,9,Production country appearances in KVIFF catalogue
01/07/2015,Belgium,50.5,4.5,7,Production country appearances in KVIFF catalogue
01/07/2015,Brazil,-14.2,-51.9,3,Production country appearances in KVIFF catalogue
01/07/2015,Bulgaria,42.7,25.5,3,Production country appearances in KVIFF catalogue
01/07/2015,Canada,56.1,-106.3,8,Production country appearances in KVIFF catalogue
01/07/2015,Chile,-35.7,-71.5,3,Production country appearances in KVIFF catalogue
01/07/2015,China,35.9,104.2,1,Production country appearances in KVIFF catalogue
01/07/2015,Colombia,4.6,-74.3,3,Production country appearances in KVIFF catalogue
01/07/2015,Costa Rica,9.7,-84.2,1,Production country appearances in KVIFF catalogue
01/07/2015,Croatia,45.1,15.2,4,Production country appearances in KVIFF catalogue
01/07/2015,Cyprus,35.1,33.4,1,Production country appearances in KVIFF catalogue
01/07/2015,Czech Republic,49.8,15.5,32,Production country appearances in KVIFF catalogue
01/07/2015,Czechoslovakia,49.8,15,4,Production country appearances in KVIFF catalogue
01/07/2015,Denmark,56.3,9.5,6,Production country appearances in KVIFF catalogue
01/07/2015,Ethiopia,9.1,40.5,1,Production country appearances in KVIFF catalogue
01/07/2015,Finland,61.9,25.7,1,Production country appearances in KVIFF catalogue
01/07/2015,France,46.2,2.2,41,Production country appearances in KVIFF catalogue
01/07/2015,Germany,51.2,10.4,30,Production country appearances in KVIFF catalogue
01/07/2015,Greece,39.1,21.8,10,Production country appearances in KVIFF catalogue
01/07/2015,Guatemala,15.8,-90.2,1,Production country appearances in KVIFF catalogue
01/07/2015,Hungary,47.2,19.5,4,Production country appearances in KVIFF catalogue
01/07/2015,Iceland,64.9,-18.6,3,Production country appearances in KVIFF catalogue
01/07/2015,India,20.6,78.9,2,Production country appearances in KVIFF catalogue
01/07/2015,Iran,32.4,53.7,1,Production country appearances in KVIFF catalogue
01/07/2015,Ireland,53.4,-8.2,2,Production country appearances in KVIFF catalogue
01/07/2015,Israel,31,35,2,Production country appearances in KVIFF catalogue
01/07/2015,Italy,41.9,12.6,15,Production country appearances in KVIFF catalogue
01/07/2015,Japan,36.2,138.3,5,Production country appearances in KVIFF catalogue
01/07/2015,Jordan,30.6,36.2,1,Production country appearances in KVIFF catalogue
01/07/2015,Kosovo,42.6,20.9,3,Production country appearances in KVIFF catalogue
01/07/2015,Kyrgyzstan,41.2,74.8,1,Production country appearances in KVIFF catalogue
01/07/2015,Latvia,56.9,24.6,3,Production country appearances in KVIFF catalogue
01/07/2015,Lebanon,33.9,35.9,8,Production country appearances in KVIFF catalogue
01/07/2015,Lithuania,55.2,23.9,1,Production country appearances in KVIFF catalogue
01/07/2015,Luxembourg,49.8,6.1,1,Production country appearances in KVIFF catalogue
01/07/2015,Mexico,23.6,-102.5,1,Production country appearances in KVIFF catalogue
01/07/2015,Moldova,47.4,28.4,1,Production country appearances in KVIFF catalogue
01/07/2015,Montenegro,42.7,19.3,1,Production country appearances in KVIFF catalogue
01/07/2015,Netherlands,52.1,5.3,6,Production country appearances in KVIFF catalogue
01/07/2015,New Zealand,-40.9,174.9,1,Production country appearances in KVIFF catalogue
01/07/2015,North Macedonia,41.6,21.7,2,Production country appearances in KVIFF catalogue
01/07/2015,Norway,60.5,8.5,4,Production country appearances in KVIFF catalogue
01/07/2015,Palestine,31.9,35.2,1,Production country appearances in KVIFF catalogue
01/07/2015,Philippines,12.9,122,2,Production country appearances in KVIFF catalogue
01/07/2015,Poland,52,19.1,7,Production country appearances in KVIFF catalogue
01/07/2015,Portugal,39.4,-8.2,4,Production country appearances in KVIFF catalogue
01/07/2015,Qatar,25.4,51.2,3,Production country appearances in KVIFF catalogue
01/07/2015,Romania,45.9,24.9,7,Production country appearances in KVIFF catalogue
01/07/2015,Russia,61.5,105.3,4,Production country appearances in KVIFF catalogue
01/07/2015,Serbia,44,20.9,3,Production country appearances in KVIFF catalogue
01/07/2015,Slovak Republic,48.7,19.7,8,Production country appearances in KVIFF catalogue
01/07/2015,Slovenia,46.2,14.9,4,Production country appearances in KVIFF catalogue
01/07/2015,South Korea,36.5,127.8,6,Production country appearances in KVIFF catalogue
01/07/2015,Spain,40.5,-3.7,2,Production country appearances in KVIFF catalogue
01/07/2015,Sweden,60.1,18.6,5,Production country appearances in KVIFF catalogue
01/07/2015,Switzerland,46.8,8.2,12,Production country appearances in KVIFF catalogue
01/07/2015,Turkey,39,35.2,3,Production country appearances in KVIFF catalogue
01/07/2015,Ukraine,48.4,31.2,2,Production country appearances in KVIFF catalogue
01/07/2015,United Arab Emirates,23.4,53.8,3,Production country appearances in KVIFF catalogue
01/07/2015,United Kingdom,55.4,-3.4,16,Production country appearances in KVIFF catalogue
01/07/2015,Uruguay,-32.5,-55.8,1,Production country appearances in KVIFF catalogue
01/07/2015,USA,39.8,-98.6,26,Production country appearances in KVIFF catalogue
01/07/2015,USSR,61.5,105.3,6,Production country appearances in KVIFF catalogue
01/07/2015,Venezuela,6.4,-66.6,1,Production country appearances in KVIFF catalogue
01/07/2016,Afghanistan,33.9,67.7,2,Production country appearances in KVIFF catalogue
01/07/2016,Argentina,-38.4,-63.6,2,Production country appearances in KVIFF catalogue
01/07/2016,Austria,47.5,14.5,8,Production country appearances in KVIFF catalogue
01/07/2016,Belgium,50.5,4.5,12,Production country appearances in KVIFF catalogue
01/07/2016,Bosnia and Herzegovina,43.9,17.7,2,Production country appearances in KVIFF catalogue
01/07/2016,Brazil,-14.2,-51.9,2,Production country appearances in KVIFF catalogue
01/07/2016,Bulgaria,42.7,25.5,1,Production country appearances in KVIFF catalogue
01/07/2016,Cambodia,12.6,104.9,1,Production country appearances in KVIFF catalogue
01/07/2016,Canada,56.1,-106.3,8,Production country appearances in KVIFF catalogue
01/07/2016,Chile,-35.7,-71.5,1,Production country appearances in KVIFF catalogue
01/07/2016,China,35.9,104.2,3,Production country appearances in KVIFF catalogue
01/07/2016,Colombia,4.6,-74.3,1,Production country appearances in KVIFF catalogue
01/07/2016,Croatia,45.1,15.2,5,Production country appearances in KVIFF catalogue
01/07/2016,Czech Republic,49.8,15.5,24,Production country appearances in KVIFF catalogue
01/07/2016,Czechoslovakia,49.8,15,9,Production country appearances in KVIFF catalogue
01/07/2016,Denmark,56.3,9.5,3,Production country appearances in KVIFF catalogue
01/07/2016,Egypt,26.8,30.8,1,Production country appearances in KVIFF catalogue
01/07/2016,Estonia,58.6,25,3,Production country appearances in KVIFF catalogue
01/07/2016,Finland,61.9,25.7,2,Production country appearances in KVIFF catalogue
01/07/2016,France,46.2,2.2,45,Production country appearances in KVIFF catalogue
01/07/2016,Georgia,42.3,43.4,2,Production country appearances in KVIFF catalogue
01/07/2016,Germany,51.2,10.4,18,Production country appearances in KVIFF catalogue
01/07/2016,Greece,39.1,21.8,2,Production country appearances in KVIFF catalogue
01/07/2016,Hungary,47.2,19.5,3,Production country appearances in KVIFF catalogue
01/07/2016,India,20.6,78.9,1,Production country appearances in KVIFF catalogue
01/07/2016,Iran,32.4,53.7,1,Production country appearances in KVIFF catalogue
01/07/2016,Ireland,53.4,-8.2,2,Production country appearances in KVIFF catalogue
01/07/2016,Israel,31,35,4,Production country appearances in KVIFF catalogue
01/07/2016,Italy,41.9,12.6,9,Production country appearances in KVIFF catalogue
01/07/2016,Japan,36.2,138.3,2,Production country appearances in KVIFF catalogue
01/07/2016,Kosovo,42.6,20.9,1,Production country appearances in KVIFF catalogue
01/07/2016,Latvia,56.9,24.6,3,Production country appearances in KVIFF catalogue
01/07/2016,Lebanon,33.9,35.9,1,Production country appearances in KVIFF catalogue
01/07/2016,Lithuania,55.2,23.9,1,Production country appearances in KVIFF catalogue
01/07/2016,Mexico,23.6,-102.5,9,Production country appearances in KVIFF catalogue
01/07/2016,Morocco,31.8,-7.1,1,Production country appearances in KVIFF catalogue
01/07/2016,Netherlands,52.1,5.3,6,Production country appearances in KVIFF catalogue
01/07/2016,New Zealand,-40.9,174.9,1,Production country appearances in KVIFF catalogue
01/07/2016,North Korea,40.3,127.5,1,Production country appearances in KVIFF catalogue
01/07/2016,North Macedonia,41.6,21.7,2,Production country appearances in KVIFF catalogue
01/07/2016,Norway,60.5,8.5,3,Production country appearances in KVIFF catalogue
01/07/2016,Philippines,12.9,122,3,Production country appearances in KVIFF catalogue
01/07/2016,Poland,52,19.1,7,Production country appearances in KVIFF catalogue
01/07/2016,Portugal,39.4,-8.2,1,Production country appearances in KVIFF catalogue
01/07/2016,Qatar,25.4,51.2,5,Production country appearances in KVIFF catalogue
01/07/2016,Romania,45.9,24.9,5,Production country appearances in KVIFF catalogue
01/07/2016,Russia,61.5,105.3,5,Production country appearances in KVIFF catalogue
01/07/2016,Serbia,44,20.9,2,Production country appearances in KVIFF catalogue
01/07/2016,Singapore,1.35,103.8,2,Production country appearances in KVIFF catalogue
01/07/2016,Slovak Republic,48.7,19.7,8,Production country appearances in KVIFF catalogue
01/07/2016,Slovenia,46.2,14.9,3,Production country appearances in KVIFF catalogue
01/07/2016,South Korea,36.5,127.8,3,Production country appearances in KVIFF catalogue
01/07/2016,Spain,40.5,-3.7,6,Production country appearances in KVIFF catalogue
01/07/2016,Sweden,60.1,18.6,6,Production country appearances in KVIFF catalogue
01/07/2016,Switzerland,46.8,8.2,5,Production country appearances in KVIFF catalogue
01/07/2016,Taiwan,23.7,121,2,Production country appearances in KVIFF catalogue
01/07/2016,Thailand,15.9,101,1,Production country appearances in KVIFF catalogue
01/07/2016,Tunisia,33.9,9.5,1,Production country appearances in KVIFF catalogue
01/07/2016,Turkey,39,35.2,4,Production country appearances in KVIFF catalogue
01/07/2016,Ukraine,48.4,31.2,1,Production country appearances in KVIFF catalogue
01/07/2016,United Arab Emirates,23.4,53.8,2,Production country appearances in KVIFF catalogue
01/07/2016,United Kingdom,55.4,-3.4,11,Production country appearances in KVIFF catalogue
01/07/2016,Uruguay,-32.5,-55.8,1,Production country appearances in KVIFF catalogue
01/07/2016,USA,39.8,-98.6,31,Production country appearances in KVIFF catalogue
01/07/2017,Argentina,-38.4,-63.6,1,Production country appearances in KVIFF catalogue
01/07/2017,Australia,-25.3,133.8,1,Production country appearances in KVIFF catalogue
01/07/2017,Austria,47.5,14.5,8,Production country appearances in KVIFF catalogue
01/07/2017,Azerbaijan,40.1,47.6,1,Production country appearances in KVIFF catalogue
01/07/2017,Belgium,50.5,4.5,5,Production country appearances in KVIFF catalogue
01/07/2017,Bosnia and Herzegovina,43.9,17.7,1,Production country appearances in KVIFF catalogue
01/07/2017,Brazil,-14.2,-51.9,2,Production country appearances in KVIFF catalogue
01/07/2017,Bulgaria,42.7,25.5,3,Production country appearances in KVIFF catalogue
01/07/2017,Canada,56.1,-106.3,4,Production country appearances in KVIFF catalogue
01/07/2017,Chile,-35.7,-71.5,4,Production country appearances in KVIFF catalogue
01/07/2017,Croatia,45.1,15.2,6,Production country appearances in KVIFF catalogue
01/07/2017,Czech Republic,49.8,15.5,23,Production country appearances in KVIFF catalogue
01/07/2017,Czechoslovakia,49.8,15,14,Production country appearances in KVIFF catalogue
01/07/2017,Denmark,56.3,9.5,6,Production country appearances in KVIFF catalogue
01/07/2017,Estonia,58.6,25,4,Production country appearances in KVIFF catalogue
01/07/2017,Finland,61.9,25.7,4,Production country appearances in KVIFF catalogue
01/07/2017,France,46.2,2.2,33,Production country appearances in KVIFF catalogue
01/07/2017,Georgia,42.3,43.4,5,Production country appearances in KVIFF catalogue
01/07/2017,Germany,51.2,10.4,24,Production country appearances in KVIFF catalogue
01/07/2017,Hong Kong,22.3,114.2,1,Production country appearances in KVIFF catalogue
01/07/2017,Hungary,47.2,19.5,2,Production country appearances in KVIFF catalogue
01/07/2017,India,20.6,78.9,2,Production country appearances in KVIFF catalogue
01/07/2017,Indonesia,-0.8,113.9,2,Production country appearances in KVIFF catalogue
01/07/2017,Iran,32.4,53.7,3,Production country appearances in KVIFF catalogue
01/07/2017,Ireland,53.4,-8.2,3,Production country appearances in KVIFF catalogue
01/07/2017,Israel,31,35,2,Production country appearances in KVIFF catalogue
01/07/2017,Italy,41.9,12.6,8,Production country appearances in KVIFF catalogue
01/07/2017,Japan,36.2,138.3,16,Production country appearances in KVIFF catalogue
01/07/2017,Kosovo,42.6,20.9,1,Production country appearances in KVIFF catalogue
01/07/2017,Kyrgyzstan,41.2,74.8,1,Production country appearances in KVIFF catalogue
01/07/2017,Latvia,56.9,24.6,1,Production country appearances in KVIFF catalogue
01/07/2017,Lebanon,33.9,35.9,1,Production country appearances in KVIFF catalogue
01/07/2017,Liechtenstein,47.2,9.6,1,Production country appearances in KVIFF catalogue
01/07/2017,Lithuania,55.2,23.9,1,Production country appearances in KVIFF catalogue
01/07/2017,Mexico,23.6,-102.5,2,Production country appearances in KVIFF catalogue
01/07/2017,Nepal,28.4,84.1,2,Production country appearances in KVIFF catalogue
01/07/2017,Netherlands,52.1,5.3,13,Production country appearances in KVIFF catalogue
01/07/2017,North Macedonia,41.6,21.7,1,Production country appearances in KVIFF catalogue
01/07/2017,Norway,60.5,8.5,4,Production country appearances in KVIFF catalogue
01/07/2017,Poland,52,19.1,8,Production country appearances in KVIFF catalogue
01/07/2017,Portugal,39.4,-8.2,2,Production country appearances in KVIFF catalogue
01/07/2017,Qatar,25.4,51.2,5,Production country appearances in KVIFF catalogue
01/07/2017,Romania,45.9,24.9,4,Production country appearances in KVIFF catalogue
01/07/2017,Russia,61.5,105.3,3,Production country appearances in KVIFF catalogue
01/07/2017,Serbia,44,20.9,1,Production country appearances in KVIFF catalogue
01/07/2017,Slovak Republic,48.7,19.7,15,Production country appearances in KVIFF catalogue
01/07/2017,Slovenia,46.2,14.9,2,Production country appearances in KVIFF catalogue
01/07/2017,South Korea,36.5,127.8,2,Production country appearances in KVIFF catalogue
01/07/2017,Spain,40.5,-3.7,7,Production country appearances in KVIFF catalogue
01/07/2017,Sweden,60.1,18.6,6,Production country appearances in KVIFF catalogue
01/07/2017,Switzerland,46.8,8.2,5,Production country appearances in KVIFF catalogue
01/07/2017,Tunisia,33.9,9.5,1,Production country appearances in KVIFF catalogue
01/07/2017,Turkey,39,35.2,3,Production country appearances in KVIFF catalogue
01/07/2017,Ukraine,48.4,31.2,2,Production country appearances in KVIFF catalogue
01/07/2017,United Arab Emirates,23.4,53.8,1,Production country appearances in KVIFF catalogue
01/07/2017,United Kingdom,55.4,-3.4,17,Production country appearances in KVIFF catalogue
01/07/2017,USA,39.8,-98.6,27,Production country appearances in KVIFF catalogue
01/07/2017,USSR,61.5,105.3,1,Production country appearances in KVIFF catalogue
01/07/2017,Venezuela,6.4,-66.6,1,Production country appearances in KVIFF catalogue
01/07/2017,Yugoslavia,44,20.9,1,Production country appearances in KVIFF catalogue
01/07/2018,Argentina,-38.4,-63.6,5,Production country appearances in KVIFF catalogue
01/07/2018,Australia,-25.3,133.8,3,Production country appearances in KVIFF catalogue
01/07/2018,Austria,47.5,14.5,8,Production country appearances in KVIFF catalogue
01/07/2018,Belarus,53.7,27.9,1,Production country appearances in KVIFF catalogue
01/07/2018,Belgium,50.5,4.5,10,Production country appearances in KVIFF catalogue
01/07/2018,Bosnia and Herzegovina,43.9,17.7,2,Production country appearances in KVIFF catalogue
01/07/2018,Brazil,-14.2,-51.9,6,Production country appearances in KVIFF catalogue
01/07/2018,Bulgaria,42.7,25.5,4,Production country appearances in KVIFF catalogue
01/07/2018,Canada,56.1,-106.3,4,Production country appearances in KVIFF catalogue
01/07/2018,Chile,-35.7,-71.5,2,Production country appearances in KVIFF catalogue
01/07/2018,China,35.9,104.2,3,Production country appearances in KVIFF catalogue
01/07/2018,Colombia,4.6,-74.3,2,Production country appearances in KVIFF catalogue
01/07/2018,Croatia,45.1,15.2,5,Production country appearances in KVIFF catalogue
01/07/2018,Cyprus,35.1,33.4,2,Production country appearances in KVIFF catalogue
01/07/2018,Czech Republic,49.8,15.5,30,Production country appearances in KVIFF catalogue
01/07/2018,Czechoslovakia,49.8,15,6,Production country appearances in KVIFF catalogue
01/07/2018,Denmark,56.3,9.5,5,Production country appearances in KVIFF catalogue
01/07/2018,Dominican Republic,18.7,-70.2,1,Production country appearances in KVIFF catalogue
01/07/2018,Egypt,26.8,30.8,2,Production country appearances in KVIFF catalogue
01/07/2018,Estonia,58.6,25,7,Production country appearances in KVIFF catalogue
01/07/2018,Finland,61.9,25.7,3,Production country appearances in KVIFF catalogue
01/07/2018,France,46.2,2.2,33,Production country appearances in KVIFF catalogue
01/07/2018,Georgia,42.3,43.4,1,Production country appearances in KVIFF catalogue
01/07/2018,Germany,51.2,10.4,24,Production country appearances in KVIFF catalogue
01/07/2018,Greece,39.1,21.8,3,Production country appearances in KVIFF catalogue
01/07/2018,Hungary,47.2,19.5,1,Production country appearances in KVIFF catalogue
01/07/2018,Iceland,64.9,-18.6,1,Production country appearances in KVIFF catalogue
01/07/2018,Iran,32.4,53.7,3,Production country appearances in KVIFF catalogue
01/07/2018,Ireland,53.4,-8.2,2,Production country appearances in KVIFF catalogue
01/07/2018,Israel,31,35,2,Production country appearances in KVIFF catalogue
01/07/2018,Italy,41.9,12.6,11,Production country appearances in KVIFF catalogue
01/07/2018,Jamaica,18.1,-77.3,1,Production country appearances in KVIFF catalogue
01/07/2018,Japan,36.2,138.3,4,Production country appearances in KVIFF catalogue
01/07/2018,Kazakhstan,48,66.9,1,Production country appearances in KVIFF catalogue
01/07/2018,Kenya,0,37.9,1,Production country appearances in KVIFF catalogue
01/07/2018,Kyrgyzstan,41.2,74.8,1,Production country appearances in KVIFF catalogue
01/07/2018,Latvia,56.9,24.6,11,Production country appearances in KVIFF catalogue
01/07/2018,Lebanon,33.9,35.9,2,Production country appearances in KVIFF catalogue
01/07/2018,Lithuania,55.2,23.9,11,Production country appearances in KVIFF catalogue
01/07/2018,Luxembourg,49.8,6.1,1,Production country appearances in KVIFF catalogue
01/07/2018,Mexico,23.6,-102.5,4,Production country appearances in KVIFF catalogue
01/07/2018,Nepal,28.4,84.1,1,Production country appearances in KVIFF catalogue
01/07/2018,Netherlands,52.1,5.3,7,Production country appearances in KVIFF catalogue
01/07/2018,North Macedonia,41.6,21.7,1,Production country appearances in KVIFF catalogue
01/07/2018,Norway,60.5,8.5,4,Production country appearances in KVIFF catalogue
01/07/2018,Palestine,31.9,35.2,1,Production country appearances in KVIFF catalogue
01/07/2018,Philippines,12.9,122,1,Production country appearances in KVIFF catalogue
01/07/2018,Poland,52,19.1,10,Production country appearances in KVIFF catalogue
01/07/2018,Portugal,39.4,-8.2,4,Production country appearances in KVIFF catalogue
01/07/2018,Qatar,25.4,51.2,4,Production country appearances in KVIFF catalogue
01/07/2018,Romania,45.9,24.9,3,Production country appearances in KVIFF catalogue
01/07/2018,Russia,61.5,105.3,8,Production country appearances in KVIFF catalogue
01/07/2018,Serbia,44,20.9,1,Production country appearances in KVIFF catalogue
01/07/2018,Slovak Republic,48.7,19.7,8,Production country appearances in KVIFF catalogue
01/07/2018,Slovenia,46.2,14.9,2,Production country appearances in KVIFF catalogue
01/07/2018,South Korea,36.5,127.8,2,Production country appearances in KVIFF catalogue
01/07/2018,Spain,40.5,-3.7,5,Production country appearances in KVIFF catalogue
01/07/2018,Sweden,60.1,18.6,3,Production country appearances in KVIFF catalogue
01/07/2018,Switzerland,46.8,8.2,8,Production country appearances in KVIFF catalogue
01/07/2018,Tunisia,33.9,9.5,1,Production country appearances in KVIFF catalogue
01/07/2018,Turkey,39,35.2,2,Production country appearances in KVIFF catalogue
01/07/2018,Ukraine,48.4,31.2,3,Production country appearances in KVIFF catalogue
01/07/2018,United Arab Emirates,23.4,53.8,1,Production country appearances in KVIFF catalogue
01/07/2018,United Kingdom,55.4,-3.4,15,Production country appearances in KVIFF catalogue
01/07/2018,Uruguay,-32.5,-55.8,1,Production country appearances in KVIFF catalogue
01/07/2018,USA,39.8,-98.6,60,Production country appearances in KVIFF catalogue
01/07/2018,USSR,61.5,105.3,1,Production country appearances in KVIFF catalogue
01/07/2019,Albania,41.2,20.2,1,Production country appearances in KVIFF catalogue
01/07/2019,Algeria,28,1.7,2,Production country appearances in KVIFF catalogue
01/07/2019,Argentina,-38.4,-63.6,5,Production country appearances in KVIFF catalogue
01/07/2019,Australia,-25.3,133.8,1,Production country appearances in KVIFF catalogue
01/07/2019,Austria,47.5,14.5,6,Production country appearances in KVIFF catalogue
01/07/2019,Belgium,50.5,4.5,7,Production country appearances in KVIFF catalogue
01/07/2019,Bosnia and Herzegovina,43.9,17.7,3,Production country appearances in KVIFF catalogue
01/07/2019,Brazil,-14.2,-51.9,4,Production country appearances in KVIFF catalogue
01/07/2019,Bulgaria,42.7,25.5,1,Production country appearances in KVIFF catalogue
01/07/2019,Canada,56.1,-106.3,1,Production country appearances in KVIFF catalogue
01/07/2019,Chile,-35.7,-71.5,2,Production country appearances in KVIFF catalogue
01/07/2019,China,35.9,104.2,3,Production country appearances in KVIFF catalogue
01/07/2019,Colombia,4.6,-74.3,2,Production country appearances in KVIFF catalogue
01/07/2019,Croatia,45.1,15.2,2,Production country appearances in KVIFF catalogue
01/07/2019,Czech Republic,49.8,15.5,29,Production country appearances in KVIFF catalogue
01/07/2019,Czechoslovakia,49.8,15,11,Production country appearances in KVIFF catalogue
01/07/2019,Denmark,56.3,9.5,6,Production country appearances in KVIFF catalogue
01/07/2019,Egypt,26.8,30.8,11,Production country appearances in KVIFF catalogue
01/07/2019,Estonia,58.6,25,2,Production country appearances in KVIFF catalogue
01/07/2019,Finland,61.9,25.7,1,Production country appearances in KVIFF catalogue
01/07/2019,France,46.2,2.2,25,Production country appearances in KVIFF catalogue
01/07/2019,Georgia,42.3,43.4,1,Production country appearances in KVIFF catalogue
01/07/2019,Germany,51.2,10.4,15,Production country appearances in KVIFF catalogue
01/07/2019,Greece,39.1,21.8,3,Production country appearances in KVIFF catalogue
01/07/2019,Hong Kong,22.3,114.2,1,Production country appearances in KVIFF catalogue
01/07/2019,Hungary,47.2,19.5,2,Production country appearances in KVIFF catalogue
01/07/2019,Iceland,64.9,-18.6,2,Production country appearances in KVIFF catalogue
01/07/2019,Iran,32.4,53.7,1,Production country appearances in KVIFF catalogue
01/07/2019,Ireland,53.4,-8.2,1,Production country appearances in KVIFF catalogue
01/07/2019,Italy,41.9,12.6,8,Production country appearances in KVIFF catalogue
01/07/2019,Japan,36.2,138.3,2,Production country appearances in KVIFF catalogue
01/07/2019,Kosovo,42.6,20.9,1,Production country appearances in KVIFF catalogue
01/07/2019,Latvia,56.9,24.6,6,Production country appearances in KVIFF catalogue
01/07/2019,Lithuania,55.2,23.9,3,Production country appearances in KVIFF catalogue
01/07/2019,Luxembourg,49.8,6.1,2,Production country appearances in KVIFF catalogue
01/07/2019,Mexico,23.6,-102.5,2,Production country appearances in KVIFF catalogue
01/07/2019,Montenegro,42.7,19.3,1,Production country appearances in KVIFF catalogue
01/07/2019,Morocco,31.8,-7.1,2,Production country appearances in KVIFF catalogue
01/07/2019,Netherlands,52.1,5.3,7,Production country appearances in KVIFF catalogue
01/07/2019,North Macedonia,41.6,21.7,1,Production country appearances in KVIFF catalogue
01/07/2019,Norway,60.5,8.5,2,Production country appearances in KVIFF catalogue
01/07/2019,Philippines,12.9,122,1,Production country appearances in KVIFF catalogue
01/07/2019,Poland,52,19.1,5,Production country appearances in KVIFF catalogue
01/07/2019,Qatar,25.4,51.2,2,Production country appearances in KVIFF catalogue
01/07/2019,Romania,45.9,24.9,2,Production country appearances in KVIFF catalogue
01/07/2019,Russia,61.5,105.3,1,Production country appearances in KVIFF catalogue
01/07/2019,Saudi Arabia,23.9,45.1,1,Production country appearances in KVIFF catalogue
01/07/2019,Serbia,44,20.9,4,Production country appearances in KVIFF catalogue
01/07/2019,Slovak Republic,48.7,19.7,10,Production country appearances in KVIFF catalogue
01/07/2019,Slovenia,46.2,14.9,2,Production country appearances in KVIFF catalogue
01/07/2019,South Korea,36.5,127.8,1,Production country appearances in KVIFF catalogue
01/07/2019,Spain,40.5,-3.7,5,Production country appearances in KVIFF catalogue
01/07/2019,Sweden,60.1,18.6,8,Production country appearances in KVIFF catalogue
01/07/2019,Switzerland,46.8,8.2,4,Production country appearances in KVIFF catalogue
01/07/2019,Taiwan,23.7,121,1,Production country appearances in KVIFF catalogue
01/07/2019,Tunisia,33.9,9.5,1,Production country appearances in KVIFF catalogue
01/07/2019,Turkey,39,35.2,2,Production country appearances in KVIFF catalogue
01/07/2019,Ukraine,48.4,31.2,2,Production country appearances in KVIFF catalogue
01/07/2019,United Kingdom,55.4,-3.4,11,Production country appearances in KVIFF catalogue
01/07/2019,Uruguay,-32.5,-55.8,2,Production country appearances in KVIFF catalogue
01/07/2019,USA,39.8,-98.6,33,Production country appearances in KVIFF catalogue
01/07/2019,USSR,61.5,105.3,1,Production country appearances in KVIFF catalogue
01/07/2021,Albania,41.2,20.2,1,Production country appearances in KVIFF catalogue
01/07/2021,Argentina,-38.4,-63.6,3,Production country appearances in KVIFF catalogue
01/07/2021,Australia,-25.3,133.8,1,Production country appearances in KVIFF catalogue
01/07/2021,Austria,47.5,14.5,2,Production country appearances in KVIFF catalogue
01/07/2021,Belgium,50.5,4.5,7,Production country appearances in KVIFF catalogue
01/07/2021,Bosnia and Herzegovina,43.9,17.7,2,Production country appearances in KVIFF catalogue
01/07/2021,Brazil,-14.2,-51.9,3,Production country appearances in KVIFF catalogue
01/07/2021,Bulgaria,42.7,25.5,3,Production country appearances in KVIFF catalogue
01/07/2021,Cambodia,12.6,104.9,1,Production country appearances in KVIFF catalogue
01/07/2021,Canada,56.1,-106.3,5,Production country appearances in KVIFF catalogue
01/07/2021,Colombia,4.6,-74.3,2,Production country appearances in KVIFF catalogue
01/07/2021,Croatia,45.1,15.2,5,Production country appearances in KVIFF catalogue
01/07/2021,Cyprus,35.1,33.4,1,Production country appearances in KVIFF catalogue
01/07/2021,Czech Republic,49.8,15.5,22,Production country appearances in KVIFF catalogue
01/07/2021,Czechoslovakia,49.8,15,1,Production country appearances in KVIFF catalogue
01/07/2021,Denmark,56.3,9.5,3,Production country appearances in KVIFF catalogue
01/07/2021,Egypt,26.8,30.8,1,Production country appearances in KVIFF catalogue
01/07/2021,Estonia,58.6,25,3,Production country appearances in KVIFF catalogue
01/07/2021,Finland,61.9,25.7,1,Production country appearances in KVIFF catalogue
01/07/2021,France,46.2,2.2,39,Production country appearances in KVIFF catalogue
01/07/2021,Georgia,42.3,43.4,3,Production country appearances in KVIFF catalogue
01/07/2021,Germany,51.2,10.4,15,Production country appearances in KVIFF catalogue
01/07/2021,Greece,39.1,21.8,3,Production country appearances in KVIFF catalogue
01/07/2021,Hungary,47.2,19.5,2,Production country appearances in KVIFF catalogue
01/07/2021,Iceland,64.9,-18.6,3,Production country appearances in KVIFF catalogue
01/07/2021,Indonesia,-0.8,113.9,1,Production country appearances in KVIFF catalogue
01/07/2021,Iran,32.4,53.7,2,Production country appearances in KVIFF catalogue
01/07/2021,Iraqi Kurdistan,36.2,44,1,Production country appearances in KVIFF catalogue
01/07/2021,Ireland,53.4,-8.2,1,Production country appearances in KVIFF catalogue
01/07/2021,Israel,31,35,3,Production country appearances in KVIFF catalogue
01/07/2021,Italy,41.9,12.6,6,Production country appearances in KVIFF catalogue
01/07/2021,Ivory Coast,7.5,-5.6,1,Production country appearances in KVIFF catalogue
01/07/2021,Japan,36.2,138.3,4,Production country appearances in KVIFF catalogue
01/07/2021,Kosovo,42.6,20.9,2,Production country appearances in KVIFF catalogue
01/07/2021,Lebanon,33.9,35.9,3,Production country appearances in KVIFF catalogue
01/07/2021,Lithuania,55.2,23.9,3,Production country appearances in KVIFF catalogue
01/07/2021,Luxembourg,49.8,6.1,2,Production country appearances in KVIFF catalogue
01/07/2021,Malta,35.9,14.4,1,Production country appearances in KVIFF catalogue
01/07/2021,Mexico,23.6,-102.5,4,Production country appearances in KVIFF catalogue
01/07/2021,Monaco,43.7,7.4,2,Production country appearances in KVIFF catalogue
01/07/2021,Montenegro,42.7,19.3,2,Production country appearances in KVIFF catalogue
01/07/2021,Morocco,31.8,-7.1,2,Production country appearances in KVIFF catalogue
01/07/2021,Netherlands,52.1,5.3,6,Production country appearances in KVIFF catalogue
01/07/2021,North Macedonia,41.6,21.7,2,Production country appearances in KVIFF catalogue
01/07/2021,Norway,60.5,8.5,4,Production country appearances in KVIFF catalogue
01/07/2021,Philippines,12.9,122,1,Production country appearances in KVIFF catalogue
01/07/2021,Poland,52,19.1,7,Production country appearances in KVIFF catalogue
01/07/2021,Portugal,39.4,-8.2,1,Production country appearances in KVIFF catalogue
01/07/2021,Qatar,25.4,51.2,7,Production country appearances in KVIFF catalogue
01/07/2021,Romania,45.9,24.9,4,Production country appearances in KVIFF catalogue
01/07/2021,Russia,61.5,105.3,5,Production country appearances in KVIFF catalogue
01/07/2021,Serbia,44,20.9,4,Production country appearances in KVIFF catalogue
01/07/2021,Singapore,1.35,103.8,1,Production country appearances in KVIFF catalogue
01/07/2021,Slovak Republic,48.7,19.7,11,Production country appearances in KVIFF catalogue
01/07/2021,Slovenia,46.2,14.9,4,Production country appearances in KVIFF catalogue
01/07/2021,South Korea,36.5,127.8,3,Production country appearances in KVIFF catalogue
01/07/2021,Spain,40.5,-3.7,3,Production country appearances in KVIFF catalogue
01/07/2021,Sri Lanka,7.9,80.8,1,Production country appearances in KVIFF catalogue
01/07/2021,Sweden,60.1,18.6,6,Production country appearances in KVIFF catalogue
01/07/2021,Switzerland,46.8,8.2,3,Production country appearances in KVIFF catalogue
01/07/2021,Taiwan,23.7,121,2,Production country appearances in KVIFF catalogue
01/07/2021,Thailand,15.9,101,3,Production country appearances in KVIFF catalogue
01/07/2021,Turkey,39,35.2,4,Production country appearances in KVIFF catalogue
01/07/2021,Ukraine,48.4,31.2,4,Production country appearances in KVIFF catalogue
01/07/2021,United Kingdom,55.4,-3.4,11,Production country appearances in KVIFF catalogue
01/07/2021,Uruguay,-32.5,-55.8,1,Production country appearances in KVIFF catalogue
01/07/2021,USA,39.8,-98.6,20,Production country appearances in KVIFF catalogue
01/07/2021,Vietnam,14.1,108.3,1,Production country appearances in KVIFF catalogue
01/07/2022,Argentina,-38.4,-63.6,4,Production country appearances in KVIFF catalogue
01/07/2022,Australia,-25.3,133.8,5,Production country appearances in KVIFF catalogue
01/07/2022,Austria,47.5,14.5,8,Production country appearances in KVIFF catalogue
01/07/2022,Belgium,50.5,4.5,10,Production country appearances in KVIFF catalogue
01/07/2022,Bolivia,-16.3,-63.6,2,Production country appearances in KVIFF catalogue
01/07/2022,Brazil,-14.2,-51.9,2,Production country appearances in KVIFF catalogue
01/07/2022,Bulgaria,42.7,25.5,1,Production country appearances in KVIFF catalogue
01/07/2022,Canada,56.1,-106.3,5,Production country appearances in KVIFF catalogue
01/07/2022,Chile,-35.7,-71.5,1,Production country appearances in KVIFF catalogue
01/07/2022,China,35.9,104.2,1,Production country appearances in KVIFF catalogue
01/07/2022,Croatia,45.1,15.2,2,Production country appearances in KVIFF catalogue
01/07/2022,Czech Republic,49.8,15.5,22,Production country appearances in KVIFF catalogue
01/07/2022,Czechoslovakia,49.8,15,5,Production country appearances in KVIFF catalogue
01/07/2022,Denmark,56.3,9.5,8,Production country appearances in KVIFF catalogue
01/07/2022,Estonia,58.6,25,1,Production country appearances in KVIFF catalogue
01/07/2022,Finland,61.9,25.7,3,Production country appearances in KVIFF catalogue
01/07/2022,France,46.2,2.2,37,Production country appearances in KVIFF catalogue
01/07/2022,Georgia,42.3,43.4,1,Production country appearances in KVIFF catalogue
01/07/2022,Germany,51.2,10.4,23,Production country appearances in KVIFF catalogue
01/07/2022,Greece,39.1,21.8,2,Production country appearances in KVIFF catalogue
01/07/2022,Hong Kong,22.3,114.2,1,Production country appearances in KVIFF catalogue
01/07/2022,Hungary,47.2,19.5,2,Production country appearances in KVIFF catalogue
01/07/2022,Iceland,64.9,-18.6,3,Production country appearances in KVIFF catalogue
01/07/2022,Iran,32.4,53.7,4,Production country appearances in KVIFF catalogue
01/07/2022,Israel,31,35,2,Production country appearances in KVIFF catalogue
01/07/2022,Italy,41.9,12.6,8,Production country appearances in KVIFF catalogue
01/07/2022,Japan,36.2,138.3,4,Production country appearances in KVIFF catalogue
01/07/2022,Latvia,56.9,24.6,1,Production country appearances in KVIFF catalogue
01/07/2022,Lebanon,33.9,35.9,5,Production country appearances in KVIFF catalogue
01/07/2022,Lithuania,55.2,23.9,4,Production country appearances in KVIFF catalogue
01/07/2022,Luxembourg,49.8,6.1,4,Production country appearances in KVIFF catalogue
01/07/2022,Mexico,23.6,-102.5,3,Production country appearances in KVIFF catalogue
01/07/2022,Morocco,31.8,-7.1,1,Production country appearances in KVIFF catalogue
01/07/2022,Netherlands,52.1,5.3,6,Production country appearances in KVIFF catalogue
01/07/2022,Pakistan,30.4,69.3,1,Production country appearances in KVIFF catalogue
01/07/2022,Paraguay,-23.4,-58.4,1,Production country appearances in KVIFF catalogue
01/07/2022,Philippines,12.9,122,2,Production country appearances in KVIFF catalogue
01/07/2022,Poland,52,19.1,9,Production country appearances in KVIFF catalogue
01/07/2022,Qatar,25.4,51.2,6,Production country appearances in KVIFF catalogue
01/07/2022,Romania,45.9,24.9,2,Production country appearances in KVIFF catalogue
01/07/2022,Russia,61.5,105.3,2,Production country appearances in KVIFF catalogue
01/07/2022,Rwanda,-1.9,29.9,1,Production country appearances in KVIFF catalogue
01/07/2022,Senegal,14.5,-14.5,1,Production country appearances in KVIFF catalogue
01/07/2022,Serbia,44,20.9,5,Production country appearances in KVIFF catalogue
01/07/2022,Slovak Republic,48.7,19.7,2,Production country appearances in KVIFF catalogue
01/07/2022,Slovenia,46.2,14.9,1,Production country appearances in KVIFF catalogue
01/07/2022,South Korea,36.5,127.8,1,Production country appearances in KVIFF catalogue
01/07/2022,Spain,40.5,-3.7,6,Production country appearances in KVIFF catalogue
01/07/2022,Sudan,12.9,30.2,1,Production country appearances in KVIFF catalogue
01/07/2022,Sweden,60.1,18.6,5,Production country appearances in KVIFF catalogue
01/07/2022,Switzerland,46.8,8.2,5,Production country appearances in KVIFF catalogue
01/07/2022,Taiwan,23.7,121,2,Production country appearances in KVIFF catalogue
01/07/2022,Thailand,15.9,101,1,Production country appearances in KVIFF catalogue
01/07/2022,Tunisia,33.9,9.5,3,Production country appearances in KVIFF catalogue
01/07/2022,Turkey,39,35.2,1,Production country appearances in KVIFF catalogue
01/07/2022,Ukraine,48.4,31.2,4,Production country appearances in KVIFF catalogue
01/07/2022,United Kingdom,55.4,-3.4,14,Production country appearances in KVIFF catalogue
01/07/2022,Uruguay,-32.5,-55.8,1,Production country appearances in KVIFF catalogue
01/07/2022,USA,39.8,-98.6,37,Production country appearances in KVIFF catalogue
01/07/2023,Argentina,-38.4,-63.6,3,Production country appearances in KVIFF catalogue
01/07/2023,Australia,-25.3,133.8,2,Production country appearances in KVIFF catalogue
01/07/2023,Austria,47.5,14.5,2,Production country appearances in KVIFF catalogue
01/07/2023,Belgium,50.5,4.5,7,Production country appearances in KVIFF catalogue
01/07/2023,Bosnia and Herzegovina,43.9,17.7,1,Production country appearances in KVIFF catalogue
01/07/2023,Brazil,-14.2,-51.9,3,Production country appearances in KVIFF catalogue
01/07/2023,Bulgaria,42.7,25.5,3,Production country appearances in KVIFF catalogue
01/07/2023,Canada,56.1,-106.3,5,Production country appearances in KVIFF catalogue
01/07/2023,Chile,-35.7,-71.5,2,Production country appearances in KVIFF catalogue
01/07/2023,Colombia,4.6,-74.3,1,Production country appearances in KVIFF catalogue
01/07/2023,Croatia,45.1,15.2,1,Production country appearances in KVIFF catalogue
01/07/2023,Cyprus,35.1,33.4,1,Production country appearances in KVIFF catalogue
01/07/2023,Czech Republic,49.8,15.5,25,Production country appearances in KVIFF catalogue
01/07/2023,Czechoslovakia,49.8,15,3,Production country appearances in KVIFF catalogue
01/07/2023,Democratic Republic of the Congo,-4,21.8,1,Production country appearances in KVIFF catalogue
01/07/2023,Denmark,56.3,9.5,7,Production country appearances in KVIFF catalogue
01/07/2023,Egypt,26.8,30.8,2,Production country appearances in KVIFF catalogue
01/07/2023,Estonia,58.6,25,1,Production country appearances in KVIFF catalogue
01/07/2023,Finland,61.9,25.7,2,Production country appearances in KVIFF catalogue
01/07/2023,France,46.2,2.2,44,Production country appearances in KVIFF catalogue
01/07/2023,Georgia,42.3,43.4,4,Production country appearances in KVIFF catalogue
01/07/2023,Germany,51.2,10.4,26,Production country appearances in KVIFF catalogue
01/07/2023,Greece,39.1,21.8,2,Production country appearances in KVIFF catalogue
01/07/2023,Hong Kong,22.3,114.2,1,Production country appearances in KVIFF catalogue
01/07/2023,Hungary,47.2,19.5,2,Production country appearances in KVIFF catalogue
01/07/2023,Iceland,64.9,-18.6,1,Production country appearances in KVIFF catalogue
01/07/2023,India,20.6,78.9,1,Production country appearances in KVIFF catalogue
01/07/2023,Indonesia,-0.8,113.9,2,Production country appearances in KVIFF catalogue
01/07/2023,Iran,32.4,53.7,13,Production country appearances in KVIFF catalogue
01/07/2023,Ireland,53.4,-8.2,2,Production country appearances in KVIFF catalogue
01/07/2023,Italy,41.9,12.6,14,Production country appearances in KVIFF catalogue
01/07/2023,Japan,36.2,138.3,16,Production country appearances in KVIFF catalogue
01/07/2023,Jordan,30.6,36.2,1,Production country appearances in KVIFF catalogue
01/07/2023,Lebanon,33.9,35.9,3,Production country appearances in KVIFF catalogue
01/07/2023,Lithuania,55.2,23.9,2,Production country appearances in KVIFF catalogue
01/07/2023,Luxembourg,49.8,6.1,2,Production country appearances in KVIFF catalogue
01/07/2023,Mexico,23.6,-102.5,3,Production country appearances in KVIFF catalogue
01/07/2023,Mongolia,46.9,103.8,1,Production country appearances in KVIFF catalogue
01/07/2023,Morocco,31.8,-7.1,2,Production country appearances in KVIFF catalogue
01/07/2023,Nepal,28.4,84.1,1,Production country appearances in KVIFF catalogue
01/07/2023,Netherlands,52.1,5.3,7,Production country appearances in KVIFF catalogue
01/07/2023,Nigeria,9.1,8.7,1,Production country appearances in KVIFF catalogue
01/07/2023,Norway,60.5,8.5,2,Production country appearances in KVIFF catalogue
01/07/2023,Palestine,31.9,35.2,1,Production country appearances in KVIFF catalogue
01/07/2023,Philippines,12.9,122,3,Production country appearances in KVIFF catalogue
01/07/2023,Poland,52,19.1,4,Production country appearances in KVIFF catalogue
01/07/2023,Portugal,39.4,-8.2,3,Production country appearances in KVIFF catalogue
01/07/2023,Qatar,25.4,51.2,5,Production country appearances in KVIFF catalogue
01/07/2023,Romania,45.9,24.9,4,Production country appearances in KVIFF catalogue
01/07/2023,Saudi Arabia,23.9,45.1,3,Production country appearances in KVIFF catalogue
01/07/2023,Serbia,44,20.9,1,Production country appearances in KVIFF catalogue
01/07/2023,Singapore,1.35,103.8,3,Production country appearances in KVIFF catalogue
01/07/2023,Slovak Republic,48.7,19.7,10,Production country appearances in KVIFF catalogue
01/07/2023,South Africa,-30.6,22.9,2,Production country appearances in KVIFF catalogue
01/07/2023,South Korea,36.5,127.8,4,Production country appearances in KVIFF catalogue
01/07/2023,Spain,40.5,-3.7,5,Production country appearances in KVIFF catalogue
01/07/2023,Sudan,12.9,30.2,1,Production country appearances in KVIFF catalogue
01/07/2023,Sweden,60.1,18.6,7,Production country appearances in KVIFF catalogue
01/07/2023,Switzerland,46.8,8.2,11,Production country appearances in KVIFF catalogue
01/07/2023,Taiwan,23.7,121,1,Production country appearances in KVIFF catalogue
01/07/2023,Turkey,39,35.2,2,Production country appearances in KVIFF catalogue
01/07/2023,Ukraine,48.4,31.2,2,Production country appearances in KVIFF catalogue
01/07/2023,United Kingdom,55.4,-3.4,10,Production country appearances in KVIFF catalogue
01/07/2023,USA,39.8,-98.6,18,Production country appearances in KVIFF catalogue
01/07/2023,Vietnam,14.1,108.3,1,Production country appearances in KVIFF catalogue
01/07/2024,Argentina,-38.4,-63.6,3,Production country appearances in KVIFF catalogue
01/07/2024,Australia,-25.3,133.8,1,Production country appearances in KVIFF catalogue
01/07/2024,Austria,47.5,14.5,8,Production country appearances in KVIFF catalogue
01/07/2024,Belgium,50.5,4.5,6,Production country appearances in KVIFF catalogue
01/07/2024,Brazil,-14.2,-51.9,1,Production country appearances in KVIFF catalogue
01/07/2024,Bulgaria,42.7,25.5,1,Production country appearances in KVIFF catalogue
01/07/2024,Canada,56.1,-106.3,7,Production country appearances in KVIFF catalogue
01/07/2024,Chile,-35.7,-71.5,1,Production country appearances in KVIFF catalogue
01/07/2024,China,35.9,104.2,3,Production country appearances in KVIFF catalogue
01/07/2024,Croatia,45.1,15.2,4,Production country appearances in KVIFF catalogue
01/07/2024,Czech Republic,49.8,15.5,21,Production country appearances in KVIFF catalogue
01/07/2024,Czechoslovakia,49.8,15,4,Production country appearances in KVIFF catalogue
01/07/2024,Denmark,56.3,9.5,6,Production country appearances in KVIFF catalogue
01/07/2024,Dominican Republic,18.7,-70.2,1,Production country appearances in KVIFF catalogue
01/07/2024,Finland,61.9,25.7,2,Production country appearances in KVIFF catalogue
01/07/2024,France,46.2,2.2,54,Production country appearances in KVIFF catalogue
01/07/2024,Georgia,42.3,43.4,2,Production country appearances in KVIFF catalogue
01/07/2024,Germany,51.2,10.4,27,Production country appearances in KVIFF catalogue
01/07/2024,Hong Kong,22.3,114.2,1,Production country appearances in KVIFF catalogue
01/07/2024,Hungary,47.2,19.5,1,Production country appearances in KVIFF catalogue
01/07/2024,Iceland,64.9,-18.6,1,Production country appearances in KVIFF catalogue
01/07/2024,India,20.6,78.9,5,Production country appearances in KVIFF catalogue
01/07/2024,Indonesia,-0.8,113.9,1,Production country appearances in KVIFF catalogue
01/07/2024,Iran,32.4,53.7,2,Production country appearances in KVIFF catalogue
01/07/2024,Ireland,53.4,-8.2,3,Production country appearances in KVIFF catalogue
01/07/2024,Israel,31,35,1,Production country appearances in KVIFF catalogue
01/07/2024,Italy,41.9,12.6,14,Production country appearances in KVIFF catalogue
01/07/2024,Japan,36.2,138.3,6,Production country appearances in KVIFF catalogue
01/07/2024,Kazakhstan,48,66.9,1,Production country appearances in KVIFF catalogue
01/07/2024,Kosovo,42.6,20.9,1,Production country appearances in KVIFF catalogue
01/07/2024,Lebanon,33.9,35.9,1,Production country appearances in KVIFF catalogue
01/07/2024,Luxembourg,49.8,6.1,1,Production country appearances in KVIFF catalogue
01/07/2024,Mexico,23.6,-102.5,4,Production country appearances in KVIFF catalogue
01/07/2024,Moldova,47.4,28.4,1,Production country appearances in KVIFF catalogue
01/07/2024,Morocco,31.8,-7.1,1,Production country appearances in KVIFF catalogue
01/07/2024,Namibia,-22.9,18.5,1,Production country appearances in KVIFF catalogue
01/07/2024,Nepal,28.4,84.1,1,Production country appearances in KVIFF catalogue
01/07/2024,Netherlands,52.1,5.3,10,Production country appearances in KVIFF catalogue
01/07/2024,North Macedonia,41.6,21.7,1,Production country appearances in KVIFF catalogue
01/07/2024,Norway,60.5,8.5,6,Production country appearances in KVIFF catalogue
01/07/2024,Palestine,31.9,35.2,3,Production country appearances in KVIFF catalogue
01/07/2024,Peru,-9.2,-75,1,Production country appearances in KVIFF catalogue
01/07/2024,Philippines,12.9,122,2,Production country appearances in KVIFF catalogue
01/07/2024,Poland,52,19.1,4,Production country appearances in KVIFF catalogue
01/07/2024,Portugal,39.4,-8.2,2,Production country appearances in KVIFF catalogue
01/07/2024,Qatar,25.4,51.2,5,Production country appearances in KVIFF catalogue
01/07/2024,Romania,45.9,24.9,4,Production country appearances in KVIFF catalogue
01/07/2024,Saudi Arabia,23.9,45.1,1,Production country appearances in KVIFF catalogue
01/07/2024,Senegal,14.5,-14.5,1,Production country appearances in KVIFF catalogue
01/07/2024,Serbia,44,20.9,1,Production country appearances in KVIFF catalogue
01/07/2024,Singapore,1.35,103.8,2,Production country appearances in KVIFF catalogue
01/07/2024,Slovak Republic,48.7,19.7,13,Production country appearances in KVIFF catalogue
01/07/2024,Slovenia,46.2,14.9,1,Production country appearances in KVIFF catalogue
01/07/2024,Somalia,5.2,46.2,1,Production country appearances in KVIFF catalogue
01/07/2024,South Korea,36.5,127.8,4,Production country appearances in KVIFF catalogue
01/07/2024,Spain,40.5,-3.7,6,Production country appearances in KVIFF catalogue
01/07/2024,Sweden,60.1,18.6,6,Production country appearances in KVIFF catalogue
01/07/2024,Switzerland,46.8,8.2,4,Production country appearances in KVIFF catalogue
01/07/2024,Taiwan,23.7,121,4,Production country appearances in KVIFF catalogue
01/07/2024,Tunisia,33.9,9.5,1,Production country appearances in KVIFF catalogue
01/07/2024,Turkey,39,35.2,3,Production country appearances in KVIFF catalogue
01/07/2024,Ukraine,48.4,31.2,2,Production country appearances in KVIFF catalogue
01/07/2024,United Kingdom,55.4,-3.4,14,Production country appearances in KVIFF catalogue
01/07/2024,USA,39.8,-98.6,38,Production country appearances in KVIFF catalogue
01/07/2024,Vietnam,14.1,108.3,1,Production country appearances in KVIFF catalogue
01/07/2024,Zambia,-13.1,27.8,1,Production country appearances in KVIFF catalogue
01/07/2025,Argentina,-38.4,-63.6,1,Production country appearances in KVIFF catalogue
01/07/2025,Armenia,40.1,45,1,Production country appearances in KVIFF catalogue
01/07/2025,Australia,-25.3,133.8,3,Production country appearances in KVIFF catalogue
01/07/2025,Austria,47.5,14.5,3,Production country appearances in KVIFF catalogue
01/07/2025,Bangladesh,23.7,90.4,1,Production country appearances in KVIFF catalogue
01/07/2025,Belgium,50.5,4.5,10,Production country appearances in KVIFF catalogue
01/07/2025,Bolivia,-16.3,-63.6,1,Production country appearances in KVIFF catalogue
01/07/2025,Bosnia and Herzegovina,43.9,17.7,1,Production country appearances in KVIFF catalogue
01/07/2025,Brazil,-14.2,-51.9,3,Production country appearances in KVIFF catalogue
01/07/2025,Bulgaria,42.7,25.5,2,Production country appearances in KVIFF catalogue
01/07/2025,Canada,56.1,-106.3,6,Production country appearances in KVIFF catalogue
01/07/2025,Chile,-35.7,-71.5,2,Production country appearances in KVIFF catalogue
01/07/2025,China,35.9,104.2,2,Production country appearances in KVIFF catalogue
01/07/2025,Colombia,4.6,-74.3,2,Production country appearances in KVIFF catalogue
01/07/2025,Croatia,45.1,15.2,4,Production country appearances in KVIFF catalogue
01/07/2025,Cyprus,35.1,33.4,2,Production country appearances in KVIFF catalogue
01/07/2025,Czech Republic,49.8,15.5,25,Production country appearances in KVIFF catalogue
01/07/2025,Czechoslovakia,49.8,15,3,Production country appearances in KVIFF catalogue
01/07/2025,Denmark,56.3,9.5,4,Production country appearances in KVIFF catalogue
01/07/2025,Finland,61.9,25.7,1,Production country appearances in KVIFF catalogue
01/07/2025,France,46.2,2.2,30,Production country appearances in KVIFF catalogue
01/07/2025,Georgia,42.3,43.4,1,Production country appearances in KVIFF catalogue
01/07/2025,Germany,51.2,10.4,15,Production country appearances in KVIFF catalogue
01/07/2025,Greece,39.1,21.8,3,Production country appearances in KVIFF catalogue
01/07/2025,Hong Kong,22.3,114.2,2,Production country appearances in KVIFF catalogue
01/07/2025,Hungary,47.2,19.5,2,Production country appearances in KVIFF catalogue
01/07/2025,Iceland,64.9,-18.6,1,Production country appearances in KVIFF catalogue
01/07/2025,Indonesia,-0.8,113.9,1,Production country appearances in KVIFF catalogue
01/07/2025,Iran,32.4,53.7,5,Production country appearances in KVIFF catalogue
01/07/2025,Ireland,53.4,-8.2,4,Production country appearances in KVIFF catalogue
01/07/2025,Israel,31,35,2,Production country appearances in KVIFF catalogue
01/07/2025,Italy,41.9,12.6,10,Production country appearances in KVIFF catalogue
01/07/2025,Japan,36.2,138.3,2,Production country appearances in KVIFF catalogue
01/07/2025,Jordan,30.6,36.2,1,Production country appearances in KVIFF catalogue
01/07/2025,Kazakhstan,48,66.9,1,Production country appearances in KVIFF catalogue
01/07/2025,Latvia,56.9,24.6,2,Production country appearances in KVIFF catalogue
01/07/2025,Lebanon,33.9,35.9,1,Production country appearances in KVIFF catalogue
01/07/2025,Lithuania,55.2,23.9,5,Production country appearances in KVIFF catalogue
01/07/2025,Luxembourg,49.8,6.1,3,Production country appearances in KVIFF catalogue
01/07/2025,Mexico,23.6,-102.5,3,Production country appearances in KVIFF catalogue
01/07/2025,Myanmar,21.9,95.9,1,Production country appearances in KVIFF catalogue
01/07/2025,Netherlands,52.1,5.3,6,Production country appearances in KVIFF catalogue
01/07/2025,Nigeria,9.1,8.7,1,Production country appearances in KVIFF catalogue
01/07/2025,Norway,60.5,8.5,4,Production country appearances in KVIFF catalogue
01/07/2025,Palestine,31.9,35.2,3,Production country appearances in KVIFF catalogue
01/07/2025,Peru,-9.2,-75,1,Production country appearances in KVIFF catalogue
01/07/2025,Philippines,12.9,122,1,Production country appearances in KVIFF catalogue
01/07/2025,Poland,52,19.1,4,Production country appearances in KVIFF catalogue
01/07/2025,Portugal,39.4,-8.2,4,Production country appearances in KVIFF catalogue
01/07/2025,Qatar,25.4,51.2,2,Production country appearances in KVIFF catalogue
01/07/2025,Romania,45.9,24.9,3,Production country appearances in KVIFF catalogue
01/07/2025,Saudi Arabia,23.9,45.1,1,Production country appearances in KVIFF catalogue
01/07/2025,Serbia,44,20.9,4,Production country appearances in KVIFF catalogue
01/07/2025,Singapore,1.35,103.8,1,Production country appearances in KVIFF catalogue
01/07/2025,Slovak Republic,48.7,19.7,14,Production country appearances in KVIFF catalogue
01/07/2025,Slovenia,46.2,14.9,5,Production country appearances in KVIFF catalogue
01/07/2025,South Korea,36.5,127.8,1,Production country appearances in KVIFF catalogue
01/07/2025,Spain,40.5,-3.7,9,Production country appearances in KVIFF catalogue
01/07/2025,Sweden,60.1,18.6,2,Production country appearances in KVIFF catalogue
01/07/2025,Switzerland,46.8,8.2,4,Production country appearances in KVIFF catalogue
01/07/2025,Syria,34.8,38.9,1,Production country appearances in KVIFF catalogue
01/07/2025,Taiwan,23.7,121,1,Production country appearances in KVIFF catalogue
01/07/2025,Thailand,15.9,101,1,Production country appearances in KVIFF catalogue
01/07/2025,Tunisia,33.9,9.5,1,Production country appearances in KVIFF catalogue
01/07/2025,Turkey,39,35.2,2,Production country appearances in KVIFF catalogue
01/07/2025,Ukraine,48.4,31.2,4,Production country appearances in KVIFF catalogue
01/07/2025,United Kingdom,55.4,-3.4,14,Production country appearances in KVIFF catalogue
01/07/2025,USA,39.8,-98.6,39,Production country appearances in KVIFF catalogue
01/07/2026,Albania,41.2,20.2,1,Production country appearances in KVIFF catalogue
01/07/2026,Argentina,-38.4,-63.6,6,Production country appearances in KVIFF catalogue
01/07/2026,Australia,-25.3,133.8,1,Production country appearances in KVIFF catalogue
01/07/2026,Austria,47.5,14.5,8,Production country appearances in KVIFF catalogue
01/07/2026,Belgium,50.5,4.5,14,Production country appearances in KVIFF catalogue
01/07/2026,Brazil,-14.2,-51.9,4,Production country appearances in KVIFF catalogue
01/07/2026,Bulgaria,42.7,25.5,4,Production country appearances in KVIFF catalogue
01/07/2026,Canada,56.1,-106.3,4,Production country appearances in KVIFF catalogue
01/07/2026,Chile,-35.7,-71.5,4,Production country appearances in KVIFF catalogue
01/07/2026,China,35.9,104.2,1,Production country appearances in KVIFF catalogue
01/07/2026,Colombia,4.6,-74.3,2,Production country appearances in KVIFF catalogue
01/07/2026,Croatia,45.1,15.2,3,Production country appearances in KVIFF catalogue
01/07/2026,Cyprus,35.1,33.4,3,Production country appearances in KVIFF catalogue
01/07/2026,Czech Republic,49.8,15.5,28,Production country appearances in KVIFF catalogue
01/07/2026,Czechoslovakia,49.8,15,3,Production country appearances in KVIFF catalogue
01/07/2026,Denmark,56.3,9.5,4,Production country appearances in KVIFF catalogue
01/07/2026,Estonia,58.6,25,1,Production country appearances in KVIFF catalogue
01/07/2026,Finland,61.9,25.7,2,Production country appearances in KVIFF catalogue
01/07/2026,France,46.2,2.2,36,Production country appearances in KVIFF catalogue
01/07/2026,Gabon,-0.8,11.6,1,Production country appearances in KVIFF catalogue
01/07/2026,Germany,51.2,10.4,24,Production country appearances in KVIFF catalogue
01/07/2026,Greece,39.1,21.8,5,Production country appearances in KVIFF catalogue
01/07/2026,Guinea-Bissau,11.8,-15.2,1,Production country appearances in KVIFF catalogue
01/07/2026,Hungary,47.2,19.5,3,Production country appearances in KVIFF catalogue
01/07/2026,India,20.6,78.9,3,Production country appearances in KVIFF catalogue
01/07/2026,Indonesia,-0.8,113.9,1,Production country appearances in KVIFF catalogue
01/07/2026,Iran,32.4,53.7,2,Production country appearances in KVIFF catalogue
01/07/2026,Ireland,53.4,-8.2,3,Production country appearances in KVIFF catalogue
01/07/2026,Italy,41.9,12.6,11,Production country appearances in KVIFF catalogue
01/07/2026,Ivory Coast,7.5,-5.6,1,Production country appearances in KVIFF catalogue
01/07/2026,Japan,36.2,138.3,5,Production country appearances in KVIFF catalogue
01/07/2026,Jordan,30.6,36.2,1,Production country appearances in KVIFF catalogue
01/07/2026,Kosovo,42.6,20.9,1,Production country appearances in KVIFF catalogue
01/07/2026,Latvia,56.9,24.6,3,Production country appearances in KVIFF catalogue
01/07/2026,Lebanon,33.9,35.9,3,Production country appearances in KVIFF catalogue
01/07/2026,Lithuania,55.2,23.9,5,Production country appearances in KVIFF catalogue
01/07/2026,Luxembourg,49.8,6.1,5,Production country appearances in KVIFF catalogue
01/07/2026,Mexico,23.6,-102.5,6,Production country appearances in KVIFF catalogue
01/07/2026,Myanmar,21.9,95.9,1,Production country appearances in KVIFF catalogue
01/07/2026,Nepal,28.4,84.1,2,Production country appearances in KVIFF catalogue
01/07/2026,Netherlands,52.1,5.3,8,Production country appearances in KVIFF catalogue
01/07/2026,North Macedonia,41.6,21.7,2,Production country appearances in KVIFF catalogue
01/07/2026,Norway,60.5,8.5,6,Production country appearances in KVIFF catalogue
01/07/2026,Palestine,31.9,35.2,1,Production country appearances in KVIFF catalogue
01/07/2026,Philippines,12.9,122,1,Production country appearances in KVIFF catalogue
01/07/2026,Poland,52,19.1,7,Production country appearances in KVIFF catalogue
01/07/2026,Qatar,25.4,51.2,3,Production country appearances in KVIFF catalogue
01/07/2026,Romania,45.9,24.9,3,Production country appearances in KVIFF catalogue
01/07/2026,Rwanda,-1.9,29.9,1,Production country appearances in KVIFF catalogue
01/07/2026,Saudi Arabia,23.9,45.1,4,Production country appearances in KVIFF catalogue
01/07/2026,Senegal,14.5,-14.5,1,Production country appearances in KVIFF catalogue
01/07/2026,Serbia,44,20.9,2,Production country appearances in KVIFF catalogue
01/07/2026,Singapore,1.35,103.8,1,Production country appearances in KVIFF catalogue
01/07/2026,Slovak Republic,48.7,19.7,10,Production country appearances in KVIFF catalogue
01/07/2026,Slovenia,46.2,14.9,3,Production country appearances in KVIFF catalogue
01/07/2026,South Korea,36.5,127.8,2,Production country appearances in KVIFF catalogue
01/07/2026,Spain,40.5,-3.7,13,Production country appearances in KVIFF catalogue
01/07/2026,Sweden,60.1,18.6,3,Production country appearances in KVIFF catalogue
01/07/2026,Switzerland,46.8,8.2,4,Production country appearances in KVIFF catalogue
01/07/2026,Turkey,39,35.2,1,Production country appearances in KVIFF catalogue
01/07/2026,Ukraine,48.4,31.2,1,Production country appearances in KVIFF catalogue
01/07/2026,United Kingdom,55.4,-3.4,21,Production country appearances in KVIFF catalogue
01/07/2026,Uruguay,-32.5,-55.8,1,Production country appearances in KVIFF catalogue
01/07/2026,USA,39.8,-98.6,29,Production country appearances in KVIFF catalogue
01/07/2026,Yemen,15.6,48.5,1,Production country appearances in KVIFF catalogue