kod_obce,nazev,obyvatele,v6112,v6171,vydaje_celkem,vydaje_nekonsolid,v6112_platy,ico,orp,pou,praha
500011,Želechovice nad Dřevnicí,1859,2324001.44,4241102.12,64578152.4,71038152.4,2288058.44,75158094,False,False,False
500020,Petrov nad Desnou,1237,2142268.83,4689496.75,39632281.9,39632281.9,2138518.83,72054433,False,False,False
500046,Libhošť,1756,2689497.0,5003134.17,46909255.23,128711709.19,2688804.0,72086718,False,False,False
500062,Krhová,2161,2902822.0,7070710.05,58644153.17,186040363.27,2902822.0,01265750,False,False,False
500071,Poličná,1769,2854126.6,4264172.49,48362598.69,70920598.69,2819690.0,01265741,False,False,False
500101,Bražec,263,1744913.0,1435687.77,11635313.15,17307313.15,1744913.0,04498682,False,False,False
500127,Doupovské Hradiště,163,1827953.9,3595563.88,21914154.3,23614154.3,1518907.0,04498691,False,False,False
500135,Kozlov,266,1221490.24,1370013.89,29757576.67,52465576.67,1200700.24,04521811,False,False,False
500151,Luboměř pod Strážnou,116,398676.0,1162307.56,7773229.7,8312444.7,398676.0,04498712,False,False,False
500160,Město Libavá,560,2202214.5,9306233.91,61691197.98,99464545.48,2172783.5,04498704,False,False,False
500194,Polná na Šumavě,203,758808.12,1667064.54,15391648.14,26034648.14,758568.12,04498356,False,False,False
500259,Veřovice,1978,3351039.0,3850406.42,64891952.63,144791482.79,3248504.0,00298531,False,False,False
500291,Vřesina,2820,2388516.0,6849942.91,85581937.39,104741337.39,2388516.0,00298581,False,False,False
500496,Olomouc,103063,23789818.61,751693668.8,3835206255.91,9642891840.1,21694774.0,00299308,True,True,False
500526,Bělkovice-Lašťany,2302,2400986.06,5203609.45,79232796.78,164775642.78,2230073.37,00298654,False,False,False
500623,Bílá Lhota,1166,1532851.0,5488014.91,47416879.86,54024879.86,1518153.0,00298662,False,False,False
500801,Blatec,655,1775258.8,1441472.27,15340237.28,15340237.28,1729188.0,00635367,False,False,False
500852,Bohuňovice,2534,3021103.0,5870480.01,190057493.31,467010680.31,2951612.0,00298697,False,False,False
500861,Bouzov,1526,1719414.0,5870079.65,96722440.16,108133149.66,1719414.0,00298719,False,False,False
500879,Bystročice,863,1273298.0,3478047.48,16091777.55,22466777.55,1273298.0,00298735,False,False,False
501476,Dlouhá Loučka,1974,1896260.0,7881887.85,48960865.89,91662565.89,1890260.0,00298794,False,False,False
501646,Dolany,2961,2602000.0,14106217.89,177549236.57,340152340.57,2590000.0,00298808,False,False,False
501751,Drahanovice,1810,3088988.02,6712872.37,50003737.15,67997635.78,3000614.02,00298841,False,False,False
501794,Dub nad Moravou,1632,1783622.88,3565047.61,69417658.2,80927658.2,1744240.0,00298867,False,False,False
501841,Grygov,1548,3356514.94,2620558.15,37807464.21,38172500.21,3314585.94,00298875,False,False,False
502146,Hlubočky,4207,4375987.4,28352244.38,155833019.32,173641119.32,3967228.63,00298891,False,True,False
502235,Hněvotín,1903,2171220.2,7484153.45,100844829.9,108681829.9,2171220.2,00298913,False,False,False
502405,Hnojice,646,1510387.0,1857346.01,17939301.21,22082501.21,1478656.0,00298921,False,False,False
502545,Horka nad Moravou,2679,2105084.0,6252080.57,110649324.77,206748339.77,2105084.0,00298948,False,False,False
502839,Cholina,719,1522834.0,4221156.52,18444920.43,19294920.43,1517959.0,00299006,False,False,False
503142,Jívová,632,1158695.0,3152827.3,19027322.61,19027322.61,1157597.0,00299031,False,False,False
503304,Kožušany-Tážaly,870,1395959.0,2814231.02,27861951.11,53194280.11,1383619.0,00299065,False,False,False
503410,Žitovlice,211,824773.0,1353259.49,3863427.17,6912427.17,824773.0,00240001,False,False,False
503444,Litovel,9510,5113748.84,86482218.82,512275994.77,1115173507.42,4689043.0,00299138,True,True,False
503622,Luká,888,1590656.0,4550001.27,41528866.57,53440866.57,1471248.0,00299171,False,False,False
503657,Lutín,3132,3782951.06,15386236.86,107256349.75,171956349.75,3561471.0,00299189,False,False,False
503738,Majetín,1188,2095830.53,6369054.24,27226873.1,46713420.83,2092110.53,00299197,False,False,False
503916,Kostelec,619,1979337.0,5005370.86,76046470.12,99431007.22,1957265.0,00479292,False,False,False
504246,Mladeč,721,1412080.0,2463501.24,21021162.75,25321162.75,1359716.0,00299219,False,False,False
504301,Dřenice,415,908592.0,834408.68,5705665.11,5976665.11,908592.0,00485063,False,False,False
504441,Náklo,1497,2534320.0,8263337.4,56786871.46,58069898.46,2514344.0,00299251,False,False,False
504505,Náměšť na Hané,2210,2288606.87,8686904.89,64164869.69,71608867.69,2235234.18,00299260,False,False,False
504785,Paseka,1277,1867866.79,4475122.37,40141176.49,130123411.49,1815144.39,00299316,False,False,False
504807,Lány,299,789984.0,1291700.95,7586511.85,8766511.85,789984.0,00484768,False,False,False
504921,Třibřichy,276,1009050.0,1180516.28,5614324.74,5845324.74,1009050.0,00485365,False,False,False
504955,Dvakačovice,210,588600.0,508037.77,4259236.85,4475236.85,588600.0,00484466,False,False,False
505005,Bítovany,441,1558594.55,865915.33,55725802.94,71825802.94,1543069.0,00485667,False,False,False
505013,Příkazy,1316,2162104.0,15161822.49,35657553.89,59498553.89,2162104.0,00228711,False,False,False
505030,Dolní Bezděkov,282,777480.0,638917.48,3818489.67,3818489.67,777480.0,00483575,False,False,False
505081,Senice na Hané,1757,2020735.0,8748434.32,77552646.54,135744204.54,2017235.0,00299421,False,False,False
505099,Červená Hora,190,787557.0,1713421.39,3934438.48,3934438.48,787557.0,00486299,False,False,False
505111,Slatinice,1578,2867615.0,9315606.14,64974536.8,78661187.8,2801396.0,00299456,False,False,False
505145,Březová nad Svitavou,1569,2780382.06,6359606.52,56254437.52,76302005.52,2682199.3,00483869,False,False,False
505161,Štěpánov,3555,2591555.73,15880271.54,126066134.11,254973126.11,2260404.0,00299511,False,False,False
505188,Šternberk,13239,7914725.0,102283440.74,565405975.81,1517589899.96,7791166.0,00299529,True,True,False
505218,Šumvald,1666,1560373.0,3491903.53,55464159.71,248067640.51,1552237.0,00299537,False,False,False
505269,Těšetice,1350,1491310.0,4733742.48,38702992.21,52192992.21,1491310.0,00299545,False,False,False
505293,Troubelice,1843,2127701.55,7668173.31,54345629.97,65084498.22,2095395.55,00299570,False,False,False
505366,Tršice,1885,1516862.0,6789109.36,54571749.8,54571749.8,1516862.0,00299588,False,False,False
505391,Bělá u Jevíčka,352,1247870.8,1096338.44,8675911.05,22384794.05,1213292.0,00484164,False,False,False
505501,Újezd,1509,2412410.0,5242984.79,46741173.76,50141173.76,2383807.0,00299618,False,False,False
505528,Jenčice,343,768924.0,2257017.4,7845725.79,8425725.79,768924.0,00481670,False,False,False
505587,Uničov,11237,6586812.0,90897399.95,487664131.9,656578906.9,6484828.0,00299634,True,True,False
505609,Velká Bystřice,3779,3068899.0,15956465.25,173322955.95,317243095.95,2990123.0,00299651,False,False,False
505650,Velký Týnec,3205,4372894.92,25689004.44,120388792.46,143292068.25,4372894.92,00299669,False,False,False
505668,Velký Újezd,1415,1950580.98,4774133.86,90920545.38,124100545.38,1915010.06,00299677,False,False,False
505781,Zápy,947,1324857.0,3172208.52,30203131.93,30203131.93,1323797.0,00472051,False,False,False
505862,Žerotín,456,1341938.68,2961235.5,20162434.69,20162434.69,1316569.68,00299758,False,False,False
505927,Opava,55109,26855931.79,293218629.48,2232975917.15,5401576481.26,24487183.39,00300535,True,True,False
506192,Bohuslavice,1786,2730295.48,6175190.31,67157723.89,81429383.89,2705887.48,00299839,False,False,False
506214,Bolatice,4530,4212873.68,11740234.11,148817592.72,149082086.15,4118336.0,00299847,False,False,False
506320,Brumovice,1542,2410264.0,3336511.14,50559115.18,61590373.18,2375734.0,00299871,False,False,False
506451,Březová,1426,932386.0,11423025.18,86878125.3,136689532.3,932386.0,00299880,False,False,False
506460,Budišov nad Budišovkou,2801,2568047.0,17214227.05,113893254.44,222125704.44,2568047.0,00299898,False,False,False
506486,Boží Dar,255,1844001.0,5002518.92,36177549.07,36177549.07,1832126.0,00479705,False,False,False
506494,Nové Hamry,347,1080152.0,3257099.23,14414836.2,22520836.2,1080152.0,00479080,False,False,False
506621,Čichalov,164,993797.0,3655465.21,11213157.57,16154180.57,993797.0,00480304,False,False,False
506664,Skořice,279,1029016.53,698633.22,13298652.54,14133652.54,1018246.0,00480011,False,False,False
506699,Otmarov,398,1282879.05,2130266.92,6299963.14,6691963.14,1281234.05,00488259,False,False,False
506702,Dolní Benešov,3869,3391168.06,15683663.2,173771095.97,269211295.97,2681049.0,00299979,False,False,False
506711,Dolní Lhota,1535,2084627.0,5693134.57,40426260.23,40958547.23,2084627.0,00535133,False,False,False
506729,Dvorce,209,477231.0,462134.6,4697706.77,4697706.77,468900.0,00373672,False,False,False
506737,Chvalčov,1610,3062822.61,5157686.41,52346687.21,60643370.21,3040724.61,00488895,False,False,False
506753,Háj ve Slezsku,3239,3887611.16,13332071.41,171031480.07,273750851.46,3801991.0,00300021,False,False,False
506761,Alojzov,251,957945.0,1747237.84,21704102.08,21800102.08,957945.0,00488542,False,False,False
506770,Seloutky,536,1507570.0,2582091.86,23762435.79,23762435.79,1497920.0,00488551,False,False,False
507016,Hlučín,13352,4669790.0,114381153.14,482173453.68,1144805871.54,4579770.0,00300063,True,True,False
507091,Nýdek,2060,3246794.64,10602559.34,58405482.56,119005506.0,3196919.0,00492868,False,False,False
507105,Hněvošice,1002,1638437.81,7209241.07,29928936.82,30492936.82,1574444.0,00300071,False,False,False
507113,Holasovice,1374,1905573.78,5893409.85,78182211.96,118479579.33,1859549.0,00300080,False,False,False
507181,Pržno,1081,2950372.0,2654997.67,49647349.22,54979349.22,2950372.0,00494216,False,False,False
507237,Komorní Lhotka,1515,2128718.0,4707671.24,34757854.4,46133060.53,2054771.0,00494232,False,False,False
507261,Hrabyně,1098,1721046.23,4074547.76,32879192.63,43553700.63,1704046.23,00300136,False,False,False
507270,Hradec nad Moravicí,5459,4280188.0,35504231.44,149064514.51,231761748.87,4264147.0,00300144,False,False,False
507334,Chuchelná,1276,1863236.0,3778728.22,43911693.36,51991693.36,1863236.0,00300161,False,False,False
507377,Jakartovice,1052,2707376.0,7304588.38,100852607.23,131563159.46,2664056.0,00300187,False,False,False
507423,Janovice,2010,2739805.64,6189375.83,153050147.91,203050147.91,2694056.0,00493619,False,False,False
507458,Košařiska,368,1612006.0,1896552.51,9688110.11,10138110.11,1556966.0,00491845,False,False,False
507504,Kobeřice,3197,3669870.36,9325655.66,142566412.81,288573068.53,3493752.62,00300241,False,False,False
507547,Milíkov,1325,1924293.24,2655397.51,32432667.59,32619757.16,1851444.0,00492621,False,False,False
507580,Kravaře,6689,3704869.69,82945589.92,295729701.89,613929701.89,3607075.69,00300292,True,True,False
507610,Doňov,74,662232.0,355857.37,2177924.38,2177924.38,662232.0,00476722,False,False,False
507628,Pleše,182,320180.0,1023000.55,5088202.72,10088202.72,320180.0,00512702,False,False,False
507644,Újezdec,69,327488.0,273237.97,1206404.48,1216404.48,327488.0,00512745,False,False,False
507652,Višňová,99,696308.54,489728.84,2101004.73,2771004.73,693902.54,00512753,False,False,False
507695,Záhoří,111,460054.8,261458.98,3171660.05,3261660.05,458856.0,00512770,False,False,False
507717,Peč,465,1807241.0,1497506.58,11575306.72,23575306.72,1807241.0,00477320,False,False,False
507733,Březina,128,547063.0,2851755.46,5540223.57,6713702.34,535135.0,00476421,False,False,False
507784,Ratiboř,206,782808.0,776655.46,4195932.22,4418732.22,782808.0,00512711,False,False,False
507920,Litultovice,924,1787542.97,4784610.22,26268466.1,29047310.1,1717919.0,00300381,False,False,False
507971,Ludgeřovice,4989,3265326.85,14063293.25,142252788.06,175486102.06,2964615.0,00300390,False,False,False
508004,Roseč,221,575520.0,508990.33,8335760.07,10355760.07,575520.0,00512729,False,False,False
508128,Markvartovice,2211,2973389.0,6894494.2,110053213.62,169718213.62,2946529.0,00300411,False,False,False
508144,Melč,662,1919201.0,4886183.64,40191682.09,48440945.5,1843963.0,00300420,False,False,False
508152,Střížovice,563,981861.0,5723789.72,22331757.1,24684707.1,950661.0,00512737,False,False,False
508357,Kostelní Vydří,156,913446.0,613811.11,6127330.47,12422330.47,904848.0,00477303,False,False,False
508373,Mokré Lazce,1167,1683349.0,7526995.31,23418968.54,28030220.18,1683349.0,00300462,False,False,False
508501,Lužnice,429,916670.0,1541465.45,32201859.34,37298522.34,775306.0,00477311,False,False,False
508683,Záblatí,102,357644.0,248722.17,4217261.45,5217261.45,348606.0,00512761,False,False,False
509078,Plavsko,480,1419209.98,1298692.69,13495954.17,24122487.17,1380809.0,00512699,False,False,False
509108,Kostelní Radouň,304,329547.0,981821.67,6920246.25,10420246.25,329547.0,00477028,False,False,False
509116,Červený Hrádek,196,963877.0,857520.42,8751120.91,10179120.91,932674.0,00476714,False,False,False
509141,Dvory nad Lužnicí,388,684860.0,1436166.4,12448976.21,19131376.21,684860.0,00477001,False,False,False
509191,Cep,199,994363.0,1007992.43,11172491.01,23880491.01,994363.0,00476706,False,False,False
509388,Arneštovice,85,307310.0,1208137.39,8279266.89,8689266.89,307310.0,00475858,False,False,False
509418,Bořetín,111,526600.0,631361.43,6709305.19,7637305.19,526600.0,00476439,False,False,False
509574,Oldřišov,1468,1723176.0,6614236.88,41585908.75,42527691.75,1700476.0,00300527,False,False,False
509612,Otice,1500,1919705.0,11725439.22,41041850.91,41041850.91,1763250.0,00300543,False,False,False
509621,Předotice,598,1479960.8,1496577.82,18241262.03,18261262.03,1479960.8,00475289,False,False,False
509647,Píšť,2098,3090026.0,6379599.03,121509530.43,135851830.43,3045457.0,00300560,False,False,False
509736,Pustá Polom,1340,2466008.0,7766075.48,38971211.77,42772743.77,2344121.0,00300608,False,False,False
509752,Křižanov,94,947980.0,683752.58,2598362.48,2598362.48,947980.0,00476188,False,False,False
509841,Raduň,1174,2209839.0,3900535.61,32470555.47,44484555.47,2183380.0,00300624,False,False,False
510068,Čečelovice,192,806528.04,488240.83,8925468.36,12188468.36,806528.04,00475629,False,False,False
510131,Skřipov,1013,2019317.08,5429385.46,33818570.61,37074570.61,2008238.0,00300659,False,False,False
510289,Slavkov,2153,1981403.01,8798778.58,70989221.76,102667185.93,1825666.0,00300667,False,False,False
510297,Služovice,849,1636150.9,5351719.39,36010754.02,36689278.02,1540328.0,00300675,False,False,False
510343,Stěbořice,1438,1848260.0,6265356.28,26857042.75,27309639.6,1826396.0,00300691,False,False,False
510378,Sudice,639,1708927.9,3122591.92,18231434.54,18231434.54,1560552.0,00300713,False,False,False
510432,Šilheřovice,1580,3199391.29,4660301.77,74611399.89,99645907.46,3118590.0,00300730,False,False,False
510483,Štěpánkovice,3160,3134602.5,7329955.23,130460632.38,178552930.38,3029788.0,00300756,False,False,False
510491,Štítina,1282,942934.0,4370027.62,28709859.91,64114308.56,918334.0,00300764,False,False,False
510556,Láz,295,717661.0,437751.37,8006617.79,10351617.79,673735.0,00378011,False,False,False
510645,Kojatín,92,457800.0,541934.81,2266898.2,2266898.2,457800.0,00377716,False,False,False
510882,Velká Polom,2194,3378200.08,10388608.14,63218306.97,188729346.65,3349572.0,00300829,False,False,False
510891,Velké Heraltice,1620,2612055.0,3887863.7,55991522.69,67127561.13,2600982.0,00300837,False,False,False
510939,Velké Hoštice,1829,1759792.0,4548829.95,31703620.82,39585070.82,1759792.0,00300845,False,False,False
510980,Ocmanice,324,678018.93,575564.71,7066301.48,8066301.48,659160.0,00378267,False,False,False
511021,Vítkov,5508,4748286.54,62777425.34,277740552.1,508192808.37,4427766.53,00300870,True,True,False
511081,Sedlec,246,422773.0,742200.35,29055840.51,29125840.51,422773.0,00378585,False,False,False
511161,Vršovice,521,1079645.0,7125856.25,13832850.61,14112750.61,1074304.0,00635588,False,False,False
511242,Vícenice u Náměště nad Oslavou,420,667380.0,640641.98,9049482.42,9159482.42,667380.0,00599174,False,False,False
511307,Rácovice,123,276206.0,342288.92,8475710.48,9535710.48,276206.0,00378518,False,False,False
511382,Přerov,40906,13543531.92,554238855.76,1662627042.71,5261339615.29,11565078.0,00301825,True,True,False
511412,Oslavička,134,384876.8,392159.92,3185798.11,11019798.11,380370.0,00378305,False,False,False
511587,Josefov,421,931728.0,1471390.51,21263349.2,21263349.2,927422.0,00519278,False,False,False
511633,Bocanovice,497,1261589.0,1422081.79,12586028.37,14587028.37,1238085.0,00535931,False,False,False
511935,Bukovec,1375,2489133.38,4708731.99,34354297.96,49268732.96,2320853.0,00535940,False,False,False
511951,Dolní Lomná,911,1484668.0,3896939.53,23463920.08,25322521.08,1484668.0,00535966,False,False,False
511986,Horní Lomná,382,1406095.88,2531177.2,14044643.34,14044643.34,1251885.0,00535974,False,False,False
512028,Písek,1884,2163848.08,3899212.5,71064178.85,73028520.85,2095138.0,00535982,False,False,False
512176,Hrádek,1917,2169954.55,4236203.52,40890263.82,42032772.82,2156007.0,00535958,False,False,False
512184,Metylovice,1790,2416139.72,2842805.5,34892174.11,62548174.11,2384628.0,00535991,False,False,False
512192,Horní Domaslavice,1074,1814928.0,3030445.33,14724052.29,14724052.29,1785663.0,00536008,False,False,False
512231,Bělotín,1854,1617732.0,15846802.49,87073186.88,100237905.71,1617732.0,00301019,False,False,False
512281,Beňov,665,1041737.0,2140516.86,17434914.33,20584914.33,1014125.0,00636126,False,False,False
512401,Bezuchov,186,279644.0,724564.84,4621754.88,4621754.88,279644.0,00636118,False,False,False
512532,Bochoř,994,1657279.0,3652041.16,51945405.85,66004235.28,1657279.0,00301051,False,False,False
512745,Těškovice,821,1748154.0,3555261.58,20809351.75,21012100.52,1725005.0,00535117,False,False,False
512800,Brodek u Přerova,1844,3302770.0,4903916.55,98946052.51,112014066.28,3302770.0,00301078,False,False,False
512826,Buk,372,1304270.0,1838764.02,11310424.56,13710424.56,1304270.0,00636151,False,False,False
512869,Strahovice,891,1239813.0,3087736.48,25948388.43,60048388.43,1239813.0,00534668,False,False,False
512877,Býškovice,373,1210660.3,1632478.32,9243034.45,10093034.45,1103599.0,00636134,False,False,False
512893,Nové Lublice,183,966936.0,2719637.27,7223509.31,8883509.31,966936.0,00534919,False,False,False
512907,Kyjovice,870,1549747.0,3967744.51,26426906.48,34137315.48,1430695.0,00534722,False,False,False
512923,Chlebičov,1188,2041063.63,3688589.79,61431905.65,82959687.54,2011014.0,00533947,False,False,False
512974,Bělá,654,1900823.9,2969579.23,20615838.75,21785838.75,1846622.0,00534650,False,False,False
512982,Citov,533,1356298.0,2286536.66,23709681.7,31399681.7,1292048.0,00301116,False,False,False
512991,Drnek,186,977200.0,997395.45,4483864.92,4823864.92,977200.0,00663972,False,False,False
513032,Kamenný Most,416,1214540.0,1373106.79,11229614.21,11437148.21,1214540.0,00663956,False,False,False
513041,Lhota,661,1286379.28,2059678.51,17068601.93,19622235.93,1286379.28,00663964,False,False,False
513059,Čelechovice,130,380737.0,379880.98,2456685.62,2456685.62,380737.0,00636185,False,False,False
513067,Černotín,796,1472722.0,2417978.21,40001780.32,40041780.32,1436802.0,00301141,False,False,False
513075,Hobšovice,356,926372.0,2432823.57,15620195.97,16770195.97,926372.0,00663948,False,False,False
513105,Dobrčice,232,542831.0,1365593.11,5251098.53,19854098.53,538332.0,00636193,False,False,False
513113,Malé Přítočno,291,564100.0,1050604.28,3477553.97,33577553.97,564100.0,00663999,False,False,False
513130,Dolany,297,956976.17,2676689.66,6025476.29,11005476.29,956976.17,00663981,False,False,False
513148,Polní Voděrady,213,648702.68,987134.57,5198272.53,5455195.52,627840.0,00473740,False,False,False
513164,Ždánice,370,1061507.19,1762401.17,10476660.61,17253788.61,1061507.19,00473791,False,False,False
513181,Dománovice,111,1181868.0,309833.1,2086109.46,2426109.46,1181868.0,00473707,False,False,False
513199,Dolní Újezd,1255,2717704.29,3986013.96,34946722.46,35340722.46,2609020.59,00636223,False,False,False
513202,Zalešany,110,407114.0,839102.39,3256143.56,3899143.56,400690.0,00473774,False,False,False
513211,Domaželice,531,1705660.0,3533054.67,14670537.5,15095537.5,1705660.0,00845132,False,False,False
513229,Dřevohostice,1460,2789688.0,4865895.52,60644288.04,72748398.15,2789688.0,00301213,False,False,False
513237,Polní Chrčice,184,385980.0,1389369.14,3242262.2,8457262.2,385980.0,00473731,False,False,False
513261,Žabonosy,264,686635.0,948555.21,5081685.32,5481685.32,685305.0,00473782,False,False,False
513270,Lipec,186,1263371.0,770300.61,9189568.94,22929568.94,1263371.0,00473715,False,False,False
513288,Mrzky,169,589752.0,1268683.5,4883914.87,4923914.87,589752.0,00473723,False,False,False
513369,Přehvozdí,328,1121666.0,997811.59,11743726.12,11743726.12,1121666.0,00473758,False,False,False
513393,Přistoupim,465,1577807.4,1321876.93,12541972.09,15326432.09,1563425.0,00473766,False,False,False
513415,Kbel,216,418560.0,1328438.27,3981885.0,4681885.0,418560.0,00665118,False,False,False
513423,Pašinka,347,605206.0,2592733.36,10253161.98,12600161.98,594359.0,00639711,False,False,False
513431,Chýnice,436,462160.0,991096.44,17950807.23,17950807.23,462160.0,00473227,False,False,False
513458,Vestec,3195,4731004.0,13548656.17,142785840.85,143070160.85,4731004.0,00507644,False,False,False
513482,Vysoký Újezd,189,1331350.2,1380775.31,4508405.46,4508405.46,1325319.0,00508543,False,False,False
513491,Horní Moštěnice,1676,1949816.0,3827224.02,55973260.42,69603260.42,1949816.0,00301264,False,False,False
513504,Dlouhá Lhota,464,1298053.0,2452614.28,14685079.07,19222079.07,1298053.0,00473804,False,False,False
513512,Zduchovice,316,1083128.67,614599.7,10409450.02,10644450.02,1083128.67,00473910,False,False,False
513521,Lešetice,231,539488.0,3151509.12,5558240.95,5831563.95,539488.0,00473855,False,False,False
513539,Velká Lečice,201,629044.0,1215702.14,20030144.15,63328596.15,629044.0,00473901,False,False,False
513547,Příčovy,353,1161447.78,492102.6,12850632.02,19103532.02,1128070.0,00473880,False,False,False
513555,Kotenčice,218,640768.0,442006.56,10651254.94,10744954.94,640768.0,00473839,False,False,False
513571,Občov,210,665684.0,3314661.73,6616602.62,11499854.86,665684.0,00473863,False,False,False
513580,Hudčice,265,540000.0,916531.0,3645946.6,3980946.6,540000.0,00473812,False,False,False
513628,Klokočná,290,979869.0,1538694.47,7597265.41,8771225.41,979869.0,00472034,False,False,False
513636,Hrabůvka,338,1677751.0,1429845.65,8908411.92,9563911.92,1664273.0,00301299,False,False,False
513644,Zlatá,428,1283222.0,-2408008.87,27333212.84,47440574.38,1283222.0,00472131,False,False,False
513661,Nová Ves,407,1139815.96,1057774.0,7929636.49,8355636.49,1110253.78,00475491,False,False,False
513695,Horní Smržov,127,521501.0,947105.98,4503865.12,4503865.12,519393.0,00532126,False,False,False
513709,Roubanina,121,345686.36,1612981.59,3207815.87,3207815.87,323018.0,00532169,False,False,False
513717,Urbanice,317,712860.0,910519.37,7725825.45,7743825.45,712860.0,00528986,False,False,False
513733,Hradčany,342,1215512.0,4311017.29,19543230.31,51293230.31,1179515.0,00636282,False,False,False
513750,Hranice,17969,6402000.68,137385172.29,653260178.8,2007339941.05,6045296.0,00301311,True,True,False
513768,Hustopeče nad Bečvou,1751,1770010.09,8418677.6,96916348.15,155625058.15,1683038.0,00301329,False,False,False
513873,Jindřichov,495,1304617.0,1097021.37,14079633.99,28255633.99,1304617.0,00301345,False,False,False
513890,Skalka u Doks,179,975629.99,2225700.55,5951995.55,6236945.55,971002.99,00673439,False,False,False
514047,Klokočí,257,689700.0,2187910.04,16950490.72,23970490.72,689700.0,00301361,False,False,False
514055,Kojetín,5748,3609818.0,34209930.43,369657006.99,687903433.14,3584818.0,00301370,False,True,False
514152,Kokory,1087,2700591.0,8331840.72,29785911.26,32998911.26,2700591.0,00301388,False,False,False
514161,Luka,98,770273.01,374325.82,3724051.61,3815926.61,737253.0,00673480,False,False,False
514195,Ždírec,122,625666.0,622301.55,11677941.38,23714759.99,625666.0,00673463,False,False,False
514276,Pertoltice pod Ralskem,436,984016.2,1307894.95,17301359.12,20226359.12,921695.2,00672912,False,False,False
514446,Lazníčky,181,964466.0,732157.61,7961039.59,9171039.59,950771.0,00636321,False,False,False
514471,Lazníky,543,1358180.0,4026400.79,14145136.61,14145136.61,1358180.0,00301451,False,False,False
514497,Lhota,346,997874.0,1418342.62,8362685.52,8819560.52,997874.0,00636347,False,False,False
514527,Lhotka,68,270062.0,165193.2,2744577.84,2744577.84,270062.0,00636339,False,False,False
514705,Lipník nad Bečvou,7955,3775675.9,59192460.7,361816578.43,816086578.43,3731539.0,00301493,True,True,False
514772,Lipová,260,594781.89,862740.76,6500768.76,7183293.76,575520.0,00636363,False,False,False
514802,Líšná,257,790013.0,3933050.82,8888956.99,8898956.99,790013.0,00636355,False,False,False
515191,Lobodice,706,1444243.0,3709878.93,16871677.06,18569477.06,1444243.0,00301523,False,False,False
515329,Malhotice,359,1136573.0,2413497.14,12437573.78,12507573.78,1136573.0,00636371,False,False,False
515418,Milenov,435,1433783.35,1420668.56,11192057.7,20692057.7,1375433.0,00301582,False,False,False
515477,Milotice nad Bečvou,310,1316010.82,2280164.64,10597679.68,10597679.68,1285524.5,00636398,False,False,False
515787,Nelešovice,194,1329892.0,1145160.47,17099866.04,17099866.04,1329892.0,00636410,False,False,False
515825,Oldřichov,110,367758.0,528231.27,3115806.91,3866633.63,367758.0,00636428,False,False,False
516201,Opatovice,804,1492746.6,3730149.37,20418576.88,27973576.88,1472934.0,00301655,False,False,False
516350,Oprostovice,85,395670.0,522440.39,2170978.15,2304178.15,362670.0,00636452,False,False,False
516619,Osek nad Bečvou,1358,2715563.44,6103972.9,64393601.66,184828713.51,2653764.44,00301680,False,False,False
516635,Paršovice,388,1248000.7,1901569.77,10385146.17,10545146.17,1224439.0,00636461,False,False,False
516686,Partutovice,533,1359265.5,1607044.03,14032622.72,17408622.72,1355092.0,00301701,False,False,False
516694,Pavlovice u Přerova,722,1818057.47,7136714.47,47846576.32,85202936.61,1794594.47,00301710,False,False,False
516864,Podolí,198,449398.4,895865.41,3448741.68,3448741.68,447776.0,00636479,False,False,False
516899,Polkovice,503,1217629.33,2690969.83,14705223.19,24640310.9,1217629.33,00301752,False,False,False
516911,Polom,303,974561.14,1691597.21,13266718.43,14511718.43,941832.0,00850675,False,False,False
517101,Potštát,1237,2652096.25,5963634.08,65683343.55,78115355.97,2651180.0,00301795,False,False,False
517151,Prosenice,806,2313096.0,3485717.69,22890920.44,30910920.44,2313096.0,00301809,False,False,False
517208,Provodovice,162,363948.23,535650.25,2949020.17,3257269.17,337464.0,00636487,False,False,False
517224,Přestavlky,248,637650.0,2384014.0,6627158.11,6737258.11,637650.0,00636495,False,False,False
517275,Radíkov,157,983193.0,2004539.62,6700580.87,6816580.87,982006.0,00301841,False,False,False
517321,Radkova Lhota,202,443136.0,763469.28,3374892.47,6132012.47,443136.0,00636509,False,False,False
517437,Radkovy,147,527055.76,1841929.14,3207582.04,3457582.04,500964.0,00636517,False,False,False
517445,Radotín,176,593832.0,631746.34,7995252.94,7995252.94,593832.0,00636525,False,False,False
517534,Radslavice,1128,2133091.0,5670303.89,23492824.01,45207741.01,2116151.0,00301884,False,False,False
517569,Radvanice,274,1064822.0,2007599.61,5519645.1,12893645.1,1064822.0,00636533,False,False,False
517585,Rakov,409,1167027.0,1007190.54,61127444.11,90561592.15,1167027.0,00636541,False,False,False
517607,Rokytnice,1532,2673309.95,16067172.26,73089404.97,114914404.97,2650699.0,00301914,False,False,False
517615,Rouské,270,947979.0,1572847.82,7511461.77,8897181.77,947979.0,00636550,False,False,False
517666,Říkovice,457,1255311.58,890731.84,10976481.03,12624981.03,1241487.0,00636568,False,False,False
517747,Skalička,673,1990548.46,2060883.24,21285165.6,24260716.6,1969240.46,00301949,False,False,False
517836,Sobíšky,152,622360.0,967802.77,5331393.48,7196393.48,622360.0,00636576,False,False,False
517844,Soběchleby,600,1183670.0,1692011.54,55968844.77,108709985.74,1181012.0,00301965,False,False,False
517887,Stará Ves,619,1496492.0,2707940.99,11114870.78,11314870.78,1492586.0,00636584,False,False,False
517909,Střítež nad Ludinou,866,2447907.01,6911017.13,24563105.15,25263905.15,2419012.0,00302023,False,False,False
518026,Sušice,315,647602.0,4326408.8,8918369.7,11708569.7,647602.0,00636606,False,False,False
519031,Teplice nad Bečvou,438,1197848.0,1426949.62,11507336.74,11507336.74,1188369.0,00636622,False,False,False
519146,Tovačov,2467,3147910.0,15716697.09,117468550.9,121337843.9,3126660.0,00302082,False,False,False
519651,Troubky,2009,2794542.0,7744642.8,77801007.43,131847451.43,2781738.0,00302104,False,False,False
520047,Tučín,433,1180496.0,1808893.34,15910553.36,21060553.36,1180496.0,00636631,False,False,False
520306,Ústí,535,1623057.81,2811764.06,19529615.22,35446209.84,1553641.81,00600849,False,False,False
520420,Veselíčko,921,1683693.19,3282992.72,17763265.91,20431049.43,1658255.19,00302198,False,False,False
521531,Všechovice,900,1761821.0,8832464.87,28899390.04,31665390.04,1761821.0,00302228,False,False,False
522775,Zámrsky,228,410243.59,904879.46,10363629.17,13023629.17,402369.0,00600881,False,False,False
523453,Žákovice,245,1101784.0,693832.12,7951052.99,11649082.82,1101784.0,00600890,False,False,False
523640,Želatovice,526,1193292.0,1236747.95,10767731.42,11572731.42,1193292.0,00302287,False,False,False
523704,Šumperk,24735,8508300.99,225758694.48,845472289.07,1994179240.07,8203453.0,00303461,True,True,False
523917,Bělá pod Pradědem,1710,3133622.18,7050618.93,78252823.77,95635617.77,3119680.18,00302333,False,False,False
524891,Bernartice,846,1813939.0,4013386.76,67815656.07,83877762.99,1762935.0,00302325,False,False,False
525227,Bílá Voda,336,1044328.32,1540354.2,20351226.43,20351226.43,992282.0,00302341,False,False,False
525588,Bludov,2996,2215606.67,11109701.16,91285414.06,94040487.06,2191606.67,00302368,False,False,False
525804,Bohdíkov,1258,2334976.0,6715146.58,50252070.08,54503157.76,2334976.0,00302376,False,False,False
525880,Bohuslavice,498,1277333.0,1486732.08,24961362.61,24961362.61,1277333.0,00302384,False,False,False
525979,Bohutín,775,1426282.23,4021813.49,14021492.37,24021492.37,1426282.23,00302392,False,False,False
526169,Branná,284,1006596.0,3273849.81,15120467.75,15542178.75,1006596.0,00302406,False,False,False
526622,Rohozec,315,740637.99,1878592.91,6424283.05,7354446.05,719399.99,00498611,False,False,False
528196,Podveky,210,579462.0,1680931.79,17746161.61,21649099.47,556757.0,00498572,False,False,False
529303,Benešov,17043,8087917.0,155370338.46,739548772.22,1983254574.96,8029972.0,00231401,True,True,False
529451,Bystřice,4698,3830406.92,21778685.71,178420184.83,476991707.93,3824975.92,00231525,False,False,False
529478,Čakov,131,944484.0,129239.94,3535043.87,3535043.87,944484.0,00231541,False,False,False
529486,Čechtice,1430,2826621.0,5534794.29,57417577.24,246725640.11,2826621.0,00231550,False,False,False
529516,Čerčany,3133,2639940.09,11450709.85,211237341.66,407875712.68,2548751.0,00231584,False,False,False
529524,Čejkovice,28,402279.0,314574.11,1056004.74,1081004.74,402279.0,00498602,False,False,False
529532,Červený Újezd,344,889440.0,1315684.98,11019818.62,11449818.62,889440.0,00231606,False,False,False
529541,Český Šternberk,184,1174136.0,782075.27,7160656.17,7560656.17,1174136.0,00231614,False,False,False
529559,Dobrovítov,131,396144.0,1041456.48,6255501.08,7390501.08,396144.0,00498599,False,False,False
529567,Čtyřkoly,800,1185668.0,1403163.66,33988324.32,39788324.32,1185668.0,00508519,False,False,False
529575,Medonosy,154,637855.93,743048.42,5405900.18,5405900.18,622863.0,00498513,False,False,False
529583,Tupadly,155,698003.15,318553.65,3913994.96,3913994.96,672524.0,00498521,False,False,False
529591,Sedlec,259,198797.0,496979.54,5057738.65,5057738.65,198797.0,48679763,False,False,False
529605,Rokytá,374,1089924.0,1532509.35,5087571.37,5813752.37,1089924.0,48679836,False,False,False
529613,Josefův Důl,443,1153763.3,3718669.25,16876630.81,17007630.81,1142998.0,48679861,False,False,False
529621,Divišov,1831,2356232.0,6093566.38,136994603.21,162683683.21,2317152.0,00231690,False,False,False
529630,Kostomlátky,318,1443720.0,1223797.51,9221121.09,14226121.09,1417438.0,48931250,False,False,False
529648,Dolní Kralovice,907,2539169.0,5513413.72,68737270.68,197857980.61,2539169.0,00231711,False,False,False
529656,Pětihosty,287,897127.0,449402.98,5187495.14,5267495.14,864167.0,00876291,False,False,False
529664,Těchařovice,40,391621.0,698443.97,1857785.73,2012785.73,364762.0,00498645,False,False,False
529672,Bezděkov pod Třemšínem,163,408884.0,486021.78,8880996.64,13655996.64,405134.0,00498629,False,False,False
529681,Koupě,119,575720.0,1522468.67,7940348.6,13150348.6,575720.0,00498637,False,False,False
529699,Velká Chmelištná,56,532081.0,771784.83,2148836.08,2448836.08,532081.0,47015951,False,False,False
529702,Heřmaničky,743,1377185.08,1033336.19,20346384.4,22563649.4,1349164.08,00231771,False,False,False
529711,Drahouš,78,1215485.0,1339605.82,7225212.52,8581212.52,1206988.0,47016035,False,False,False
529729,Kvítkovice,137,587683.0,510880.06,11083585.95,14540747.95,578790.0,00581593,False,False,False
529737,Hulice,277,1002251.53,1345543.03,16546485.87,16896485.87,980368.0,00231801,False,False,False
529745,Hvězdonice,343,622078.0,2615571.59,10381690.1,10381690.1,622078.0,00231819,False,False,False
529753,Dívčí Kopy,66,212510.0,193424.96,879109.03,879109.03,212510.0,42409764,False,False,False
529761,Žďár,127,414713.0,900052.14,12493368.57,40595368.57,409108.0,00583952,False,False,False
529770,Chlum,123,482661.0,489475.39,5058754.76,5078754.76,482661.0,00473529,False,False,False
529788,Chmelná,164,328100.0,802681.37,3419613.81,3419613.81,328100.0,00473537,False,False,False
529796,Chocerady,1383,2365699.0,6464378.4,63993062.13,66564409.77,2323349.0,00231860,False,False,False
529818,Chotýšany,670,1686590.0,3199498.57,26950910.5,30471910.5,1686590.0,00231886,False,False,False
529826,Čelistná,92,271369.0,499055.61,2537841.24,2612841.24,271369.0,47248971,False,False,False
529834,Mezná,170,503380.91,2542069.8,7448411.02,7458411.02,503380.91,47248955,False,False,False
529842,Jankov,914,1954103.0,3468600.49,28324592.87,29524592.87,1871725.0,00231916,False,False,False
529851,Javorník,147,417945.33,251584.32,4240315.51,5490315.51,410712.0,00473545,False,False,False
529869,Důl,51,251750.0,180976.96,1776274.88,1846274.88,251750.0,47248998,False,False,False
529877,Okrouhlá,67,404493.0,478015.4,1682789.25,1962789.25,404493.0,00583863,False,False,False
529885,Stehlovice,88,276092.6,276094.69,2180313.38,2500313.38,271370.0,00582051,False,False,False
529893,Nicov,85,767746.0,280518.78,5519061.94,20790832.42,767746.0,00583405,False,False,False
529907,Keblov,188,409424.0,865087.5,7244294.51,8571694.51,389664.0,00231975,False,False,False
529915,Vrbice,62,454368.0,238545.36,1725785.13,1735178.13,454368.0,00583421,False,False,False
529923,Žárovná,115,427040.0,510788.63,4855157.16,4909557.16,427040.0,00583413,False,False,False
529931,Kondrac,529,553284.0,2077308.55,62996690.21,75156788.02,553284.0,00232009,False,False,False
529940,Kozmice,429,1192505.0,873712.57,6805186.36,6825186.36,1192505.0,00232017,False,False,False
529958,Krhanice,1135,1878758.38,2302547.2,31022699.93,57086464.82,1795871.0,00232025,False,False,False
529966,Buzice,175,539569.0,745995.76,5387250.26,5959250.26,525576.0,47256869,False,False,False
529974,Krňany,507,1484569.41,1395854.62,13787968.34,14812968.34,1468647.0,00232041,False,False,False
529982,Chlum,202,653820.0,661030.21,6241358.7,6994108.7,653820.0,48222631,False,False,False
529991,Křečovice,815,1523110.0,2058646.49,28540206.62,32574606.62,1523110.0,00232068,False,False,False
530000,Křivsoudov,472,851593.0,2160153.31,16343820.56,17669770.56,851593.0,00232076,False,False,False
530018,Březí,64,418989.0,263305.77,5249414.71,5289414.71,417182.0,47256851,False,False,False
530026,Kuňovice,84,245209.0,437190.33,2530191.72,5584191.72,245209.0,00473553,False,False,False
530034,Stožice,486,1776419.0,1917523.35,30636077.51,32036077.51,1696227.0,48222623,False,False,False
530042,Katov,69,608596.0,491365.92,1784252.42,1784252.42,587956.0,00582808,False,False,False
530051,Lešany,905,1953861.77,2696998.03,31492373.96,38879373.96,1860178.0,00232122,False,False,False
530069,Libež,287,504779.0,1677940.22,15811006.58,15811006.58,504779.0,00232131,False,False,False
530085,Bukovník,70,363674.0,427433.32,3205142.51,3745142.51,362008.0,47730871,False,False,False
530093,Loket,620,1506918.0,3369450.64,21937109.75,21937109.75,1506918.0,00232165,False,False,False
530107,Louňovice pod Blaníkem,661,2712343.0,3195285.45,44011550.89,49211550.89,2673454.0,00232173,False,False,False
530115,Maršovice,786,1529151.0,2360970.84,23787702.1,29563782.1,1488345.0,00232181,False,False,False
530123,Dobršín,106,849612.0,911891.49,4563035.39,5494372.07,849612.0,47730862,False,False,False
530131,Přestavlky,228,527268.0,1573870.82,9250406.27,14250406.27,527268.0,48333344,False,False,False
530140,Milínov,224,601743.0,1839899.23,9532406.06,9562406.06,589908.0,48333468,False,False,False
530158,Mezno,382,849888.0,1383629.67,14637261.88,16399029.88,849888.0,00232220,False,False,False
530166,Miličín,885,1547029.38,2571411.69,29133889.81,33028889.81,1483897.0,00232238,False,False,False
530174,Miřetice,240,391528.0,590519.69,12614509.32,12734509.32,391528.0,00232246,False,False,False
530182,Žákava,486,938436.0,2754651.93,17463358.29,17713393.29,938436.0,48333310,False,False,False
530191,Mnichovice,221,402864.0,729654.83,9351080.59,11235080.59,402864.0,00232262,False,False,False
530204,Mrač,870,1506935.0,2552739.51,12651451.51,12651451.51,1506935.0,00232271,False,False,False
530212,Načeradec,1118,1636464.0,2573915.87,70808803.77,86188803.77,1636464.0,00232289,False,False,False
530221,Hněvnice,124,1433426.0,526285.49,6589514.14,7019514.14,1433426.0,47733454,False,False,False
530239,Bílov,90,384552.0,297958.71,3442520.52,4500520.52,384552.0,47733381,False,False,False
530247,Potvorov,132,563340.0,1047266.14,3820817.55,3820817.55,563340.0,47733390,False,False,False
530263,Nespeky,808,1650934.0,1816089.73,43771273.53,62527041.53,1650934.0,00232335,False,False,False
530271,Sedlec,108,382538.0,439439.04,2282361.75,2282361.75,382538.0,47733403,False,False,False
530280,Vysoká Libyně,212,696684.0,1046383.95,7540569.01,7540569.01,696684.0,47733373,False,False,False
530298,Netvořice,1191,3188360.0,2991010.49,30858609.94,31668609.94,3138893.0,00232360,False,False,False
530301,Neustupov,557,850808.0,1598418.55,21287643.92,23007643.92,846375.0,00232378,False,False,False
530310,Neveklov,2764,2765347.25,7871814.29,88782820.19,147380005.19,2765347.25,00232386,False,False,False
530328,Čerňovice,198,686906.0,1216795.14,13199981.91,17199981.91,686906.0,47733365,False,False,False
530336,Pláně,278,1090220.0,1263805.42,8985460.7,8985460.7,1090220.0,47733438,False,False,False
530344,Olbramovice,1397,1924098.78,2665391.56,39571449.95,92151449.95,1880026.0,00232416,False,False,False
530352,Ostředek,474,894900.6,1971663.24,30546522.08,39746522.08,871920.0,00232424,False,False,False
530361,Kařízek,51,266496.0,357292.27,1583942.39,1587942.39,266496.0,48378046,False,False,False
530379,Drahoňův Újezd,134,736980.0,609167.62,5094029.93,7508109.93,736980.0,47695943,False,False,False
530387,Radvanec,276,1199317.0,1069758.74,7288407.68,10357111.68,1131172.0,46750690,False,False,False
530395,Janská,225,1063746.79,3472861.76,8508993.51,8720793.51,1063746.79,47274221,False,False,False
530409,Petroupim,378,734712.0,1202765.58,9684216.93,9700426.33,734712.0,00232475,False,False,False
530417,Doubice,97,788364.0,2480020.43,6583292.93,6933292.93,788364.0,47274212,False,False,False
530425,Dalešice,225,540000.0,1646551.09,6899885.62,17199885.62,540000.0,43256201,False,False,False
530433,Kunratice,344,1218010.0,2609692.65,11616917.55,12704608.47,1218010.0,46744967,False,False,False
530441,Poříčí nad Sázavou,1651,2435353.72,3063698.03,49894113.43,61637278.06,2429053.0,00232513,False,False,False
530450,Postupice,1464,1746800.0,5564069.41,26374591.24,27284591.24,1736800.0,00232521,False,False,False
530468,Dlouhý Most,1006,1417242.0,2549230.35,28003742.39,94594794.78,1417242.0,46744941,False,False,False
530476,Pravonín,572,1208534.57,1181195.57,79533357.45,135473357.45,1166986.0,00232548,False,False,False
530484,Jeřmanice,678,1344749.0,2147888.16,15028418.0,19452212.05,1344749.0,46744959,False,False,False
530492,Přestavlky u Čerčan,439,1456968.0,828696.26,11996503.34,12139035.34,1456968.0,00232564,False,False,False
530506,Miřejovice,219,1013380.01,1076383.95,3546508.27,8915799.22,1013380.01,46769463,False,False,False
530514,Psáře,146,535512.0,1870147.43,7549590.44,8264590.44,535512.0,00508489,False,False,False
530522,Rabyně,294,1241239.34,1471850.43,28457357.41,28457357.41,1173783.0,00232599,False,False,False
530531,Radošovice,410,407161.0,1488311.99,8450111.02,9428200.02,407161.0,00232602,False,False,False
530549,Rataje,170,364626.0,374712.91,9045494.55,9045494.55,364626.0,00232611,False,False,False
530557,Kozly,137,289328.0,922547.27,2566880.71,2689753.71,277328.0,47786671,False,False,False
530565,Želkovice,95,348274.0,422786.58,1771177.57,1771177.57,340080.0,47786655,False,False,False
530573,Sedlec-Prčice,2979,1775597.0,8939756.45,84031485.8,85229204.8,1750013.0,00232645,False,False,False
530581,Čeradice,304,1446084.85,2153933.14,8034580.77,8034580.77,1444314.93,47786701,False,False,False
530590,Libočany,537,1200439.43,4465126.18,15667351.73,16047351.73,1151760.88,47786663,False,False,False
530603,Zálužice,96,389497.0,3248536.92,4906010.25,4946010.25,389497.0,47786647,False,False,False
530611,Smilkov,256,910286.0,1389795.52,5029971.35,5119971.35,910286.0,00232688,False,False,False
530620,Přestanov,633,2263763.0,10085089.81,22249044.78,22249044.78,2263763.0,44227531,False,False,False
530638,Soběhrdy,466,538531.0,3101579.17,39283216.55,42982075.55,538531.0,00232700,False,False,False
530646,Hurtova Lhota,248,661739.0,1677304.87,3371724.16,3371724.16,661739.0,15060896,False,False,False
530654,Vysoká,264,1048027.0,834656.1,6401714.1,6401714.1,1048027.0,15060900,False,False,False
530662,Ždírec,126,506657.0,1503550.48,3755419.02,3875419.02,506657.0,15060918,False,False,False
530671,Pšánky,71,245758.0,258261.73,1762123.62,1902123.62,244850.0,48146994,False,False,False
530689,Struhařov,1015,1742666.0,1905131.25,30095903.79,31179903.79,1714116.0,00232751,False,False,False
530697,Úherčice,131,404816.75,2009341.6,4191943.7,5326943.7,388240.0,43500081,False,False,False
530701,Střezimíř,307,1138193.0,2841534.24,11529588.04,12179588.04,1138193.0,00232777,False,False,False
530719,Studený,106,375537.0,490231.21,3001693.31,3001693.31,368838.0,00232785,False,False,False
530727,Brníčko,627,1785238.33,2913521.43,12175236.27,12726441.27,1727673.33,00302422,False,False,False
530735,Staré Hrady,195,1057788.0,598002.07,3454504.12,3575544.12,1057788.0,47478179,False,False,False
530743,Bílkovice,225,376404.0,1043208.83,8088790.85,8088790.85,376404.0,00232807,False,False,False
530751,Tehov,342,878786.0,1043713.57,7457504.77,10457504.77,878420.0,00508501,False,False,False
530760,Teplýšovice,552,1403798.0,1330759.01,14728895.37,15581365.4,1403798.0,00232823,False,False,False
530778,Tichonice,213,598764.0,751740.52,2951351.97,2951351.97,584598.0,00232831,False,False,False
530786,Říkov,248,473383.0,3980774.91,9132969.4,9155625.4,451042.0,00857564,False,False,False
530794,Trnávka,204,1139234.0,2905886.79,11718325.72,11972936.72,1139234.0,48156931,False,False,False
530808,Královec,185,1386976.0,2917784.99,6239015.47,6239015.47,1372832.0,47465549,False,False,False
530816,Trhový Štěpánov,1506,2338222.0,7265546.76,47753030.57,49605795.91,2338222.0,00232874,False,False,False
530824,Velenov,265,597205.0,2550591.99,12295380.78,12295380.78,597205.0,47884541,False,False,False
530832,Brambory,112,493083.0,426594.16,2657062.98,2992062.98,492168.0,00640310,False,False,False
530841,Týnec nad Sázavou,5752,4106796.0,34539911.5,289095789.84,683443206.01,3987140.0,00232904,False,True,False
530859,Semtěš,273,430554.02,796434.16,8673852.97,9154852.97,430554.02,00640395,False,False,False
530867,Veliš,352,584568.0,1071880.74,15563839.26,18100134.68,584568.0,00232921,False,False,False
530875,Starkoč,154,427904.0,654057.97,24386875.45,49084875.45,415704.0,00640417,False,False,False
530883,Vlašim,11434,5611950.0,100496152.43,424813774.26,1029684050.78,5611950.0,00232947,True,True,False
530891,Vojkov,480,1274859.0,1063784.37,12490366.23,12490366.23,1270109.0,00232955,False,False,False
530905,Votice,4760,3413683.62,51746509.43,292619341.6,530786581.6,3266044.92,00232963,True,True,False
530913,Vracovice,403,1476081.0,1370547.65,14038884.56,14343884.56,1476007.0,00232971,False,False,False
530921,Vranov,430,904148.0,910588.34,10041427.18,10041427.18,904148.0,00232980,False,False,False
530930,Štipoklasy,139,451303.0,716472.28,3123065.75,7573065.75,451303.0,00640409,False,False,False
530948,Vrchotovy Janovice,1077,2044115.35,4800360.32,31790128.63,32790128.63,2010420.0,00233005,False,False,False
530956,Opatovice I,181,441450.0,821996.86,8267370.02,8707370.02,441450.0,00640379,False,False,False
530964,Bludov,25,251774.0,312413.32,2273541.19,2303541.19,251774.0,00640280,False,False,False
530972,Třebětín,114,408710.0,842990.19,3625544.72,3625544.72,408710.0,00640247,False,False,False
530981,Třebešice,311,593550.23,1697895.34,24723700.38,43244900.38,582060.0,00640298,False,False,False
530999,Močovice,402,1039120.8,747292.94,11466797.84,12756397.84,1020240.0,00640077,False,False,False
531006,Ludíkov,355,1254482.0,1582275.53,18802640.7,30802640.7,1254482.0,47884550,False,False,False
531014,Vodranty,76,291621.0,299519.79,2097252.61,2350852.61,290223.0,00640085,False,False,False
531022,Zdislavice,515,942656.0,1635316.45,16801003.71,16891003.71,942656.0,00233072,False,False,False
531031,Kamberk,176,601680.0,688735.97,8081399.85,11016399.85,601680.0,00233081,False,False,False
531049,Zvěstov,426,1528147.33,1635167.41,17553026.92,21083026.92,1493147.33,00233099,False,False,False
531057,Beroun,21521,6887046.0,191193107.11,794524420.96,1852502840.87,6887046.0,00233129,True,True,False
531065,Souňov,152,515590.0,908856.71,4525823.81,4780823.81,515590.0,00640093,False,False,False
531073,Běštín,334,1351277.0,603321.54,9293069.02,9483069.02,1351277.0,00509621,False,False,False
531081,Broumy,990,1330790.0,8366177.76,40676090.92,40676090.92,1316464.0,00233145,False,False,False
531090,Březová,340,444720.0,931685.55,38649781.73,48299781.73,444720.0,00233153,False,False,False
531103,Bubovice,581,1661152.23,3001412.2,13676661.83,15256661.83,1661152.23,00233161,False,False,False
531111,Bernardov,165,477420.0,689433.02,2429892.2,2529892.2,477420.0,00640301,False,False,False
531120,Bzová,470,1329102.3,2268861.85,13718115.38,15150829.38,1329102.3,00233188,False,False,False
531138,Cerhovice,1175,2571526.98,2253555.45,42330991.79,42576891.79,2559876.98,00233196,False,False,False
531146,Drahelčice,1626,2111767.0,3268076.73,49041587.26,52251587.26,2073218.0,00233200,False,False,False
531154,Drozdov,814,1694225.03,1004117.06,20542939.86,22096949.86,1694225.03,00233218,False,False,False
531162,Felbabka,302,761256.0,766362.94,5667854.07,5917854.07,761256.0,00233226,False,False,False
531171,Hlásná Třebaň,1242,1980072.0,4657671.53,31206648.7,45433783.46,1980072.0,00233234,False,False,False
531189,Hořovice,8055,5524217.94,82830969.73,299286283.36,761287549.36,5216361.7,00233242,True,True,False
531197,Hlízov,668,2096940.0,5615765.73,25676848.45,33234848.45,2096940.0,00640336,False,False,False
531201,Hostomice,1935,2803359.0,9769486.89,85849604.13,105371604.13,2774186.0,00233269,False,False,False
531219,Hředle,399,976402.0,505815.23,5705261.47,18875261.47,712365.0,00233277,False,False,False
531227,Hudlice,1255,2796636.0,4307790.97,25482455.93,27636455.93,2796636.0,00233285,False,False,False
531235,Hvozdec,266,718053.0,1240888.21,5175874.14,5365874.14,718053.0,00233293,False,False,False
531243,Hýskov,2259,2444905.0,9148328.99,105706151.6,105706151.6,2425405.0,00233307,False,False,False
531251,Chaloupky,518,1559273.21,1464990.98,11521119.23,11719847.03,1491270.0,00233315,False,False,False
531260,Dolní Pohleď,127,473875.0,236466.43,2613894.5,2669021.5,473875.0,00640328,False,False,False
531278,Paběnice,226,1187896.0,2118209.2,20424183.4,25554183.4,1131094.0,00640387,False,False,False
531286,Bratčice,416,425900.0,702763.79,27999766.9,28884127.0,421775.0,00640212,False,False,False
531294,Chyňava,1898,2466730.0,4199698.66,37568356.44,102485530.11,2466730.0,00233358,False,False,False
531308,Jivina,201,510120.0,2111157.98,6052928.37,11058107.56,510120.0,00233366,False,False,False
531316,Karlštejn,824,2036610.0,4707177.15,26194475.18,26194475.18,2036610.0,00233374,False,False,False
531324,Komárov,2426,3666538.36,7406946.3,71946439.34,76087271.34,3646915.0,00233382,False,False,False
531332,Koněprusy,256,782472.0,843498.87,27927922.37,54618627.37,782472.0,00233391,False,False,False
531341,Drobovice,394,1666865.53,1077883.41,5489205.82,5704205.82,1638986.53,00640204,False,False,False
531359,Horky,395,445592.0,521720.31,6473526.65,6477571.01,445592.0,00640191,False,False,False
531367,Adamov,135,402658.68,140523.29,1704998.8,1759998.8,402037.68,00639664,False,False,False
531375,Kublov,677,763490.0,2310987.19,35213756.08,55827490.78,763490.0,00233439,False,False,False
531383,Schořov,91,264466.0,429037.76,1456923.1,1481923.1,264194.0,00639681,False,False,False
531391,Sudějov,82,284450.0,253331.36,5020585.98,5030585.98,284450.0,00640271,False,False,False
531405,Kobylnice,216,439150.0,769893.39,12558398.53,16358398.53,433538.0,00640361,False,False,False
531413,Hraběšín,110,435370.0,1815839.08,4851543.96,5092343.96,378079.6,00640069,False,False,False
531421,Šebestěnice,82,433161.0,402385.56,1751626.82,1755626.82,431301.0,00640051,False,False,False
531430,Horka I,408,584835.0,2539024.62,46022438.78,144398260.7,582648.0,00640344,False,False,False
531448,Libomyšl,651,1726170.0,1985988.53,13470871.26,16020871.26,1726170.0,00233498,False,False,False
531456,Liteň,1261,1770326.9,5393678.22,37628095.65,59510307.79,1726223.0,00233501,False,False,False
531464,Loděnice,2040,3026858.9,6797541.61,73751248.88,77062403.88,2939679.9,00233510,False,False,False
531472,Lochovice,1366,1809914.19,6839980.38,38875086.0,68545284.0,1795842.86,00233528,False,False,False
531481,Horušice,165,613530.0,5089156.83,7833208.14,8958208.14,604296.0,00640352,False,False,False
531499,Hostín,307,1339770.0,1015593.1,10113861.25,11475861.25,1339770.0,00510556,False,False,False
531502,Liblice,497,1387317.0,1762609.13,31128390.39,33879545.25,1358347.0,00510548,False,False,False
531511,Zlončice,608,1146508.0,5217243.83,11887851.76,11887851.76,1146508.0,00510572,False,False,False
531529,Měňany,303,1136870.0,1753899.81,15401093.2,15939142.2,1136870.0,00233579,False,False,False
531537,Mezouň,592,1233833.61,2163700.87,8750815.57,8845815.57,1191833.61,00233587,False,False,False
531545,Mořina,940,1632246.25,6137720.8,26485387.12,29150094.12,1574619.25,00233595,False,False,False
531553,Konětopy,345,1367623.0,1110465.95,8392951.68,9182951.68,1367623.0,00510564,False,False,False
531561,Tuhaň,855,1837971.1,2884033.34,16069940.45,18692765.45,1823859.0,00662178,False,False,False
531570,Dobřeň,169,452810.0,1426059.89,4752575.88,4752575.88,452810.0,00662186,False,False,False
531588,Neumětely,600,1387310.0,2732462.16,17007947.93,67708368.61,1387310.0,00233633,False,False,False
531596,Nižbor,2133,2411144.7,6625454.84,89957054.12,114405414.12,2403526.7,00233641,False,False,False
531600,Nový Jáchymov,749,1579965.3,1125345.1,14634558.68,15916648.08,1567227.0,00233650,False,False,False
531618,Nučice,2424,3172551.0,2975272.48,39949815.78,41299649.11,3166471.0,00233668,False,False,False
531626,Olešná,466,1717018.78,928756.18,18833789.8,22355726.44,1643061.78,00233676,False,False,False
531634,Osek,857,865406.0,1461413.89,10194742.52,10422742.52,860244.0,00233684,False,False,False
531642,Osov,327,530110.0,1216157.78,8648302.38,9077391.38,530110.0,00233692,False,False,False
531651,Kanina,108,877277.0,844867.48,4302652.56,4302652.56,877277.0,00662232,False,False,False
531669,Otročiněves,502,1619968.54,1379062.86,21250235.75,21250235.75,1593898.94,00233714,False,False,False
531677,Lobeč,168,212510.0,516381.56,4592524.78,6812524.78,212510.0,00662194,False,False,False
531685,Podluhy,678,1689435.0,1689400.64,12258665.13,12511265.13,1645773.0,00233731,False,False,False
531693,Praskolesy,903,1977671.0,690474.94,38214428.62,48517946.62,1949746.0,00233749,False,False,False
531707,Nosálov,179,1098388.0,4340371.73,9948472.45,14068472.45,1098388.0,00662208,False,False,False
531715,Rpety,491,1251882.0,1482629.25,74299407.98,120449407.98,1251882.0,00233765,False,False,False
531723,Rudná,5502,2407664.05,20757560.69,141644471.64,352091331.12,2227308.0,00233773,False,False,False
531731,Stránka,211,839471.0,780171.05,6569124.1,6749124.1,782394.0,00662216,False,False,False
531740,Skuhrov,589,1693935.5,1428158.35,25867109.63,30025869.63,1650404.5,00233790,False,False,False
531758,Srbsko,565,1583950.0,2406345.02,44738446.31,54558446.31,1583950.0,00233803,False,False,False
531766,Stašov,491,1394476.0,1669533.78,22429795.71,71702811.41,1394476.0,00233811,False,False,False
531774,Kadlín,149,528053.0,835432.37,5403771.69,5473771.69,525351.0,00662224,False,False,False
531782,Suchomasty,545,1509956.96,3077362.1,16711227.76,25308227.76,1509956.96,00233838,False,False,False
531791,Svatá,533,902364.0,1375700.59,11780329.49,11894689.49,902364.0,00233846,False,False,False
531804,Svatý Jan pod Skalou,204,1321069.0,997838.25,24340419.46,27960419.46,1321069.0,00509825,False,False,False
531812,Svinaře,975,1799138.0,2381934.64,34888984.22,39133614.95,1799138.0,00233862,False,False,False
531821,Tachlovice,950,1271249.3,1982811.95,17850035.98,39749035.98,1271249.3,00233871,False,False,False
531839,Tetín,867,2114701.0,3037083.18,44806262.07,52215286.07,2024574.0,00233889,False,False,False
531847,Tlustice,1093,1696963.11,3790871.96,24145759.48,24265759.48,1663755.11,00233897,False,False,False
531855,Tmaň,1265,1733944.0,4000029.0,43944326.19,44364897.19,1724330.0,00233901,False,False,False
531863,Nedomice,374,1342479.0,876406.5,12994489.65,12994489.65,1265954.0,00662259,False,False,False
531871,Jeviněves,272,1020355.0,771374.92,4720465.25,5775465.25,1020355.0,00662267,False,False,False
531880,Trubská,199,403391.0,363222.38,2627436.57,2657436.57,403391.0,00233935,False,False,False
531898,Lhotka,332,844750.0,935730.31,15215946.51,28286486.51,844750.0,00662275,False,False,False
531901,Újezd,682,1623134.0,1077174.56,31201674.51,31418674.51,1599984.0,00233951,False,False,False
531910,Velký Chlumec,431,1146508.0,2050120.97,6470106.14,7884908.14,1146508.0,00509850,False,False,False
531928,Hostín u Vojkovic,334,1348028.0,2585083.98,18931556.98,19678475.68,1329073.0,00662291,False,False,False
531936,Vidim,128,405480.0,923127.66,4586563.9,4706563.9,405480.0,00662313,False,False,False
531944,Vráž,1257,1951240.05,3899508.46,18661338.99,19968338.99,1917765.53,00233994,False,False,False
531952,Všeradice,498,402158.0,1352824.16,11320522.58,11625522.58,402158.0,00234001,False,False,False
531961,Vysoký Újezd,1995,2231973.05,6967190.72,121082673.27,222301173.23,2231973.05,00234010,False,False,False
531979,Zadní Třebaň,977,1659830.0,2427239.54,23757494.39,24093494.39,1659830.0,00234028,False,False,False
531987,Dolní Zimoř,104,667080.0,383116.22,2329249.35,2329249.35,667080.0,00662305,False,False,False
531995,Zaječov,1502,2775006.07,3646848.11,52654419.77,106196486.77,2690477.26,00234044,False,False,False
532002,Záluží,504,1201177.88,772766.46,11742550.74,12158738.74,1199152.88,00234052,False,False,False
532011,Zdice,4124,3386811.08,19410501.15,116804119.37,121390291.87,3254761.0,00234061,False,False,False
532029,Žebrák,2248,2848193.0,10064372.15,86857763.96,180021163.96,2785054.0,00234079,False,False,False
532037,Chrášťany,254,965631.0,330775.26,7795604.98,13795604.98,965631.0,00508357,False,False,False
532045,Chlístov,463,683078.0,1321989.25,6830762.62,7111762.62,683078.0,00508373,False,False,False
532053,Kladno,69664,14393256.0,457372619.25,2461834785.49,5333033424.21,14385861.0,00234516,True,True,False
532061,Václavice,648,1478714.0,688136.46,10722052.15,10722052.15,1478714.0,00508365,False,False,False
532070,Běloky,184,396560.5,895272.3,4281010.95,4581010.95,364798.0,00234125,False,False,False
532088,Beřovice,419,788363.0,1602494.66,42214653.23,102314653.23,788363.0,00234133,False,False,False
532096,Borovnice,91,429920.0,492791.73,2361277.32,2380277.32,429920.0,00473430,False,False,False
532100,Blevice,289,686976.0,1745326.67,4703268.27,4803268.27,686976.0,00234150,False,False,False
532118,Brandýsek,2300,3082368.0,13395846.85,79635523.94,218880106.06,3082368.0,00234168,False,False,False
532126,Braškov,1126,1974849.85,5331523.48,42118807.61,67591918.29,1974849.85,00234176,False,False,False
532134,Ješetice,124,777279.0,1906697.4,4533742.06,5190742.06,755714.0,00473472,False,False,False
532142,Bratronice,988,2212747.0,3164260.34,47603285.45,67263285.45,2139233.0,00234192,False,False,False
532151,Drahňovice,111,438431.0,614435.87,3954166.83,4354166.83,428768.0,00508446,False,False,False
532169,Buštěhrad,3995,2633480.42,17944047.25,182517929.63,575052058.63,2581983.42,00234214,False,False,False
532177,Tuřany,729,1069789.37,2076699.87,12636740.73,14108740.73,1069789.37,00234222,False,False,False
532185,Cvrčovice,774,2117555.0,2182241.04,12518266.32,13790066.32,2111555.0,00234231,False,False,False
532193,Lštění,542,1306223.42,1658294.58,11442573.14,17210873.14,1284062.42,00508527,False,False,False
532207,Černuc,1012,2064780.0,7940892.1,28570069.46,28570069.46,2064780.0,00234257,False,False,False
532215,Červený Újezd,1654,1726008.0,4434649.94,35028319.41,172330553.41,1723597.0,00234265,False,False,False
532223,Doksy,1736,2692443.53,6388114.73,48345112.15,59127154.15,2600092.53,00234273,False,False,False
532231,Slověnice,49,337714.0,272483.75,2768029.36,3068029.36,337464.0,00473391,False,False,False
532258,Litichovice,75,379320.0,338557.1,2236410.87,2236410.87,379320.0,00473367,False,False,False
532266,Všechlapy,116,280850.0,436956.91,4415801.79,4605801.79,276252.0,00473383,False,False,False
532274,Družec,1074,2303382.0,2078646.62,21153944.84,28858961.5,2303382.0,00234320,False,False,False
532282,Dřetovice,453,1429355.81,4864146.48,42263615.95,55170615.95,1424492.0,00234338,False,False,False
532291,Dřínov,335,583599.0,1356732.6,13298024.94,16032824.94,583599.0,00234346,False,False,False
532304,Třebešice,113,402014.0,387999.6,2033429.44,2073429.44,392400.0,00473375,False,False,False
532312,Horní Bezděkov,729,1932565.0,2836920.51,11138382.76,11926382.76,1932565.0,00234362,False,False,False
532321,Hořešovice,262,424910.0,1138757.54,8358433.79,8818433.79,424910.0,00234371,False,False,False
532339,Hospozín,588,1787021.0,12203128.46,19260898.62,43418398.62,1787021.0,00234389,False,False,False
532347,Hostouň,1619,1195816.0,3287414.76,43181128.04,48181128.04,1195816.0,00234397,False,False,False
532355,Hradečno,546,1890028.73,2077781.31,10046048.07,20841048.07,1890028.73,00234401,False,False,False
532363,Hrdlív,512,919850.0,2659064.64,14389468.71,21253828.71,919850.0,00234419,False,False,False
532371,Hřebeč,2159,1606929.94,5593464.33,55830526.95,56569526.95,1606929.94,00234427,False,False,False
532380,Blažejovice,102,256325.0,655744.52,3201162.48,3221162.48,255777.0,00473456,False,False,False
532398,Chržín,309,1052671.0,946492.56,12629267.74,23177267.74,1047588.0,00234443,False,False,False
532401,Jarpice,316,754013.0,1363129.31,20642881.78,37481919.37,754013.0,00234451,False,False,False
532410,Jedomělice,450,1610884.0,1339862.08,11394026.16,14736683.69,1610884.0,00234460,False,False,False
532428,Jemníky,302,637680.0,2397381.69,4901398.35,4901398.35,637680.0,00234478,False,False,False
532436,Snět,89,245226.0,1673116.29,7106541.07,8506541.07,245226.0,00473448,False,False,False
532444,Kačice,1226,2805247.3,5069661.79,27588706.59,31209306.59,2767408.3,00234494,False,False,False
532452,Kamenné Žehrovice,1616,2725880.87,3351729.17,34810949.5,36200949.5,2697527.87,00234508,False,False,False
532461,Klobuky,1018,2284132.23,4369932.35,22678482.2,24308694.2,2151442.73,00234524,False,False,False
532479,Kmetiněves,304,1316813.86,1847142.0,8461681.81,9511681.81,1310471.0,00234532,False,False,False
532487,Knovíz,591,1218344.31,2962226.37,12512836.24,12512836.24,1196326.0,00234541,False,False,False
532495,Koleč,614,1685626.0,1986589.86,16100438.55,17250438.55,1685626.0,00234559,False,False,False
532509,Šetějovice,72,373031.0,286515.42,3362059.51,5811059.51,373031.0,00473464,False,False,False
532517,Kvílice,89,401025.0,1202234.94,6811007.75,6925007.75,401025.0,00234575,False,False,False
532525,Kyšice,611,1711432.0,1772861.24,12550208.42,14361817.65,1711432.0,00234583,False,False,False
532533,Ledce,505,643665.53,1800650.44,14326369.97,15226369.97,617376.0,00234591,False,False,False
532541,Tomice,125,234116.0,380133.39,7305043.87,9875043.87,234116.0,00508349,False,False,False
532550,Ratměřice,319,742652.0,1670166.75,9322995.39,9542995.39,727803.0,00473481,False,False,False
532568,Bernartice,223,1006921.0,1524601.53,7052425.64,7102425.64,1006921.0,00473359,False,False,False
532576,Libušín,3555,3202544.96,8981142.23,66101155.22,66259761.22,3202544.96,00234630,False,False,False
532584,Lidice,554,1959945.0,3656935.05,12629466.13,22629466.13,1959945.0,00234648,False,False,False
532592,Tisem,218,513622.0,394741.01,6185280.05,7661280.05,508894.0,00508420,False,False,False
532606,Choratice,64,376267.0,409998.87,1746168.13,1826168.13,370402.0,00473405,False,False,False
532614,Vodslivy,104,402538.0,445398.91,8092922.93,10555922.93,402538.0,00473413,False,False,False
532622,Makotřasy,534,1132311.0,6181650.46,20515266.42,20750716.92,1121198.0,00234681,False,False,False
532631,Malé Kyšice,562,1067471.0,1003733.06,12282165.79,12823278.99,1061986.0,00640557,False,False,False
532649,Popovice,299,1429505.0,2384417.49,10923282.65,12123282.65,1424980.0,00508411,False,False,False
532657,Malíkovice,385,782531.3,1931115.8,14362647.17,14532647.17,782531.3,00234711,False,False,False
532665,Neuměřice,445,733788.0,12877504.81,17650429.81,18320429.81,733788.0,00234729,False,False,False
532673,Olovnice,579,1670147.34,2220729.57,16167677.71,19371677.71,1637547.34,00234737,False,False,False
532681,Otvovice,799,2063678.67,2739469.31,15767605.55,17001061.55,1987728.67,00234745,False,False,False
532690,Ctiboř,179,330251.0,510267.39,4591712.27,4741712.27,328608.0,00473511,False,False,False
532711,Pavlov,242,1397703.45,1688248.54,15439380.5,15949380.5,1397703.45,00234770,False,False,False
532720,Pchery,2015,2103042.0,6040472.5,50094069.49,64873680.23,2045169.0,00234788,False,False,False
532738,Pletený Újezd,700,2116620.18,3136893.92,18464346.74,19037346.74,2116620.18,00234796,False,False,False
532746,Děkanovice,62,255674.0,388107.81,1233008.59,1233008.59,255674.0,00473502,False,False,False
532754,Podlešín,375,650160.0,5741045.83,9305804.95,10155804.95,650160.0,00234818,False,False,False
532762,Pozdeň,450,1508457.0,2631936.15,13318909.94,14853776.94,1508457.0,00234826,False,False,False
532771,Přelíc,395,811019.17,1895270.78,7729297.17,7849297.17,811019.17,00234834,False,False,False
532789,Ptice,1014,1991669.72,3529216.5,20545244.84,20758998.84,1905678.0,00234842,False,False,False
532797,Řisuty,428,1180431.0,1193889.73,15631274.54,16651274.54,1180431.0,00234851,False,False,False
532801,Sazená,358,1151645.0,2150570.91,7598596.7,16886596.7,1151645.0,00234869,False,False,False
532819,Slaný,16937,4971156.92,122844845.36,767039521.38,1655842095.24,4112219.0,00234877,True,True,False
532827,Slatina,635,840036.0,1544962.43,11085427.06,11785427.06,840036.0,00234885,False,False,False
532835,Smečno,1980,2631780.54,6461452.23,47674448.65,50343485.65,2613099.54,00234893,False,False,False
532843,Dunice,66,284450.12,278083.32,3043616.86,3134933.0,284450.12,00473499,False,False,False
532851,Stehelčeves,1146,2136222.3,6942328.37,47495733.38,73217360.38,2085816.0,00234915,False,False,False
532860,Stochov,5349,6067756.88,23078619.41,282768263.59,430140086.59,5353153.0,00234923,False,False,False
532878,Chleby,49,410068.0,177369.4,1071847.23,1071847.23,410068.0,00508403,False,False,False
532886,Chářovice,230,652559.56,513615.81,3268970.79,19626226.33,637797.0,00508390,False,False,False
532894,Bušín,379,1351829.0,1233837.39,8540377.1,18035427.14,1351369.0,00302457,False,False,False
532908,Svinařov,734,2330541.96,4780098.06,14599188.43,18639188.43,2330541.96,00234966,False,False,False
532916,Šlapanice,206,679728.0,1348301.84,3906739.95,3906739.95,673128.0,00234974,False,False,False
532924,Bukovany,824,1649596.0,1690609.27,19082814.06,29196685.2,1629911.0,00508381,False,False,False
532932,Hradiště,35,256678.0,217023.61,2614108.09,2614108.09,256678.0,00508535,False,False,False
532941,Řimovice,231,516770.9,356457.85,2966754.18,3016754.18,495732.0,00508497,False,False,False
532959,Třebichovice,590,1416821.0,2516795.31,16899815.74,24034815.74,1401735.0,00235016,False,False,False
532967,Třebíz,241,480860.0,1616890.43,7664058.67,7665058.67,480860.0,00235024,False,False,False
532975,Třebusice,522,1638515.0,1716821.26,17494713.53,17494713.53,1633015.0,00235032,False,False,False
532983,Tuchlovice,2792,4101468.0,5095913.54,94248108.71,261073991.22,4101468.0,00235041,False,False,False
532991,Úhonice,1280,2055074.63,2859379.6,148061625.15,220015825.15,2055074.63,00235059,False,False,False
533009,Uhy,407,1359456.0,6128665.74,22358595.68,23065595.68,1359456.0,00235067,False,False,False
533017,Unhošť,5292,2532740.98,19481926.34,193258129.85,428776561.8,2498367.98,00235075,False,True,False
533025,Velká Dobrá,1793,2837220.35,9927987.5,38393719.82,49001494.25,2807341.35,00235083,False,False,False
533033,Velké Přítočno,1112,2613360.0,2464901.53,18554270.51,19331223.51,2531755.0,00235091,False,False,False
533041,Velvary,3080,2936880.0,25993955.02,142847767.08,170446001.81,2936880.0,00235105,False,True,False
533050,Vinařice,2137,1715175.54,10158212.34,54136382.3,56549502.3,1709185.77,00235113,False,False,False
533068,Vraný,803,1154127.0,3208618.94,29341681.18,57914361.74,1154127.0,00235121,False,False,False
533076,Pavlovice,279,530982.0,637089.45,3321331.57,3391331.57,530982.0,00508471,False,False,False
533084,Kladruby,288,1373974.0,971183.08,6977563.23,7217563.23,1373974.0,00508454,False,False,False
533092,Zákolany,631,1454622.0,4028416.23,24038359.32,26638359.32,1454622.0,00235156,False,False,False
533106,Trubín,584,1004301.0,2456356.94,31429258.39,44330258.39,962099.0,00509841,False,False,False
533114,Zlonice,2294,2410614.71,9511353.11,92538962.11,101192679.11,2410614.71,00235172,False,False,False
533122,Zvoleněves,911,1576758.0,2238052.05,21627016.91,41508016.91,1576758.0,00235181,False,False,False
533149,Žilina,848,2310221.15,3840459.85,30327982.79,30632982.79,2310221.15,00235202,False,False,False
533157,Žižice,750,1734145.83,1443911.02,25229912.71,31684912.71,1727010.13,00235211,False,False,False
533165,Kolín,33444,8188369.0,256609072.85,1505836514.69,3255100910.39,8120385.0,00235440,True,True,False
533173,Barchovice,261,785585.0,1912319.74,5179239.27,5588239.27,784616.0,00235237,False,False,False
533181,Bečváry,1070,1767011.02,4459868.7,41134708.75,147912708.75,1752464.0,00235245,False,False,False
533190,Bělušice,318,840054.0,962882.87,32371555.15,45010555.15,840054.0,00235253,False,False,False
533203,Králův Dvůr,10598,3775615.28,40556145.89,375800265.42,1117553356.41,3597878.0,00509701,False,False,False
533211,Břežany I,315,1527182.0,2148234.0,12565740.03,12565740.03,1439409.0,00235270,False,False,False
533220,Břežany II,923,1500562.07,1386346.12,38505494.28,49392494.28,1463277.0,00235288,False,False,False
533238,Býchory,695,1934356.0,3682389.04,19432734.92,30266734.92,1934356.0,00235296,False,False,False
533246,Cerhenice,1924,3024667.0,7437834.47,77475947.85,104471583.71,3024667.0,00235300,False,False,False
533254,Černé Voděrady,374,1216052.0,853734.41,11028160.57,11028160.57,1215062.0,00235318,False,False,False
533262,Červené Pečky,2016,2417244.0,6301163.77,86025481.33,109413481.33,2417244.0,00235326,False,False,False
533271,Český Brod,7487,4486765.26,89508397.02,404068340.06,535120340.06,4486765.26,00235334,True,True,False
533289,Dobřichov,778,1487710.0,3064005.56,17599064.38,17775064.38,1487710.0,00235342,False,False,False
533297,Dolní Chvatliny,504,860652.0,2762498.11,13923124.45,33242947.93,860652.0,00235351,False,False,False
533301,Doubravčice,1426,1822139.0,2032407.97,59012852.37,96516852.37,1822139.0,00235369,False,False,False
533319,Malá Víska,113,557035.0,1257050.87,3533537.6,3961737.6,557035.0,00509744,False,False,False
533327,Horní Kruty,493,1424934.0,3851593.72,29025318.81,39553318.81,1365856.0,00235385,False,False,False
533335,Lhotka,367,787680.0,762184.23,61387910.95,106267060.95,787680.0,00509728,False,False,False
533343,Chotutice,491,998830.0,2055657.71,10350909.18,10940909.18,990330.0,00235393,False,False,False
533351,Chrášťany,764,1235724.0,2342455.51,24999788.58,26248028.58,1235724.0,00235407,False,False,False
533360,Jestřabí Lhota,534,1792896.58,2278955.67,27376936.62,27581936.62,1780933.0,00235415,False,False,False
533378,Jevany,845,1570425.0,4249024.17,34530690.35,50579358.35,1570425.0,00235423,False,False,False
533386,Klučov,1116,2461002.0,2554366.93,27116018.15,27116018.15,2376972.0,00235431,False,False,False
533394,Konárovice,974,1468522.0,4070593.1,24155709.71,27597784.05,1457622.0,00235458,False,False,False
533408,Kořenice,613,1809625.0,2292710.44,68590529.17,69564529.17,1809625.0,00235466,False,False,False
533416,Kostelec nad Černými lesy,4156,4208170.35,37395918.27,159546400.47,175396510.47,4044760.0,00235474,False,True,False
533424,Kouřim,1984,2792578.0,14567411.82,102369713.0,102972459.0,2792578.0,00235482,False,True,False
533432,Kozojedy,1004,2288240.0,6789954.18,21912210.01,22299210.01,2279608.0,00235491,False,False,False
533441,Krakovany,934,1820912.14,1005120.0,16205057.63,32342057.63,1589007.0,00235504,False,False,False
533459,Krupá,407,1363566.5,1178432.41,19164235.02,19304235.02,1357577.0,00235512,False,False,False
533467,Křečhoř,572,1084951.0,2004117.87,20491880.67,21002880.67,1084951.0,00235521,False,False,False
533475,Libenice,319,777039.0,1040591.77,6188741.29,6468741.29,766731.23,00235539,False,False,False
533483,Libodřice,319,690027.0,1454073.71,8670132.18,9870132.18,690027.0,00235547,False,False,False
533491,Černá Voda,539,1363423.0,2919386.81,20520700.27,24878262.27,1345744.0,00302473,False,False,False
533505,Lošany,329,725427.0,1798975.8,7747755.4,8863510.4,725427.0,00235555,False,False,False
533513,Malotice,369,1191667.58,3114152.36,9082793.53,10102793.53,1134663.22,00235563,False,False,False
533521,Nebovidy,776,1404104.0,1737450.29,20407496.63,22057500.63,1404104.0,00235571,False,False,False
533530,Nová Ves I,1374,1752787.0,4726541.56,32627269.64,42224269.64,1677206.0,00235580,False,False,False
533548,Nučice,389,718207.0,2896368.69,8811904.36,14531904.36,713340.0,00235598,False,False,False
533556,Ohaře,325,408709.0,860265.72,5841306.92,10251306.92,408709.0,00235601,False,False,False
533564,Oleška,976,1534901.0,3933832.55,69604554.36,180357807.08,1534901.0,00235610,False,False,False
533572,Ovčáry,904,1794779.0,5442051.56,49197604.99,71557604.99,1794779.0,00235628,False,False,False
533581,Plaňany,1947,2582521.0,6185823.57,62822797.56,73908094.56,2582521.0,00235636,False,False,False
533599,Polepy,643,1627458.0,1226162.71,12873497.29,22034941.29,1627458.0,00235644,False,False,False
533602,Nenačovice,324,607372.0,1464946.4,5157865.43,10213674.19,607372.0,00509779,False,False,False
533611,Přišimasy,894,1949921.0,3340548.22,15794146.25,16012427.55,1949921.0,00235652,False,False,False
533629,Radim,1206,2871174.0,7856938.11,39769671.63,59769671.63,2871174.0,00235661,False,False,False
533637,Radovesnice I,378,1329786.0,528575.76,9109730.89,12869730.89,1329786.0,00639737,False,False,False
533645,Radovesnice II,516,1119892.0,3031723.01,19931036.75,81406036.75,1108892.0,00235687,False,False,False
533653,Ratboř,558,1173981.0,2144820.09,10085796.46,10288924.46,1173981.0,00235695,False,False,False
533661,Rostoklaty,660,1606734.0,2815167.46,32501100.89,73186007.73,1602941.0,00235709,False,False,False
533670,Chrustenice,1083,2214338.0,4499607.08,22207050.93,23537422.93,2214338.0,00509663,False,False,False
533688,Dlouhomilov,463,520500.0,3376912.27,13092519.49,13972519.49,520500.0,00302490,False,False,False
533696,Skvrňov,226,605411.0,918492.72,10702061.88,13807061.88,600436.0,00235733,False,False,False
533700,Starý Kolín,1696,3064319.77,2686428.67,94745548.53,121021099.52,3016453.34,00235741,False,False,False
533718,Stříbrná Skalice,1553,1511470.0,8059238.23,44587357.77,53377053.61,1511470.0,00235750,False,False,False
533726,Svojšice,519,1406881.0,2819437.09,13253093.61,23253093.61,1406881.0,00235768,False,False,False
533734,Tismice,585,1338546.0,2346284.98,18792160.73,21436733.45,1338546.0,00235776,False,False,False
533742,Toušice,374,1702382.69,1359943.39,18307736.74,18847736.74,1702382.69,00235784,False,False,False
533751,Třebovle,555,1596687.02,2904726.24,17208200.51,17452200.51,1587687.02,00235792,False,False,False
533769,Tři Dvory,988,1328237.0,3333456.17,15546918.97,35311268.97,1328237.0,00235806,False,False,False
533777,Tuchoraz,680,1121830.94,3060753.46,23278193.52,24278193.52,1109695.0,00235814,False,False,False
533785,Tuklaty,1094,2475381.0,2970905.95,53582067.29,86087167.29,2474065.0,00235822,False,False,False
533793,Korno,123,370526.0,325297.07,2849036.1,2849036.1,370526.0,00509671,False,False,False
533807,Týnec nad Labem,2211,2174138.54,11484640.24,69674765.69,77143341.69,2150236.54,00235831,False,True,False
533815,Uhlířská Lhota,350,1497819.0,1339005.59,25399861.4,36168882.32,1476029.0,00235849,False,False,False
533823,Veletov,260,1090552.0,1755337.67,7794167.13,7957066.13,1090552.0,00235857,False,False,False
533831,Velim,2222,2541175.0,12511118.59,71947699.76,81246934.76,2522627.0,00235865,False,False,False
533840,Velký Osek,2619,3140094.0,9056870.22,92564009.21,116342135.34,3125094.0,00235873,False,False,False
533858,Veltruby,1471,2136310.0,4063733.86,70007232.53,92527232.53,2136310.0,00235881,False,False,False
533866,Vitice,1184,1981411.0,12492102.66,65704259.49,67271169.49,1981411.0,00235890,False,False,False
533874,Vlkančice,243,1437630.26,3515375.88,8754796.11,10369914.11,1437630.26,00235903,False,False,False
533882,Volárna,558,1551482.0,1120241.01,27940364.96,41172947.24,1541730.0,00235911,False,False,False
533891,Vrbčany,415,1956867.0,1344810.43,10341770.07,18621770.07,1909743.0,00235920,False,False,False
533904,Vyžlovka,823,2336784.0,1563377.76,23691671.94,29288171.94,2333677.0,00235938,False,False,False
533912,Mořinka,166,670638.0,1355239.32,5530863.11,9640863.11,670638.0,00509761,False,False,False
533921,Zásmuky,2156,2073730.25,9181987.08,117384900.56,270530117.56,2000912.25,00235954,False,False,False
533939,Lážovice,110,356389.0,770507.0,3731974.62,3731974.62,356389.0,00509710,False,False,False
533947,Žiželice,1904,3131147.0,4199842.05,153147707.66,347567255.95,3131147.0,00235962,False,False,False
533955,Kutná Hora,21642,6552719.79,171854709.76,855501741.93,2561383410.69,6299907.0,00236195,True,True,False
533963,Skřipel,142,618283.0,392937.44,2424842.87,2565842.87,618283.0,00509817,False,False,False
533971,Bílé Podolí,594,1682905.26,1728119.2,12698389.19,28915252.37,1665699.26,00235997,False,False,False
533980,Bohdaneč,452,1147434.66,3613522.71,16765108.34,19084857.34,1146528.66,00236004,False,False,False
533998,Církvice,1312,1644685.82,3954735.63,31457073.76,31937600.76,1608246.82,00236012,False,False,False
534005,Čáslav,10399,4606149.83,119582497.16,570558162.79,1238821621.55,4223088.0,00236021,True,True,False
534013,Černíny,426,1948500.99,1348714.8,13826946.69,13986946.69,1948500.99,00236039,False,False,False
534021,Červené Janovice,652,1471221.24,2535127.05,24211709.28,25799173.28,1431590.6,00236047,False,False,False
534030,Čestín,470,1289831.38,1346126.76,13234895.41,13489895.41,1246092.38,00236055,False,False,False
534048,Vižina,275,430896.0,623814.51,8425278.26,10445278.26,430896.0,00509876,False,False,False
534056,Horka II,412,1258979.0,691901.95,12934858.37,13099858.37,1258979.0,00236071,False,False,False
534064,Hostovlice,247,297865.0,971771.96,7920031.41,11560031.41,297530.0,00236080,False,False,False
534072,Kotopeky,298,710244.0,7435900.55,13529365.99,13999165.99,710244.0,00509698,False,False,False
534081,Chabeřice,281,712905.0,1325051.93,4249916.52,29400752.42,709920.0,00236101,False,False,False
534099,Chlístovice,774,1591148.02,1775257.92,35786833.6,36363833.6,1581987.02,00236110,False,False,False
534102,Chotusice,825,1703973.28,2596477.77,26757250.64,53862619.64,1651324.0,00236128,False,False,False
534111,Otmíče,188,730206.0,737201.86,3801347.85,4066347.85,730206.0,00509795,False,False,False
534129,Kácov,792,1471785.0,3831526.7,25761994.94,25761994.94,1455130.0,00236144,False,False,False
534137,Kluky,550,1319147.33,2272334.36,34703448.87,38047083.24,1319147.33,00236152,False,False,False
534145,Bykoš,248,1020556.0,1036989.88,4284680.45,4684780.45,1020556.0,00509639,False,False,False
534153,Krchleby,404,809708.0,2098310.58,11765354.01,22047354.01,801023.0,00236179,False,False,False
534161,Křesetice,742,1727704.0,1666836.9,16579797.52,21485610.68,1714967.0,00236187,False,False,False
534170,Ledečko,241,533435.0,1094243.41,5268773.69,5348773.69,527653.0,00236209,False,False,False
534188,Malešov,1054,1540028.0,2128335.67,37110746.5,76128851.1,1540028.0,00236217,False,False,False
534196,Svatý Mikuláš,983,1807735.0,4538654.21,16900794.59,21963740.59,1805836.0,00236225,False,False,False
534200,Miskovice,1145,1905912.93,3664170.31,39567614.78,54727854.78,1905912.93,00236233,False,False,False
534218,Málkov,121,331717.0,940098.52,10963370.83,10963370.83,331717.0,00509752,False,False,False
534226,Nepoměřice,215,1031918.88,636384.48,5812346.97,6852346.97,1031918.88,00236250,False,False,False
534234,Vinařice,104,316234.0,657968.72,2551225.93,6151225.93,301970.0,00509868,False,False,False
534242,Nové Dvory,907,1654585.0,3697526.89,32232146.6,37032146.6,1654345.0,00236276,False,False,False
534251,Okřesaneč,213,822585.0,910691.68,5374576.81,10524576.81,822585.0,00236284,False,False,False
534269,Nesvačily,176,343716.0,988191.32,2352520.1,2646734.1,343716.0,00509787,False,False,False
534277,Onomyšl,356,1465947.97,657604.14,8360105.37,9738105.37,1393227.27,00236306,False,False,False
534285,Podbrdy,250,370178.0,1338727.66,4731340.74,4731340.74,370178.0,00509809,False,False,False
534293,Soběšín,183,550598.0,1970711.19,4679338.28,4847338.28,516660.0,00498581,False,False,False
534307,Pertoltice,166,450756.0,923874.13,4471126.02,4809126.02,449940.0,00236331,False,False,False
534315,Petrovice I,311,1438475.0,982309.36,11481854.8,11656854.8,1438475.0,00236349,False,False,False
534323,Petrovice II,156,654828.0,845982.09,4992132.8,5946507.8,612524.0,00236357,False,False,False
534331,Potěhy,635,964056.54,10937781.47,37850700.94,47640700.94,941364.54,00236365,False,False,False
534340,Rašovice,426,1147468.0,893901.19,28346159.76,42296040.76,1104717.0,00236373,False,False,False
534358,Rataje nad Sázavou,556,1125382.0,4915664.88,19985620.65,25910620.65,1125382.0,00236381,False,False,False
534366,Řendějov,251,557788.84,718611.59,17375499.89,41661040.1,542820.0,00236390,False,False,False
534374,Samopše,213,1110304.0,1391172.94,11374139.07,12029139.07,1044359.0,00236403,False,False,False
534382,Sázava,3867,2356564.0,22651767.1,179409133.79,555783364.5,2301184.0,00236411,False,True,False
534391,Slavošov,141,1052142.56,687892.37,11031114.21,16692114.21,1052142.56,00236420,False,False,False
534404,Lužce,147,482140.0,609802.38,1663314.71,4678314.71,482140.0,00509736,False,False,False
534412,Staňkovice,262,1078982.97,1439201.92,6866656.3,6867396.1,1078982.97,00236446,False,False,False
534421,Bavoryně,434,503160.0,2106262.26,10001571.82,18331571.82,503160.0,00509612,False,False,False
534439,Suchdol,1119,1925167.1,4484577.93,23299881.0,47649881.0,1862820.0,00236462,False,False,False
534447,Chodouň,715,893414.07,5154764.89,26401780.8,27488780.8,893414.07,00509655,False,False,False
534455,Chlustina,266,1227567.56,981220.01,6336377.48,6336377.48,1197812.0,00509647,False,False,False
534463,Točník,269,1476407.0,863413.53,5336145.1,5427527.1,1476407.0,00509833,False,False,False
534471,Záhornice,420,879792.0,1514846.22,14311755.93,15427755.93,879792.0,00640671,False,False,False
534480,Tupadly,688,980735.07,1384400.32,10320583.18,13190485.18,950965.69,00236519,False,False,False
534498,Uhlířské Janovice,3131,1858788.0,14475769.62,81327502.31,95720325.31,1858788.0,00236527,False,True,False
534501,Úmonín,543,1460969.14,1445643.87,29466288.92,30768288.92,1341076.0,00236535,False,False,False
534510,Úžice,741,1485194.47,2767172.07,18250300.57,18548183.18,1410006.0,00236543,False,False,False
534528,Vavřinec,594,1316570.33,1155237.01,34278265.66,45834514.0,1280031.07,00236551,False,False,False
534536,Vidice,276,1108529.0,1888382.09,16478798.28,19046323.06,1089244.0,00236560,False,False,False
534544,Vinaře,266,304752.0,381343.29,20254490.35,33181860.91,304752.0,00236578,False,False,False
534552,Vlačice,260,462830.0,742385.05,7961525.02,8433525.02,462830.0,00236586,False,False,False
534561,Vlastějovice,471,1589905.82,1471386.19,21362973.63,32526981.63,1523664.0,00236594,False,False,False
534579,Vlkaneč,632,1806269.21,1120702.87,32571585.99,44666368.99,1755582.21,00236608,False,False,False
534587,Vrdy,3118,3500610.0,14251068.29,93793121.34,100038206.34,3500610.0,00236616,False,False,False
534595,Záboří nad Labem,825,1755557.05,1655846.27,22356051.17,27938919.17,1755557.05,00236624,False,False,False
534609,Zbizuby,503,1137788.0,1359225.0,23247023.89,24205713.55,1137788.0,00236632,False,False,False
534617,Zbraslavice,1415,1731852.0,7223499.43,61787863.84,75700613.84,1731852.0,00236641,False,False,False
534625,Zbýšov,600,2040541.28,3999496.68,41992885.11,48050885.11,1821209.28,00236659,False,False,False
534633,Zruč nad Sázavou,4755,2467728.97,20970970.85,159403828.96,214251671.42,2287479.57,00236667,False,True,False
534641,Žáky,416,837120.0,883497.26,6296679.62,20660679.62,837120.0,00236675,False,False,False
534650,Žehušice,901,1752609.0,3182290.31,20932660.9,22252660.9,1672480.0,00236683,False,False,False
534668,Žleby,1429,1691571.0,5138979.36,40963202.58,48151782.58,1641960.0,00236691,False,False,False
534676,Mělník,20278,4950482.36,142836408.12,882249008.56,1706053523.03,4497881.6,00237051,True,True,False
534684,Borek,336,1238093.0,3115645.95,12722738.16,12722738.16,1238093.0,00236713,False,False,False
534692,Újezd u Boskovic,457,1017492.0,849033.66,6899875.85,6899875.85,1017492.0,47884665,False,False,False
534706,Chroustov,197,609789.0,1525417.26,5341586.2,10733927.2,609789.0,00640654,False,False,False
534714,Býkev,585,1049717.0,3383475.24,12890491.65,12890491.65,1045377.0,00236748,False,False,False
534722,Byšice,1448,2438531.0,9330961.16,46927820.59,60947745.59,2391831.0,00236756,False,False,False
534731,Cítov,1296,2971992.0,3601085.6,47400389.75,47712229.75,2953529.0,00236764,False,False,False
534749,Čečelice,701,1846520.0,1965597.78,26799439.84,28421439.84,1804648.0,00236772,False,False,False
534757,Seletice,218,534025.0,1857677.0,9776435.29,19026435.29,530016.0,00640638,False,False,False
534765,Dolní Beřkovice,1573,2386227.54,3878254.6,50938656.03,67039044.03,2386227.54,00236799,False,False,False
534773,Dřínov,504,1420343.0,2164596.45,21011025.5,90537903.56,1395602.0,00236802,False,False,False
534781,Dřísy,1108,2546358.0,2249832.06,23958777.4,42083891.33,2519808.0,00236811,False,False,False
534790,Horní Počaply,1220,2888864.0,14405380.34,70841958.27,140225515.46,2888864.0,00236829,False,False,False
534803,Hořín,939,1436187.24,3178937.17,28097152.37,28942421.37,1379972.0,00236837,False,False,False
534811,Podhradí,198,562440.0,566855.6,4190490.37,4414990.37,562440.0,48471798,False,False,False
534820,Chlumín,490,1276471.0,3679432.99,23338204.47,28919998.83,1276471.0,00236853,False,False,False
534838,Chorušice,556,1244291.0,4499716.95,17767134.6,17767134.6,1244291.0,00236861,False,False,False
534846,Chvatěruby,585,872261.0,5639771.39,18921027.46,18921027.46,862261.0,00236870,False,False,False
534854,Hořany,167,562197.0,1498334.74,25995379.38,31185379.38,562197.0,00640611,False,False,False
534862,Zvěřínek,306,940968.0,1545566.17,6107996.63,42107996.63,940968.0,00640689,False,False,False
534871,Velenka,378,1590553.31,1086738.59,7904959.67,8154959.67,1573707.91,00640697,False,False,False
534889,Starý Vestec,236,354101.0,469970.31,6615258.3,6935258.3,354101.0,00640590,False,False,False
534897,Kly,1770,2396220.0,10898885.64,30111645.14,30813645.14,2396220.0,00236918,False,False,False
534901,Kokořín,399,1040804.0,5945254.37,11426795.73,11426813.31,1034324.0,00236926,False,False,False
534919,Netřebice,252,411475.0,2795779.15,7585617.59,7585617.59,411475.0,00640581,False,False,False
534927,Dubicko,1121,1716556.0,9283356.61,28977375.99,60725014.49,1697964.0,00302538,False,False,False
534935,Kostelec nad Labem,4462,2734914.0,29440624.83,255897823.21,661941886.21,2727914.0,00236951,False,False,False
534943,Kouty,334,1037254.0,2809931.81,22403845.81,34103845.81,1037254.0,00640662,False,False,False
534951,Kralupy nad Vltavou,19005,6206490.38,123726181.38,901285129.22,2339678042.22,6102350.38,00236977,True,True,False
534960,Křenek,324,1039982.0,945211.56,13756794.31,40188671.02,1014865.0,00236985,False,False,False
534978,Ledčice,702,1796897.0,1601860.39,27553659.54,29046934.28,1777375.0,00236993,False,False,False
534986,Lhota,521,1128718.0,1051629.92,22653012.57,32213795.62,1128718.0,00237001,False,False,False
534994,Choťovice,255,1180537.0,759769.9,6034346.07,10534346.07,1180537.0,00640646,False,False,False
535001,Liběchov,1078,2207548.0,2412413.36,31275607.72,42944424.46,2184261.0,00237019,False,False,False
535010,Běleč,306,1277888.32,1934917.83,8543134.68,10063634.68,1272890.32,00640263,False,False,False
535028,Lužec nad Vltavou,1520,1512401.0,6175720.04,35722251.03,36152565.03,1512401.0,00237035,False,False,False
535036,Malý Újezd,1138,1489624.0,2414881.44,70679945.19,130059945.19,1489624.0,00237043,False,False,False
535044,Mělnické Vtelno,1016,2442072.0,3332337.3,37744163.46,39175063.46,2372276.0,00237060,False,False,False
535052,Mšeno,1415,2030952.0,11578448.1,79906406.21,102374525.01,2005285.12,00237078,False,True,False
535061,Nebužely,414,1402565.83,2255250.11,19600213.86,21920213.86,1386543.0,00237086,False,False,False
535079,Nelahozeves,2213,4240872.0,10680049.92,145686462.45,176666462.45,4158922.0,00237094,False,False,False
535087,Neratovice,16360,5420598.0,127724345.13,580905742.1,1948799982.57,5420598.0,00237108,True,True,False
535095,Loucká,139,900448.0,564033.41,2396118.98,2454118.98,900448.0,00640425,False,False,False
535109,Královice,278,560107.6,1448387.44,8207895.13,15475739.56,551342.0,00640433,False,False,False
535117,Nová Ves,1034,3007020.0,3825265.11,28286862.08,28994476.19,3007020.0,00237132,False,False,False
535125,Bílichov,213,956028.9,1658130.11,6178447.91,6468447.91,956028.9,00640450,False,False,False
535133,Obříství,1718,2571188.99,2513142.37,43209745.1,54341045.1,2571188.99,00237141,False,False,False
535141,Ovčáry,516,1078493.0,1710924.47,25221938.46,25841789.1,1059365.0,00237159,False,False,False
535150,Hořešovičky,136,511155.0,1028133.55,3132213.0,3283213.0,487408.0,00640441,False,False,False
535168,Řepín,719,1467062.0,2115330.17,25209522.82,25749522.82,1467062.0,00237175,False,False,False
535176,Planá,256,1176566.38,1639678.59,73519612.83,88126995.79,1176566.38,00581852,False,False,False
535184,Tichov,346,1231549.75,1917373.55,16772393.62,24955610.62,1231549.75,48471640,False,False,False
535192,Spomyšl,584,1242096.0,1596355.59,12441719.07,12575319.07,1242096.0,00237191,False,False,False
535206,Dobrá Voda u Českých Budějovic,2652,1679169.95,3340111.42,73511255.55,134362540.55,1643084.7,00581232,False,False,False
535214,Střemy,491,908673.0,1685192.51,12418947.53,12418947.53,908673.0,00237213,False,False,False
535222,Tišice,2574,3170881.0,6484717.74,50957076.75,65957076.75,3109685.0,00237221,False,False,False
535231,Ostrolovský Újezd,182,484492.0,470447.16,3881380.1,4151880.1,480815.0,00581828,False,False,False
535249,Dasný,353,1257729.9,815456.36,15602243.97,17955243.97,1243092.23,00581224,False,False,False
535257,Úžice,1144,2659705.99,4467658.68,46977765.72,161967765.72,2651790.0,00237256,False,False,False
535265,Velký Borek,1200,2522377.06,3034333.79,30202870.03,31213270.03,2433774.0,00237264,False,False,False
535273,Veltrusy,2311,3320944.5,9766297.29,130065785.41,220131550.41,3290305.0,00237272,False,False,False
535281,Mydlovary,301,746542.0,900993.85,5284512.73,16481189.73,746542.0,00581780,False,False,False
535290,Vojkovice,1039,1734704.42,2538794.21,21571252.12,31748956.12,1715026.0,00237299,False,False,False
535303,Vraňany,998,1366170.0,11137396.78,30423168.91,40271068.91,1366170.0,00237302,False,False,False
535311,Všestudy,434,1645708.0,1121672.64,6660241.78,11160241.78,1645708.0,00237311,False,False,False
535320,Všetaty,2506,2157675.0,9004044.77,79877305.74,139195263.74,2157675.0,00237329,False,False,False
535338,Vysoká,917,1638593.0,4505070.42,27772760.78,28065641.78,1638593.0,00237337,False,False,False
535346,Plav,433,1571988.57,1597772.99,13463490.25,13511490.25,1550081.78,00581861,False,False,False
535354,Zálezlice,445,606384.0,2511417.37,12273806.36,12423806.36,606384.0,00237353,False,False,False
535362,Záryby,1146,1460878.0,2564840.9,36106453.12,41606453.12,1433807.0,00237361,False,False,False
535371,Nákří,226,687434.91,523209.14,7416711.13,10901711.13,647007.91,00581798,False,False,False
535389,Zlosyň,489,1446898.0,2792931.81,13105969.72,13390969.72,1446898.0,00237388,False,False,False
535397,Želízy,518,1398317.0,2292842.34,18659128.42,19067128.42,1398317.0,00237396,False,False,False
535401,Bošilec,220,723435.0,352851.97,4027799.47,4237799.47,712860.0,00581194,False,False,False
535419,Mladá Boleslav,47346,16775359.18,336564038.76,1858336045.1,3580505045.1,16244554.53,00238295,True,True,False
535427,Bakov nad Jizerou,5355,3178923.22,24825946.0,157617270.12,340146240.28,3171065.0,00237418,False,False,False
535435,Neplachov,367,875260.0,667018.52,10544537.26,10594537.26,861463.0,00581801,False,False,False
535443,Bělá pod Bezdězem,4804,4183249.38,19334614.96,160302968.87,513443298.22,3827782.0,00237434,False,True,False
535451,Benátky nad Jizerou,7879,5648606.58,42234359.19,446497805.45,962707933.39,5227948.9,00237442,False,True,False
535460,Hradce,112,466102.42,160949.2,2612201.55,2672201.55,466102.42,00581356,False,False,False
535478,Bezno,987,1562408.6,4823315.64,33573710.04,74674210.04,1541783.6,00237469,False,False,False
535486,Bítouchov,433,1096392.0,720716.01,39057241.27,58872241.27,1096392.0,00237477,False,False,False
535494,Úsilné,487,1856316.37,3270918.63,19534440.66,21246264.15,1718914.02,00581909,False,False,False
535508,Boreč,282,769518.65,2126671.09,7584245.74,7944245.74,752180.0,00237493,False,False,False
535516,Boseň,529,1149761.0,1742665.97,28228848.69,38011148.69,1149761.0,00509191,False,False,False
535524,Hosty,166,427068.0,237283.8,3791698.49,4165698.49,427068.0,00581348,False,False,False
535532,Hanušovice,2889,2254889.15,25307452.87,183206892.68,489734459.49,2040532.87,00302546,False,True,False
535541,Čakov,303,1062365.88,1234971.43,6577373.49,6747373.49,1049565.88,00581216,False,False,False
535559,Brodce,1114,2086598.08,14937348.72,30573513.08,32713513.08,2082494.0,00237540,False,False,False
535567,Březina,439,1412863.0,525382.42,28469976.31,69879976.31,1307532.0,00509329,False,False,False
535575,Habří,126,469225.0,642271.99,1916638.18,1925638.18,468896.0,00581283,False,False,False
535583,Březno,1080,2799284.64,5468341.01,75634144.69,93498144.69,2778529.64,00237574,False,False,False
535591,Zvíkov,260,651384.0,620855.45,7903273.37,8264033.37,651384.0,00581968,False,False,False
535605,Bukovno,804,1680293.0,2223072.51,39186489.58,57139489.58,1680293.0,00237591,False,False,False
535613,Hvozdec,141,447488.0,13465827.54,15902285.73,25072285.73,442788.0,00581399,False,False,False
535621,Čachovice,882,1595745.0,2568170.49,29733462.44,30147462.44,1595745.0,00237612,False,False,False
535630,Čistá,888,1750521.0,3190025.4,120884895.59,192708528.51,1750521.0,00237621,False,False,False
535648,Nová Ves,773,1477721.0,3221570.8,18747776.67,20678276.67,1443881.0,00581810,False,False,False
535656,Dlouhá Lhota,491,1459555.0,2314070.71,10649188.72,11430188.72,1459555.0,00508942,False,False,False
535664,Doubravice,335,334376.0,1303580.07,8874123.94,10063983.94,334376.0,00581259,False,False,False
535672,Dobrovice,3671,2587959.23,20341437.66,116842247.62,120460068.62,2549136.0,00237663,False,False,False
535681,Borovnice,163,460781.0,167519.23,1728952.84,2263952.84,460781.0,00581186,False,False,False
535699,Petříkov,310,1102557.82,1066518.98,15488537.91,17224537.91,987217.82,00581836,False,False,False
535702,Dolní Bousov,3011,3299920.46,9964989.96,103820269.43,124089499.43,3275909.73,00237680,False,False,False
535711,Dolní Krupá,244,572028.28,815505.73,5556163.53,7094163.53,569102.0,00237698,False,False,False
535729,Dolní Slivno,391,1074759.3,2609902.57,16281707.41,16492707.41,1071484.0,00237701,False,False,False
535737,Vidov,594,1370199.0,3186143.2,23326987.23,27881833.33,1370199.0,00581917,False,False,False
535745,Domousnice,303,680917.0,493189.16,7162745.33,7300774.33,680917.0,00237728,False,False,False
535753,Hůry,610,1652851.42,1685102.09,12292060.96,12438060.96,1578834.0,00581381,False,False,False
535761,Jivno,425,983412.0,1142475.08,19814862.02,20014862.02,983412.0,00581411,False,False,False
535770,Horní Studénky,346,543036.72,3259506.62,10497994.65,21853994.65,525840.0,00635944,False,False,False
535788,Dubičné,418,1118893.0,1477014.55,18140661.72,22750661.72,1118893.0,00581275,False,False,False
535796,Vráto,505,1019321.0,1347847.42,11629379.73,12089019.73,1019321.0,00581950,False,False,False
535800,Libníč,587,1328239.28,3403951.43,16269948.04,16780348.04,1241869.28,00581445,False,False,False
535818,Horky nad Jizerou,624,936566.0,2700863.1,31649518.66,48529484.66,936566.0,00237795,False,False,False
535826,Adamov,1040,2082080.86,2944611.65,23926745.08,24141745.08,1909766.96,00581160,False,False,False
535834,Horní Bukovina,279,995795.0,2570669.99,10815964.88,12210796.88,995795.0,00237817,False,False,False
535842,Mokrý Lom,108,560111.0,415835.56,2795694.86,2850694.86,560111.0,00581771,False,False,False
535851,Hlavatce,150,410058.0,472335.48,5143207.27,6023207.27,410058.0,00581313,False,False,False
535869,Hrdlořezy,753,1011636.0,3189316.46,20219256.28,21539256.28,1011636.0,00237841,False,False,False
535877,Komařice,366,1334052.72,956671.35,14099643.69,16888216.44,1310866.72,00581437,False,False,False
535885,Hoštejn,435,381857.0,3257411.01,12903441.17,12960652.17,381857.0,00302589,False,False,False
535893,Vitín,487,1184772.0,932316.7,27534319.44,87118319.44,1127338.0,00581925,False,False,False
535907,Chotýčany,262,1039695.0,357992.96,17506671.28,17845671.28,1032240.0,00581402,False,False,False
535915,Vlkov,49,271595.0,237719.51,1085537.3,1110537.3,271595.0,00581933,False,False,False
535923,Chocnějovice,426,1290474.0,1479072.87,8109238.63,8294238.63,1271274.0,00237906,False,False,False
535931,Chotětov,1444,1607623.0,8531466.82,39140008.0,39140008.0,1607623.0,00237914,False,False,False
535940,Mazelov,231,720113.0,458874.16,10120123.97,10425123.97,714948.0,00581453,False,False,False
535958,Drahotěšice,334,789875.38,676456.6,10904831.89,11054831.89,770313.0,00581267,False,False,False
535966,Jabkenice,499,1532386.47,1880689.62,15413674.94,21342018.94,1511396.0,00237949,False,False,False
535974,Jivina,503,1151333.0,1936729.24,11204214.93,11583214.93,1151333.0,00237957,False,False,False
535982,Kamenná,342,1177256.14,1150021.91,12894763.68,17123763.68,1097906.24,00581429,False,False,False
535991,Pištín,667,2319936.42,1982670.07,40327782.88,65727782.88,2259617.44,00581844,False,False,False
536008,Katusice,842,1774673.0,2998367.89,33976952.56,34802058.56,1747718.0,00237981,False,False,False
536016,Zahájí,463,1587696.0,921325.82,25699318.26,25699318.26,1550086.0,00581372,False,False,False
536024,Klášter Hradiště nad Jizerou,1020,1704044.58,1558294.39,29124126.72,30253364.72,1694472.58,00238007,False,False,False
536032,Strýčice,54,328532.0,330631.22,2051545.22,2204845.22,328532.0,00581887,False,False,False
536041,Kněžmost,2331,3128081.15,11091702.84,70475649.3,86587338.2,3115324.15,00238023,False,False,False
536059,Břehov,177,569736.0,702620.98,2896324.97,2991324.97,569736.0,00581208,False,False,False
536067,Kochánky,515,1092340.23,1896676.42,15412460.3,15582460.3,1035771.0,00238040,False,False,False
536075,Hartmanice,194,567048.0,408896.4,4493869.62,4788869.62,567048.0,00581291,False,False,False
536083,Velenice,208,904719.0,1041137.61,6646443.39,6646443.39,904719.0,00640603,False,False,False
536091,Hrabišín,862,1656689.2,3716932.95,42079914.93,48932614.89,1573061.2,00302619,False,False,False
536105,Horní Kněžeklady,110,429245.0,218336.12,5536102.82,9736102.82,429245.0,00581330,False,False,False
536113,Hynčina,199,396301.0,1646123.26,5898197.66,5898197.66,396301.0,00302643,False,False,False
536121,Kosořice,519,507197.9,1798084.17,14370925.04,23872551.5,503580.0,00238104,False,False,False
536130,Kostelní Hlavno,518,1316375.0,1427568.89,14853725.64,15238725.64,1316375.0,00238112,False,False,False
536148,Javorník,2574,3203447.71,17522277.73,143724064.57,376934453.65,2910015.0,00302708,False,True,False
536156,Bečice,106,422604.0,464017.41,2152005.92,2267005.92,422604.0,00581178,False,False,False
536164,Krásná Ves,188,597592.0,530628.56,6487940.49,8742940.49,597592.0,00238147,False,False,False
536172,Krnsko,593,903818.0,1909480.94,30287076.99,33177076.99,903818.0,00238155,False,False,False
536181,Kropáčova Vrutice,944,1472526.0,9635306.07,60950204.76,67950204.76,1472526.0,00238163,False,False,False
536199,Dobšice,139,390807.0,611170.89,9698975.83,15998975.83,389568.0,00581241,False,False,False
536202,Ledce,408,584574.15,2957246.33,15411329.12,15661329.12,580023.0,00238180,False,False,False
536211,Lhotky,162,598273.15,628282.02,2593503.72,2638503.72,591310.15,00508977,False,False,False
536229,Chlumec,110,297530.0,308552.46,2555819.34,2585819.34,297530.0,00665673,False,False,False
536237,Zvíkov,96,392400.0,619711.92,1783242.62,1933242.62,392400.0,00665681,False,False,False
536245,Srnín,366,1098535.0,400971.45,8462197.07,8596197.07,1098535.0,00475777,False,False,False
536253,Bohdalovice,294,1102408.27,1290626.41,15928005.44,17128005.44,1100408.27,00475785,False,False,False
536261,Loukovec,385,1066392.0,1103158.9,8586988.29,8786988.29,1066392.0,00238244,False,False,False
536270,Luštěnice,2318,2152751.0,11754017.34,87498167.61,88248167.61,2152751.0,00238252,False,False,False
536288,Jedlí,658,1792120.65,3339945.37,83455955.09,86290582.09,1637122.95,00302716,False,False,False
536296,Malšín,168,1010654.0,1463837.33,16181625.01,33266227.14,952049.0,00475475,False,False,False
536300,Věžovatá Pláně,162,370884.0,629470.97,4015387.24,4178037.24,370884.0,00665649,False,False,False
536326,Mnichovo Hradiště,9048,4577277.0,72138501.42,332545554.18,833614341.16,4448302.0,00238309,True,True,False
536334,Němčice,191,686638.0,749604.52,3064072.57,3094072.57,686638.0,00238317,False,False,False
536342,Krajníčko,96,370230.0,914632.31,5281679.89,5426209.89,370230.0,00667587,False,False,False
536351,Nepřevázka,422,1065435.72,1977890.37,9282707.94,9672707.94,1065435.72,00238333,False,False,False
536369,Hornosín,67,324784.0,127691.07,1550901.22,1550901.22,324784.0,00477141,False,False,False
536377,Nová Telib,298,409176.0,843119.77,2670982.75,5750982.75,409176.0,00508951,False,False,False
536385,Jeseník,10456,6551172.34,134990617.26,703796623.38,1957078664.99,5702784.02,00302724,True,True,False
536393,Jestřebí,681,562690.0,4954091.49,18695798.72,19687105.2,562690.0,00302732,False,False,False
536407,Obruby,253,609957.42,760125.45,12164048.76,12164048.76,587155.0,00238384,False,False,False
536415,Měkynec,51,321823.0,424091.54,1751985.74,2816420.74,321823.0,00667692,False,False,False
536423,Radějovice,46,228348.0,414626.64,922933.22,1105766.47,228348.0,00667803,False,False,False
536431,Petkovy,356,677190.0,514248.16,7131717.19,7306717.19,668598.0,00238414,False,False,False
536440,Písková Lhota,1119,601680.0,2605447.57,15269362.48,15649362.48,601680.0,00509230,False,False,False
536458,Plazy,502,1146467.0,10633122.53,16864262.13,49584262.13,1146467.0,00238431,False,False,False
536466,Mačkov,300,1271633.0,1002904.4,7475862.23,7475862.23,1244964.0,00667684,False,False,False
536474,Němčice,109,388769.0,491205.45,1866519.66,1906519.66,386537.8,00667731,False,False,False
536482,Zahorčice,51,270177.0,243367.15,1800818.82,2375171.96,270177.0,00667951,False,False,False
536491,Předměřice nad Jizerou,1020,932775.0,1759518.43,31753153.45,35642988.99,895596.0,00238473,False,False,False
536504,Vacovice,52,265873.0,310462.9,1301720.62,2151720.62,265873.0,00667935,False,False,False
536512,Truskovice,211,327000.0,1316151.58,6188896.98,9238896.98,327000.0,00667889,False,False,False
536521,Jindřichov,1091,2260291.41,6592938.53,61009429.88,86122076.38,2232802.51,00302741,False,False,False
536539,Milejovice,68,297530.0,268479.04,2349165.25,2737916.9,297530.0,00667706,False,False,False
536547,Přechovice,147,375816.0,303421.5,2313032.2,3408032.2,375816.0,00667781,False,False,False
536555,Krty-Hradec,127,414923.0,851756.13,3380842.85,3530842.85,414923.0,00667609,False,False,False
536563,Mnichov,251,610687.0,750292.95,5621112.65,6021112.65,610687.0,00667714,False,False,False
536571,Kamenná,485,1232184.17,3421475.3,18287224.92,21318301.22,1175514.17,00302759,False,False,False
536580,Řepov,790,1966000.88,4151206.11,14231287.6,14551287.6,1966000.88,00238562,False,False,False
536598,Tchořovice,238,1014505.0,1770409.23,6997219.49,19187219.49,988264.0,00667871,False,False,False
536601,Kocelovice,162,637272.0,473828.46,3806018.28,3962018.28,637272.0,00667579,False,False,False
536610,Semčice,754,1128977.17,2417728.87,26797672.15,29312672.15,1128977.17,00238597,False,False,False
536628,Hlupín,95,452316.0,269849.94,1664426.57,1982309.48,452316.0,00477125,False,False,False
536636,Skalsko,393,986916.38,1442621.84,14663952.15,15358952.15,875525.0,00238619,False,False,False
536644,Nebřehovice,176,544680.0,1710438.23,3501002.32,3571002.32,544680.0,00667722,False,False,False
536652,Smilovice,817,1592892.0,11178751.2,28365820.53,39860820.53,1592892.0,00238635,False,False,False
536661,Sojovice,605,1944023.8,2927399.5,17726221.63,17994121.63,1620150.0,70565295,False,False,False
536679,Třešovice,67,304070.0,175319.05,1647413.61,1847413.61,304070.0,00667897,False,False,False
536687,Klopina,626,1290513.02,2085814.27,40755194.78,41506694.78,1284013.02,00302775,False,False,False
536695,Úlehle,90,339713.0,345473.16,2065294.03,2105294.03,339713.0,00667901,False,False,False
536709,Strašnov,309,892934.0,1420680.78,6645843.24,6885843.24,892934.0,00238678,False,False,False
536717,Strenice,199,391922.0,1167675.82,4304894.08,4304894.08,391922.0,00238686,False,False,False
536725,Němětice,125,278174.0,271231.46,2127647.1,2267647.1,278174.0,00667749,False,False,False
536733,Kolšov,709,1501854.91,4643840.36,14211018.22,15283318.22,1484354.91,00302791,False,False,False
536741,Velká Turná,174,1132613.15,593309.56,7865904.99,14564610.28,1132613.15,00667943,False,False,False
536750,Kváskovice,119,198002.0,160148.95,2540368.08,2540368.08,198002.0,00667625,False,False,False
536768,Sukorady,390,1113833.0,1132219.47,8153572.78,8303572.78,1113833.0,00508969,False,False,False
536776,Slaník,147,241800.0,611357.6,3224123.13,4694123.13,241800.0,00667846,False,False,False
536784,Strunkovice nad Volyňkou,130,435367.0,339616.52,1969913.11,1969913.11,429407.0,00667854,False,False,False
536792,Přední Zborovice,94,518484.0,273649.79,1895173.97,1895173.97,518484.0,00667790,False,False,False
536806,Krašlovice,163,660631.0,326122.05,3695893.81,3695893.81,601381.0,00667595,False,False,False
536814,Kosov,321,429327.0,1881013.59,7143222.92,7204076.92,429327.0,00302813,False,False,False
536822,Lom,112,422171.0,382349.48,5330934.15,5422934.15,422171.0,00667676,False,False,False
536831,Libětice,84,334064.0,186298.72,1790748.39,2310748.39,334064.0,00667650,False,False,False
536849,Řepice,442,1564500.0,607380.99,13276962.25,13846962.25,1564500.0,00667820,False,False,False
536857,Velké Všelisy,405,886827.0,5076896.61,20035450.9,26035834.28,886827.0,00238821,False,False,False
536865,Rovná,247,857626.5,525720.25,7306642.43,7371642.43,843125.0,00667811,False,False,False
536873,Zvotoky,56,258290.0,224953.73,2242259.38,2246259.38,258290.0,00667960,False,False,False
536881,Horní Poříčí,307,908748.0,368179.77,11405642.32,17955642.32,908748.0,00477133,False,False,False
536890,Uzeničky,116,361008.0,672327.22,6582068.59,10802068.59,361008.0,00667927,False,False,False
536903,Chobot,39,258302.0,532542.66,1312970.94,1562970.94,258302.0,00477427,False,False,False
536911,Pohorovice,77,388730.0,244540.03,5869747.8,6059747.8,388730.0,00667773,False,False,False
536920,Štěchovice,198,427902.0,1158875.6,5941739.43,6694349.43,426921.0,00667862,False,False,False
536938,Všejany,714,971079.0,4679402.05,15260600.32,20260600.32,971079.0,00238902,False,False,False
536946,Kalenice,82,310452.0,271369.07,1846559.4,2236559.4,310452.0,00477443,False,False,False
536954,Krejnice,72,299891.0,283972.42,1251299.09,1251299.09,299891.0,00667617,False,False,False
536962,Nišovice,252,1078614.16,633981.21,21023832.03,21463832.03,1061775.16,00667757,False,False,False
536971,Žďár,1514,1437275.2,3433862.36,39024092.94,39154092.94,1437275.2,00238945,False,False,False
536989,Žerčice,412,1095136.0,1450187.29,9339826.14,10052172.02,1092840.0,00238953,False,False,False
536997,Židněves,438,532948.0,919739.45,6237790.06,6237790.06,532948.0,00508985,False,False,False
537004,Nymburk,15642,5130353.0,150853071.93,878019459.69,2328828399.69,5070889.0,00239500,True,True,False
537021,Běrunice,871,1369134.67,1662220.03,32513951.3,32513951.3,1349423.0,00238988,False,False,False
537039,Bobnice,878,1664138.22,1698232.85,18342660.58,18752660.58,1612557.0,00238996,False,False,False
537047,Bříství,396,577158.0,1764215.41,17063523.15,17258523.15,570507.0,00239003,False,False,False
537055,Budiměřice,656,1351775.0,2482313.4,20125307.43,25876307.43,1351775.0,00239011,False,False,False
537063,Bratronice,76,416767.0,325300.78,1371514.7,1446514.7,416767.0,00476846,False,False,False
537071,Lipovice,219,1167787.95,7531129.6,13576368.46,17056368.46,1167787.95,00583065,False,False,False
537080,Činěves,518,1084501.0,3625742.95,11119920.78,12114920.78,1084501.0,00239046,False,False,False
537098,Dlouhopolsko,249,764624.0,753831.62,5099437.34,5189437.34,764624.0,00239054,False,False,False
537101,Dobšice,257,677687.0,1250849.83,6717828.8,8263128.8,666003.0,00239062,False,False,False
537110,Dvory,598,1679169.0,5771236.99,43568087.77,53037154.44,1639019.0,00239071,False,False,False
537128,Dymokury,908,1621483.0,5676608.46,47940023.93,53234133.93,1600813.0,00239089,False,False,False
537136,Kratušín,44,263446.0,265161.8,1372301.76,1392301.76,260510.0,00583049,False,False,False
537144,Dvory,93,445178.53,438494.46,1790653.2,5412096.2,424648.0,00583014,False,False,False
537152,Hořátev,799,1362269.0,4457587.03,28665375.63,29261375.63,1362269.0,00239119,False,False,False
537161,Hradčany,283,509030.0,1105560.97,5879570.32,12744570.32,509030.0,00239127,False,False,False
537179,Hradištko,896,1369595.0,4819111.61,30392643.34,30392643.34,1369595.0,00239135,False,False,False
537187,Drslavice,96,583488.0,232151.62,2195164.22,2325164.22,562440.0,00583006,False,False,False
537195,Zábrdí,66,353160.0,277058.23,12109529.06,12124529.06,353160.0,00583146,False,False,False
537209,Žernovice,344,1203700.0,1044273.95,8543866.34,10588866.34,1167008.0,00583162,False,False,False
537217,Choťánky,487,1605768.0,6922942.67,26489072.98,35908097.98,1605768.0,00239178,False,False,False
537225,Chotěšice,325,751884.52,1978633.55,13145407.24,13330407.24,751884.52,00239186,False,False,False
537233,Chrást,522,374811.0,1368732.9,7817993.71,7817993.71,374811.0,00239194,False,False,False
537241,Babice,160,448654.0,462107.1,2440015.2,3010370.2,448654.0,00582964,False,False,False
537250,Jíkev,355,1306271.0,1420225.93,21357292.3,55107926.48,1306271.0,00239216,False,False,False
537268,Jizbice,391,1366634.5,769307.7,6277299.98,6277299.98,1305053.0,00239224,False,False,False
537276,Kamenné Zboží,512,723074.0,1668405.1,10668927.84,10668927.84,722934.0,00239232,False,False,False
537284,Lesnice,629,1307293.25,2444149.62,18104655.18,33855655.18,1205743.28,00302872,False,False,False
537292,Kněžice,564,1400523.0,6948406.06,24048936.31,26948936.31,1400523.0,00239241,False,False,False
537306,Kolaje,87,324610.87,395933.98,2270206.42,4914706.42,323210.87,00239259,False,False,False
537314,Kostelní Lhota,965,1349993.0,2972608.86,41194118.95,47670146.95,1345902.0,00239267,False,False,False
537322,Lužice,45,329344.8,164971.6,4841035.29,15227035.29,317182.0,00583073,False,False,False
537331,Kostomlaty nad Labem,1914,1677671.51,9559669.02,85061210.89,91001210.89,1659445.91,00239283,False,False,False
537349,Košík,358,1280426.0,3239359.28,9314277.61,9814277.61,1280426.0,00239291,False,False,False
537357,Kounice,1738,2103396.0,6250966.95,42415001.3,42865001.3,2098050.0,00239305,False,False,False
537365,Olšovice,60,256682.0,160925.87,4109159.85,4174159.85,256682.0,00583103,False,False,False
537373,Kovanice,952,1416097.8,2187829.99,24395059.78,24402321.28,1414213.0,00239321,False,False,False
537381,Mahouš,154,589019.0,418559.23,9068223.72,14118223.72,587851.0,00583081,False,False,False
537390,Krchleby,814,2247382.9,2043159.96,11592896.55,13009773.52,2199867.0,00239348,False,False,False
537403,Křečkov,439,804469.8,1192598.52,17204056.3,19204056.3,803613.0,00239356,False,False,False
537411,Křinec,1369,1887146.81,3330842.14,34886603.52,41637293.52,1782093.0,00239364,False,False,False
537420,Chvalovice,170,480697.0,555034.85,2743947.3,2808963.31,480697.0,00583031,False,False,False
537438,Libice nad Cidlinou,1215,2126910.96,6853256.41,36208432.34,39130432.34,2082694.96,00239381,False,False,False
537446,Loučeň,1412,1983820.35,3558405.51,41544331.72,74926974.72,1839016.35,00239399,False,False,False
537454,Lysá nad Labem,10004,4100401.0,92450949.9,425861266.46,1186460630.46,3857465.0,00239402,True,True,False
537462,Mcely,423,1245017.0,1601594.68,17561026.78,17826026.78,1225016.0,00239411,False,False,False
537489,Městec Králové,2878,2064070.0,13273087.32,131436506.03,149102113.03,2064070.0,00239437,False,True,False
537497,Milčice,293,927912.0,6200375.47,11072070.18,11872070.18,924912.0,00239445,False,False,False
537501,Milovice,14270,5412126.0,59893820.04,376337024.98,514844592.94,5412126.0,00239453,False,False,False
537519,Buk,317,1404928.2,1656766.61,63183563.46,87090563.46,1298028.2,00582981,False,False,False
537527,Bohunice,44,396216.0,259888.36,2168206.5,4163706.5,396216.0,00582972,False,False,False
537535,Újezdec,81,487147.0,190337.36,3194149.61,3679149.61,487147.0,00583138,False,False,False
537543,Pěčnov,174,549732.0,595729.77,4451403.74,7966403.74,549732.0,00583120,False,False,False
537551,Odřepsy,314,813192.0,3099996.7,7439166.0,7498783.0,813192.0,00239518,False,False,False
537560,Okřínek,202,1186072.0,710004.69,5529145.53,5729145.53,1184572.0,00239526,False,False,False
537578,Opočnice,464,1123078.0,1305911.0,17371680.61,17527680.61,1108128.0,00239534,False,False,False
537586,Opolany,935,2018337.0,6690821.37,33427236.59,38157725.59,2016986.0,00239542,False,False,False
537594,Střítež,110,458742.0,861871.93,4692865.82,5012865.82,458742.0,00511510,False,False,False
537608,Ústrašín,258,507940.0,709527.78,5174578.15,5360778.15,507940.0,00511269,False,False,False
537616,Oskořínek,564,1203404.97,2151051.19,25362610.67,25362610.67,1133431.0,00239577,False,False,False
537624,Ostrá,664,1721922.0,2575154.01,18540005.67,28320005.67,1704541.0,00239585,False,False,False
537632,Pátek,779,2628827.01,1345335.35,18055411.35,18087911.35,2391132.0,00239593,False,False,False
537641,Pečky,4874,3898707.27,20165866.86,155552555.76,590175777.45,3740916.0,00239607,False,True,False
537659,Písková Lhota,560,1279465.52,1978798.89,8553701.9,24287901.9,1237737.0,00239615,False,False,False
537667,Písty,445,1113823.0,1309421.48,8617633.29,9319133.29,1113823.0,00239623,False,False,False
537675,Pňov-Předhradí,617,1415663.49,3658087.58,16440384.38,37095384.38,1334118.0,00239631,False,False,False
537683,Poděbrady,15232,8920167.62,105966502.56,596845021.48,1514830734.34,6012917.0,00239640,True,True,False
537691,Ondřejov,169,516660.0,917722.49,4628784.61,4648784.61,516660.0,00511277,False,False,False
537705,Poříčany,1572,2056612.0,3034065.63,49357715.25,570451793.25,2056612.0,00239666,False,False,False
537713,Leština,1244,1552069.62,4987939.17,28249006.96,162332639.96,1552069.62,00302881,False,False,False
537721,Přerov nad Labem,1246,2130031.0,4303754.62,102419044.11,111194776.06,2130031.0,00239682,False,False,False
537730,Útěchovičky,69,212510.0,703113.38,2593117.11,2633117.11,212510.0,00511340,False,False,False
537748,Ratenice,687,1833544.0,3549286.34,23800099.55,30458099.55,1833544.0,00239704,False,False,False
537756,Rožďalovice,1703,2058544.0,7679142.16,55172113.46,65749148.46,2058544.0,00239712,False,False,False
537764,Sadská,3301,3216805.52,20697516.04,111687955.9,113856295.9,3164610.52,00239721,False,True,False
537772,Sány,594,1382483.0,2618715.66,18416831.21,21856831.21,1354734.0,00239739,False,False,False
537781,Semice,1487,1258166.48,5058914.92,48628095.24,53773095.24,1168325.0,00239747,False,False,False
537799,Senice,204,689700.0,1220849.87,7212189.08,16368189.08,682591.0,00876038,False,False,False
537802,Sloveč,529,1589268.0,1438721.06,14092531.15,14397531.15,1589268.0,00239763,False,False,False
537811,Sokoleč,1126,2330192.0,5254674.38,35632298.78,83297298.78,2302692.0,00239771,False,False,False
537829,Proseč,73,460564.0,636610.88,4107968.74,4107968.74,460564.0,00511285,False,False,False
537837,Stará Lysá,846,948384.0,3211491.48,95879221.29,96583221.29,948384.0,00239798,False,False,False
537845,Teplička,102,585258.0,546493.69,4040724.25,4040724.25,585258.0,00573299,False,False,False
537853,Straky,526,984348.0,19842379.97,26188763.42,31458763.42,984348.0,00239810,False,False,False
537861,Stratov,750,1579350.0,3076707.91,12165549.33,12560549.33,1560124.0,00239828,False,False,False
537870,Březová,719,1311536.0,3153407.42,15558468.49,15558468.49,1288270.0,00573191,False,False,False
537888,Tatce,680,1765631.01,5719637.66,20046269.56,21913854.97,1712803.07,00239844,False,False,False
537896,Třebestovice,1358,1591941.43,2659184.62,30341195.44,140445195.44,1558440.0,00239852,False,False,False
537900,Úmyslovice,331,478230.0,3467268.92,10830039.6,10830039.6,478230.0,00239861,False,False,False
537918,Dalovice,1964,1935057.0,5677218.5,71388833.45,71388833.45,1923057.0,00573213,False,False,False
537926,Jenišov,1124,1367832.0,7239736.79,28667580.16,29383780.16,1367832.0,00573248,False,False,False
537934,Mírová,355,1633447.14,1399573.47,10599699.75,22019799.75,1628020.14,00573264,False,False,False
537942,Vestec,349,517763.0,3006282.59,14191400.74,20191400.74,517763.0,00239909,False,False,False
537951,Vlkov pod Oškobrhem,96,429522.0,916324.91,2807574.51,2967574.51,413321.0,00239917,False,False,False
537969,Otovice,1041,3143767.91,2735140.7,18737134.89,18737134.89,3115900.91,00573272,False,False,False
537977,Vrbová Lhota,574,1262999.0,1075792.29,25684073.14,26819073.14,1262999.0,00239933,False,False,False
537985,Všechlapy,841,1084106.48,4876805.61,17881204.73,21881204.73,1080075.0,00239941,False,False,False
537993,Vykáň,432,1145046.0,2245377.81,9876624.57,10479624.57,1139173.0,00239950,False,False,False
538001,Andělská Hora,402,1467279.0,2712907.21,13186956.87,13686956.87,1441364.0,00573175,False,False,False
538019,Černava,308,1359643.0,2368353.77,8000917.62,15177178.86,1324275.0,00573205,False,False,False
538027,Smolné Pece,245,444000.0,2250037.58,4770494.17,5381494.17,444000.0,00573281,False,False,False
538035,Žehuň,443,783492.0,1422183.48,15824235.31,16089235.31,783492.0,00239992,False,False,False
538043,Babice,1466,3055514.0,5619788.63,24991611.81,27674605.34,3055214.0,00240028,False,False,False
538051,Bašť,3068,3622033.0,5249622.56,48688223.31,54935448.31,3554264.0,00240036,False,False,False
538086,Bořanovice,969,1819374.0,2469927.71,37617757.75,38336257.75,1819374.0,00240061,False,False,False
538094,Brandýs nad Labem-Stará Boleslav,20313,6685667.0,158932765.96,880546552.46,1730066139.09,6685667.0,00240079,True,True,False
538108,Brázdim,711,980796.0,4809669.35,15154226.79,23154226.79,980796.0,00240087,False,False,False
538116,Děpoltovice,465,1227826.93,2127073.43,17350344.94,17500344.94,1227826.93,00573221,False,False,False
538132,Čelákovice,12474,5558199.95,47786206.67,546668649.8,1004956316.74,4580733.0,00240117,False,True,False
538141,Čestlice,762,2740335.97,6064240.73,68778934.16,94206894.67,2731916.0,00240125,False,False,False
538159,Hájek,641,2071756.68,1714346.79,20866665.52,21226665.52,2012627.68,00573230,False,False,False
538167,Dobřejovice,1339,2712671.0,2059556.18,21670937.33,52289455.66,2702667.0,00240141,False,False,False
538183,Kbelany,130,492740.0,485454.7,3440979.48,3440979.48,492740.0,00572837,False,False,False
538191,Dřevčice,756,1339002.0,6209733.97,17409126.95,21109126.95,1339002.0,00240176,False,False,False
538221,Horoušany,2088,2623609.54,5562282.62,32096791.19,32131791.19,2539043.0,00240206,False,False,False
538230,Hovorčovice,2571,2541143.0,7312440.35,48420295.17,52864845.17,2541143.0,00240214,False,False,False
538248,Hrusice,927,1465418.33,3493640.02,27021757.56,27143521.56,1465418.33,00240222,False,False,False
538256,Husinec,1573,3170522.0,5215206.55,72370296.82,155795179.53,3167502.0,00240231,False,False,False
538264,Jenštejn,1535,2353001.0,4416107.04,31860714.07,33290714.07,2328841.0,00240249,False,False,False
538272,Jirny,3253,2992021.0,6043655.17,123643760.64,138643760.64,2992021.0,00240257,False,False,False
538281,Kaliště,389,1133181.9,1511622.16,9983198.71,10348127.71,1104674.9,00240265,False,False,False
538299,Kamenice,5187,3520911.0,27582301.54,178053293.55,219064498.9,3520911.0,00240273,False,True,False
538311,Klecany,3938,3931916.0,18482309.85,271207231.96,521759518.68,3865950.0,00240290,False,False,False
538329,Klíčany,626,1867800.0,18854088.52,27303826.81,27303826.81,1811770.0,00240303,False,False,False
538337,Krásno,702,1648821.57,8960866.59,38948037.84,49668869.19,1614183.57,00573167,False,False,False
538345,Kojetice,1027,1908275.0,3597505.93,33580187.72,33580187.72,1908275.0,00240320,False,False,False
538370,Kostelec u Křížků,770,618708.0,12189151.94,17931299.09,17931299.09,618708.0,00240354,False,False,False
538396,Šabina,407,1489989.0,1342768.59,10300802.08,10300802.08,1481017.0,00573159,False,False,False
538418,Křížkový Újezdec,322,722904.0,1459871.45,8897579.03,9017579.03,722904.0,00240397,False,False,False
538426,Kunice,1916,2122548.0,5525823.86,68526962.39,172878837.19,2122548.0,00240401,False,False,False
538434,Svatava,1619,3304920.49,5686830.17,65860259.29,65860259.29,3290336.0,00573141,False,False,False
538442,Líbeznice,3301,3305206.0,15680210.02,134867071.28,151268934.76,3305206.0,00240427,False,False,False
538451,Louňovice,1277,1886773.0,5573902.08,28141133.88,28531133.88,1820982.0,00240435,False,False,False
538469,Máslovice,390,1164479.0,1279528.93,12134829.62,21775329.62,1164479.0,00240443,False,False,False
538477,Měšice,2181,3483970.0,8274347.69,144714796.55,192680796.55,3428374.0,00240451,False,False,False
538485,Mirošovice,1507,2385639.0,5222916.96,26388096.67,27068096.67,2321826.0,00240460,False,False,False
538493,Mnichovice,4156,3049558.0,17401131.26,104495889.57,257446973.8,2854485.0,00240478,False,False,False
538507,Mochov,1648,1762777.0,4171503.14,26464119.82,26464119.82,1762777.0,00240486,False,False,False
538515,Mratín,1404,2033301.0,5434858.58,35744904.6,35744904.6,2033301.0,00240494,False,False,False
538523,Mukařov,3024,3211387.75,8159158.36,84614528.38,85922584.38,3120615.87,00240508,False,False,False
538540,Nehvizdy,4404,3582657.4,7391051.15,145312711.3,153313711.3,3521413.0,00240524,False,False,False
538558,Nová Ves,1548,2390564.0,6929568.06,35009598.86,37819598.86,2368091.0,00240532,False,False,False
538566,Nový Vestec,517,2093691.97,3207607.25,14597184.11,18101184.11,2093691.97,00240541,False,False,False
538574,Odolena Voda,6547,4604953.9,68530805.43,285391334.93,511383232.13,4363737.0,00240559,False,True,False
538582,Ondřejov,1883,1931757.0,6573530.05,37074745.43,68217845.43,1931757.0,00240567,False,False,False
538591,Dolní Rychnov,1282,2901153.0,6244809.72,29989631.96,43229631.96,2901153.0,00573132,False,False,False
538604,Panenské Břežany,665,1727943.0,3629954.5,22612435.67,35084435.67,1715943.0,00240583,False,False,False
538612,Petříkov,639,1547695.0,2531204.96,18734147.02,19802147.02,1547695.0,00240591,False,False,False
538621,Podolanka,618,1001828.0,5230800.61,14117653.06,14117653.06,985066.0,00240605,False,False,False
538639,Polerady,803,1325462.0,2757651.53,30464554.42,47680542.28,1325462.0,00240613,False,False,False
538647,Postřižín,2007,1902041.0,1946916.72,39992298.06,50334298.06,1869226.0,00240621,False,False,False
538655,Předboj,1424,3398345.0,11278714.98,64944948.85,64944948.85,3398345.0,00240630,False,False,False
538663,Tatrovice,162,1133063.86,584498.31,6259711.3,6365711.3,1120513.86,00573124,False,False,False
538671,Přezletice,2419,3633153.0,8531827.48,51033749.92,54155478.92,3549399.0,00240656,False,False,False
538680,Pyšely,2301,2715436.0,4731284.89,72135315.82,130718661.82,2715436.0,00240664,False,False,False
538698,Radějovice,541,1041024.0,2410636.84,17473717.64,20904717.64,1020190.0,00240672,False,False,False
538701,Radonice,1148,665711.0,7809454.3,41409708.99,41409708.99,665711.0,00240681,False,False,False
538710,Řehenice,544,1261627.0,1191057.75,15636066.07,16036066.07,1252505.0,00240699,False,False,False
538728,Říčany,17143,7977482.24,286307023.17,1466533190.42,2831772750.26,7584423.12,00240702,True,True,False
538744,Březnice,1485,2553710.17,2615431.18,37013291.27,39992447.27,2435983.0,48471828,False,False,False
538752,Senohraby,1379,1701769.0,8881493.28,39135244.15,45804244.15,1701769.0,00240737,False,False,False
538761,Sibřina,1078,1909372.96,4325744.75,20297899.56,20823899.56,1900910.96,00240745,False,False,False
538779,Sluhy,743,2049313.17,7616694.65,22702537.04,24098537.04,1997801.17,00240753,False,False,False
538787,Sluštice,747,3119270.0,1905876.8,20896588.91,20896588.91,3119270.0,00240761,False,False,False
538795,Krásná,625,1227384.0,2740619.32,24470989.69,29193165.12,1206486.0,00572675,False,False,False
538809,Strančice,2899,4407855.31,13578074.93,107635936.07,214207874.57,4113846.0,00240788,False,False,False
538817,Podhradí,214,850409.0,1944765.21,5603970.79,7612470.79,850409.0,00572683,False,False,False
538825,Struhařov,1009,1586324.0,5246237.59,38296602.8,54067488.8,1580031.0,00240800,False,False,False
538833,Sulice,2635,4113674.0,10229718.7,249108061.51,280405042.43,4113674.0,00240818,False,False,False
538841,Světice,1458,1425932.12,6852703.17,84850555.19,113524555.19,1346348.0,00240826,False,False,False
538850,Svojetice,1341,1950043.66,4114440.84,46269584.91,61984584.91,1903367.0,00240834,False,False,False
538868,Pomezí nad Ohří,360,1648769.75,1859953.95,51614916.98,56614916.98,1566571.0,00572730,False,False,False
538876,Šestajovice,4199,2614125.0,4538639.9,84519868.02,128519868.02,2590761.0,00240851,False,False,False
538884,Škvorec,2259,2598103.6,6565843.1,114848249.18,121529076.18,2538642.0,00240869,False,False,False
538892,Tehov,1169,3052893.0,2887267.24,31493144.87,55587144.87,3019968.0,00240877,False,False,False
538906,Milíkov,288,626614.0,3166138.06,13540458.7,14540458.7,626614.0,00572713,False,False,False
538914,Lázně Toušeň,1501,2040139.0,21999923.9,44944301.71,186456838.71,2040139.0,00240893,False,False,False
538922,Okrouhlá,254,1258093.0,3053108.6,15949610.01,20949610.01,1258093.0,00572691,False,False,False
538957,Úvaly,7515,5271798.68,43740938.57,293986988.97,581641734.97,4302112.0,00240931,False,True,False
538965,Veleň,2036,3043939.0,104845312.7,123951331.72,126176331.72,3043939.0,00240940,False,False,False
538973,Veliká Ves,409,1107292.0,1667602.46,11881140.05,20017140.05,1107292.0,43750486,False,False,False
538981,Velké Popovice,3329,2276786.21,14018204.46,105445542.62,120608718.62,2227947.0,00240966,False,False,False
538990,Větrušice,712,1167240.0,6366838.31,18689424.0,33109128.18,1167240.0,00240974,False,False,False
539015,Vodochody,836,1891407.24,2388229.28,20690956.89,20690956.89,1866376.0,00240991,False,False,False
539023,Třebeň,475,1170537.0,1343105.32,11119528.19,12519528.19,1163537.0,00572705,False,False,False
539031,Všestary,1009,2203636.0,2192987.38,48757803.81,54490715.81,2191124.0,00241016,False,False,False
539040,Vyšehořovice,696,1921429.0,3699892.96,17915432.7,19037673.7,1921429.0,00241024,False,False,False
539058,Zdiby,4097,2501305.9,18768588.63,123500156.93,131272156.93,2487880.0,00241032,False,False,False
539066,Zeleneč,3178,4341417.99,10529439.24,123802495.11,136174495.11,4339241.99,00241041,False,False,False
539074,Vojtanov,254,1316333.0,1120522.28,9315525.88,9315525.88,1311076.0,00572721,False,False,False
539082,Zlonín,1377,2354094.0,4612296.31,24339230.11,30019230.11,2326332.0,00241067,False,False,False
539091,Zvánovice,599,607692.0,1137555.3,16791579.88,17291579.88,607692.0,00241075,False,False,False
539104,Bojanovice,486,1501089.0,3709917.67,57459223.04,65782336.48,1475456.0,00241091,False,False,False
539112,Stará Voda,505,1416918.5,1401483.21,22761687.56,26267096.56,1360129.0,00572748,False,False,False
539121,Černolice,576,678162.24,1457530.72,14835085.85,14915085.85,667921.0,00241113,False,False,False
539139,Černošice,7712,3480490.62,238620920.03,509197630.01,1051143619.01,3103415.0,00241121,True,True,False
539147,Číčovice,332,2006556.0,1118580.22,6343465.63,8153465.63,2004356.0,00241130,False,False,False
539155,Čisovice,1182,1494255.0,1182085.92,58108439.08,61108439.08,1494255.0,00241148,False,False,False
539163,Davle,1891,2931859.0,4906053.81,80283898.33,80333898.33,2784105.0,00241156,False,False,False
539171,Dobrovíz,577,2181536.96,2833370.46,29588051.24,29908051.24,2091008.0,00241164,False,False,False
539180,Dobříč,453,1054037.0,2493605.23,7627422.3,9071422.3,1054037.0,00241172,False,False,False
539198,Dobřichovice,3772,2396930.45,18335571.07,104016394.17,165938917.44,2375574.45,00241181,False,False,False
539201,Dolany nad Vltavou,938,1905026.0,3375043.77,14198086.7,14529302.7,1905026.0,00241199,False,False,False
539210,Dolní Břežany,4735,3908302.0,30464971.47,135113244.72,346063414.33,3908302.0,00241202,False,False,False
539228,Holubice,2176,1919352.0,5939954.98,48589835.08,56898960.08,1820322.0,00241211,False,False,False
539236,Horoměřice,5496,5030603.79,11832803.2,156603023.75,170226555.75,4855802.71,00241229,False,False,False
539244,Hostivice,9179,4995450.32,46750409.85,329994292.29,640488282.18,4817927.94,00241237,False,True,False
539252,Hradištko,2499,2322317.0,6834545.26,66026724.85,93925524.85,2322317.0,00241245,False,False,False
539261,Hvozdnice,588,1635628.0,2112538.74,9242273.15,9242273.15,1635628.0,00241253,False,False,False
539279,Velká Hleďsebe,2402,2436669.66,7221284.44,92509991.64,141844617.85,2347617.95,00572756,False,False,False
539287,Choteč,370,1570233.38,1290165.14,75594790.55,243083790.55,1570233.38,00241270,False,False,False
539295,Chrášťany,1180,2246548.5,4193482.63,41499721.35,67042075.4,2187568.0,00241288,False,False,False
539309,Chýně,4965,4156467.5,11267542.84,198124042.68,202774925.54,4073327.0,00241296,False,False,False
539317,Jeneč,1315,2070646.07,5058690.77,32459990.71,32976798.71,2070646.07,00241300,False,False,False
539325,Jesenice,10460,5201465.97,41033229.42,430479057.21,796938776.42,5124248.0,00241318,False,True,False
539333,Jílové u Prahy,5262,2969487.0,35466723.78,211263440.3,327049161.2,2969487.0,00241326,False,True,False
539341,Jíloviště,712,1795338.0,2163627.19,19199309.64,25830419.64,1795338.0,00241334,False,False,False
539350,Jinočany,2350,2162414.0,11558151.98,56722155.53,123666258.53,2162414.0,00241342,False,False,False
539368,Kamenný Přívoz,1598,2830804.0,9229011.31,41615645.86,323273693.86,2802984.0,00241351,False,False,False
539376,Vlkovice,122,480785.0,1948327.26,5369021.55,5884021.55,480785.0,00572764,False,False,False
539384,Kněževes,649,1300985.1,1853931.68,14168552.74,14868552.74,1300985.1,00241377,False,False,False
539392,Kosoř,874,1444570.0,6168272.34,18254860.54,18254860.54,1444570.0,00241385,False,False,False
539406,Lety,1701,2656977.37,5169230.68,50090098.33,66403232.33,2616609.37,00241393,False,False,False
539414,Libčice nad Vltavou,3604,3931961.42,16636202.77,115052447.12,257592026.12,3812426.0,00241407,False,False,False
539422,Libeř,1630,2295808.0,3303468.64,61716840.24,69416840.24,2191079.0,00241415,False,False,False
539431,Zádub-Závišín,495,1570404.0,1729816.3,12877350.26,19927350.26,1555809.0,00572772,False,False,False
539457,Líšnice,803,1652622.0,3157613.1,25078676.81,28078676.81,1652622.0,00241440,False,False,False
539473,Ovesné Kladruby,142,873007.0,1078088.46,27940692.96,36320747.42,833990.0,00572667,False,False,False
539481,Valy,487,978766.32,1319938.83,7303652.02,7303652.02,948479.0,00572781,False,False,False
539490,Měchenice,873,1696451.86,2409968.68,19051423.92,24693423.92,1688797.86,00241482,False,False,False
539503,Ohrobec,1571,1649218.0,3485782.68,81911127.88,264189408.04,1644646.0,00241491,False,False,False
539511,Okrouhlo,805,1723479.0,1395009.32,39561717.04,39561717.04,1723479.0,00241504,False,False,False
539520,Ořech,963,2396553.0,6238239.72,27364569.48,93297755.79,2395924.0,00241512,False,False,False
539538,Prameny,103,948123.0,1094308.96,2562223.54,2562223.54,948123.0,00572799,False,False,False
539546,Petrov,821,1641756.0,1773401.42,14003125.33,14344125.33,1604267.0,00241539,False,False,False
539554,Odrava,237,1249183.0,1310367.75,8327421.12,19927421.12,1249183.0,00572802,False,False,False
539562,Pohoří,429,1624874.0,1987809.07,14604590.11,17137181.96,1621124.0,00241555,False,False,False
539571,Průhonice,2846,3625182.46,15025168.26,97372848.69,97372848.69,3322595.0,00241563,False,False,False
539597,Psáry,4254,3600976.03,14759675.34,120130345.73,121574345.73,3474405.64,00241580,False,False,False
539619,Tuřany,141,641254.0,1570359.24,4957892.26,10377892.26,641254.0,00572811,False,False,False
539627,Roztoky,9088,6039095.92,38916619.73,264268458.71,642104872.0,6002789.92,00241610,False,True,False
539643,Řevnice,3777,2194695.2,11596128.54,151873989.34,201563080.16,2118190.41,00241636,False,False,False
539651,Řitka,1401,2321941.0,3248281.13,28633516.04,36464409.04,2297627.0,00241644,False,False,False
539660,Slapy,965,1578253.98,3641083.51,28276790.15,29181790.15,1554438.98,00241652,False,False,False
539686,Statenice,1585,3071031.74,4890188.0,73331539.69,101459539.69,3071031.74,00241679,False,False,False
539708,Středokluky,1292,1627190.0,7725773.21,39230411.07,39480411.07,1627190.0,00241695,False,False,False
539716,Měcholupy,210,1058574.0,1102553.58,13246995.48,17681995.48,1058574.0,00574228,False,False,False
539732,Štěchovice,2212,2437575.0,8095720.03,65782528.39,65782528.39,2401431.0,00241725,False,False,False
539741,Štěnovický Borek,626,1788513.0,1712493.32,16256763.42,19256763.42,1788513.0,00574040,False,False,False
539759,Třebotov,1516,3014257.56,3643291.27,147215499.56,224473296.31,2945369.53,00241741,False,False,False
539767,Tuchoměřice,1724,3370313.27,8184924.96,63527887.93,114988099.93,3358313.27,00241750,False,False,False
539775,Tursko,993,1434725.97,6663425.27,33112931.7,35312631.7,1434725.97,00241768,False,False,False
539783,Oplot,350,1434293.0,1029912.7,60656602.26,60956602.26,1434293.0,00574147,False,False,False
539805,Únětice,913,2549011.47,3940491.14,18831545.05,28468045.05,2470151.0,00241792,False,False,False
539813,Velké Přílepy,3601,4491843.09,25211147.44,144835107.47,300444701.47,4266645.37,00241806,False,False,False
539821,Horní Lukavice,509,793838.0,5569369.38,10561093.58,10561093.58,788248.0,00574201,False,False,False
539830,Vonoklasy,567,2140942.0,1771116.47,10539737.76,17504737.76,2140942.0,00241822,False,False,False
539848,Vrané nad Vltavou,2704,1738972.0,18210859.64,133177661.61,255777661.61,1738972.0,00241831,False,False,False
539856,Všenory,1746,1938952.0,5708981.88,58462496.04,59035496.04,1938952.0,00241849,False,False,False
539872,Zbuzany,1433,1833561.0,3147434.33,30874175.49,62374175.49,1833561.0,00640221,False,False,False
539881,Zlatníky-Hodkovice,1415,2235180.0,11148569.63,40133401.84,75467178.84,2233598.0,00241873,False,False,False
539902,Zvole,1964,2906503.0,6013845.12,47308278.24,54250278.24,2906503.0,00241890,False,False,False
539911,Příbram,32773,9505763.87,236076502.73,1361313262.26,2548672756.81,9307350.33,00243132,True,True,False
539929,Týniště,54,337966.88,230682.74,1348411.94,1348411.94,330906.0,00574252,False,False,False
539937,Skašov,221,1367725.0,622109.92,9322283.47,9322283.47,1367725.0,00574261,False,False,False
539945,Dolce,293,593556.0,964736.13,4129394.56,8420910.56,593556.0,00574163,False,False,False
539953,Bohutín,2063,2212631.0,2083024.48,38895160.71,40359160.71,2212631.0,00241946,False,False,False
539961,Libina,3254,2524837.75,23323791.03,104217277.11,204290860.32,2492563.75,00302899,False,False,False
539970,Borotice,417,690528.0,1145698.11,17145858.65,26872758.65,684258.0,00241962,False,False,False
539988,Bratkovice,321,771720.0,1036761.4,9248020.03,9588020.03,771720.0,00241971,False,False,False
540005,Lipinka,186,332358.0,1149384.57,4702473.02,16885473.02,329358.0,00302911,False,False,False
540013,Březnice,3577,3305601.77,20378508.34,160324417.38,168007870.38,2859709.5,00242004,False,True,False
540021,Buková u Příbramě,457,1497781.0,942161.9,9449160.19,9629160.19,1497781.0,00242012,False,False,False
540030,Lipová-lázně,2047,3715592.45,7211724.86,104023300.96,214077170.12,3472463.87,00302929,False,False,False
540048,Buš,340,1288771.0,2498523.1,7470556.53,9105241.33,1288771.0,00242021,False,False,False
540056,Střelice,149,575340.0,397992.67,3564200.74,5155837.62,575340.0,00574091,False,False,False
540064,Lisov,139,883680.0,392677.86,3602887.42,3804187.42,883680.0,00574104,False,False,False
540072,Čenkov,379,1087301.0,6835564.97,10694140.13,16994140.13,1087301.0,00242055,False,False,False
540081,Čím,391,1184460.0,569831.46,7233120.08,7463120.08,1184460.0,00242063,False,False,False
540099,Daleké Dušníky,442,1218623.0,1725042.88,24366105.93,52518105.93,1218623.0,00242071,False,False,False
540102,Nezdřev,106,295339.0,1328806.29,2921365.2,2921365.2,282526.0,00574112,False,False,False
540111,Dobříš,8870,4464771.44,102156602.99,344499800.9,782117592.76,4248474.0,00242098,True,True,False
540129,Dolní Hbity,919,2746459.44,2585421.66,26227705.57,27909168.57,2722452.92,00242101,False,False,False
540137,Životice,58,276747.0,1022865.13,2525062.64,2525062.64,276747.0,00574074,False,False,False
540145,Drahlín,573,1136738.0,1652829.87,14239255.72,26458255.72,1088787.0,00242128,False,False,False
540153,Drásov,432,930946.0,959210.6,10040931.93,17306931.93,929988.0,00242136,False,False,False
540161,Líšnice,425,1282709.0,6190014.46,26460675.73,26700675.73,1282709.0,00636002,False,False,False
540170,Drevníky,402,1082712.0,829005.86,12643975.46,23908975.46,1060990.0,00242152,False,False,False
540188,Drhovy,302,1309365.5,828826.0,6183668.86,9833668.86,1285300.0,00242161,False,False,False
540196,Loštice,3052,2360690.65,9579587.67,137650503.89,146933050.97,2275169.0,00302945,False,False,False
540200,Kozlovice,101,567264.0,517536.92,2495648.56,2495648.56,567264.0,00574295,False,False,False
540218,Dublovice,1070,1640773.45,4809004.55,27685183.9,29091583.9,1609383.45,00242195,False,False,False
540226,Loučná nad Desnou,1435,2198262.89,11590810.59,73173872.31,77502435.63,2159490.89,00302953,False,False,False
540234,Lukavice,876,1461328.0,2244858.02,22711730.82,23111880.82,1459038.0,00302961,False,False,False
540242,Hluboš,699,1089150.0,3847918.47,25477404.4,32137404.4,801150.0,00242225,False,False,False
540251,Drahkov,133,409828.0,494237.1,4200839.85,4340839.85,409828.0,00574171,False,False,False
540269,Nová Ves,299,1399380.0,3771035.38,11706990.77,12096990.77,1399380.0,00574287,False,False,False
540285,Hřiměždice,390,1242077.0,1327608.12,11358147.51,11676147.51,1242077.0,00242268,False,False,False
540293,Otěšice,146,797988.0,825616.53,5069581.74,5189581.74,797988.0,00574317,False,False,False
540307,Chlumy,103,423865.0,376404.72,2204725.42,2204725.42,423865.0,00574325,False,False,False
540315,Hvožďany,796,1985275.6,8042585.64,31748934.36,34902890.74,1983270.0,00242292,False,False,False
540323,Chotilsko,602,660077.0,3421331.94,27782554.62,30435636.62,660077.0,00242306,False,False,False
540331,Malá Morava,509,1339695.0,4786353.04,28373610.49,32033592.49,1339695.0,00302970,False,False,False
540340,Nebílovy,385,743461.0,2576831.11,13599858.66,19557133.66,743461.0,00574198,False,False,False
540358,Chraštice,255,1040628.0,1206729.75,31940916.86,35574347.45,1034628.0,00242331,False,False,False
540366,Maletín,442,2195625.8,4446792.24,28610570.73,28787520.73,2146596.8,00302988,False,False,False
540374,Jablonná,419,1413861.0,965968.3,9690923.04,12443701.04,1379481.0,00242357,False,False,False
540382,Mikulovice,2482,2948412.39,7750246.05,136742019.19,362935848.22,2903807.0,00303003,False,False,False
540391,Jesenice,562,1103725.0,2494691.53,15211208.36,17297208.36,1080825.0,00242373,False,False,False
540404,Jince,2524,3318625.6,7353687.92,65778489.37,74435151.67,3292285.6,00242381,False,False,False
540412,Předenice,263,1145325.0,1139342.64,5626645.62,5767645.62,1125624.0,00574180,False,False,False
540421,Radkovice,112,292786.0,815893.73,1899356.0,1899356.0,292786.0,00574210,False,False,False
540439,Kamýk nad Vltavou,990,1902653.52,6165853.09,132449782.55,191852155.19,1879498.0,00242411,False,False,False
540447,Klučenice,480,1142285.0,3059375.44,17764212.75,17764212.75,1142285.0,00242420,False,False,False
540463,Bolkov,58,317628.0,233105.11,1910855.55,3110855.55,317628.0,00574082,False,False,False
540471,Mohelnice,9782,4251076.0,89992155.13,448928668.53,1165269519.79,4223076.0,00303038,True,True,False
540480,Moravičany,1379,2400214.0,8828327.84,48783710.76,56900837.76,2400214.0,00303046,False,False,False
540498,Kosova Hora,1373,1585638.36,4266147.99,60261871.95,66179871.95,1532142.36,00242471,False,False,False
540501,Nový Malín,3647,2205663.14,7916448.21,96594033.88,121177822.88,2177649.14,00303089,False,False,False
540510,Olšany,1026,1738482.0,5547603.64,27047955.05,29632955.05,1679856.0,00303097,False,False,False
540528,Únětice,160,657351.0,1725904.59,3544203.46,3835281.46,657351.0,00574333,False,False,False
540536,Kozárovice,400,1585355.0,4532920.5,14676759.84,16261759.84,1585355.0,00473847,False,False,False
540544,Oskava,1305,1881164.0,5542459.31,40650487.89,40899920.89,1881164.0,00303101,False,False,False
540552,Krásná Hora nad Vltavou,1143,2803224.93,6084634.18,41108153.1,90344325.4,2735845.93,00242535,False,False,False
540561,Letkov,881,1672354.0,2151401.22,40573044.18,46184439.38,1671156.0,00574155,False,False,False
540579,Křepenice,212,504588.0,394254.77,3978910.96,4387910.96,503535.0,00242551,False,False,False
540587,Křešín,147,678540.0,414916.77,2359628.2,2373628.2,678540.0,00242560,False,False,False
540595,Palonín,344,1205542.0,1255346.52,10419520.64,11741420.64,1198769.0,00303127,False,False,False
540609,Pavlov,669,1501328.0,3541543.37,24004752.84,39003586.84,1490448.0,00303135,False,False,False
540617,Líšina,151,400022.0,764176.7,5051356.37,5051356.37,362817.0,00574066,False,False,False
540625,Láz,630,1666345.0,1512641.81,14991203.43,21484091.43,1660742.0,00242608,False,False,False
540633,Kotovice,303,771720.0,781797.41,5196554.99,5196554.99,771720.0,00574023,False,False,False
540641,Mokrouše,342,650328.0,1556734.16,5006918.59,5006918.59,650328.0,00574309,False,False,False
540650,Písařov,711,1557962.0,4614249.98,23837919.42,25830451.42,1557962.0,00303151,False,False,False
540668,Honezovice,279,1038102.0,1014726.8,14050984.92,14190984.92,1035349.0,00574031,False,False,False
540676,Srby,169,611497.0,600715.33,7324163.76,7344163.76,608497.0,00574236,False,False,False
540684,Písečná,1033,3086021.07,6317268.21,55859259.94,56103592.94,3000347.0,00303160,False,False,False
540692,Sedliště,137,404284.0,754064.41,3250648.89,3250648.89,404284.0,00574244,False,False,False
540706,Vlčtejn,96,458231.0,1032101.94,1981183.32,2001183.32,457560.0,00574058,False,False,False
540714,Malá Hraštice,1175,1900084.37,2921671.43,24805086.78,26205086.78,1874434.37,00242691,False,False,False
540722,Smědčice,311,1188622.52,206533.01,33454089.72,64521089.72,1164477.0,00573850,False,False,False
540731,Police,232,461922.0,2530699.49,7736525.11,7889146.11,461922.0,00635880,False,False,False
540749,Milešov,330,1973700.0,6341609.26,26245415.49,40531201.88,1964200.0,00242721,False,False,False
540757,Milín,2209,2345245.74,5730866.07,86732904.48,90147275.48,2309979.0,00242730,False,False,False
540765,Mníšek pod Brdy,6432,4349881.24,43362822.59,278326252.45,756912217.46,4143261.41,00242748,False,True,False
540773,Postřelmov,2962,2422793.15,19390018.6,100939415.24,120783435.56,2392513.15,00303232,False,False,False
540781,Mokrovraty,804,1512317.03,2259602.62,17983606.67,22270400.67,1488935.43,00242764,False,False,False
540790,Nalžovice,622,1140565.65,2347431.79,30618136.9,37673136.9,1140287.65,00242772,False,False,False
540803,Chlum,49,296124.0,446968.24,4051533.49,7551533.49,296124.0,00573981,False,False,False
540811,Nečín,779,1900237.45,1801020.25,48818291.14,49589417.14,1900237.45,00242799,False,False,False
540820,Nedrahovice,469,983921.0,1900303.3,7939207.51,8310127.51,974629.0,00242802,False,False,False
540846,Nechvalice,660,1241907.31,1429502.49,15503719.81,15528719.81,1241907.31,00242829,False,False,False
540854,Rájec,569,1363175.93,1603742.61,82052704.45,161642703.45,1334135.93,00303267,False,False,False
540862,Rapotín,3316,3417512.05,10614034.93,263795476.08,407869467.66,3119698.0,00635901,False,False,False
540871,Rohle,610,1419111.42,3684080.22,20906213.2,21446213.2,1391613.42,00303291,False,False,False
540889,Nová Ves pod Pleší,1562,2322855.16,4088435.63,31855606.42,32516506.42,2293451.66,00242861,False,False,False
540897,Nové Dvory,280,527713.0,701331.86,5349799.75,5349799.75,527713.0,00242870,False,False,False
540901,Nový Knín,2154,3170972.3,12901612.1,64683136.86,68893410.86,3009986.0,00242888,False,False,False
540919,Rovensko,823,1728905.0,4846754.7,19572978.47,35232978.47,1728905.0,00303305,False,False,False
540927,Čilá,19,245209.0,222563.14,745628.19,1345628.19,245209.0,00574007,False,False,False
540935,Obecnice,1261,2249756.0,4793825.33,52637489.26,57843263.26,2249756.0,00242918,False,False,False
540943,Obory,283,811159.0,2562363.36,17580434.66,21260434.66,811159.0,00242926,False,False,False
540951,Obořiště,723,1313878.0,11445758.12,20899904.83,24821043.83,1313878.0,00242934,False,False,False
540960,Ohrazenice,301,820716.0,2299422.1,4222059.81,4302059.81,778500.0,00242942,False,False,False
540978,Ruda nad Moravou,2549,1901004.53,9436727.53,112228516.34,256754516.34,1869464.53,00303313,False,False,False
540986,Sobotín,1141,2053878.0,8302974.53,42536256.84,70549256.84,2053878.0,00303348,False,False,False
541001,Hradiště,49,283107.4,368050.78,1319182.27,1850152.27,263512.0,00573990,False,False,False
541010,Ouběnice,252,563748.0,412720.55,5042983.48,5151831.48,563748.0,00242993,False,False,False
541028,Pečice,397,1465037.9,2299690.55,12196259.39,23497768.15,1447373.0,00243001,False,False,False
541036,Stará Červená Voda,591,1496932.7,2753079.08,24416033.79,25581456.79,1458580.0,00303356,False,False,False
541044,Petrovice,1324,2511131.0,7082557.61,47444054.76,49745054.76,2511131.0,00243027,False,False,False
541052,Pičín,658,1703271.0,3421876.05,21963381.66,28491531.66,1703271.0,00243035,False,False,False
541061,Zvíkovec,198,822473.0,779882.65,6983867.04,10848867.04,822473.0,00573868,False,False,False
541079,Staré Město,1678,2961874.41,11795137.74,137732381.38,173599317.38,2961874.41,00303364,False,False,False
541087,Počepice,552,967077.89,1687297.32,17633452.03,42388452.03,847480.0,00243060,False,False,False
541095,Bezděkov,159,414262.7,398616.36,1795918.49,1795918.49,392337.0,00574015,False,False,False
541109,Sudkov,1182,2016193.0,7456092.33,33770785.97,38006625.97,1983193.0,00303411,False,False,False
541117,Supíkovice,623,1701717.66,2891394.44,35089888.58,41589888.58,1640820.0,00303429,False,False,False
541125,Svébohov,424,1094497.34,2118887.44,11632997.21,12371870.21,1053261.36,00303437,False,False,False
541133,Prosenická Lhota,542,594600.0,1520675.45,9036104.63,88848104.63,594600.0,00243116,False,False,False
541141,Chomle,81,322980.0,169883.8,2541724.5,2541724.5,322980.0,00573973,False,False,False
541150,Kamenný Újezd,975,1621577.0,2568270.2,21114840.49,42882840.49,1614486.0,00573957,False,False,False
541168,Štíty,1905,2031942.0,9485193.59,81937503.07,94737503.07,2031942.0,00303453,False,False,False
541176,Svojkovice,492,943496.0,2518584.4,9139946.49,9329946.49,943496.0,00573892,False,False,False
541192,Nevid,188,470000.0,816431.56,2561845.75,2561845.75,470000.0,00519995,False,False,False
541206,Rosovice,897,1439375.0,3132791.58,28811015.84,28811015.84,1439375.0,00243191,False,False,False
541214,Uhelná,469,1190676.0,6535308.12,24302423.24,48392423.24,1190676.0,00636053,False,False,False
541222,Úsov,1164,1563568.0,9265977.7,60005207.17,71064322.17,1526951.0,00303500,False,False,False
541231,Rožmitál pod Třemšínem,4244,1926289.0,20078042.15,215442387.3,432915254.03,1923909.0,00243221,False,True,False
541249,Vápenná,1181,3591918.84,10330646.06,62033244.24,580004490.24,3544122.0,00303526,False,False,False
541257,Rybníky,476,1316683.0,1182346.46,34076166.5,62015168.21,1316683.0,00875899,False,False,False
541265,Velké Losiny,2511,2493348.0,9252083.34,98296814.25,161040137.25,2493348.0,00303551,False,False,False
541273,Sádek,247,899247.8,1170753.95,4766421.47,5098421.47,898810.0,00243264,False,False,False
541281,Sedlčany,6767,4045083.0,63398189.39,304990892.52,681160637.52,4041093.0,00243272,True,True,False
541290,Horní Kozolupy,248,1430956.0,1614976.1,9922282.05,10462282.05,1377315.0,00573736,False,False,False
541303,Vidnava,1190,1614781.19,3984686.57,60652390.75,90185815.77,1575834.19,00303585,False,False,False
541311,Smolotely,298,786007.05,455125.76,19890181.53,25620181.53,786007.05,00243302,False,False,False
541320,Solenice,357,1490817.16,2237345.1,11921480.1,13581400.32,1449918.37,00243311,False,False,False
541338,Stará Huť,1650,2925440.83,3439133.14,54230091.33,93853091.33,2925440.83,00243329,False,False,False
541346,Vlčice,453,1371394.0,8286174.13,25549225.34,40287955.34,1371394.0,00636045,False,False,False
541354,Zábřeh,13320,3844660.0,119901144.27,514520735.89,1067684160.89,3810055.0,00303640,True,True,False
541362,Zadní Chodov,245,867034.0,1432790.32,10853549.74,14083549.74,847936.0,00573671,False,False,False
541371,Suchodol,426,1285938.73,1586330.93,15223319.74,27398319.74,1249453.73,00243361,False,False,False
541389,Svaté Pole,545,1053262.0,1027764.82,16740834.94,19695834.94,1031785.0,00662984,False,False,False
541397,Svatý Jan,651,2713968.3,2607771.98,18522732.24,39180163.74,2562303.35,00243388,False,False,False
541401,Broumov,135,682373.0,1238530.76,6008735.89,8363735.89,671654.0,00573680,False,False,False
541419,Štětkovice,351,819936.0,3308157.52,11175533.71,11340533.71,815718.0,00243400,False,False,False
541427,Tochovice,654,1616881.83,1489260.8,19491278.07,19491278.07,1588684.08,00243418,False,False,False
541435,Únehle,133,472716.0,3264400.27,6241313.42,6241313.42,472716.0,00573701,False,False,False
541443,Obora,171,728410.0,1490711.3,4985822.81,11085822.81,728410.0,00573698,False,False,False
541451,Třebsko,280,425857.0,635290.13,3313777.85,3763777.85,425857.0,00243442,False,False,False
541460,Zhoř,178,428058.0,656049.44,6758774.17,7558774.17,428058.0,00573655,False,False,False
541478,Zvole,849,1329368.0,2598469.32,17109997.49,21046584.49,1269972.0,00303666,False,False,False
541486,Prostiboř,240,1125923.7,1099842.62,8342091.05,8342091.05,1080274.0,00573663,False,False,False
541494,Kokašice,272,1222069.0,2045788.55,13210927.48,13378927.48,1165164.0,00573647,False,False,False
541508,Věšín,684,1544038.4,2265384.48,17584349.94,18446711.94,1522185.0,00243493,False,False,False
541516,Višňová,711,1781643.72,2030961.22,16842862.91,17282100.91,1781643.72,00243507,False,False,False
541524,Volenice,374,921522.0,2413255.3,8669307.44,11198045.46,921522.0,00243515,False,False,False
541532,Milíře,244,1100946.0,1393554.79,6050037.17,6415037.17,1100946.0,00573639,False,False,False
541541,Voznice,715,2109329.2,5749533.29,21115392.81,27345392.81,2109329.2,00243531,False,False,False
541559,Kočov,220,360792.0,1950691.98,10995820.88,12865820.88,360792.0,00573795,False,False,False
541567,Vranovice,331,1647071.0,3985812.95,11833648.05,15903184.34,1613571.0,00243558,False,False,False
541575,Žulová,1128,2776880.0,5371663.16,49332097.79,97665684.79,2754911.0,00303682,False,False,False
541583,Vysoká u Příbramě,361,1366572.0,2871793.72,7973066.1,7973135.72,1355917.0,00243574,False,False,False
541591,Vysoký Chlumec,803,1689411.19,2333208.92,36018155.75,40417662.55,1689411.19,00243582,False,False,False
541605,Brod nad Tichou,253,596211.0,2104243.89,6443053.36,6443053.36,596211.0,00573787,False,False,False
541613,Zalužany,328,1361493.0,1176661.41,10749825.85,37469825.85,1342736.0,00243604,False,False,False
541621,Tisová,527,1156991.0,1759794.33,11225211.14,11496211.14,1156991.0,00573809,False,False,False
541630,Vsetín,25185,8784714.03,192403934.58,1082275065.54,2615608410.54,7601373.03,00304450,True,True,False
541648,Branky,1027,2667140.0,2476753.01,32547557.1,33997557.1,2643419.0,00303712,False,False,False
541656,Rakovník,15682,3795007.27,152725652.36,556141238.55,1211671428.55,3471260.0,00244309,True,True,False
541664,Záchlumí,479,1221969.0,2153510.11,25005068.51,26735068.51,1204085.0,00573621,False,False,False
541672,Branov,196,483041.6,1130823.01,6123843.35,6363843.35,481528.0,00243663,False,False,False
541681,Ošelín,160,744961.0,594522.73,8508297.71,8650350.01,737667.0,00573612,False,False,False
541699,Čistá,902,1542756.0,4466058.59,35210203.47,36344617.47,1527848.0,00243680,False,False,False
541702,Lom u Tachova,513,1065201.0,1355970.51,21107556.01,21107556.01,1065201.0,00573752,False,False,False
541711,Bystřička,1036,2233452.0,2614553.59,23273785.19,45874347.19,2233452.0,00303739,False,False,False
541729,Hořesedly,424,1214296.32,1589342.19,9053148.01,16593148.01,1141298.81,00243710,False,False,False
541737,Hořovičky,486,1436209.34,3128375.93,11318624.0,11689624.0,1436209.34,00243728,False,False,False
541745,Myslovice,125,310500.0,742024.85,1940935.32,1940935.32,310500.0,00573442,False,False,False
541753,Ježovy,215,856740.0,676308.7,5535572.36,5535572.36,856740.0,00573540,False,False,False
541761,Hřebečníky,248,980107.54,1916102.34,5991072.38,6051072.38,980107.54,00243752,False,False,False
541770,Hředle,575,1401209.4,3149107.33,14927003.27,27065003.27,1383950.43,00243761,False,False,False
541788,Poleň,300,551806.0,1858761.15,5362797.94,5412797.94,535922.0,00573591,False,False,False
541796,Hejná,156,483146.0,794922.38,17940587.44,29308587.44,483146.0,00573485,False,False,False
541800,Dolní Bečva,1929,3474950.92,9222231.64,56627669.91,64093069.91,3383939.0,00303747,False,False,False
541818,Chrášťany,691,1507571.92,1567474.16,81160854.92,82065854.92,1507571.92,00243809,False,False,False
541826,Kejnice,100,332232.0,617802.48,3194281.35,3394281.35,332232.0,00573523,False,False,False
541834,Jesenice,1632,2243419.06,8305702.89,76845475.57,91953946.64,2239942.23,00243825,False,True,False
541842,Běhařov,185,510798.0,522949.37,8174646.31,10174646.31,510798.0,00573507,False,False,False
541851,Klenová,108,257642.0,322869.37,3817995.16,3884995.16,257642.0,00573515,False,False,False
541869,Javor,81,409860.0,924301.58,3950279.96,8521279.96,409860.0,00573531,False,False,False
541877,Kněževes,1003,2652104.09,4842058.09,38349475.88,66551475.88,2572956.09,00243868,False,False,False
541885,Týnec,364,501680.0,1090125.46,9431029.04,9431029.04,501680.0,00573604,False,False,False
541893,Kolešovice,833,1562434.06,5757582.03,29477935.79,34227435.79,1552135.06,00243884,False,False,False
541907,Kounov,558,1149391.0,11478173.73,20848515.11,23210515.11,1149391.0,00243892,False,False,False
541915,Obytce,225,468918.0,859646.46,4936354.58,4936354.58,468918.0,00573574,False,False,False
541923,Břežany,209,385860.0,1312912.47,5925496.94,6165496.94,385860.0,00573396,False,False,False
541931,Kvášňovice,133,405480.0,363957.84,4612085.52,4842085.52,405480.0,00573558,False,False,False
541940,Kroučová,285,1302389.24,1741168.93,8418739.5,8898739.5,1302389.24,00243931,False,False,False
541958,Olšany,203,380079.0,778613.61,4920275.48,4998275.48,374000.0,00573582,False,False,False
541966,Krupá,457,1170158.09,2895621.14,12950878.58,12950878.58,1150124.09,00243957,False,False,False
541974,Krušovice,620,1472357.06,2730586.65,25152158.33,25332158.33,1460857.06,00243965,False,False,False
541982,Křivoklát,674,1411719.23,6926745.51,21984829.87,39757829.87,1395814.42,00243973,False,True,False
541991,Lány,2262,2719091.6,5646628.04,73249776.4,90485338.56,2698591.6,00243981,False,False,False
542008,Lašovice,131,333540.0,375343.06,4729059.75,4754059.75,333540.0,00243990,False,False,False
542016,Lišany,685,1851435.0,2358421.43,19945952.47,26818317.47,1851435.0,00244007,False,False,False
542024,Číhaň,221,345263.95,1020795.75,5540091.74,5540091.74,337175.0,00573477,False,False,False
542032,Lubná,1120,1903097.0,4837149.04,35456640.21,90235640.21,1903097.0,00244023,False,False,False
542041,Lužná,1984,2162753.29,5128098.54,32643485.5,34041802.5,2110763.29,00244031,False,False,False
542059,Mlýnské Struhadlo,54,439890.0,958679.26,2384235.07,2504235.07,439890.0,00573434,False,False,False
542067,Městečko,449,1190693.0,3077650.38,8247194.96,8588922.96,1190693.0,00244058,False,False,False
542075,Milostín,316,498470.0,2157320.16,6907059.5,6967059.5,498470.0,00244066,False,False,False
542083,Hnačov,86,558141.0,427754.9,7537725.66,7537725.66,545436.0,00573493,False,False,False
542091,Horská Kvilda,68,488578.0,602678.55,2578752.9,8642481.84,483960.0,00573426,False,False,False
542105,Mšec,882,1430261.13,3443818.84,32951710.26,42055733.9,1430261.13,00244091,False,False,False
542113,Mšecké Žehrovice,657,1450846.84,2578127.17,10729370.61,11521370.61,1447263.84,00244104,False,False,False
542121,Mutějovice,846,1922092.72,3261456.39,25856374.74,29455374.74,1758661.92,00244112,False,False,False
542130,Nesuchyně,461,1249035.19,2571807.46,28929473.41,28929473.41,1226766.0,00244121,False,False,False
542148,Modrava,107,911304.0,3444183.14,21817979.44,52529937.67,877004.0,00573418,False,False,False
542156,Borovy,221,926819.0,941753.24,6803039.85,6803039.85,886037.0,00573388,False,False,False
542164,Nové Strašecí,5686,3688357.42,29180336.05,187227025.77,415001127.77,3307913.22,00244155,False,True,False
542172,Červené Poříčí,234,931116.0,1054352.59,5936161.35,5936161.35,931116.0,00573469,False,False,False
542181,Nový Dům,178,1094057.93,641060.26,7593085.22,12593085.22,1094057.93,00244171,False,False,False
542199,Olešná,631,1080162.0,2631657.05,12780655.84,12940655.84,1080162.0,00244180,False,False,False
542202,Oráčov,381,1060223.2,1214883.49,9589106.98,10076962.21,1031252.0,00244198,False,False,False
542211,Panoší Újezd,284,446328.0,998383.37,5585222.65,5585222.65,446328.0,00244201,False,False,False
542229,Petrovice,276,690918.0,739671.46,4563575.2,4840575.2,690918.0,00244228,False,False,False
542237,Pochvalov,241,623676.0,2218072.82,7523024.7,8123024.7,623676.0,00244236,False,False,False
542253,Příčina,208,670550.0,1097210.03,7140261.36,8320261.36,670550.0,00244252,False,False,False
542270,Pšovlky,263,823044.0,628672.77,5717563.64,6067563.64,823044.0,00244279,False,False,False
542288,Pustověty,127,756386.0,876093.79,4612730.3,5469730.3,724236.0,00244287,False,False,False
542296,Nezdice,211,433606.0,480462.22,21536528.46,33841374.47,433166.0,00573370,False,False,False
542318,Blazice,217,475080.5,679265.31,4042806.72,7122806.72,467565.0,47930292,False,False,False
542326,Ruda,802,1558734.4,5726489.07,18821756.87,24125396.59,1523744.38,00244333,False,False,False
542334,Rynholec,1103,3018628.2,5285774.32,62663478.28,185995293.0,2874509.0,00244341,False,False,False
542342,Honětice,80,739356.0,511420.47,3281705.96,3281705.96,735180.0,47930276,False,False,False
542351,Řevničov,1487,1650033.0,4209149.29,62323508.74,152137381.39,1635543.0,00244368,False,False,False
542369,Senec,273,551306.0,510173.38,4659295.16,4715295.16,550776.0,00244376,False,False,False
542377,Senomaty,1280,1690601.32,3574932.25,29463508.8,44647210.32,1664121.32,00244384,False,False,False
542385,Skryje,160,617368.5,3904004.47,6189458.35,6505458.35,617368.5,00244392,False,False,False
542393,Vrbka,195,1083514.0,840977.88,8570155.04,9070155.04,1071019.0,47930284,False,False,False
542407,Trnovany,482,1460149.83,1027753.18,20032536.79,35363165.79,1424946.0,00556220,False,False,False
542415,Slabce,733,1630381.0,7197693.24,22590982.9,24124882.9,1630381.0,00244422,False,False,False
542423,Černouček,327,1040009.0,606953.72,5776428.75,6276428.75,1040009.0,00526428,False,False,False
542431,Srbeč,318,1034220.0,1301326.38,7003947.34,8278947.34,1034220.0,00244449,False,False,False
542440,Oleško,105,519994.0,1864768.37,3804881.44,8034881.44,519994.0,00526070,False,False,False
542458,Svojetín,362,1250631.73,3764308.63,9326104.0,9559104.0,1250631.73,00244465,False,False,False
542466,Sýkořice,584,1522395.13,2731581.71,18689690.9,20877107.89,1495487.13,00244473,False,False,False
542474,Šanov,574,682807.67,2733420.7,26690648.94,27545648.94,682807.67,00244481,False,False,False
542482,Záluží,220,1317430.45,2256887.14,5476535.87,5694201.63,1317430.45,00526452,False,False,False
542491,Malíč,188,1013860.0,311572.07,3041973.33,3041973.33,1013860.0,00526444,False,False,False
542504,Třeboc,154,508840.0,878708.97,4588821.02,4658821.02,506292.0,00244511,False,False,False
542512,Třtice,518,1593298.43,4885997.37,20423744.37,25573744.37,1560440.43,00244520,False,False,False
542521,Michalovice,171,475583.0,2481916.39,6930928.13,8150928.13,460004.0,00526410,False,False,False
542539,Píšťany,214,727110.0,560103.59,4738154.53,5043154.53,727110.0,00526789,False,False,False
542547,Blšany u Loun,417,1227660.88,2090690.89,9986812.8,9986812.8,1215960.88,00556254,False,False,False
542555,Opočno,117,367568.0,861602.48,2696473.16,2821473.16,362324.0,00556386,False,False,False
542563,Velká Buková,280,1327089.0,1584795.8,7561443.41,7766443.41,1327089.0,00244571,False,False,False
542571,Cítoliby,1077,2270753.0,3514707.41,52256192.01,61517082.01,2257902.0,00556262,False,False,False
542580,Obora,449,1107828.0,4030429.26,9724325.56,10724325.56,1107828.0,00556360,False,False,False
542598,Všetaty,313,685128.0,1241359.8,7027832.84,7027832.84,685128.0,00244601,False,False,False
542601,Zavidov,354,568455.0,1602460.16,9356863.22,23461663.22,568455.0,00244619,False,False,False
542610,Zbečno,616,1437144.7,2693617.33,21479839.63,22740839.63,1328085.0,00244627,False,False,False
542628,Černčice,1335,2177707.0,11344544.53,32758850.76,43358850.76,2177707.0,00556271,False,False,False
542636,Nová Ves,122,738129.0,990089.36,2548535.68,2548535.68,738129.0,00556351,False,False,False
542644,Francova Lhota,1465,2353640.0,3704373.64,52048817.53,59537544.52,2353640.0,00303755,False,False,False
542679,Halenkov,2348,3341840.9,4797352.24,68353544.5,328186077.65,3257185.0,00303763,False,False,False
542687,Horní Bečva,2438,3463149.4,5529686.74,94396500.9,172580500.9,3394180.0,00303771,False,False,False
542725,Horní Lideč,1314,2804241.0,8133316.32,116475949.14,183444429.49,2797341.0,00303780,False,True,False
542750,Hošťálková,2283,2718448.0,24665591.86,132039488.27,158449488.27,2715448.0,00303798,False,False,False
542768,Hovězí,2355,3800248.0,5017060.48,86511320.39,93131320.39,3798648.0,00303801,False,False,False
542784,Huslenky,2174,2747096.0,3494581.9,82485459.74,137173688.35,2747096.0,00303828,False,False,False
542814,Hutisko-Solanec,1974,3398392.0,4794422.73,121998754.36,179019754.36,3381180.0,00303836,False,False,False
542831,Choryně,754,1909553.0,2321744.05,53596491.36,68503233.05,1909553.0,00303844,False,False,False
542865,Jablůnka,2063,2195190.0,6662059.78,57204187.38,70750187.38,2161648.0,00303852,False,False,False
542903,Jarcová,848,1784540.0,4269829.77,14594849.45,29148914.0,1780805.0,00303879,False,False,False
542911,Karolinka,2373,2556832.17,15313648.7,129594104.34,190145069.63,2514429.0,00303909,False,True,False
542946,Kateřinice,1083,1724974.5,4335062.29,31170304.52,37118704.03,1692552.0,00303917,False,False,False
542989,Kelč,2673,2575434.0,7423761.04,66213202.8,89937602.8,2472757.0,00303925,False,False,False
542997,Kladeruby,484,1227261.39,2752181.73,13988156.15,14363156.15,1144351.0,00303933,False,False,False
543012,Žerotín,228,648000.0,2401879.25,5247874.02,5247874.02,648000.0,00556505,False,False,False
543021,Kunovice,649,1168392.0,2396825.24,19900020.44,24764020.44,1160424.0,00635812,False,False,False
543098,Lačnov,833,1774798.4,1886967.75,22508422.63,34498422.63,1739764.0,00303968,False,False,False
543128,Staňkovice,1118,2551209.64,4166180.24,53061896.07,58351896.07,2489044.37,00556432,False,False,False
543543,Hruška,258,615466.0,1865753.91,8513743.35,10498043.35,615466.0,47919779,False,False,False
544248,Pavlíkov,1073,1950770.0,2733896.39,30188682.89,30688682.89,1950770.0,00244210,False,False,False
544256,České Budějovice,97231,18608844.72,431937663.09,4275327552.97,14813755606.22,18441053.88,00244732,True,True,False
544264,Leskovec,673,1726033.0,2746639.95,25555094.53,31557094.53,1713942.0,00303984,False,False,False
544272,Borek,1585,2132379.0,7483782.35,49146128.73,53367970.73,2132379.0,00244678,False,False,False
544281,Borovany,4184,3010590.74,18541660.52,137911164.59,166173302.59,3004290.74,00244686,False,False,False
544299,Boršov nad Vltavou,2105,2541602.05,8398922.59,71969196.76,90178733.76,2428017.0,00244694,False,False,False
544302,Lešná,2097,4148203.64,5075360.57,383214454.2,414215054.2,3901666.84,00303992,False,False,False
544329,Čejkovice,402,1381254.89,362960.08,35093174.08,35908037.0,1366274.89,00244724,False,False,False
544337,Hamr na Jezeře,471,865170.03,1836459.8,12912748.57,24227548.57,783191.0,00673498,False,False,False
544345,Proseč pod Ještědem,450,989142.0,1589717.34,8489181.14,8598181.14,976492.0,00671941,False,False,False
544353,Heřmanice,283,993760.0,1570902.61,7954418.43,10161393.08,993760.0,00672068,False,False,False
544361,Dívčice,626,1403858.02,1224061.69,35114317.11,38869742.11,1375160.87,00244775,False,False,False
544370,Lidečko,1821,2954807.28,3154668.53,48957405.52,59807405.52,2896239.0,00304042,False,False,False
544388,Dolní Bukovsko,1712,2211156.18,6108286.52,69627171.46,76816353.87,2211156.18,00244791,False,False,False
544396,Liptál,1558,2734341.0,4283877.62,56079139.89,69169139.89,2731997.0,00304051,False,False,False
544400,Doudleby,464,778260.0,1884926.09,21727350.11,22356350.11,778260.0,00244813,False,False,False
544418,Loučka,770,1515271.0,2628991.31,17754298.71,26084123.71,1494733.0,00304069,False,False,False
544426,Dříteň,1711,1841244.31,4709124.76,101403063.21,125405707.58,1841244.31,00244830,False,False,False
544434,Lužná,612,1770770.0,1984409.58,31720693.2,36121252.16,1744902.0,00304077,False,False,False
544442,Dubné,1747,1808615.3,3721554.47,77304281.82,80738742.82,1808115.3,00244856,False,False,False
544451,Dynín,380,740266.0,960350.38,9859150.32,9909150.32,710270.0,00244864,False,False,False
544469,Malá Bystřice,318,1316063.0,1068962.14,11266773.64,11476773.64,1316063.0,00304085,False,False,False
544477,Stráž nad Nisou,2430,2550383.0,6928356.83,81954947.41,391077839.41,2550383.0,00671916,False,False,False
544485,Hluboká nad Vltavou,5626,2891852.0,20029459.54,408553979.89,746320536.89,2891852.0,00244899,False,True,False
544493,Homole,1685,2460155.89,2803413.09,49635756.71,146894202.71,2425668.39,00244902,False,False,False
544507,Mikulůvka,827,1706726.0,3882587.43,43535495.43,111253093.4,1705867.0,00304107,False,False,False
544515,Horní Stropnice,1492,3039717.53,4815253.28,49450794.79,51466049.79,3031994.53,00244929,False,False,False
544523,Hosín,978,1846863.62,2441728.56,23815643.87,24037643.87,1835863.62,00244937,False,False,False
544531,Čtveřín,611,1443747.0,966185.41,15931530.0,27067530.0,1406275.0,00672092,False,False,False
544540,Hranice,209,782184.03,1003923.77,5956520.61,7219363.61,782184.03,00581364,False,False,False
544558,Hrdějovice,1506,2051151.61,2845598.32,54522324.67,69698710.55,2029115.0,00244961,False,False,False
544566,Nový Hrozenkov,2478,3132294.0,4237712.72,55982540.58,82741765.58,3127644.0,00304131,False,False,False
544574,Oznice,508,1073020.0,4330468.77,21027773.36,21127773.36,1073020.0,00304140,False,False,False
544582,Radimovice,355,1212527.56,1355611.38,11717644.7,11793644.7,1170769.75,00671932,False,False,False
544591,Chrášťany,721,2236954.73,2604255.52,31911549.05,32620525.05,2236954.73,00245003,False,False,False
544604,Žďárek,169,312451.0,520427.29,1701950.78,2044950.78,312451.0,00671860,False,False,False
544612,Jankov,391,1611190.0,1246888.3,20311862.65,24121628.65,1593186.0,00245020,False,False,False
544621,Police,604,1705497.0,2261064.5,19675849.24,20082749.24,1700408.0,00635804,False,False,False
544639,Jílovice,1111,2370755.0,2750888.51,41381518.93,45714396.93,2359885.0,00245038,False,False,False
544647,Bynovec,339,961133.0,995520.14,6945917.07,7135917.07,961133.0,00556009,False,False,False
544655,Pozděchov,593,1278653.0,1794197.94,23216314.09,31408667.18,1278653.0,00304204,False,False,False
544663,Kamenný Újezd,2694,2182241.09,4619147.32,137964718.65,279552624.75,2163671.54,00245062,False,False,False
544671,Prlov,501,1577390.01,3007529.8,23702657.37,42521007.37,1577038.0,00304212,False,False,False
544680,Janov,338,1180257.84,2433082.8,11056600.7,12039600.7,1180257.84,00556025,False,False,False
544698,Prostřední Bečva,1810,2919632.0,5580724.46,119799101.59,131541901.59,2919632.0,00304221,False,False,False
544701,Labská Stráň,226,1180842.14,601206.2,5896756.29,5896756.29,1180842.14,00555991,False,False,False
544710,Vincencov,120,436692.0,531377.47,2389943.9,2399943.9,436692.0,47919761,False,False,False
544728,Pržno,609,1378825.0,2569143.11,24795170.05,25350170.05,1366004.0,00635782,False,False,False
544736,Ledenice,2544,1858687.02,9158615.81,87368859.57,88717128.57,1857487.02,00245135,False,False,False
544744,Libín,426,1119519.0,1407668.96,15364399.77,15949399.77,1119519.0,00245143,False,False,False
544752,Příštpo,257,395690.97,877830.53,9629385.5,10179385.5,395690.97,48527467,False,False,False
544761,Lipí,676,1432522.94,3781870.17,23881551.39,41266751.39,1415072.94,00245160,False,False,False
544779,Lišov,4679,3999363.58,19388065.3,193695115.73,602255884.73,3425289.0,00245178,False,True,False
544787,Ratiboř,1829,3040284.0,6489064.94,86108424.95,105596860.95,3040284.0,00304263,False,False,False
544795,Litvínovice,2793,2069397.17,3458561.89,79289704.32,83139354.32,2031486.37,00245194,False,False,False
544809,Ločenice,790,1748986.59,2164626.43,22716285.97,24658285.97,1738034.59,00245208,False,False,False
544817,Mladošovice,420,1087249.0,1762930.47,9772906.22,10282906.22,1077197.0,00245216,False,False,False
544825,Nedabyle,378,527925.0,2290455.28,9776565.26,10341565.26,527925.0,00245224,False,False,False
544833,Bačkovice,88,264830.0,192070.93,2082839.54,2082839.54,264830.0,48527408,False,False,False
544841,Rožnov pod Radhoštěm,16063,6302710.04,161357244.3,604941670.07,1456577147.15,5893307.0,00304271,True,True,False
544850,Růžďka,891,1882060.0,3556007.42,37583648.23,50910211.36,1863276.0,00304280,False,False,False
544868,Nové Hrady,2469,2974351.81,11221421.95,83489888.54,124525397.29,2947510.81,00245267,False,True,False
544876,Lhotice,156,319606.0,2899390.0,5662159.9,6092159.9,312690.0,48527424,False,False,False
544884,Olešnice,897,1601532.8,2050982.27,28418796.22,41648796.22,1570747.8,00245283,False,False,False
544892,Olešník,822,1332500.0,2065691.21,24744089.9,25209466.9,1332500.0,00245291,False,False,False
544906,Seninka,293,1143758.8,1438453.74,7532578.98,11502578.98,1140255.0,00635821,False,False,False
544914,Střelná,542,1300001.0,1739691.24,13102400.84,14259180.84,1289751.0,00304310,False,False,False
544922,Střítež nad Bečvou,900,2655645.0,1604703.41,27019508.61,38180258.61,2596131.0,00635839,False,False,False
544931,Študlov,478,1283437.0,1776277.99,19251824.75,24156324.75,1283437.0,00304336,False,False,False
544949,Valašská Bystřice,2218,2397796.0,5046405.09,41505294.98,44570925.4,2397796.0,00304352,False,False,False
544957,Lovčovice,63,314559.0,279060.47,5061712.78,5711712.78,314559.0,48527432,False,False,False
544965,Radošovice,204,1288060.0,642922.11,19853814.99,21253814.99,1288060.0,00581879,False,False,False
544973,Roudné,1514,2208005.02,3863151.19,54493468.18,79371162.26,2179498.02,00245372,False,False,False
544981,Rudolfov,2587,1891688.03,11379948.2,96004610.26,132420227.26,1845551.63,00245381,False,False,False
544990,Valašská Polanka,1482,3030066.0,3661420.97,40809861.28,43466160.28,2992306.0,00304361,False,False,False
545007,Římov,1025,1565868.0,1935323.54,63346171.36,76872581.36,1565868.0,00245402,False,False,False
545015,Sedlec,534,1253057.15,1076040.11,18016750.88,18506750.88,1230349.87,00245411,False,False,False
545023,Slavče,742,1445855.63,1620185.01,20773666.3,22283666.3,1434542.63,00245429,False,False,False
545031,Menhartice,136,330230.0,1791700.07,3145712.32,3255712.32,330230.0,48527441,False,False,False
545040,Radotice,111,289682.0,265423.54,5106734.61,5206734.61,289682.0,48527475,False,False,False
545058,Valašské Meziříčí,22580,6890335.44,183005489.36,838966931.32,1835212483.55,6701217.82,00304387,True,True,False
545066,Srubec,2998,1846729.14,4746731.51,47781611.7,48819791.7,1781845.43,00245445,False,False,False
545074,Staré Hodějovice,1345,1116524.0,2555784.57,23333775.03,24133525.03,1116524.0,00245453,False,False,False
545082,Strážkovice,535,1045747.01,1582581.53,18369697.54,27211792.54,1037508.0,00245461,False,False,False
545091,Střížov,220,1072991.39,597347.72,44094714.53,73819124.53,1060468.39,00581895,False,False,False
545104,Svatý Jan nad Malší,640,1481006.9,1448385.47,14596917.64,15387765.64,1415761.9,00245488,False,False,False
545112,Valašské Příkazy,321,1156559.0,441344.33,10046119.78,13146119.78,1130514.0,00304395,False,False,False
545121,Ševětín,1367,2774914.45,4126846.88,44694190.57,185286701.57,2764100.62,00245500,False,False,False
545139,Štěpánovice,997,1186993.0,2873753.23,43601908.78,50226908.78,1179477.0,00245518,False,False,False
545147,Velká Lhota,532,1245126.0,1579693.98,11406534.38,11926534.38,1245126.0,00304409,False,False,False
545155,Temelín,905,1948306.49,5647146.07,68432774.39,164893778.27,1936166.48,00245534,False,False,False
545163,Velké Karlovice,2376,3263806.0,6419139.91,165579691.73,216044879.73,3256835.0,00304417,False,False,False
545171,Trhové Sviny,5262,3882628.0,69018369.24,277236995.67,560145520.07,3779227.0,00245551,True,True,False
545180,Slavíkovice,184,421823.0,512481.8,4818587.19,5078587.19,421823.0,48527483,False,False,False
545198,Vidče,1765,3039170.0,2907972.26,106747771.58,111393071.58,3039170.0,00304433,False,False,False
545201,Týn nad Vltavou,7774,4804531.66,63009450.62,306777434.78,1003870666.13,3733216.0,00245585,True,True,False
545210,Vigantice,1088,2592635.0,2371676.08,39090719.85,40737974.85,2589511.0,00304441,False,False,False
545228,Včelná,2274,2148260.47,7110710.58,86810791.86,92814991.86,2069876.47,00245607,False,False,False
545236,Zašová,3084,3775272.53,7696136.49,159043724.45,280255104.45,3763096.53,00304476,False,False,False
545244,Zděchov,554,1574845.0,2819929.0,40893136.84,52458937.84,1531587.0,00304484,False,False,False
545252,Zubří,5561,4021912.07,22459297.56,142921824.37,249560132.57,3692035.09,00304492,False,False,False
545261,Vrábče,868,1409707.82,1258694.16,17430719.35,18421403.35,1407595.13,00581941,False,False,False
545279,Domašov nad Bystřicí,485,1109270.0,2658508.75,16617719.54,16617719.54,1109270.0,00298824,False,False,False
545287,Všemyslice,1190,1925789.0,5235457.68,45138995.44,74332831.44,1925789.0,00245666,False,False,False
545295,Skalička,167,518916.0,240468.79,2325585.6,2512585.6,518916.0,00365432,False,False,False
545309,Kožichovice,470,1251170.73,1482507.99,15545645.68,15702645.68,1251170.73,48527416,False,False,False
545317,Záboří,366,1180724.0,2874457.43,16356161.38,16396161.38,1180724.0,00245691,False,False,False
545325,Velký Karlov,407,1070669.0,1655820.35,12170523.08,12835523.08,1070669.0,00637076,False,False,False
545341,Zliv,3453,2236986.49,9457253.59,117470850.33,120362044.33,2224141.6,00245721,False,True,False
545368,Žabovřesky,443,712484.0,1551760.6,18955094.2,19234894.2,709988.0,00245747,False,False,False
545376,Žár,346,1256237.83,1912651.91,12953067.76,13953067.76,1173954.83,00581976,False,False,False
545384,Žimutice,629,1622828.41,4170467.01,20385065.51,20953665.51,1622828.41,00245763,False,False,False
545392,Český Krumlov,12797,5538693.0,145073284.35,695155027.89,2100500880.42,5443693.0,00245836,True,True,False
545406,Benešov nad Černou,1376,2777069.07,5669499.38,79760131.13,83979967.13,2670276.38,00245780,False,False,False
545414,Besednice,832,1907595.17,3052982.68,43125987.5,45537896.5,1858529.17,00245798,False,False,False
545431,Brloh,1069,1626342.69,2916116.47,50147537.66,78140537.66,1572961.0,00245801,False,False,False
545449,Bujanov,626,1425986.98,1369947.26,14867193.99,29737404.99,1388548.98,00245810,False,False,False
545457,Černá v Pošumaví,856,1608938.16,5334016.66,64443810.49,115908143.49,1567882.16,00245828,False,False,False
545465,Dolní Dvořiště,1388,2792228.94,5171235.28,144894997.32,166660061.32,2721077.64,00245844,False,False,False
545473,Dolní Třebonín,1348,1983084.56,4529238.83,55846011.5,63926331.5,1983084.56,00245852,False,False,False
545481,Frymburk,1355,2159924.58,18469418.91,120550582.74,129009722.74,2115907.58,00245861,False,False,False
545490,Holubov,1089,1446992.02,2127055.12,31093915.61,35353665.61,1419532.02,00245879,False,False,False
545503,Horní Dvořiště,440,1412472.41,1880026.04,17736250.69,18131301.69,1378630.31,00245887,False,False,False
545511,Horní Planá,1943,1393726.77,14830371.17,117016313.32,346461379.98,1393726.77,00245895,False,True,False
545520,Hořice na Šumavě,910,1721928.52,5184317.71,36240388.01,38112284.01,1692228.52,00245909,False,False,False
545538,Starý Šachov,230,1262492.57,1223806.93,5675022.55,5675022.55,1221419.57,00555894,False,False,False
545546,Chvalšiny,1233,1584160.57,3196879.94,58389132.24,70771271.74,1583564.57,00245925,False,False,False
545554,Kájov,1971,2156928.88,7417657.11,54010271.92,120198271.92,2120180.02,00245933,False,False,False
545562,Kaplice,7531,5416911.59,85967312.96,292124735.39,337461389.91,4306011.0,00245941,True,True,False
545571,Křemže,2989,2383032.0,10058311.11,99252617.07,114452491.07,2383032.0,00245950,False,False,False
545597,Lipno nad Vltavou,686,1933830.54,11524338.69,63443726.99,96946398.05,1847758.0,00245976,False,False,False
545601,Loučovice,1479,1122638.74,9490777.19,74149141.22,86389878.34,1120301.74,00245984,False,False,False
545619,Malonty,1461,3124360.44,4696554.34,70088051.76,114782948.0,3075708.0,00245992,False,False,False
545627,Mirkovice,517,1187182.23,1310389.82,12250856.25,12354179.25,1163977.74,00246000,False,False,False
545643,Netřebice,460,1229260.0,1174466.98,17216343.8,17366343.8,1227510.0,00246018,False,False,False
545660,Omlenice,582,690427.0,2335646.47,12443925.58,13495925.58,606756.0,00246034,False,False,False
545678,Markvartice,742,1685737.85,3372437.97,24638552.77,40957691.63,1683970.85,00555916,False,False,False
545694,Pohorská Ves,231,1147321.51,1961245.85,13309457.71,20478157.71,1123085.8,00475483,False,False,False
545708,Lobendava,259,1298615.2,4046360.35,19282435.94,24682435.94,1298615.2,00555983,False,False,False
545716,Přední Výtoň,190,1178077.47,3746330.49,22081159.48,48220696.22,1097857.25,00246085,False,False,False
545724,Přídolí,705,1732889.24,2744198.11,39625650.12,104553750.12,1705849.06,00246093,False,False,False
545732,Přísečná,208,910764.0,1167553.25,10273832.81,100802315.29,910764.0,00246107,False,False,False
545767,Rožmberk nad Vltavou,375,1355245.1,1912663.75,20804291.27,29599291.27,1255093.51,00246115,False,False,False
545775,Rožmitál na Šumavě,418,1357926.32,2506607.85,25347816.1,39636816.1,1293082.92,00246123,False,False,False
545783,Dobrná,441,1450867.16,2780859.06,12279544.14,12279544.14,1450867.16,00555975,False,False,False
545791,Merboltice,195,847909.0,1315221.02,11296812.44,14194812.44,847909.0,00555959,False,False,False
545805,Soběnov,380,1127543.0,937338.39,6841413.01,6896413.01,1079064.0,00665657,False,False,False
545813,Světlík,234,1221139.13,2151964.03,17950605.27,18627605.27,1206112.13,00246166,False,False,False
545821,Velešín,3861,3591318.16,8080969.71,113483805.18,171199000.18,3544240.0,00246174,False,False,False
545830,Větřní,3761,4547701.25,10878943.37,177130673.76,291360995.3,3647042.0,00246182,False,False,False
545848,Vyšší Brod,2597,3005515.97,17625744.68,196175597.86,201754110.91,2384198.96,00246191,False,True,False
545856,Dolní Habartice,614,1658577.0,1798869.83,14352230.96,17378230.96,1632577.0,00555924,False,False,False
545864,Zlatá Koruna,789,1328811.29,2050555.68,53719545.68,64299545.68,1326711.29,00246212,False,False,False
545872,Zubčice,432,1152616.17,2022269.89,21374163.86,28834163.86,1107290.17,00246221,False,False,False
545881,Jindřichův Hradec,20540,7939917.96,198740491.86,1436705534.99,3540353083.0,7897586.02,00246875,True,True,False
545899,Františkov nad Ploučnicí,401,1396254.0,2434548.38,10218525.18,10218525.18,1282749.0,00555941,False,False,False
545902,Borová Lada,281,672250.0,2882075.89,14587574.62,16646733.62,669850.0,00250341,False,False,False
545929,Horní Habartice,453,1528859.33,1866168.93,11626417.4,14201417.4,1513969.33,00555932,False,False,False
545937,Lažany,240,685389.0,783569.91,19299637.69,27499637.69,685389.0,00671975,False,False,False
545953,Paceřice,386,1258606.0,946856.42,13741519.18,13741519.18,1231528.0,00671967,False,False,False
545996,Černousy,312,1426072.0,2766006.77,13540101.11,18182566.27,1426072.0,00672084,False,False,False
546011,Jimlín,880,1280033.0,6660019.89,39886755.78,57528872.79,1280033.0,00556327,False,False,False
546020,Budeč,223,594151.0,1306856.82,7391967.89,7591967.89,555017.0,00246379,False,False,False
546038,Budíškovice,736,1503674.0,3757534.89,29332229.11,34102529.11,1503674.0,00246387,False,False,False
546054,Cizkrajov,523,1481774.0,3213557.57,28904871.43,31576871.43,1481774.0,00246409,False,False,False
546062,Pesvice,197,574236.0,950084.48,4707848.12,4707848.12,574236.0,00673323,False,False,False
546071,Račetice,449,1387050.32,1834988.17,7497934.52,8153334.52,1385210.32,00673161,False,False,False
546089,České Velenice,3607,3432222.0,24099784.74,187454453.9,191718421.9,3432222.0,00246433,False,True,False
546097,Český Rudolec,871,2240318.34,3481055.92,33654047.59,43530838.59,2152791.0,00246441,False,False,False
546101,Číměř,678,1634465.0,4923137.04,36501460.43,44178289.01,1625903.0,00246450,False,False,False
546127,Dačice,7157,3945348.0,96077210.98,324646169.4,929283802.72,3933938.0,00246476,True,True,False
546143,Dešná,584,1306539.0,3014417.55,21828768.54,36657875.95,1292414.0,00246492,False,False,False
546151,Deštná,754,1558225.71,3366501.1,48470967.38,68819787.38,1488708.0,00246506,False,False,False
546160,Nezabylice,282,1085505.0,2883418.28,8284171.86,9492471.86,1085505.0,00673170,False,False,False
546178,Úherce,101,240446.0,989619.63,5951297.19,10161297.19,240446.0,00556459,False,False,False
546186,Ryjice,196,636612.0,6415869.21,7971472.59,10281472.59,590974.0,00556882,False,False,False
546194,Bačkov,113,476652.0,344640.8,4065281.41,4175281.41,476652.0,00579777,False,False,False
546216,Jitkov,246,323714.0,939270.57,6107063.35,10285663.35,323714.0,00579866,False,False,False
546232,Kozly,151,1087368.36,730969.46,4240839.33,6573106.0,1053555.1,00831522,False,False,False
546259,Kvítkov,236,733646.0,476647.85,4630932.07,10695032.07,733646.0,00831531,False,False,False
546267,Tuhaň,261,1363161.0,1012300.09,13427158.93,13427158.93,1348346.0,00831727,False,False,False
546275,Slunečná,151,600675.0,735884.87,4710891.39,5085891.39,600675.0,00831620,False,False,False
546283,Svojkov,291,883790.0,3633304.98,8598664.94,8978664.94,859188.0,00831689,False,False,False
546291,Hatín,250,640836.0,649078.69,12594521.21,16594521.21,640836.0,00246646,False,False,False
546305,Heřmaneč,90,393786.0,362953.51,4380728.7,4540428.7,391645.0,00477010,False,False,False
546330,Kunratice,265,895660.0,1417108.55,9280130.75,16480180.75,895660.0,00831379,False,False,False
546348,Srbská Kamenice,278,1120270.1,1235581.18,16809043.55,19533043.55,1105270.1,00831387,False,False,False
546364,Horní Pěna,582,951708.0,1261457.34,21789483.88,40697443.88,951708.0,00246719,False,False,False
546372,Buková,248,398061.0,2404361.8,5575406.1,5775406.1,398061.0,00256471,False,False,False
546381,Horní Radouň,262,473496.0,1461274.22,4649715.91,7019715.91,473496.0,00246735,False,False,False
546399,Míšov,114,791748.0,585941.23,4129336.05,6129336.05,789628.0,00256943,False,False,False
546402,Hospříz,449,1322714.0,1326003.78,11732452.23,12012452.23,1254173.0,00246751,False,False,False
546411,Úherce,435,1291649.45,1633793.04,13336711.14,13471711.14,1235905.0,00258601,False,False,False
546429,Chraberce,119,718584.0,829057.29,2716261.64,5316261.64,718584.0,00556319,False,False,False
546437,Volevčice,128,783863.0,1963226.7,7800007.49,18091507.49,743622.0,00266175,False,False,False
546445,Hříšice,329,1201854.0,929270.72,32949429.84,58310029.84,1188474.0,00246794,False,False,False
546453,Kámen,253,886488.0,371962.01,5086172.41,5086172.41,886488.0,00832189,False,False,False
546461,Chlum u Třeboně,1816,2306364.0,5361882.09,76833627.46,113366632.46,2301864.0,00246816,False,False,False
546470,Litíč,192,981988.0,628803.73,25942506.8,26420006.8,981988.0,00581046,False,False,False
546488,Sirá,158,426844.0,932743.36,13743885.17,13743885.17,426844.0,00478512,False,False,False
546496,Ludvíkovice,934,2931606.89,2259472.89,24733875.76,43819231.76,2881579.89,00831964,False,False,False
546500,Jarošov nad Nežárkou,1087,1629409.0,4599871.14,42561290.26,42561290.26,1629409.0,00246859,False,False,False
546518,Loučná pod Klínovcem,199,1178280.43,2967393.92,13460072.82,13460072.82,1097089.12,00831123,False,False,False
546526,Těškov,320,988848.0,2872398.61,10107518.62,10404065.62,988848.0,00259136,False,False,False
546534,Týček,251,627534.0,703122.04,3885724.78,3885724.78,622390.0,00573825,False,False,False
546542,Kardašova Řečice,2221,2259285.0,7732567.63,118651986.13,133680331.13,2259285.0,00246905,False,False,False
546551,Újezd u Svatého Kříže,233,982332.0,1212556.07,9691167.39,9691167.39,982332.0,00573884,False,False,False
546577,Pulečný,497,1430137.0,1025724.83,10621794.45,13683393.45,1430137.0,00832332,False,False,False
546585,Jiřetín pod Bukovou,444,1268357.0,2679332.21,12988587.56,14659587.56,1268357.0,00832022,False,False,False
546593,Nová Ves,945,1591077.0,3773049.78,26766780.89,26766780.89,1591077.0,00831433,False,False,False
546607,Dětřichov,741,1456004.0,3337873.64,17910173.6,18206173.6,1450984.0,00831468,False,False,False
546615,Kunžak,1438,2147264.0,7474852.87,62713723.35,66608723.35,2107166.0,00246964,False,False,False
546623,Lásenice,553,1688498.0,1593358.22,11019793.19,11479793.19,1648591.0,00246972,False,False,False
546631,Bílý Potok,697,1233787.0,9188318.74,22561379.76,27996854.76,1233787.0,00831417,False,False,False
546658,Janův Důl,175,416558.0,883313.02,5352930.84,7126760.84,416558.0,00831395,False,False,False
546666,Lodhéřov,712,1372259.0,2981287.25,21957372.17,87043878.17,1372259.0,00247014,False,False,False
546674,Lomnice nad Lužnicí,1778,2231868.76,9647591.1,67408911.87,276236225.87,2178137.0,00247022,False,False,False
546691,Lkáň,193,638566.0,800746.38,4001200.15,4211200.15,638304.0,00832162,False,False,False
546712,Majdalena,482,1742904.5,1875425.5,11548352.14,13367994.64,1742904.5,00247065,False,False,False
546721,Sedlec,206,645934.0,596070.13,35584394.62,54999394.62,644844.0,00832570,False,False,False
546755,Brzánky,91,306674.0,258768.37,1068985.42,1068985.42,306674.0,00832138,False,False,False
546763,Horní Řepčice,98,360237.3,479114.24,2530958.7,2530958.7,342742.0,00832294,False,False,False
546771,Kamýk,214,305085.0,1225734.58,3835557.38,3948207.38,304070.0,00831999,False,False,False
546780,Býčkovice,283,680151.72,1221836.45,15499593.3,27612593.3,675087.0,00832316,False,False,False
546798,Nová Bystřice,3199,2354926.0,14072917.62,125370511.48,213444138.48,2319337.0,00247138,False,True,False
546801,Nová Včelnice,2176,1931924.0,9353492.8,82663729.24,309768963.51,1927174.0,00247146,False,False,False
546810,Chudoslavice,176,526252.0,1300087.88,4509726.57,4758726.57,526252.0,00832235,False,False,False
546828,Staňkovice,35,212673.0,466789.65,1607636.46,1607636.46,212673.0,44224869,False,False,False
546844,Novosedly nad Nežárkou,691,1993290.0,1524372.64,18434130.28,18434130.28,1964483.0,00247171,False,False,False
546852,Černěves,239,485268.0,1322612.64,3996796.96,4596796.96,485268.0,00832561,False,False,False
546861,Dobroměřice,1407,1642625.45,5745514.56,20869890.03,20869890.03,1642625.45,00831786,False,False,False
546879,Líšťany,472,1252359.0,1550042.48,14245361.29,20195386.29,1227175.0,00831824,False,False,False
546887,Vršovice,246,510072.0,932480.43,4467316.94,4467316.94,510072.0,00831841,False,False,False
546895,Brodec,86,0.0,895629.86,1375455.16,1375455.16,0.0,00831778,False,False,False
546909,Lukov,135,1172537.0,1064178.85,4598360.2,5075360.2,1172537.0,00832081,False,False,False
546917,Písečné,488,1476103.0,1961363.48,21612165.0,22095851.0,1474103.0,00247227,False,False,False
546925,Stebno,479,1039345.0,2914587.14,13650060.07,18030060.07,1039345.0,00832154,False,False,False
546933,Okřešice,194,392400.0,2265693.77,5664368.32,7059368.32,392400.0,48527459,False,False,False
546941,Dobšice,2272,2703399.62,6228087.4,43528494.66,59512560.66,2518681.25,45670773,False,False,False
546950,Nová Pláň,66,191062.0,848600.59,2492286.95,2492286.95,191062.0,00852759,False,False,False
546968,Pluhův Žďár,593,1227475.0,1837550.45,22816225.55,69109823.55,1227475.0,00247260,False,False,False
546976,Hraničné Petrovice,141,456664.0,1616403.46,4886639.5,4886639.5,456664.0,00601144,False,False,False
546984,Bílov,606,2201201.0,5672145.48,23501224.92,38603224.92,2201201.0,48430749,False,False,False
546992,Popelín,471,1271695.0,2077585.51,15969853.61,22576853.61,1219431.0,00247286,False,False,False
547000,Životice u Nového Jičína,664,2013877.0,5041322.1,47539083.42,148794402.42,2000677.0,48804711,False,False,False
547018,Střeň,609,1276814.24,4172943.47,34573195.95,37043195.95,1183618.0,47997265,False,False,False
547026,Bystrovany,994,1846278.0,2152912.44,29292472.49,41251676.49,1846278.0,48770078,False,False,False
547069,Rapšach,601,457453.9,3258229.75,33559578.61,34031975.65,449436.0,00666521,False,False,False
547077,Samotišky,1323,2077514.07,5668000.61,49893503.28,102664846.61,2047535.0,48769967,False,False,False
547085,Rodvínov,631,1358311.0,1329842.74,15905509.71,16210609.71,1358311.0,00247375,False,False,False
547093,Mutkov,45,319152.0,207041.42,1656219.61,1852219.61,319152.0,48770485,False,False,False
547123,Komárov,221,1124096.0,1046902.94,4584866.94,7751508.66,1112491.0,48770566,False,False,False
547131,Svatoňovice,252,543875.0,2563618.21,9254142.73,9274142.73,543875.0,00849979,False,False,False
547166,Slavonice,2229,3205332.0,19828880.05,111262089.27,205573571.27,3154002.0,00247456,False,True,False
547182,Kozmice,1911,2817902.05,5479864.86,44351571.16,49270709.16,2777720.0,00849961,False,False,False
547191,Jezdkovice,237,447947.88,1338259.42,10636122.77,12050222.77,447947.88,00849952,False,False,False
547204,Staré Hobzí,522,1361038.0,1263692.76,43552321.85,50052501.45,1355051.0,00247481,False,False,False
547212,Staré Město pod Landštejnem,475,1478456.0,4387623.4,56614606.97,110246032.54,1451506.0,00247499,False,False,False
547221,Stráž nad Nežárkou,879,1748606.0,2679005.41,34674420.84,39674603.84,1743906.0,00247502,False,False,False
547239,Strmilov,1403,2505848.0,11701815.15,50110402.88,87232520.58,2505848.0,00247511,False,False,False
547247,Stříbřec,425,930291.0,1861953.22,16921543.57,18112071.57,930291.0,00247529,False,False,False
547255,Švábov,89,464853.0,490063.59,3886026.32,3901526.32,464853.0,47367105,False,False,False
547263,Studená,2190,1915948.0,10406962.22,94339449.0,115550326.0,1911542.0,00247545,False,False,False
547280,Suchdol nad Lužnicí,3597,2680048.0,14696532.96,199655273.98,471438673.98,2650088.0,00247561,False,True,False
547336,Třeboň,8270,4855169.0,90054673.79,598158797.52,1198433097.96,4855169.0,00247618,True,True,False
547433,Vlkoš,677,1572638.93,1181340.53,16717079.3,36566141.51,1514398.0,00600865,False,False,False
547441,Volfířov,744,1766626.4,1457441.64,25614072.79,28214072.79,1751151.4,00247715,False,False,False
547450,Výkleky,288,987234.65,958321.47,7455952.57,7686452.57,974474.65,00850659,False,False,False
547468,Zahrádky,251,794359.0,1312812.81,8951865.21,8951865.21,794359.0,00666564,False,False,False
547476,Paseky nad Jizerou,252,967552.33,2001776.63,23154015.91,23401724.83,869568.0,00580791,False,False,False
547484,Ktová,243,1222877.0,1005291.74,5366536.25,5366536.25,1189338.0,00580821,False,False,False
547492,Pelhřimov,16206,7635361.26,131111241.36,629816049.24,1039323049.24,7347785.0,00248801,True,True,False
547514,Zábeštní Lhota,177,564505.0,1133969.65,6084463.27,14014463.27,564505.0,00600873,False,False,False
547531,Hořenice,147,531048.0,1047991.86,2689366.19,2851366.19,531048.0,00578720,False,False,False
547549,Bohdalín,188,1245702.0,822052.48,12554493.92,12694493.92,1245702.0,00515981,False,False,False
547565,Vestec,192,1083315.0,1489303.32,5493720.89,5911720.89,1049484.0,00653985,False,False,False
547581,Božejov,624,1516220.73,1358787.51,23248971.03,37948668.63,1506114.0,00247855,False,False,False
547603,Bratřice,163,779276.58,709600.65,5379296.3,6299324.3,772299.0,00247871,False,False,False
547638,Budíkov,333,1105113.07,1344570.28,8954384.39,9759384.39,1061509.61,00247901,False,False,False
547646,Velké Poříčí,2328,2840748.01,6366683.11,56160365.74,91806365.74,2774539.04,00654451,False,False,False
547654,Šestajovice,162,624866.0,624364.64,7992181.42,11457181.42,600243.0,00529991,False,False,False
547662,Cetoraz,306,1182197.0,1701944.55,18862570.46,19098570.46,1182197.0,00247936,False,False,False
547689,Čáslavsko,107,423537.0,646322.22,3750882.16,4380882.16,423537.0,00247952,False,False,False
547701,Libchyně,68,305200.0,1095904.41,1910648.56,2560648.56,305200.0,00654094,False,False,False
547719,Častrov,628,1315447.0,2478716.56,43546690.67,43862690.67,1314696.0,00247987,False,False,False
547727,Sendraž,112,483960.0,691529.26,1850128.63,1850128.63,483960.0,00654086,False,False,False
547735,Čejov,635,1238293.0,1123026.98,29459637.27,61332858.51,1229003.0,00248002,False,False,False
547743,Vernéřovice,322,1158157.0,2787688.59,8896928.81,8896928.81,1130124.0,00654124,False,False,False
547751,Bukovice,398,845174.0,1816200.73,11097849.48,34946849.48,844825.0,00653675,False,False,False
547760,Černovice,1769,1720994.23,7251489.26,83456302.66,118838186.85,1628121.58,00248037,False,False,False
547778,Červená Řečice,1024,3161309.48,2882324.92,72701952.1,77476952.1,3159309.48,00248045,False,False,False
547786,Adršpach,482,1657018.26,4636541.83,103278597.55,105059006.7,1611726.56,00653560,False,False,False
547794,Hodonín,82,1690940.12,621721.39,6306134.94,11306134.94,1660574.0,00654736,False,False,False
547808,Rozhovice,326,1137639.26,1055039.36,19074224.41,19207224.41,1137639.26,00496979,False,False,False
547816,Jeníkov,455,1341699.0,1001311.32,10522120.5,10882330.56,1289195.0,00654744,False,False,False
547824,Křižanovice,123,363202.0,1307909.29,7628199.41,7628199.41,363202.0,00497002,False,False,False
547832,Licibořice,269,387883.0,2742760.4,6476815.8,6476815.8,387883.0,00497011,False,False,False
547841,Vyžice,246,637669.55,464745.74,2707192.36,2707192.36,637669.55,00496995,False,False,False
547859,Zájezdec,118,747162.23,432758.64,3673422.47,3717422.47,728251.0,00654663,False,False,False
547867,Bor u Skutče,134,903083.0,702162.67,4238034.47,4238034.47,899453.0,00496987,False,False,False
547875,Lipovec,240,495456.0,713642.08,4376117.38,7036117.38,495456.0,00654647,False,False,False
547883,Hojanovice,102,465648.0,299765.82,2906423.54,3116423.54,465648.0,00248151,False,False,False
547891,Stolany,401,1354277.76,983621.76,9787080.16,9902080.16,1354277.76,00654752,False,False,False
547905,Rybník,857,1321714.0,2413859.42,23716430.03,27914333.03,1319760.0,00581020,False,False,False
547913,Horní Cerekev,1871,3073849.0,5331128.32,61596491.63,72958707.63,3073849.0,00248185,False,False,False
547921,Trpík,86,424601.33,1090810.68,2434474.26,4564474.26,409810.0,00580996,False,False,False
547930,Horní Ves,342,1021937.43,1571431.27,10094111.46,63850021.52,995064.0,00476447,False,False,False
547948,Hořepník,627,2143252.0,2889248.2,28355284.38,43155284.38,2123144.0,00248215,False,False,False
547956,Hořice,200,449024.28,1224069.5,8393640.11,19194640.11,436400.0,00248223,False,False,False
547964,Sobkovice,261,563094.0,632962.87,5100613.82,5100613.82,563094.0,00580953,False,False,False
547972,Hrádek,100,460800.0,865515.16,3249591.15,3249591.15,460800.0,00580945,False,False,False
547981,Albrechtice,436,1372089.99,1335320.55,13548555.59,21343555.59,1335397.11,00581003,False,False,False
547999,Humpolec,11522,6019782.0,71787407.93,485247734.53,1550596650.2,6012582.0,00248266,True,True,False
548006,Bošín,102,458055.0,300015.58,3029782.78,3029782.78,458055.0,00580341,False,False,False
548014,Dlouhá Třebová,1310,2043481.0,7491442.22,39178755.23,58982357.71,1956917.0,00580902,False,False,False
548022,Vračovice-Orlov,171,453684.0,932048.66,4382287.25,4442287.25,441108.0,00580856,False,False,False
548031,Dlouhoňovice,823,1587006.0,2305125.19,22181226.28,22244577.98,1560192.0,00580899,False,False,False
548049,Helvíkovice,570,1381139.75,2278822.21,15954762.59,17049762.59,1347991.0,00580929,False,False,False
548057,Vrchovnice,85,226984.0,1076579.84,1795557.83,1795557.83,226984.0,00578827,False,False,False
548065,Obědovice,338,508891.0,995222.77,10305708.04,11305708.04,505479.0,00653471,False,False,False
548073,Ježov,69,238670.0,843724.18,3200867.27,3241067.27,238670.0,00475840,False,False,False
548081,Jiřice,942,2345239.48,1297329.48,47924787.93,61201252.73,2322132.0,00248355,False,False,False
548090,Kaliště,390,1014616.0,968819.71,12983644.59,22983644.59,1014616.0,00248363,False,False,False
548103,Kámen,268,1470161.0,720490.24,10943672.8,12608672.8,1470161.0,00248371,False,False,False
548111,Kamenice nad Lipou,3651,3213956.0,20833527.03,143071514.59,292591030.16,3175931.0,00248380,False,True,False
548120,Kejžlice,471,1179944.0,945287.59,34668843.04,34668843.04,1162919.0,00248398,False,False,False
548146,Koberovice,175,544092.29,695180.94,7164592.7,7379592.7,502020.02,00248410,False,False,False
548154,Světí,348,728767.0,916245.99,10329817.12,20074817.12,728767.0,00653462,False,False,False
548162,Komorovice,213,513266.0,355600.89,4672986.41,4772986.41,510396.0,00248436,False,False,False
548171,Košetice,752,2086583.0,1785340.56,35932116.05,40257116.05,1989346.0,00248444,False,False,False
548189,Kouty,196,235440.0,3006423.45,6134665.49,6134665.49,235440.0,00579891,False,False,False
548197,Nejepín,96,357541.4,248537.28,2073038.51,2078638.51,347865.0,00579971,False,False,False
548201,Křeč,237,539586.0,1153739.38,11534355.48,19794355.48,522673.0,00248479,False,False,False
548219,Křelovice,327,1343882.25,3973158.75,11933523.68,13305523.68,1297637.0,00248487,False,False,False
548227,Křešín,184,943642.0,1234599.31,9875315.56,9875315.56,943642.0,00248495,False,False,False
548235,Leskovice,117,434870.0,592259.69,3968377.35,4854964.35,434870.0,00248509,False,False,False
548243,Horní Paseka,67,543613.0,2287715.81,7770953.39,9103953.39,503838.0,00579840,False,False,False
548251,Podmoky,145,409590.94,573122.22,3061132.15,3061132.15,394048.0,00580031,False,False,False
548260,Bartoušov,199,562634.0,2370276.09,4448626.59,4448626.59,555427.0,00579785,False,False,False
548278,Břevnice,162,678660.0,1100560.95,3139608.76,4119608.76,678660.0,00579807,False,False,False
548286,Knyk,434,1283482.0,3873567.74,8978031.11,9118031.11,1283482.0,00579874,False,False,False
548308,Kyjov,162,480120.0,755282.98,6254784.84,6254784.84,480120.0,00579921,False,False,False
548316,Michalovice,222,369612.0,307126.97,10670948.59,10670948.59,369612.0,00579955,False,False,False
548324,Skorkov,100,536885.0,1438105.87,6179709.72,6179709.72,536885.0,00580066,False,False,False
548332,Lukavec,991,1845115.36,6378436.62,54894119.07,93182532.18,1745707.0,00248606,False,False,False
548341,Slavníč,65,348205.0,243575.59,2121491.72,2131491.72,348205.0,00580091,False,False,False
548359,Ostrov,163,724831.0,2706575.04,7143373.63,7189883.63,724831.0,00580007,False,False,False
548367,Mezilesí,104,487978.0,2584003.66,4272673.37,5772673.37,487978.0,00248631,False,False,False
548375,Čečkovice,90,452263.0,722778.51,2028089.83,2098089.83,438325.0,00579815,False,False,False
548383,Mladé Bříště,298,443146.0,630261.02,8318330.08,13523330.08,437146.0,00248657,False,False,False
548391,Mnich,408,766652.0,1912308.32,26511457.99,38511457.99,705303.0,00248665,False,False,False
548405,Moraveč,204,406240.0,1071813.12,6656413.71,7124413.71,406240.0,00248673,False,False,False
548413,Jilem,161,660252.0,1123824.44,5537084.03,6037084.03,660252.0,00579858,False,False,False
548421,Sedletín,301,680160.0,3812875.67,7614267.78,7814267.78,680160.0,00580058,False,False,False
548430,Bezděkov,235,269733.0,389108.01,9942915.53,12942915.53,269733.0,00579793,False,False,False
548448,Dolní Sokolovec,81,367915.0,1410204.49,2220563.31,2220563.31,362270.0,00579823,False,False,False
548456,Nová Cerekev,1177,2759064.0,4005288.36,43737381.73,54175261.73,2759064.0,00248720,False,False,False
548464,Nový Rychnov,983,1559868.95,2049530.09,46382002.85,94182002.85,1357715.0,00248738,False,False,False
548472,Obrataň,795,1630015.69,5990631.81,35224391.53,35789600.53,1630015.69,00248746,False,False,False
548481,Lány,60,311747.0,296655.16,2130009.75,2620009.75,311747.0,00579939,False,False,False
548499,Sloupno,46,403820.0,458994.41,2993358.78,2993358.78,403820.0,00580104,False,False,False
548502,Onšov,229,889465.44,2239974.83,10942200.01,11131448.01,833352.0,00511609,False,False,False
548511,Pacov,4743,2827672.0,41507789.71,256762109.74,528842433.74,2685884.0,00248789,True,True,False
548529,Kochánov,183,389186.0,731069.0,3311470.34,3311470.34,389186.0,00579882,False,False,False
548537,Úhořilka,53,213576.0,492094.86,1089476.92,1089476.92,213576.0,00580121,False,False,False
548545,Píšť,79,339165.7,506711.11,10034834.25,12206470.25,317189.98,00476137,False,False,False
548553,Slavětín,138,408096.0,252894.75,6818851.95,10828851.95,408096.0,00580082,False,False,False
548561,Počátky,2502,2262944.0,14453805.93,112455250.14,315343724.49,2262944.0,00248843,False,True,False
548570,Kunemil,113,322371.0,573137.5,2527091.92,2591051.92,322371.0,00579912,False,False,False
548588,Okrouhlička,289,988772.0,1902791.45,6132702.64,8634202.64,988772.0,00579998,False,False,False
548596,Heřmanice,56,374833.0,321870.78,1735794.92,2415614.08,365211.0,00579831,False,False,False
548600,Pošná,269,778274.0,875193.58,8898518.86,8948518.86,753651.0,00248886,False,False,False
548618,Kraborovice,117,267200.0,702473.58,3852237.06,4226237.06,266599.0,00579904,False,False,False
548626,Zvěstovice,90,663156.0,804899.81,2998308.02,2998308.02,663156.0,00580147,False,False,False
548634,Podmoklany,132,399430.0,461593.76,8536212.72,9626212.72,399430.0,00580023,False,False,False
548642,Hřibiny-Ledská,391,1303505.0,1499293.18,9343212.47,14905560.75,1303505.0,00579271,False,False,False
548651,Libel,178,646637.0,512193.01,2640193.76,3790193.76,646637.0,00579254,False,False,False
548669,Rohenice,312,547224.0,1061615.09,6281222.74,6301222.74,547224.0,00579246,False,False,False
548677,Vysoký Újezd,108,351852.0,294781.87,2046514.97,2096514.97,351852.0,00579220,False,False,False
548685,Krchleby,107,345178.0,233928.6,1846929.57,1846929.57,345178.0,00579190,False,False,False
548693,Svídnice,169,617594.0,365821.9,8038401.34,11252117.88,617594.0,00579203,False,False,False
548707,Vrbice,154,482808.0,418118.12,4031954.33,4031954.33,449952.0,00579211,False,False,False
548715,Řečice,160,932130.0,1751027.4,5724429.88,5724429.88,929548.0,00248991,False,False,False
548723,Polom,158,307380.0,594247.74,6753825.55,8430825.55,307380.0,00579165,False,False,False
548731,Salačova Lhota,131,393273.0,1275694.59,3561982.43,3611982.43,371799.0,00249017,False,False,False
548740,Samšín,156,597203.0,317941.62,6482425.03,6611425.03,556020.75,00249025,False,False,False
548758,Proruby,58,325872.0,926786.43,2209786.13,2459786.13,325872.0,00579173,False,False,False
548766,Sedlice,145,497048.0,1079042.57,4620039.4,4722239.4,497048.0,00249041,False,False,False
548774,Senožaty,854,1584158.0,4426660.24,29574567.79,31323005.18,1552014.0,00249050,False,False,False
548782,Jahodov,100,347667.15,347926.91,4229951.71,4229951.71,345094.0,00579297,False,False,False
548791,Chlístov,75,336770.0,290990.28,1479343.44,1586343.44,336770.0,00579122,False,False,False
548804,Lampertice,353,1483740.0,2340087.67,10702705.99,10702705.99,1446498.0,00580741,False,False,False
548812,Stanovice,58,343310.0,245405.4,2225924.11,2277924.11,343310.0,00578207,False,False,False
548821,Borovnička,220,1033507.0,891311.29,7035374.23,53901877.29,1013123.0,00580201,False,False,False
548839,Zábřezí-Řečice,146,361748.2,344093.86,5794004.68,6694004.68,356390.0,00580872,False,False,False
548847,Zdobín,147,384935.85,9913880.91,11528270.87,19251894.65,365647.0,00580864,False,False,False
548855,Bříšťany,249,652682.0,542726.49,3563060.94,3975521.53,651003.0,00578258,False,False,False
548863,Milovice u Hořic,320,486118.0,1717844.44,8385260.64,8675387.54,486118.0,00578444,False,False,False
548871,Petrovičky,51,289426.08,172157.32,714959.73,714959.73,287961.0,00578509,False,False,False
548880,Sukorady,225,705528.0,641385.88,3846761.74,3976619.5,705528.0,00578592,False,False,False
548898,Rokytňany,154,532587.0,379938.51,2415723.55,2415723.55,532587.0,00578533,False,False,False
548901,Bílsko u Hořic,118,312580.0,1006402.16,3023189.65,3188083.65,312580.0,00578215,False,False,False
548910,Ohaveč,139,354668.0,288786.69,1077412.02,4177412.02,354668.0,00578479,False,False,False
548928,Kostelec,38,238670.0,240865.23,2171489.37,3601489.37,238670.0,00578398,False,False,False
548936,Těmice,419,1234169.0,1440245.95,12654427.76,12654427.76,1234169.0,00249203,False,False,False
548944,Kovač,147,373786.0,5347606.65,6926237.48,6926237.48,373786.0,00578401,False,False,False
548952,Budčeves,161,583060.0,880657.71,7432645.27,9212645.27,583060.0,00578266,False,False,False
548961,Sedliště,94,500411.0,554606.16,1499069.77,1499069.77,500411.0,00578541,False,False,False
548979,Borek,96,468841.0,411054.25,3232090.45,3332090.45,468841.0,00578223,False,False,False
548987,Útěchovice,64,572636.0,514372.46,2416316.02,2921088.02,518658.0,00511331,False,False,False
548995,Červená Třemešná,184,849872.0,606482.09,10803284.07,11289388.95,849872.0,00578291,False,False,False
549002,Včelnička,265,394249.0,509389.99,10827830.94,11092830.94,394249.0,00511196,False,False,False
549011,Velká Chyška,261,726223.8,1671551.49,20992905.61,25869287.57,723090.0,00249289,False,False,False
549029,Vřesník,103,385168.0,508508.19,2055018.07,2305018.07,385025.0,00578657,False,False,False
549037,Choteč,219,1189983.0,673838.72,10147630.83,11697630.83,1182035.0,00578347,False,False,False
549045,Velký Rybník,207,895660.0,507402.5,5524347.09,5757347.09,895660.0,00515931,False,False,False
549053,Veselá,226,688302.0,889423.18,30512860.79,39159860.79,688302.0,00249327,False,False,False
549061,Věžná,142,377326.0,1161380.51,5543676.74,6103146.74,377326.0,00476749,False,False,False
549070,Březina,134,520504.0,1093626.23,2934926.8,3084926.8,520504.0,00578240,False,False,False
549088,Dolní Lochov,54,275181.0,250929.49,1151083.67,1161083.67,275181.0,00578312,False,False,False
549096,Staré Místo,308,639128.0,1348704.88,6220701.55,19140029.02,639128.0,00578584,False,False,False
549100,Brada-Rybníček,187,743601.0,1260100.37,6104578.43,6534578.43,743601.0,00578231,False,False,False
549118,Dílce,64,212510.0,114145.23,773737.8,773737.8,212510.0,00578304,False,False,False
549126,Vojslavice,103,417570.0,657919.1,3661050.41,3681050.41,416424.0,00249394,False,False,False
549134,Vyklantice,147,769176.0,474032.96,4662333.23,5462333.23,762722.0,00249408,False,False,False
549142,Vyskytná,729,1181731.0,3336972.0,17246348.77,17913348.77,1181731.0,00249416,False,False,False
549151,Jinolice,196,535611.0,367236.3,3917318.65,4866711.65,535611.0,00578363,False,False,False
549169,Kbelnice,233,642192.0,626825.37,2839401.2,6009516.49,642192.0,00578380,False,False,False
549177,Zachotín,234,1046091.0,424490.16,5587811.14,8697811.14,1046091.0,00515809,False,False,False
549185,Ohařice,82,463272.0,222071.4,1374929.21,1374929.21,463272.0,00578461,False,False,False
549193,Zámostí-Blata,123,438319.0,221953.42,1546661.89,1546661.89,438319.0,00578665,False,False,False
549207,Nevratice,198,472788.66,887924.56,4438468.52,4707724.52,470879.66,00578452,False,False,False
549215,Želiv,1169,2813890.36,3861786.89,150737154.39,196290214.39,2793566.0,00249483,False,False,False
549223,Chyjice,184,699891.0,561818.33,4013278.69,4013278.69,699891.0,00578355,False,False,False
549231,Žirovnice,3178,3698690.21,14384693.7,168077014.42,476040584.55,3323803.0,00249505,False,False,False
549240,Písek,31121,8827695.54,202526146.7,1375748764.09,3187094519.46,8629732.22,00249998,True,True,False
549258,Albrechtice nad Vltavou,1027,2513760.7,3282285.47,110130053.9,138357383.9,2513760.7,00249521,False,False,False
549266,Bernartice,1405,950840.29,5083831.12,91449841.47,98787841.47,950840.29,00249530,False,False,False
549274,Rašín,106,310610.0,396155.39,2969379.15,3469379.15,310610.0,00578517,False,False,False
549282,Butoves,290,1017168.0,482789.65,11853166.12,42697033.11,1017168.0,00578282,False,False,False
549291,Božetice,347,914224.0,1519280.86,8395350.71,8395350.71,914224.0,00249556,False,False,False
549304,Branice,308,1526931.0,1391841.17,10419254.61,10715254.61,1470763.0,00249564,False,False,False
549312,Kacákova Lhota,175,451562.0,1498084.8,5586890.46,5686890.46,451562.0,00578371,False,False,False
549321,Cerhonice,143,556593.0,535672.52,3105825.14,3145825.14,544476.0,00511714,False,False,False
549339,Čimelice,1017,787438.0,4159516.93,35032438.9,37842438.9,783838.0,00249599,False,False,False
549347,Čížová,1366,2651737.63,6401692.56,74689238.94,86279488.94,2620377.63,00249602,False,False,False
549355,Cholenice,214,793320.0,654227.62,4971830.82,5677830.82,793320.0,00578339,False,False,False
549363,Dobev,1150,1545073.57,1394188.21,31502118.15,33225258.15,1539073.57,00249629,False,False,False
549371,Dražíč,283,933803.52,1382608.36,12790342.53,13790342.53,933803.52,00249637,False,False,False
549380,Drhovle,667,1529193.5,3126920.87,19139184.84,19699184.84,1525560.0,00249645,False,False,False
549398,Heřmaň,321,801414.0,765307.89,7549599.52,7835099.52,786914.0,00249653,False,False,False
549401,Pozlovice,1364,2817728.44,2963654.33,42515502.93,55515502.93,2798155.0,00568708,False,False,False
549410,Hrazany,288,434312.0,1400194.16,9952213.09,11596501.09,428070.0,00249670,False,False,False
549428,Hrejkovice,507,1421575.75,1380067.97,12941529.96,13984579.96,1377783.0,00249688,False,False,False
549436,Komárov,313,1001168.0,723329.49,10373259.58,12403559.58,1001168.0,00568597,False,False,False
549444,Oldřichovice,388,1595664.0,1115216.84,9350587.92,147238986.92,1582838.0,00568678,False,False,False
549452,Chyšky,1061,1922199.0,3518611.16,38900714.21,121187704.26,1888992.0,00249718,False,False,False
549461,Pohořelice,911,1559426.0,2209468.33,44858444.82,109021917.02,1559426.0,00568686,False,False,False
549479,Jetětice,345,1395762.65,712462.66,9134487.04,9369387.04,1395762.65,00249734,False,False,False
549487,Kestřany,726,1118453.0,1881131.85,18295396.55,50765159.24,1113453.0,00249742,False,False,False
549495,Kluky,615,1687239.39,3316449.33,18964711.25,24830605.25,1621217.27,00249751,False,False,False
549509,Kostelec nad Vltavou,394,1522341.0,863022.89,23112349.73,31042349.73,1522341.0,00249769,False,False,False
549517,Kovářov,1474,2519560.76,5995333.24,57451652.59,63461552.59,2507071.79,00249777,False,False,False
549525,Králova Lhota,198,639973.0,1064004.73,7223310.15,7523310.15,510636.0,00249785,False,False,False
549533,Poteč,761,1539225.0,2172946.26,31989914.13,44574914.13,1509688.0,00568694,False,False,False
549541,Kučeř,181,876528.0,464609.41,5577490.69,5577490.69,876528.0,00249807,False,False,False
549550,Lhotsko,314,709927.85,942826.29,4884770.25,4884770.25,657613.0,00568619,False,False,False
549568,Lety,289,877087.0,1666543.32,16607625.84,24944515.09,859850.0,00249823,False,False,False
549576,Milevsko,7950,4240117.73,76585213.67,381945391.67,752388894.77,3822507.0,00249831,True,True,False
549584,Mirotice,1232,1759989.23,6524862.37,55770046.42,61686932.42,1713131.23,00249840,False,True,False
549592,Mirovice,1623,1624264.34,8094686.19,53434706.13,105274103.73,1583674.61,00249858,False,True,False
549606,Mišovice,261,684837.0,1548561.73,16563119.49,28411582.59,684837.0,00511722,False,False,False
549614,Myslín,95,325770.0,343172.19,1829001.99,1899001.99,324540.0,00583979,False,False,False
549622,Lípa,848,1445563.0,3968628.11,36401437.99,36721437.99,1424463.0,00568627,False,False,False
549631,Nadějkov,728,1709182.0,2785244.23,31909660.69,32037660.77,1689472.0,00249891,False,False,False
549649,Tečovice,1475,2357438.37,3949979.64,47884282.83,50750154.83,2035664.23,00568741,False,False,False
549657,Nevězice,134,582774.0,1699948.04,4704820.3,8022265.3,327000.0,00511757,False,False,False
549665,Raškovice,2062,2412106.0,9949004.41,83642294.52,90244058.12,2379082.0,00577006,False,False,False
549673,Krásná,698,1776033.0,8567082.82,26917967.76,65355102.66,1762633.0,00577022,False,False,False
549681,Orlík nad Vltavou,301,1008094.67,2356308.71,24941538.49,28943538.49,978253.67,00249939,False,False,False
549690,Bořenovice,198,613835.71,675547.55,5491087.41,6311587.41,602536.0,00544523,False,False,False
549703,Oslov,336,1157769.03,1653852.31,15013486.09,18063486.09,1127946.03,00249955,False,False,False
549711,Ostrovec,371,1180932.46,1456046.91,10497815.51,12760166.52,1160917.46,00249963,False,False,False
549720,Přílepy,1001,1576950.04,3182935.37,54290936.24,60746936.24,1576950.04,00544531,False,False,False
549738,Ponětovice,445,773159.35,1796877.93,8425349.73,8425349.73,742069.0,00365408,False,False,False
549746,Předklášteří,1469,1947196.17,6532022.45,74470712.31,154470712.31,1821453.11,00365416,False,False,False
549754,Podolí I,361,2154450.32,1247440.88,8288978.67,8498978.67,2065026.0,00250007,False,False,False
549771,Protivín,4764,2016273.0,26037896.83,215647662.92,440830502.98,1876724.0,00250023,False,True,False
549789,Říčky,426,558588.0,2538675.27,8143554.39,8143554.39,558588.0,00636789,False,False,False
549797,Přeštěnice,271,1076373.0,1019301.76,8203039.97,9877039.97,1070377.0,00250040,False,False,False
549801,Putim,552,1289123.0,2513189.61,11950422.2,13243622.2,1283873.0,00250058,False,False,False
549827,Ražice,406,1122985.38,723607.55,17657856.9,25563356.9,1122985.38,00250074,False,False,False
549835,Milasín,50,315615.0,299037.39,1291289.33,1366289.33,309348.0,00599573,False,False,False
549843,Sepekov,1356,1994644.85,4905318.03,40080195.84,87561857.63,1972044.85,00250091,False,False,False
549851,Skály,318,1196947.36,1379253.95,13724072.79,14328072.79,1162710.36,00250104,False,False,False
549860,Slabčice,370,1263385.0,1948278.85,16640483.34,19695483.34,1263385.0,00250112,False,False,False
549878,Smetanova Lhota,272,1164829.77,1024848.16,8515870.92,9939307.32,1162489.77,00250121,False,False,False
549886,Střítež,101,587506.0,1341521.11,3084689.59,3134689.59,587506.0,00599867,False,False,False
549894,Skryje,72,290990.0,217539.15,1652971.72,1672971.72,290990.0,00599816,False,False,False
549908,Újezd u Tišnova,145,343982.0,1225705.73,2535168.28,2535168.28,342420.0,00599972,False,False,False
549916,Pikárec,333,765180.0,1163309.71,4881649.47,4941649.47,765180.0,00599671,False,False,False
549924,Radkov,171,433098.0,448286.46,6977403.72,9636897.64,433098.0,00599735,False,False,False
549932,Tálín,170,1152007.82,614454.67,4779941.67,5194260.67,1150504.82,00250163,False,False,False
549941,Rosička,46,348902.0,169411.49,1176812.27,3276812.27,348902.0,00374458,False,False,False
549959,Ubušínek,84,277910.0,553820.58,2311375.39,2311375.39,277910.0,00543586,False,False,False
549967,Hačky,112,447950.0,290479.99,6463676.4,6778676.4,447950.0,00600016,False,False,False
549975,Veselíčko,222,761700.0,619413.89,3434802.2,8874802.2,761004.0,00476463,False,False,False
549983,Polomí,140,401661.0,831813.73,3124314.63,3978967.63,401661.0,00600059,False,False,False
549991,Vráž,320,1183593.57,1563891.9,12765289.65,15551289.65,1148816.37,00250210,False,False,False
550001,Vrcovice,194,486685.0,795846.5,3816298.2,3816298.2,486685.0,00476471,False,False,False
550019,Vracovice,186,570086.0,845954.78,5096235.54,7036235.54,567756.0,00637106,False,False,False
550027,Záhoří,802,1682384.57,3646898.68,33666904.62,43332804.62,1659159.26,00250244,False,False,False
550035,Zbelítov,324,702323.0,707086.84,8032620.0,8032620.0,691836.0,00511692,False,False,False
550043,Zběšičky,165,1054710.0,611355.9,5070253.39,6430253.39,1054710.0,00511463,False,False,False
550051,Plenkovice,395,822274.66,1218381.04,10714117.88,10714117.88,797753.0,00636916,False,False,False
550060,Zhoř,318,923693.0,829760.26,7445339.8,7801139.8,867740.0,00250287,False,False,False
550078,Přeskače,102,389932.0,802988.9,3670320.69,3840320.69,364932.0,00636959,False,False,False
550086,Křídlůvky,250,1444291.33,911426.98,10550064.08,20207105.08,1408291.04,00600440,False,False,False
550094,Prachatice,11119,3975117.39,99664681.69,543435902.31,1956533853.02,3870100.0,00250627,True,True,False
550108,Kozlany,398,1341034.0,2888917.54,34896455.4,43056455.4,1340764.0,00368695,False,False,False
550116,Bohumilice,320,1361694.16,684825.9,11830101.58,19915101.58,1325602.16,00250333,False,False,False
550124,Bošice,378,1170111.99,442435.55,9159010.31,10109010.31,1170111.99,00250350,False,False,False
550132,Olšany,647,1562955.0,2116196.49,20253235.12,20564212.12,1536547.0,00368067,False,False,False
550141,Medlovice,427,1501114.04,958762.37,10776140.8,10776140.8,1484817.0,00542415,False,False,False
550159,Bušanovice,270,946407.0,402177.51,11319175.66,12634175.66,946407.0,00582999,False,False,False
550167,Čkyně,1553,1849261.26,5564942.43,73981287.44,92982237.88,1846261.26,00250384,False,False,False
550175,Podomí,459,1261074.64,1905118.46,18858802.58,26158802.58,1211933.0,00368709,False,False,False
550183,Dub,425,1257024.0,1369150.72,14074870.33,17673210.75,1244443.0,00250406,False,False,False
550191,Uhřice,265,966845.0,1204862.32,8317145.08,8317145.08,962230.0,00368661,False,False,False
550205,Horní Vltavice,354,1959162.93,2361703.68,19897230.01,21434697.85,1959162.93,00250422,False,False,False
550213,Heršpice,924,1665807.2,2357199.41,28765310.66,32945310.66,1665807.2,00542458,False,False,False
550221,Hracholusky,479,1180864.03,3473445.48,18264701.85,18870701.85,1180864.03,00250431,False,False,False
550230,Husinec,1405,1756799.0,3462868.51,59195383.17,106295928.17,1756799.0,00250449,False,False,False
550248,Chlumany,374,953108.0,2998469.67,38965733.97,56152425.97,953108.0,00583022,False,False,False
550256,Kašnice,220,431707.37,1038894.06,2882852.49,2882852.49,425555.0,00600181,False,False,False
550264,Chroboly,601,1123546.41,1457216.34,20020770.91,40172270.91,1120392.41,00250465,False,False,False
550272,Cvrčovice,673,1583182.87,2100167.02,18423085.51,18423085.51,1566694.0,00600156,False,False,False
550281,Hybrálec,483,1363617.0,2012056.27,11845612.28,12087612.28,1348172.0,00543705,False,False,False
550299,Smrčná,480,1487986.0,1685199.23,23048527.59,27828527.59,1363486.0,00543756,False,False,False
550302,Kuroslepy,161,418300.0,612913.17,4215336.4,5285336.4,418300.0,00378003,False,False,False
550311,Třesov,104,405480.0,447875.29,1722956.14,1934040.54,405480.0,00599166,False,False,False
550329,Ktiš,469,1129899.95,2589152.55,23555694.66,23814882.66,1104278.8,00250503,False,False,False
550337,Kvilda,123,869496.01,2651697.07,29976283.49,61565642.49,869496.01,00250511,False,False,False
550345,Lažiště,316,1881726.95,685881.74,13463072.19,15654080.8,1881726.95,00250520,False,False,False
550353,Lenora,652,1373033.9,5641417.01,19906898.2,22454230.92,1340116.0,00250538,False,False,False
550361,Lhenice,2052,2327468.25,6901747.59,63341039.04,89062630.04,2230384.48,00250546,False,False,False
550370,Pokojovice,115,369510.0,164404.45,5487480.81,5511480.81,369510.0,00378461,False,False,False
550388,Martínkov,243,457502.0,923780.39,5958450.97,7723450.97,451788.0,00378151,False,False,False
550396,Němčice,180,724872.0,366015.48,3758259.89,3928259.89,724872.0,00250554,False,False,False
550400,Bohušice,124,290990.0,415795.38,4236513.95,4276513.95,290990.0,00376078,False,False,False
550418,Malovice,698,1443404.0,3779200.64,28936861.61,29536861.61,1443404.0,00250571,False,False,False
550426,Mičovice,353,1241913.0,1290464.81,16560801.23,24131001.23,1241913.0,00583090,False,False,False
550434,Nebahovy,630,1317774.0,1133436.97,21665535.91,21896247.91,1317774.0,00250597,False,False,False
550442,Netolice,2467,2906374.5,10927750.71,72141339.34,114051391.34,2865144.5,00250601,False,True,False
550451,Nová Pec,443,1409029.13,2327036.2,27494575.54,42807575.54,1351308.55,00250619,False,False,False
550469,Pálovice,175,386594.0,1454894.05,3275621.34,3517221.34,386594.0,00378321,False,False,False
550477,Chotěbudice,104,400226.0,747027.98,1672531.65,1840031.65,400226.0,00377325,False,False,False
550485,Radhostice,149,364206.0,390057.75,3185031.34,3255031.34,364206.0,00250643,False,False,False
550493,Radkovice u Budče,153,482825.0,432720.04,5133355.67,5863355.67,482493.0,00378534,False,False,False
550507,Litohoř,546,1212447.0,1510553.48,12736800.58,16586800.58,1212447.0,00378062,False,False,False
550515,Stachy,1114,1783953.41,4740325.59,55693824.03,113813694.48,1754518.0,00250678,False,False,False
550523,Stožec,220,1129557.95,2378398.78,13968228.97,25351590.97,1107137.95,00250686,False,False,False
550531,Strážný,392,1705677.82,5341460.3,54649544.16,231491914.16,1687777.82,00250694,False,False,False
550540,Strunkovice nad Blanicí,1317,3171613.47,2850076.07,43395970.29,44947178.29,3097624.86,00250708,False,False,False
550558,Svatá Maří,615,1284024.0,943748.63,40870982.12,40870982.12,1284024.0,00250716,False,False,False
550566,Lukov,394,784504.0,584595.93,8131731.58,8303231.58,784504.0,00378135,False,False,False
550574,Šumavské Hoštice,416,765979.0,942677.14,17566374.43,21965374.43,747444.0,00250732,False,False,False
550582,Těšovice,320,956257.0,1939612.79,12691326.97,15599062.97,956257.0,00250741,False,False,False
550591,Jiratice,82,359006.0,443700.6,3130732.74,7376606.74,359006.0,00377571,False,False,False
550604,Tvrzice,130,528719.0,360609.98,3160597.18,3660597.18,517248.0,00250767,False,False,False
550612,Horní Smrčné,54,276350.0,52593.75,922397.76,922397.76,276350.0,00376973,False,False,False
550621,Vacov,1467,2112236.0,7258213.17,62598802.02,77733613.02,2048320.0,00250783,False,False,False
550639,Hroznatín,111,308833.0,608920.17,2709368.93,3309368.93,308833.0,00377261,False,False,False
550647,Vimperk,7289,3754626.07,106270626.0,318351149.38,636905724.54,3720454.0,00250805,True,True,False
550655,Vitějovice,529,1150146.75,1399609.99,27163828.27,35295028.27,1147828.75,00250813,False,False,False
550663,Vlachovo Březí,1750,1875947.0,8054781.8,87881395.02,115431578.02,1875947.0,00250821,False,False,False
550671,Volary,3692,2979463.71,16822147.21,150096351.29,346786212.63,2883932.0,00250830,False,True,False
550680,Záblatí,313,1327434.02,1161975.97,25719405.48,27660905.48,1309432.02,00250848,False,False,False
550698,Zálezly,346,1301236.0,460505.65,6427783.78,7927783.78,1271236.0,00250856,False,False,False
550701,Zbytiny,361,1431560.48,3350375.65,35101825.63,38679745.63,1431560.48,00250864,False,False,False
550710,Krahulov,291,362930.0,715745.91,6139129.87,6429329.87,362930.0,00377961,False,False,False
550728,Zdíkov,1721,1728232.0,5284628.18,71301398.13,119772698.13,1728232.0,00250872,False,False,False
550736,Hostětín,214,539398.0,1347230.37,5379453.86,5482107.86,517828.0,00542296,False,False,False
550744,Kunovice,5570,3837648.5,27065797.92,207352545.69,265977467.69,3814637.0,00567892,False,False,False
550752,Staré Město,6585,4098836.9,40136001.53,241331652.92,440395806.9,4058480.0,00567884,False,True,False
550761,Želnava,134,437390.0,977051.6,5226060.69,5266060.69,436432.0,00583154,False,False,False
550779,Naloučany,162,395661.92,585553.73,3311619.29,3386619.29,374501.92,00378208,False,False,False
550787,Strakonice,22355,6335884.0,140760611.24,851300897.36,1971043191.58,6165438.0,00251810,True,True,False
550795,Podbřežice,296,801063.0,1869364.82,11096402.45,11096402.45,798981.0,00368679,False,False,False
550809,Bavorov,1683,1539091.0,4576773.13,42345919.77,58001582.4,1539091.0,00250945,False,False,False
550817,Bělčice,1024,1485548.17,2399940.43,28536951.04,31589576.28,1411490.17,00250953,False,False,False
550825,Holubice,1839,3377868.12,6729809.95,53813269.47,89613305.16,3049062.0,00542423,False,False,False
550833,Bílsko,208,1127600.0,819660.66,9790608.4,10027608.4,1127600.0,00250970,False,False,False
550841,Jiřice u Moravských Budějovic,54,256742.0,468783.17,2398422.97,2593976.62,256742.0,00600415,False,False,False
550850,Blatná,6669,3562915.0,47332887.1,264561631.57,359639518.13,3474057.0,00250996,True,True,False
550906,Cehnice,511,1069810.23,2395752.66,25844773.8,30114773.99,1069810.23,00251038,False,False,False
550922,Čejetice,937,1446130.46,3842998.19,33154408.7,36109804.7,1389314.46,00251054,False,False,False
550949,Čepřovice,211,1001135.0,1894038.7,24760304.77,38782235.32,1001135.0,00228702,False,False,False
550957,Čestice,907,1648406.03,2980080.72,45749892.77,123354980.82,1611247.03,00251089,False,False,False
550965,Číčenice,476,1179703.0,1182837.64,9765184.41,17348346.99,1173703.0,00251097,False,False,False
550981,Doubravice,253,629773.0,1087018.46,7298976.06,7618976.06,622608.0,00251101,False,False,False
551015,Drahonice,413,1060120.53,1432694.54,27770820.71,37068140.71,1009190.53,00251135,False,False,False
551023,Drážov,228,1204626.0,572261.07,13729529.84,14559529.84,1099290.0,00251143,False,False,False
551040,Dřešín,328,1221682.66,3868830.12,12907678.11,14928078.11,1166068.06,00251160,False,False,False
551104,Hoslovice,172,593568.0,487864.24,7188744.52,12566944.52,593568.0,00251216,False,False,False
551121,Hoštice,145,554592.0,313419.95,3099384.35,3244384.35,554592.0,00251232,False,False,False
551139,Chelčice,398,1417082.0,5168054.68,13232474.08,17032393.08,1417082.0,00251241,False,False,False
551155,Chrášťovice,271,586646.0,590776.08,13474715.81,15499715.81,586646.0,00251267,False,False,False
551163,Jinín,221,503375.17,462344.04,14753549.82,20823549.82,478728.0,00477435,False,False,False
551180,Kadov,374,1254629.87,713187.99,7298410.67,7738410.67,1244629.87,00251283,False,False,False
551201,Katovice,1331,2285397.31,3331770.31,33113614.81,39570694.81,2259530.31,00251305,False,False,False
551261,Kraselov,235,502647.0,527657.2,7060036.76,8539316.76,502127.0,00251364,False,False,False
551333,Libějovice,485,629557.0,2432065.96,22792754.96,58179581.03,629557.0,00667641,False,False,False
551341,Litochovice,292,1158898.0,325237.19,7737607.41,7832607.41,1158898.0,00667668,False,False,False
551350,Lnáře,717,1841602.34,9574937.08,25854180.31,67890180.31,1765266.0,00251437,False,False,False
551384,Malenice,729,1600260.82,2845810.47,23081299.31,40667479.31,1598510.82,00251461,False,False,False
551392,Mečichov,285,837964.0,846470.12,5704099.55,5864099.55,797122.0,00251470,False,False,False
551414,Miloňovice,255,1577745.09,746123.03,10730749.23,10830749.23,1486866.0,00251488,False,False,False
551457,Studeněves,517,1470370.0,2398633.9,8837170.72,8837170.72,1470370.0,48706213,False,False,False
551465,Košice,58,405480.0,553054.32,7084182.37,9754182.37,405480.0,49540858,False,False,False
551473,Myštice,264,1191652.0,1193965.81,9993639.84,10717619.2,1191652.0,00251542,False,False,False
551481,Kněžičky,189,928791.0,793937.05,4642187.88,4642187.88,918412.0,49534904,False,False,False
551490,Branišov,276,571898.0,1153199.77,6728813.8,9626830.86,571898.0,00581666,False,False,False
551503,Čížkrajice,291,1169343.77,520419.06,13128460.42,17715790.02,1149333.77,00581674,False,False,False
551520,Nihošovice,310,1153575.84,455748.33,10151712.91,10316712.91,1149275.84,00251593,False,False,False
551538,Střítež,422,1391960.06,1766443.16,12988573.32,12988573.32,1364639.86,00583774,False,False,False
551546,Dubovice,80,251750.0,360085.29,2081067.36,2474067.36,251750.0,49056620,False,False,False
551554,Novosedly,338,814883.0,252263.54,5510421.13,8971921.13,814883.0,00251623,False,False,False
551562,Osek,661,1687900.31,1954335.89,27630749.41,60572474.41,1687900.31,00251631,False,False,False
551571,Paračov,106,557096.0,857243.04,6727043.68,7485871.44,557096.0,00251640,False,False,False
551589,Horní Rápotice,174,614709.0,317223.12,10490024.29,22225024.29,614709.0,49056654,False,False,False
551597,Hajany,173,384770.0,343499.2,3361612.87,3381612.87,384770.0,60829257,False,False,False
551601,Turovec,284,509429.0,1728672.81,8895878.83,9072878.83,508613.0,00582867,False,False,False
551619,Pracejovice,322,960643.52,1081993.62,9163777.71,9378777.71,955817.52,00251682,False,False,False
551627,Předmíř,289,353112.0,967321.3,6824665.61,14608263.44,349862.0,00228699,False,False,False
551635,Předslavice,243,674312.0,452019.98,5716421.6,8136421.6,674312.0,00251691,False,False,False
551643,Přešťovice,479,619992.0,1865079.22,12288282.47,18938282.47,619992.0,00251704,False,False,False
551651,Hory,459,1947555.0,1581619.77,8534335.2,9108835.2,1920962.0,49750500,False,False,False
551660,Radomyšl,1366,2552261.63,9913930.7,43338108.11,71462353.11,2552261.63,00251721,False,False,False
551678,Radošovice,632,737908.0,1594289.9,15622410.72,15912410.72,736830.0,00251739,False,False,False
551686,Podmokly,153,1064786.0,600816.31,3967136.82,3967136.82,1064786.0,49209001,False,False,False
551694,Velká Štáhle,317,1407311.0,2009342.84,10294682.48,10619682.48,1407311.0,00576018,False,False,False
551708,Dlouhá Stráň,103,558906.0,1797569.17,3760802.72,4396202.72,555156.0,00576069,False,False,False
551716,Sedlice,1276,1469884.38,6774190.72,41993982.54,2293276202.54,1459884.38,00251755,False,False,False
551724,Mezina,380,1245340.66,1500010.8,10947435.14,11751235.14,1170073.66,00576026,False,False,False
551732,Moravskoslezský Kočov,592,1580078.49,3431755.56,21494718.65,32681218.65,1529493.49,00576042,False,False,False
551741,Skočice,237,516660.0,178535.31,9363011.74,30838495.74,516660.0,00251780,False,False,False
551759,Sousedovice,349,652688.0,1071928.57,26596061.65,26956061.65,652688.0,00251798,False,False,False
551767,Staré Město,909,1468807.87,2376573.06,31004075.67,39412075.67,1442018.87,00576051,False,False,False
551775,Strašice,175,714239.21,384393.97,14321841.4,19721841.4,689020.21,00251828,False,False,False
551783,Valšov,253,1024879.0,1500899.66,6297005.31,6628005.31,1012072.0,00576034,False,False,False
551791,Střelské Hoštice,905,1868778.0,2620965.71,22367829.95,23239714.95,1866032.0,00251844,False,False,False
551805,Horní Životice,337,1599575.77,3337316.16,11774778.82,11874778.82,1584536.77,00576085,False,False,False
551813,Staré Heřminovy,212,1096086.0,1107308.23,16024731.63,16154731.63,1096086.0,00576077,False,False,False
551821,Tvrdkov,238,1211682.55,1066877.98,10509997.45,11129997.45,1093982.55,00576000,False,False,False
551830,Škvořetice,315,1124589.0,1909007.54,8949183.03,9669183.03,1075411.0,00251879,False,False,False
551848,Petrovice,139,1132040.83,1087454.28,4896695.64,4981695.64,1110858.83,00576123,False,False,False
551856,Štěkeň,889,2203897.28,1965440.1,34315711.1,64916121.1,2178671.0,00251895,False,False,False
551864,Dívčí Hrad,313,1431699.02,4372452.7,28576736.54,32366736.54,1412810.48,00576115,False,False,False
551872,Hlinka,208,1145135.26,1937972.26,15048712.56,16960512.56,1125701.26,00576107,False,False,False
551881,Slezské Pavlovice,183,1137465.86,5097596.9,21263353.92,21783353.92,1100742.86,00576093,False,False,False
551899,Třebohostice,309,525495.0,1375656.13,9659806.13,9873806.13,519216.0,00251933,False,False,False
551902,Malá Štáhle,113,335489.0,1149602.39,8084309.95,10989515.34,335489.0,00575968,False,False,False
551911,Stará Ves,452,1638423.58,4775746.33,20326626.47,22821126.47,1614460.58,00575950,False,False,False
551929,Andělská Hora,357,1362011.0,2508139.76,15507915.71,18011941.71,1362011.0,00575976,False,False,False
551937,Uzenice,102,407397.0,465890.55,4469694.99,4689694.99,404987.0,00251968,False,False,False
551945,Rudná pod Pradědem,359,1445083.0,1135235.0,19495189.08,25745189.08,1433083.0,00575984,False,False,False
551953,Vodňany,7383,3676254.0,63385153.04,318895828.89,630955145.59,3676254.0,00251984,True,True,False
551961,Volenice,582,1393482.21,1788840.3,17797980.06,21692980.06,1387993.21,00397342,False,False,False
551970,Volyně,3036,1963785.33,15105692.86,187511316.32,240037693.29,1928389.33,00252000,False,True,False
551988,Záboří,340,706091.0,1091269.87,46305186.0,71390186.0,695944.0,00252018,False,False,False
551996,Ludvíkov,281,1152470.4,2094025.94,8899059.08,9282059.08,1152470.4,00576131,False,False,False
552003,Čaková,340,1130834.0,2155966.04,14067414.26,15027414.26,1130834.0,00575992,False,False,False
552011,Štarnov,867,2330254.0,3271038.39,36095460.36,69173052.36,2308854.0,00635685,False,False,False
552020,Hlušovice,1089,2167602.0,5474140.06,18025040.62,22650669.24,2166323.0,00635677,False,False,False
552038,Loučka,214,479832.0,3693507.59,7220014.16,7720014.16,474793.0,00576247,False,False,False
552046,Tábor,34356,8571915.21,254102097.84,1497389483.02,3953816325.83,8571915.21,00253014,True,True,False
552054,Bechyně,4815,2916870.19,24378418.37,229666251.66,656015571.28,2871943.37,00252069,False,True,False
552062,Bílsko,237,608874.0,2089780.93,10291355.15,12171569.96,607338.0,00576239,False,False,False
552071,Dubčany,281,493097.0,1230398.64,5182745.49,5682745.49,491250.0,00576221,False,False,False
552089,Tovéř,653,1490020.0,3244838.1,15207189.26,15277189.26,1484020.0,00635626,False,False,False
552097,Borkovice,249,852335.0,1019176.7,4518681.56,4711779.56,852335.0,00252093,False,False,False
552101,Borotín,723,1576196.0,2631414.13,29884274.44,32006924.44,1553956.0,00252107,False,False,False
552119,Věrovany,1399,2169125.0,5932889.66,28423177.45,30820177.45,2124841.0,00635707,False,False,False
552127,Bradáčov,45,402864.0,160947.72,1504108.02,1504108.02,402864.0,00512532,False,False,False
552135,Březnice,256,467980.0,449091.33,11931833.84,15201833.84,467980.0,00252131,False,False,False
552143,Budislav,370,1265391.0,1569634.91,11098487.35,11985087.35,1229391.0,00252140,False,False,False
552151,Skrbeň,1142,1587051.0,4048003.56,29617718.66,29729467.33,1587051.0,00635693,False,False,False
552160,Pňovice,1006,1540378.39,3759367.29,28074890.71,29818640.71,1527220.39,00635731,False,False,False
552178,Haňovice,496,1255043.0,1264464.06,20635254.68,26310254.68,1238093.0,00635723,False,False,False
552186,Červenka,1445,2836196.72,4108533.24,62589807.87,64152612.87,2781495.72,00635740,False,False,False
552194,Slavětín,206,781014.0,1214982.08,7381537.53,10152658.53,781014.0,00635332,False,False,False
552208,Dírná,424,1180431.0,2080928.74,16194484.23,35206032.01,1144303.0,00252166,False,False,False
552216,Luběnice,508,1196237.0,1619189.72,13243199.11,15162199.11,1196237.0,00635642,False,False,False
552224,Dobronice u Bechyně,113,499800.0,431583.19,5917957.52,6977957.52,499800.0,00512575,False,False,False
552232,Loučany,615,1510792.0,3308071.3,18946227.31,19946227.31,1510792.0,00635651,False,False,False
552241,Dolní Hořice,857,1551730.0,1311838.31,22479442.71,24685970.71,1454155.0,00252191,False,False,False
552259,Olbramice,221,977344.25,415068.25,3606224.7,3606224.7,967601.0,00635669,False,False,False
552267,Senička,357,1151357.0,970598.18,12335175.52,12909375.52,1151357.0,00635324,False,False,False
552275,Dráchov,222,503580.0,829072.17,3332007.86,3532007.86,503580.0,00252221,False,False,False
552283,Dražice,846,1378678.0,3312442.23,30563320.44,34837970.44,1378678.0,00252239,False,False,False
552291,Dražičky,173,480025.0,338487.55,2355171.15,2925171.15,480025.0,00512591,False,False,False
552305,Lipina,170,760012.0,2348416.75,7396974.81,10435936.14,760012.0,00635278,False,False,False
552313,Domašov u Šternberka,354,1026378.0,1045798.0,10006215.36,11080215.36,1026378.0,00635286,False,False,False
552321,Hlavatce,427,829629.0,1094198.85,12736936.61,25506348.27,824040.0,00252263,False,False,False
552330,Hlásnice,260,564527.0,711979.63,6566702.31,6596702.31,561527.0,00635294,False,False,False
552348,Mladějovice,730,673739.0,1752007.0,20610851.97,20610851.97,667434.0,00635308,False,False,False
552356,Babice,458,1378173.0,2933323.89,11334016.44,11334016.44,1338149.0,00635260,False,False,False
552364,Ústín,474,1282491.0,1068194.98,11430210.55,17950210.55,1281993.0,00635618,False,False,False
552372,Medlov,1711,2836711.07,6826469.29,58343341.96,123653798.96,2774305.01,00575666,False,False,False
552381,Nová Hradečná,751,1454191.11,5166599.59,19255561.69,23565561.69,1423780.31,00575658,False,False,False
552399,Želechovice,253,370380.0,1431251.1,6025263.03,8514796.03,370380.0,00635766,False,False,False
552402,Bukovany,697,1506390.0,2693526.21,9867818.91,17595818.91,1506390.0,00576263,False,False,False
552411,Přáslavice,1451,2068178.0,6454275.65,52423907.7,56470035.94,2068178.0,00576255,False,False,False
552429,Svésedlice,298,1064022.0,2086363.55,9035048.79,11014048.79,1045386.0,00576271,False,False,False
552437,Krčmaň,484,807788.54,2710653.47,13702623.35,13930123.35,798804.0,00575640,False,False,False
552445,Daskabát,624,1624154.55,2671188.21,19338312.8,25246312.8,1563551.55,00635359,False,False,False
552453,Chotěmice,123,371022.0,825899.08,3433147.38,3433147.38,371022.0,00512648,False,False,False
552461,Chotoviny,1912,1892947.0,3833241.76,92565816.16,181513874.16,1887209.0,00252352,False,False,False
552470,Choustník,484,1120284.0,1800434.06,26570593.71,27460593.71,1108601.0,00252361,False,False,False
552488,Vojkovice,799,1699032.48,3658739.07,21268617.36,59370817.36,1612406.0,00577081,False,False,False
552496,Chýnov,2568,2920780.0,9875076.72,85596878.24,96066456.24,2871195.0,00252387,False,False,False
552500,Pazderna,408,976724.0,1279712.28,25259077.79,28259077.79,970524.0,00577073,False,False,False
552518,Nošovice,1020,1992640.7,10070700.86,122640875.23,401385619.33,1941255.0,00577049,False,False,False
552526,Nižní Lhoty,294,1415064.0,2195209.8,23474804.28,36609804.28,1376485.0,00577065,False,False,False
552534,Jistebnice,2132,1684562.0,11791174.62,133915773.56,187484958.56,1671599.0,00252425,False,False,False
552542,Dobratice,1393,2389062.44,5352570.42,47559441.0,66768591.0,2339278.0,00577057,False,False,False
552551,Staré Město,1517,1071634.0,3938841.07,54465105.95,55796055.95,1071634.0,00576948,False,False,False
552569,Staříč,2238,3220702.59,8269027.24,85396971.35,185492359.35,2839567.0,00576956,False,False,False
552577,Pstruží,1058,1804173.0,3308079.15,15389558.82,15389558.82,1758587.0,00576972,False,False,False
552585,Košice,774,1227233.29,3049975.74,18261894.35,18261894.35,1186767.29,00252468,False,False,False
552593,Malenovice,790,1724103.0,3948029.67,42892526.57,64946526.57,1694151.0,00576964,False,False,False
552607,Dolní Tošanovice,428,965246.75,2978819.68,9965213.28,10160213.28,918124.0,00576875,False,False,False
552615,Vělopolí,302,1998673.0,795022.42,11806345.65,13659345.65,1978673.0,00576930,False,False,False
552623,Třanovice,1101,2065048.0,3363611.39,30107766.18,38216221.7,2050325.0,00576921,False,False,False
552631,Horní Tošanovice,708,1497738.0,3249722.61,11186892.42,11186892.42,1491738.0,00576883,False,False,False
552640,Řeka,553,863037.0,3610760.7,11139426.46,11492345.09,849540.0,00576891,False,False,False
552658,Smilovice,867,1541460.96,3026685.35,26343659.59,26877369.59,1420974.0,00576905,False,False,False
552666,Malšice,1893,1901557.0,6768440.81,68172855.89,79508792.77,1846090.0,00252522,False,False,False
552674,Střítež,1076,1819262.11,3195009.43,17115791.51,17245791.51,1636543.0,00576913,False,False,False
552682,Vyšní Lhoty,896,1475433.0,2736043.39,22085382.7,33995382.7,1469142.0,00577014,False,False,False
552691,Žabeň,978,3015812.74,4836859.18,42589663.05,43272947.05,2775250.0,00576867,False,False,False
552704,Mladá Vožice,2705,3506822.05,10280398.78,125199617.97,246919034.97,3391099.44,00252557,False,True,False
552712,Mlýny,120,470880.0,485730.12,4353390.56,4373390.56,470880.0,00252565,False,False,False
552721,Myslkovice,441,561978.0,857787.42,30309957.99,42473957.99,560208.0,00667048,False,False,False
552739,Horní Suchá,4320,4147331.16,18972260.58,243495658.52,566425415.28,3835443.0,00575917,False,False,False
552747,Nemyšl,319,1162227.0,724386.64,7514490.78,8934090.78,1162227.0,00667064,False,False,False
552755,Věžky,207,1140143.0,1788893.63,4399754.53,4399754.53,1140143.0,00600857,False,False,False
552763,Nová Ves u Chýnova,325,486024.0,1752699.08,6767214.01,7117214.01,486024.0,00252603,False,False,False
552771,Čechy,332,1248349.0,1981896.57,14168724.32,14468724.32,1244599.0,00636177,False,False,False
552780,Křtomil,409,1275511.0,3759867.36,9247055.59,16647055.59,1250279.0,00636312,False,False,False
552798,Oldřichov,245,1203851.0,1205123.31,8001799.31,10813457.31,1199145.0,00252620,False,False,False
552801,Opařany,1433,2024462.43,4597432.99,49991354.63,58905160.63,1992659.43,00252638,False,False,False
552810,Nahošovice,161,425029.0,593247.05,3725344.28,4049344.28,425029.0,00636401,False,False,False
552828,Planá nad Lužnicí,4614,2507871.0,13230048.85,156689962.89,272990964.88,2507871.0,00252654,False,False,False
552836,Turovice,246,396545.0,3888059.22,8057127.66,8432127.66,396545.0,00636649,False,False,False
552844,Olšovec,525,1325130.0,3048015.99,11915874.94,12265674.94,1304417.0,00636436,False,False,False
552852,Pohnání,80,337565.0,234673.25,2432991.01,2482991.01,333710.0,00252671,False,False,False
552861,Pojbuky,103,459450.0,1045912.46,4829417.02,5409417.02,459450.0,00667081,False,False,False
552879,Uhřičice,535,1328921.34,4307488.01,14557390.05,15759506.05,1316346.34,00636657,False,False,False
552887,Stříbrnice,236,921087.37,1061556.52,5993236.49,8536036.49,894349.99,00636592,False,False,False
552895,Přehořov,345,1190217.0,2892152.0,8457145.8,10089145.8,1123640.0,00252719,False,False,False
552909,Měrovice nad Hanou,696,1382569.0,2403204.05,19954700.37,20104700.37,1354398.0,00636380,False,False,False
552917,Radenín,497,1813138.31,1420983.59,26702614.58,35430614.58,1740646.81,00252735,False,False,False
552925,Radětice,251,444720.0,322584.95,11387616.48,20632616.48,444720.0,00252743,False,False,False
552933,Radimovice u Želče,444,878820.0,1064939.06,10915160.86,11052433.86,876360.0,00252751,False,False,False
552941,Radkov,169,647328.0,435334.46,4760310.49,5653310.49,647328.0,00667111,False,False,False
552950,Šišma,216,658798.0,2194680.69,8253895.87,21538895.87,658798.0,00636614,False,False,False
552968,Horní Těšice,151,503580.0,1239936.48,6384133.88,8809133.88,503580.0,00636266,False,False,False
552976,Rataje,219,584379.0,679693.48,7600746.85,7709239.85,562440.0,00252786,False,False,False
552984,Dolní Těšice,63,288530.0,561718.6,1733932.47,1813932.47,288530.0,00636215,False,False,False
552992,Ratibořské Hory,815,1566990.0,2964969.55,24586790.72,24985100.72,1566990.0,00252794,False,False,False
553000,Oplocany,375,1146486.0,1509865.06,8983204.1,9029130.1,1131972.0,00636444,False,False,False
553018,Roudná,568,1394838.0,1223210.93,26320867.34,29559995.04,1366706.0,00252816,False,False,False
553026,Valašská Senice,423,1281999.5,2161266.52,22974080.34,30848580.34,1258198.5,00635774,False,False,False
553034,Řepeč,286,1001915.0,765500.9,19561331.1,23661331.1,980334.0,00667129,False,False,False
553042,Mladecko,152,424273.0,1139572.93,6429210.37,6660056.37,424273.0,00635502,False,False,False
553051,Dolní Životice,1045,1702975.31,3040801.74,27373790.63,29149369.63,1665199.28,00635570,False,False,False
553069,Sezimovo Ústí,7097,3873763.91,24975139.06,297271710.05,493017657.57,3835418.93,00252859,False,True,False
553077,Skalice,537,1176285.0,669443.22,7234629.84,7574629.84,1149779.0,00252867,False,False,False
553085,Skopytce,170,456220.0,1038003.72,29142893.68,31172893.68,456220.0,00252875,False,False,False
553093,Hlavnice,679,2016509.0,4513651.79,19464677.96,19464677.96,1984767.0,00635596,False,False,False
553107,Bratříkovice,154,869500.06,2049095.72,3418761.19,3418761.19,869500.06,00635600,False,False,False
553115,Lhotka u Litultovic,219,698425.0,1043116.65,4306783.75,4885659.75,698425.0,00635375,False,False,False
553123,Smilovy Hory,357,1123021.0,1008754.55,12522959.63,15877959.63,1096913.0,00252913,False,False,False
553131,Soběslav,7070,4395963.2,55492185.16,292532346.59,543927712.59,4283580.0,00252921,True,True,False
553140,Stádlec,588,1096717.9,2600668.69,28155414.14,54661597.25,1058782.0,00252930,False,False,False
553158,Neplachovice,939,1762007.92,2428042.87,29274976.95,49451624.95,1761182.92,00561193,False,False,False
553166,Sudoměřice u Bechyně,776,1939288.0,3281089.15,33895444.42,42322764.42,1939288.0,00252964,False,False,False
553174,Sudoměřice u Tábora,330,989574.18,619960.12,7050144.17,7299144.17,989574.18,00667170,False,False,False
553182,Sviny,334,587401.0,606083.23,8949046.75,8949046.75,583020.0,00667188,False,False,False
553191,Vikantice,71,1130349.0,721787.11,3007058.81,3656058.81,1130349.0,00636070,False,False,False
553204,Šebířov,353,1413684.0,1002775.45,32963900.44,32963900.44,1413684.0,00253006,False,False,False
553212,Janoušov,53,253986.0,240633.27,1201874.17,1336874.17,253986.0,00636088,False,False,False
553221,Hrabová,707,1408528.93,2493402.58,21056088.85,21533834.85,1341372.93,00636061,False,False,False
553239,Tučapy,813,1512829.0,2753707.44,39138534.47,73028534.47,1391022.0,00253049,False,False,False
553247,Kopřivná,286,947708.0,3478273.79,22502663.66,35888786.05,943458.0,00635251,False,False,False
553255,Val,253,1479966.0,1131525.03,5064731.62,5211731.62,1471146.0,00667226,False,False,False
553263,Vesce,306,1098400.0,281070.93,13540994.44,19885994.44,1098400.0,00667234,False,False,False
553271,Veselí nad Lužnicí,6515,4417436.0,26443936.77,337823735.64,968129240.64,4301271.0,00253081,False,True,False
553280,Vilice,153,817500.0,364083.23,5585305.63,5773218.75,817500.0,00667242,False,False,False
553298,Vlastiboř,332,762312.2,933712.29,11901240.67,12082240.67,762312.2,00253103,False,False,False
553301,Hradec-Nová Ves,386,1383705.73,4030306.37,15243641.31,16088810.31,1352652.73,00636011,False,False,False
553310,Vlkov,180,492565.2,1162172.75,5052797.29,5349797.29,487274.0,00667269,False,False,False
553328,Vodice,154,648768.0,367198.94,4186758.96,4406758.96,648768.0,00253138,False,False,False
553336,Třeština,405,1135299.0,2718415.33,11045437.97,11734598.82,1109340.0,00635987,False,False,False
553344,Jakubovice,210,724870.0,762133.34,5528326.03,6118527.93,717580.0,00635979,False,False,False
553352,Postřelmůvek,300,1361714.02,3197054.36,9276277.66,9481277.66,1361714.02,00635961,False,False,False
553361,Zálší,241,529740.0,811904.95,6651187.11,6741187.11,529740.0,00667293,False,False,False
553379,Dolní Studénky,1421,2617939.0,8541658.2,40812112.13,42964849.3,2617453.0,00635936,False,False,False
553387,Hraběšice,207,194957.0,3865135.86,8807973.77,10447973.77,194957.0,00635928,False,False,False
553395,Rejchartice,170,671682.0,1610482.77,3302067.54,3332067.54,671682.0,00635910,False,False,False
553409,Zvěrotice,401,911676.0,548157.48,4856643.25,8961643.25,911676.0,00667323,False,False,False
553417,Želeč,1036,2230854.0,2105617.04,48811863.24,128444852.24,2230854.0,00253201,False,False,False
553425,Domažlice,11133,5861209.64,131036024.72,503701838.58,799973371.7,5732198.0,00253316,True,True,False
553433,Babylon,388,1205591.0,1603155.66,30138114.06,30703114.06,1205591.0,00572551,False,False,False
553441,Bělá nad Radbuzou,1754,1586738.0,3903461.13,137526918.88,141761926.88,1581538.0,00253235,False,False,False
553450,Blížejov,1598,2521859.37,4924585.08,55754801.44,88822011.44,2378819.97,00253243,False,False,False
553468,Velká Kraš,721,1553728.57,3641456.37,36554274.41,39675757.41,1486915.21,00635855,False,False,False
553476,Nemile,679,1369492.0,4553517.55,41779347.71,47237960.73,1369492.0,00635871,False,False,False
553484,Skorošice,659,1675649.5,3473740.52,46244837.03,106140837.03,1645161.0,00635863,False,False,False
553492,Závada,620,1591261.0,5863524.25,14652846.93,15424499.93,1569526.0,00635553,False,False,False
553506,Bukovec,130,701872.95,581651.98,2675491.72,3138491.72,693960.0,00572306,False,False,False
553514,Čermná,262,463784.0,772573.46,5341595.35,6136046.35,450387.0,00480339,False,False,False
553522,Tužice,87,350757.0,151628.78,3375045.17,4620045.17,350757.0,49208993,False,False,False
553531,Černíkov,375,442404.0,1508429.2,7322624.7,7552136.7,442404.0,00253286,False,False,False
553549,Česká Kubice,993,2711817.0,7544500.15,83111174.07,84372314.07,2711817.0,00253294,False,False,False
553557,Díly,378,1581284.15,2215918.31,9005522.77,9155522.77,1538115.0,00572586,False,False,False
553565,Polánka,49,315541.0,1160348.17,1588972.27,1588972.27,315541.0,49180592,False,False,False
553573,Drahotín,207,524366.0,1200361.4,7094245.25,7184245.25,506880.0,00572284,False,False,False
553581,Draženov,470,1246023.0,1671198.28,12337571.27,12632571.27,1246023.0,00253332,False,False,False
553590,Nezbavětice,265,340080.0,585731.17,9830516.71,11103457.62,340080.0,49180509,False,False,False
553603,Studená,37,363824.0,500732.87,2012323.66,2025323.66,363824.0,49744780,False,False,False
553611,Litohlavy,567,725446.0,2084562.0,11896936.7,12431936.7,725053.0,48379701,False,False,False
553620,Hlohová,294,379320.0,1324192.93,10053389.27,11004389.27,379320.0,00478547,False,False,False
553638,Tachov,221,869500.0,693613.82,11775752.16,13129529.93,869500.0,49864009,False,False,False
553646,Dolánky nad Ohří,284,1277021.74,840397.67,6812673.9,7595473.9,1277021.74,46772731,False,False,False
553654,Holýšov,5647,5288920.03,20300656.15,214443700.93,601890324.6,4960913.0,00253367,False,True,False
553662,Horní Kamenice,254,674926.0,1237654.62,16495658.81,18744658.81,622680.0,00572349,False,False,False
553671,Horšovský Týn,5046,3889466.43,70563704.92,264053350.45,548619350.45,3813667.0,00253383,True,True,False
553689,Hostouň,1213,2819865.42,3020346.15,70332709.77,81308718.77,2801000.0,00253391,False,False,False
553697,Trmice,3381,4186331.7,17107268.16,116322765.0,131885665.0,4070613.0,00674010,False,False,False
553701,Bačalky,166,685380.0,621672.63,3410353.73,3580353.73,685380.0,60114525,False,False,False
553719,Srnojedy,793,2072103.0,2563764.39,15890178.97,16173178.97,2044763.0,00191159,False,False,False
553727,Chocomyšl,113,368927.29,463244.13,2504592.23,2504592.23,365230.0,00572527,False,False,False
553735,Chodov,769,1394168.0,3182241.07,27231251.35,40308913.04,1367145.0,00253421,False,False,False
553743,Chodská Lhota,396,1207321.0,1461880.33,11215314.12,11780314.12,1183805.0,00572543,False,False,False
553751,Chrastavice,370,1090867.0,635379.71,5403956.86,10018956.86,1074507.0,00572641,False,False,False
553760,Běstovice,440,1112183.0,1227064.19,5674530.73,15463654.73,1111024.0,00856606,False,False,False
553778,Kaničky,31,281513.0,187092.81,721275.53,741275.53,281513.0,00572497,False,False,False
553786,Kdyně,5153,3972654.98,19952136.39,232696930.5,384635501.5,3764796.37,00253464,False,True,False
553794,Klenčí pod Čerchovem,1432,1899400.6,7641187.09,48905212.81,55149785.6,1825589.0,00253472,False,False,False
553816,Koloveč,1030,1181364.0,3934771.82,27434400.15,39814400.15,1174364.0,00253481,False,False,False
553824,Kout na Šumavě,1076,1593500.0,3578045.17,31100556.25,55036391.63,1593500.0,00253499,False,False,False
553832,Křenovy,148,519122.0,809652.67,24895210.05,37335210.05,505512.0,00572420,False,False,False
553841,Kvíčovice,448,440450.0,1579516.25,14225455.51,15283455.51,437304.0,00572357,False,False,False
553859,Libkov,131,565232.0,333513.36,5813764.37,5965297.37,560280.0,00572616,False,False,False
553867,Loučim,118,673151.0,441370.39,17934447.49,17938447.49,668361.0,00572624,False,False,False
553875,Louka,58,336770.0,202180.23,2069579.69,2517065.69,336770.0,49463985,False,False,False
553883,Ústup,37,323690.0,127149.03,1435196.85,1595196.85,323690.0,49464051,False,False,False
553891,Luženičky,430,1526565.0,1679732.05,45335080.2,67396029.17,1471770.0,00253537,False,False,False
553905,Mrlínek,272,471726.0,5282870.87,11987246.1,12221246.1,470796.0,47934701,False,False,False
553913,Meclov,1237,1900793.15,2988300.64,24952728.37,25409240.37,1873947.15,00253553,False,False,False
553921,Mezholezy,122,389784.0,431630.54,3403938.73,7007938.73,389784.0,00573311,False,False,False
553930,Mezholezy,122,560568.0,996630.1,4559558.14,4669558.14,549360.0,00253561,False,False,False
553948,Milavče,592,782365.0,2171553.84,29120406.37,41240406.37,753168.0,00253570,False,False,False
553956,Mířkov,319,1034844.0,2101184.63,13296714.59,13886714.59,1030344.0,00572659,False,False,False
553964,Častohostice,196,1234756.21,495226.91,8121172.82,8591172.82,1234756.21,60419466,False,False,False
553972,Rybníček,259,1374737.0,1333736.74,7927094.07,9287094.07,1374737.0,48838756,False,False,False
553981,Mrákov,1150,1561524.0,1983726.43,31521613.67,77225363.67,1561524.0,00253618,False,False,False
553999,Mutěnín,268,1494635.79,1395238.54,12706405.89,14116405.89,1425853.0,00572560,False,False,False
554006,Nemanice,285,1357328.0,7538564.55,11449653.01,11989373.01,1305197.0,00253634,False,False,False
554014,Návsí,3880,2752539.27,13010047.61,105030973.66,162105258.66,2580456.0,60781688,False,False,False
554022,Neuměř,155,604509.0,582787.01,6113751.87,6343751.87,585208.0,00572331,False,False,False
554031,Nevolice,199,409344.0,371052.85,2700788.74,7853288.74,409344.0,00572187,False,False,False
554049,Olbramice,735,1493035.0,1421145.27,17979016.92,38961362.92,1493035.0,60798416,False,False,False
554057,Nový Kramolín,228,455844.0,3016541.45,10145939.0,10498008.1,385946.0,00572292,False,False,False
554065,Jakubčovice nad Odrou,627,1534404.72,2645237.99,25297791.78,39213261.8,1511247.33,60798483,False,False,False
554073,Osvračín,685,2202754.0,2700289.7,24062120.79,26269841.6,2202754.0,00253651,False,False,False
554081,Pasečnice,195,540552.0,428682.03,8158577.24,9590494.33,540552.0,00572179,False,False,False
554090,Pec,210,575622.73,1663806.34,4593685.76,4623685.76,560376.0,00572195,False,False,False
554103,Řídeč,184,1220113.28,520991.48,6894366.57,7009366.57,1220113.28,60799692,False,False,False
554111,Poběžovice,1551,2970882.45,10331876.93,66788700.22,128645439.7,2579314.0,00253669,False,True,False
554120,Pocinovice,588,1284680.03,1534978.0,28926594.44,34622594.44,1276259.03,00253677,False,False,False
554138,Postřekov,1087,1690504.2,4262004.47,33191222.8,55150222.8,1645840.0,00253685,False,False,False
554146,Vernířovice,199,964070.0,2765830.38,11844018.67,12180018.67,964070.0,60045493,False,False,False
554154,Puclice,365,1318326.0,1307026.9,10494848.12,10891436.94,1295929.0,00253693,False,False,False
554162,Crhov,170,663284.86,1334186.18,4332999.38,15332999.38,652180.0,49463942,False,False,False
554171,Šenov u Nového Jičína,2085,3355437.0,7740005.59,73373755.52,174231419.43,3331987.0,60798432,False,False,False
554189,Rybník,143,1038015.0,1133832.13,10621259.12,10621259.12,944982.0,00253707,False,False,False
554197,Branka u Opavy,1077,1272086.0,4571362.48,38611941.8,38944941.8,1266614.0,47812303,False,False,False
554201,Semněvice,225,1392343.0,1912971.16,9685265.53,9855265.53,1329529.0,00253715,False,False,False
554251,Spáňov,218,786736.0,635428.68,3342674.27,3457674.27,786736.0,00572438,False,False,False
554260,Srbice,394,884208.0,1120309.94,7424039.98,7764039.98,884208.0,00253731,False,False,False
554278,Srby,491,1120176.0,2491423.41,9842154.29,9972154.29,1120176.0,00477648,False,False,False
554294,Staňkov,3401,2614750.0,18869629.12,137285553.0,273557184.98,2614750.0,00253766,False,True,False
554316,Stráž,223,999664.0,866355.18,3733749.39,3744949.39,999664.0,00253774,False,False,False
554341,Tlumačov,403,1086249.22,1179630.66,15865064.41,21757569.25,1042770.0,00253804,False,False,False
554359,Trhanov,512,942701.0,2156168.37,17053210.75,17661210.75,935701.0,00572209,False,False,False
554383,Újezd,440,1240143.0,1573713.82,14061628.25,14061628.25,1240143.0,00253839,False,False,False
554391,Únějovice,107,526763.41,389984.67,3035691.21,4085691.21,526763.41,00572462,False,False,False
554405,Úsilov,134,417622.0,303302.8,12952916.83,22010666.63,412440.0,00572535,False,False,False
554413,Velký Malahov,233,1321063.0,1539487.03,26550694.23,36670694.23,1262641.0,00572446,False,False,False
554421,Vidice,184,705237.5,420700.24,7706123.78,10146123.78,692485.0,00572411,False,False,False
554448,Všepadly,48,356748.0,368760.33,1319806.26,1319806.26,356748.0,00572454,False,False,False
554456,Všeruby,810,1510106.0,4085302.92,43342360.83,72081249.83,1472421.0,00253871,False,False,False
554464,Zahořany,1048,1628850.0,3752505.44,31307511.35,31734511.35,1628850.0,00253880,False,False,False
554472,Ždánov,147,500105.04,657025.16,6003928.41,7040588.41,484650.0,00572594,False,False,False
554481,Cheb,32808,9272256.1,255869502.09,1292619050.99,3669184929.47,8939751.0,00253979,True,True,False
554499,Aš,12684,6002336.6,88214716.73,599918868.03,2336563286.82,5850681.0,00253901,True,True,False
554502,Dolní Žandov,1174,1508811.0,6894649.8,79328440.24,113003440.24,1508811.0,00253910,False,False,False
554511,Drmoul,1014,1621356.0,3420891.02,40328497.06,57862897.06,1546810.0,00253928,False,False,False
554529,Františkovy Lázně,5607,5083738.1,31712629.04,291091272.18,611177444.1,4244095.0,00253936,False,False,False
554545,Hazlov,1522,1819639.0,7009577.75,51596044.5,51617183.5,1816639.0,00253952,False,False,False
554553,Hranice,2070,2431912.28,5692873.08,125840806.98,141109418.09,2312665.0,00253961,False,False,False
554596,Křižovatka,261,923598.0,637354.92,18662929.26,18736242.68,923598.0,00254011,False,False,False
554600,Lázně Kynžvart,1403,1725389.78,8746611.11,51839987.97,54758505.97,1706494.0,00254029,False,False,False
554618,Libá,805,1511795.21,3671021.16,31855813.05,31855813.05,1471354.0,00254037,False,False,False
554626,Lipová,747,1447651.0,3706021.24,34602792.8,48180688.08,1447651.0,00254045,False,False,False
554634,Luby,2191,2246607.0,18584651.15,120351652.24,221457728.42,2223639.0,00254053,False,False,False
554642,Mariánské Lázně,14052,7351799.86,118691907.43,624529129.93,1709935903.56,6877705.0,00254061,True,True,False
554651,Milhostov,316,1054009.0,2490999.52,11369896.47,12255189.47,1054009.0,00254070,False,False,False
554677,Mnichov,392,1419831.0,2442183.52,20257934.68,20312434.68,1393191.0,00254096,False,False,False
554693,Nebanice,325,1564293.0,773684.08,15370743.84,22370743.84,1564293.0,00254118,False,False,False
554707,Nový Kostel,543,1159740.0,1981705.72,23311425.15,23311425.15,1159740.0,00254126,False,False,False
554740,Plesná,1886,1686931.0,11500430.06,48917962.39,62552737.03,1681931.0,00254169,False,False,False
554782,Praha,1397880,545723251.56,13500877999.71,123970124035.39,230837846974.54,527341023.3,00064581,True,True,True
554791,Plzeň,187928,99102794.56,1210046814.45,9700461714.06,35801029056.32,94324609.17,00075370,True,True,False
554804,Ústí nad Labem,90866,24549604.0,650060316.54,3539584121.12,10436383432.17,24320392.0,00081531,True,True,False
554812,Skalná,1892,2559432.56,9204743.46,78900165.7,88718754.91,2523773.0,00254231,False,False,False
554821,Ostrava,283187,158345982.98,2070991639.45,17172562242.24,46110701037.45,144487357.53,00845451,True,True,False
554847,Mrákotín,340,959935.19,1736183.52,9403841.04,9830821.09,854313.0,60104171,False,False,False
554855,Trstěnice,418,1249058.0,1676881.74,14433597.83,14553597.83,1249058.0,00254274,False,False,False
554863,Dolní Brusnice,376,1152390.63,1796376.1,15630979.84,17173791.41,1126910.63,60153415,False,False,False
554871,Střítež,554,601427.0,1362553.17,15934386.46,34592189.47,601427.0,60418559,False,False,False
554880,Tři Sekery,1071,1821547.0,3784678.94,26939037.17,32874037.17,1821547.0,00254304,False,False,False
554898,Rostěnice-Zvonovice,621,1283803.36,2800212.79,24557237.87,24757237.87,1257258.36,61729639,False,False,False
554901,Křelov-Břuchotín,2009,2033354.5,4423603.21,36642078.61,68736328.61,1907485.0,63028255,False,False,False
554910,Vražné,837,1170738.14,7331222.5,32896168.09,73153168.09,1134033.86,62351290,False,False,False
554928,Vendryně,4507,2988784.6,10414517.24,76932401.1,164067174.15,2930037.0,63026112,False,False,False
554936,Bítov,492,749662.0,1555183.39,6645488.9,6715488.9,747462.0,64629929,False,False,False
554944,Mrsklesy,698,2603700.0,8931493.21,31136243.87,67587243.87,2603700.0,64990940,False,False,False
554952,Otradov,283,499271.08,558966.35,40059729.78,80089729.78,499271.08,64782701,False,False,False
554961,Karlovy Vary,49073,10040281.14,303088454.17,1828392781.63,3722584914.52,9903897.0,00254657,True,True,False
554979,Abertamy,831,1250896.0,5254032.1,31939971.61,32994971.61,1250896.0,00254398,False,False,False
554995,Bečov nad Teplou,903,1613680.0,2976656.51,33359706.64,34309706.64,1562522.0,00254410,False,False,False
555029,Bochov,1874,2395145.0,16013697.32,73697920.29,114078052.29,2371401.0,00254444,False,False,False
555045,Božičany,588,1415676.14,3729706.45,18188450.5,29832450.5,1400608.78,00573183,False,False,False
555088,Havířov,68674,18046974.97,384662858.57,2635842316.97,9186965711.42,15653832.54,00297488,True,True,False
555134,Pardubice,92319,33210291.61,540273933.44,3405105127.44,9515035441.02,31664716.79,00274046,True,True,False
555169,Horní Blatná,365,1272943.0,3782751.71,19795159.37,19795159.37,1272943.0,00480002,False,False,False
555185,Hroznětín,2162,3335656.98,9190698.11,67941416.76,71364708.76,3277827.98,00254592,False,False,False
555193,Těchlovice,497,444720.0,1416547.97,8031008.39,8031008.39,444720.0,64679446,False,False,False
555207,Chyše,583,1566005.0,9576046.87,30685612.66,34153226.26,1535475.0,00254614,False,False,False
555215,Jáchymov,2304,3137083.19,15326002.42,131460477.31,133103903.31,3070112.0,00254622,False,False,False
555223,Velké Chvojno,880,2028497.0,3763217.44,31387428.59,31387428.59,2028497.0,66109973,False,False,False
555231,Suchohrdly,1419,2402437.9,4109196.93,38553583.49,65122310.49,1898820.84,67024645,False,False,False
555240,Semanín,642,1472146.0,3095591.81,15422076.16,16775572.3,1447746.0,67441513,False,False,False
555258,Kolová,924,2125600.0,2755833.32,42545961.31,57966888.48,2123103.0,00254673,False,False,False
555266,Nová Ves u Světlé,552,1265537.39,1316643.3,35732792.67,45213664.65,1211841.0,65197887,False,False,False
555274,Nové Sedlice,501,1317618.0,1254123.72,7628367.47,8495367.47,1317618.0,66144540,False,False,False
555282,Kurdějov,462,1175950.11,884954.69,9546637.67,9646637.67,1151288.0,65269951,False,False,False
555291,Chotěbuz,1411,1726157.7,13023197.88,42405569.18,48044463.18,1662181.0,67339158,False,False,False
555304,Krásné Údolí,392,1487172.0,2042024.19,11284612.69,11541949.69,1416536.0,00573256,False,False,False
555312,Kujavy,571,1195023.0,2016740.03,16405983.42,45248983.42,1152271.0,67340474,False,False,False
555347,Kyselka,841,2237513.0,3865115.11,26400530.74,28000530.74,2237513.0,00254762,False,False,False
555363,Merklín,871,1704297.74,9047826.56,35660570.1,50083382.46,1698822.74,00254789,False,False,False
555380,Nejdek,7733,5236843.6,47546292.9,255276570.01,752959988.2,5194453.0,00254801,False,True,False
555398,Nová Role,4277,5998688.81,16126044.47,158315888.52,268058905.43,2894792.0,00254819,False,False,False
555428,Ostrov,15681,5770685.31,154410958.5,715940107.25,2280206959.84,5688268.0,00254843,True,True,False
555444,Otročín,437,1090691.0,2156003.55,30403888.07,30403888.07,1090691.0,00254860,False,False,False
555452,Pernink,583,1467600.0,4015901.61,19850481.53,22827179.53,1467600.0,00254878,False,False,False
555479,Potůčky,406,2500796.0,5983490.34,43999303.13,45171303.13,2500796.0,00254894,False,False,False
555525,Pšov,608,1478745.0,1894079.74,23988576.1,34613576.1,1470145.0,00254941,False,False,False
555533,Sadov,1304,2818814.31,3513869.62,52441595.97,52888478.97,2622982.24,00254959,False,False,False
555550,Stanovice,652,1831543.0,4770291.11,17673429.63,17673429.63,1782864.0,00254975,False,False,False
555584,Stráž nad Ohří,570,1927528.0,1883772.85,13612417.26,20736651.26,1844728.0,00255009,False,False,False
555592,Stružná,635,1862150.0,3454808.47,13908997.35,16908997.35,1743957.0,00255017,False,False,False
555614,Šemnice,662,1391121.0,2383736.5,16894196.8,16894196.8,1329158.0,00255033,False,False,False
555622,Štědrá,525,1308567.0,3674504.26,25155948.41,30790478.93,1301045.0,00255041,False,False,False
555631,Teplá,2903,3227253.16,13389730.8,123530326.74,167513824.74,3167473.44,00255050,False,False,False
555657,Toužim,3465,2375686.6,12908882.53,131457992.03,226221862.21,2344753.0,00255076,False,True,False
555681,Útvina,580,1469194.0,1924531.09,19810898.56,29347269.56,1469194.0,00255106,False,False,False
555690,Valeč,326,1201654.0,3619339.68,49820455.09,55909847.22,1131995.0,00255114,False,False,False
555703,Velichov,501,1630219.0,1905548.89,19587615.35,19587615.35,1630219.0,00255122,False,False,False
555711,Verušičky,463,1214625.0,8654627.62,25910931.8,26010931.8,1185772.0,00255131,False,False,False
555738,Vojkovice,636,1684588.0,3220474.53,17832567.88,18359955.09,1679588.0,00255157,False,False,False
555762,Žlutice,2187,1692959.23,12054074.9,119300492.17,152717857.6,1660879.79,00255181,False,True,False
555771,Klatovy,22763,7877330.45,134952501.91,1026555239.47,2571783668.3,7788012.0,00255661,True,True,False
555797,Běšiny,817,1998798.96,2215109.23,17616115.94,17616115.94,1963923.0,00255211,False,False,False
555801,Bezděkov,964,2023788.0,2676886.94,38500230.38,46260230.38,1966994.0,00255220,False,False,False
555835,Bolešiny,794,1348201.71,1222165.48,22129125.67,22479125.67,1330852.0,00255246,False,False,False
555894,Budětice,296,1014807.0,3038820.84,18233776.42,18233776.42,1014807.0,00255289,False,False,False
555941,Čachrov,505,1337313.0,2520936.67,29354768.5,31129768.5,1268613.0,00255319,False,False,False
556041,Dešenice,717,1641000.2,4966906.76,35516651.05,36138234.04,1579145.0,00255394,False,False,False
556068,Dlažov,485,1230858.82,2947771.69,14757123.48,16887523.48,1146820.0,00255408,False,False,False
556076,Dlouhá Ves,875,1429173.97,6052224.0,25935591.98,26785591.98,1391019.97,00255416,False,False,False
556084,Prášily,152,788496.0,5753414.96,12190102.73,12190102.73,788496.0,43313957,False,False,False
556106,Dolany,979,753935.0,2140437.0,36997191.18,40216191.18,753935.0,00255424,False,False,False
556181,Hartmanice,922,1426362.0,5612325.27,65157335.87,70321377.87,1426362.0,00255467,False,False,False
556203,Hlavňovice,495,1309688.0,2663350.78,14015632.61,14225114.61,1295063.0,00255483,False,False,False
556254,Horažďovice,5103,3283733.15,49209032.2,366650232.81,777363887.54,3201791.15,00255513,True,True,False
556301,Hrádek,1347,2242635.2,5104872.62,62757259.69,123181434.69,2211444.0,00255530,False,False,False
556319,Hradešice,428,1162468.0,623138.71,16501414.92,18146801.28,1138868.0,00255548,False,False,False
556335,Chanovice,795,1360990.0,2956701.73,27605645.6,32605645.6,1349740.0,00255556,False,False,False
556343,Chlistov,133,705011.0,1113425.62,4033272.92,5883272.92,682398.0,00573566,False,False,False
556378,Chudenice,759,1678974.78,6199459.52,35249443.26,36037199.26,1438085.0,00255599,False,False,False
556386,Chudenín,666,1325324.0,2944009.41,22140905.61,22140905.61,1323039.0,00255602,False,False,False
556394,Janovice nad Úhlavou,2464,2055544.78,7441936.69,86299216.23,98640896.23,1920085.0,00255611,False,False,False
556432,Kašperské Hory,1367,1820462.0,20514290.59,157105909.64,238693888.64,1820462.0,00255645,False,True,False
556467,Kolinec,1438,2056159.0,4895712.64,66270760.57,73870760.57,1958692.0,00255688,False,False,False
556505,Křenice,218,644551.0,678814.79,5930230.8,5930230.8,644551.0,00255718,False,False,False
556629,Malý Bor,495,1148285.0,1032545.37,10580945.04,15979041.04,1148285.0,00255777,False,False,False
556637,Měčín,1122,1733894.0,3367706.05,29028034.13,29428034.13,1733746.0,00255785,False,False,False
556718,Mochtín,1159,1705594.19,1766118.51,27295933.08,37835933.08,1698291.0,00255823,False,False,False
556726,Mokrosuky,143,422347.84,375614.05,9346477.92,9346477.92,369041.0,00573329,False,False,False
556734,Myslív,427,1094976.0,4233825.91,21346618.46,25548088.46,1094976.0,00255840,False,False,False
556751,Nalžovské Hory,1152,1933909.0,2614023.0,39791297.23,39896297.23,1895493.0,00255866,False,False,False
556815,Nezdice na Šumavě,337,976492.0,1004305.64,19926647.59,21292539.59,976492.0,00255912,False,False,False
556831,Nýrsko,5011,2917723.0,17267946.97,291085793.12,715243984.62,2871123.0,00255921,False,True,False
556858,Bravantice,1029,1905144.24,16427395.15,34018247.29,34518247.29,1889572.0,68921063,False,False,False
556866,Lhota u Vsetína,780,2190011.76,12416605.11,22707811.5,23315811.5,2133916.76,68898797,False,False,False
556874,Petrůvka,316,1901751.0,689534.41,8264863.67,10752863.67,1901751.0,68731957,False,False,False
556882,Rabštejnská Lhota,890,1714722.53,2024832.08,24014934.86,24049934.86,1686584.53,69171289,False,False,False
556912,Pačejov,687,1498241.0,2304064.13,35357597.54,45521597.54,1461243.0,00255963,False,False,False
556921,Petrovice u Sušice,643,1403033.92,974962.55,21096768.48,21452768.48,1336500.0,00255971,False,False,False
556947,Pila,577,1059569.0,776355.31,7744265.89,16944265.89,1059569.0,69981264,False,False,False
556955,Plánice,1629,1910399.0,7837189.56,57758360.37,68167465.37,1910399.0,00255980,False,True,False
556963,Spešov,664,1510822.0,1592639.61,12513139.11,12620216.11,1439458.0,70287066,False,False,False
556971,Ropice,1752,2155447.94,4245745.58,41117397.59,89819397.59,2065751.0,70305587,False,False,False
556980,Rokytnice,579,1520506.41,1304995.6,16291686.91,16621686.91,1391944.44,70805202,False,False,False
556998,Jezernice,661,1427696.0,2482859.66,14970542.11,15280542.11,1427696.0,70040915,False,False,False
557005,Předslav,826,1601388.0,1584451.52,21170208.4,26901371.4,1530051.0,00256021,False,False,False
557013,Rabí,496,1045816.0,4125768.37,18379890.64,20347890.64,1036816.0,00256030,False,False,False
557021,Rejštejn,240,692442.0,1549894.57,18186017.59,18529917.59,677242.0,00256048,False,False,False
557030,Skorkov,716,1580249.0,4380370.17,28253770.8,35505770.8,1580249.0,70541981,False,False,False
557048,Mouřínov,495,1316025.9,1848040.61,24426409.12,26181409.12,1248223.9,70810877,False,False,False
557081,Sytno,281,869500.0,975328.83,3554549.29,3554549.29,869500.0,70886814,False,False,False
557099,Soběšice,386,1052100.0,1982658.49,17409178.22,17409178.22,1015733.0,00256072,False,False,False
557102,Bohuslavice nad Vláří,350,1557135.93,1666540.22,25089117.4,25089117.4,1485019.91,70910731,False,False,False
557111,Srní,270,1547121.0,2480771.27,28085218.54,36383277.74,1533981.0,00256081,False,False,False
557129,Strašín,317,1133786.0,2335842.46,11898268.28,11898268.28,1109176.0,00256099,False,False,False
557137,Strážov,1362,1786062.0,3753041.9,66865277.03,71369465.03,1783662.0,00256102,False,False,False
557145,Lukoveček,435,1688577.68,3883887.93,71644608.52,184930261.99,1654879.84,70871264,False,False,False
557153,Sušice,10740,5727283.25,85807882.46,599114112.12,2845554584.13,5697940.0,00256129,True,True,False
557161,Svéradice,299,1278355.0,1134475.69,9265036.01,9896815.42,1251544.0,00573337,False,False,False
557170,Ostrata,420,1231907.58,1779957.92,73530387.29,119130387.29,1156796.58,70910740,False,False,False
557188,Šelešovice,342,1108862.0,1401501.82,6609352.11,14784652.11,1086562.0,70890587,False,False,False
557196,Pavlovice u Kojetína,281,1044992.26,1138034.29,9613210.86,9926741.96,1036922.26,70891532,False,False,False
557200,Švihov,1666,1730529.34,3524917.97,66551582.16,157616887.2,1709448.0,00256153,False,False,False
557218,Kobylá nad Vidnavkou,367,1213158.0,3906486.75,41885787.36,55022258.08,1208226.0,70599971,False,False,False
557226,Písečná,1073,1722550.0,3163716.27,42085935.0,54676935.0,1685049.0,70632430,False,False,False
557366,Velhartice,845,1557883.0,3262430.55,41373689.18,43065248.18,1557883.0,00256242,False,False,False
557374,Velké Hydčice,218,606084.0,1812067.8,7457100.75,8966540.75,606084.0,00256251,False,False,False
557382,Velký Bor,568,1096369.0,981325.99,11171087.92,21371087.92,1083749.0,00256269,False,False,False
557455,Vrhaveč,930,1993016.64,3293992.76,50637168.46,53401388.46,1924166.0,00256307,False,False,False
557463,Zavlekov,422,1297394.08,1385196.09,16289888.63,16519888.63,1285355.0,00256315,False,False,False
557528,Železná Ruda,1599,2146220.0,15277076.25,111713573.81,213081070.67,2122802.0,00256358,False,False,False
557536,Žihobce,566,1216085.0,2693198.66,26766705.62,29230952.65,1216085.0,00256366,False,False,False
557544,Žichovice,613,1187965.0,7032740.02,26398625.14,26398625.14,1187965.0,00256374,False,False,False
557587,Blovice,4207,3492923.0,43490009.04,155900205.79,250668957.34,3469723.0,00256455,True,True,False
557641,Čižice,558,1146508.0,1017781.75,31213376.91,49673376.91,1146508.0,00256528,False,False,False
557650,Čížkov,668,1939405.0,1711349.83,24210098.02,42990098.02,1924575.0,00256536,False,False,False
557668,Dnešice,898,2687627.0,2740428.25,49302793.89,50048482.87,2644141.0,00256544,False,False,False
557676,Dobřany,6504,3630452.0,36230299.22,393365084.13,827243742.13,3627431.0,00256552,False,True,False
557684,Dolní Lukavice,1091,2108602.7,3350867.95,43599951.15,52143537.84,2070628.0,00256561,False,False,False
557722,Horšice,425,1196710.84,1892219.29,19659923.19,19759923.19,1181321.5,00256609,False,False,False
557731,Hradec,620,2159303.63,1440447.18,39561489.2,77851404.2,2033853.63,00256617,False,False,False
557749,Hradiště,214,461724.0,990530.01,7643124.89,7743124.89,461724.0,00256625,False,False,False
557773,Chlum,240,1337435.0,905361.28,8423668.34,9122899.34,1337435.0,00256641,False,False,False
557781,Chlumčany,2442,2449179.0,7589774.18,134223685.5,189882997.39,2445026.0,00256650,False,False,False
557803,Chocenice,633,1439497.29,1484981.47,14696500.42,14981500.42,1439497.29,00256676,False,False,False
557838,Chotěšov,3048,3132698.0,7241964.13,167015094.04,191054594.36,3089928.0,00256706,False,False,False
557846,Chválenice,782,1506019.0,2629794.79,51191971.15,74428563.74,1506019.0,00256714,False,False,False
557862,Kasejovice,1441,2710657.0,4641180.78,45164512.74,51167737.34,2654055.0,00256731,False,False,False
557871,Kbel,285,720900.0,1383883.19,5704556.36,5900556.36,720900.0,00256749,False,False,False
557897,Klášter,214,690624.0,1574871.45,6476563.54,6507563.54,690624.0,00256765,False,False,False
557943,Kramolín,110,463298.0,862475.16,4703281.95,8863281.95,463298.0,00256811,False,False,False
557951,Letiny,691,1573437.0,2076702.74,20892078.56,20892078.56,1573437.0,00256820,False,False,False
558001,Losiná,1421,1866781.0,3465675.13,36954162.35,82897202.63,1866781.0,00256871,False,False,False
558010,Louňová,114,297788.0,441292.21,27836766.75,67686766.75,280961.0,00256889,False,False,False
558028,Lužany,705,1513214.0,2852860.22,18665478.9,18987037.9,1513214.0,00256897,False,False,False
558044,Merklín,1188,2530821.0,2548520.96,42756963.07,48706773.82,2529621.0,00256901,False,False,False
558052,Mileč,355,1299003.0,1388222.72,23760352.75,32560352.75,1299003.0,00256927,False,False,False
558061,Mladý Smolivec,670,1856218.0,2378377.41,24662829.4,72272829.4,1856218.0,00256935,False,False,False
558079,Mohelnice,74,392876.0,604971.89,3328031.76,3348031.76,390764.0,00256951,False,False,False
558095,Nekvasovy,196,523200.0,653500.86,13754101.78,16535101.78,523200.0,00256978,False,False,False
558109,Nepomuk,3562,2918517.0,55948613.82,195391608.9,473490172.92,2918517.0,00256986,True,True,False
558117,Netunice,214,1354524.0,1492534.93,23549786.67,32895786.67,1354524.0,00256994,False,False,False
558125,Neurazy,717,1584697.0,2387556.15,28399347.34,33849347.34,1568106.0,00257001,False,False,False
558141,Nezvěstice,1464,2736462.04,6302490.88,96955776.38,103997229.63,2687242.04,00257028,False,False,False
558176,Nové Mitrovice,359,1031765.0,3335610.41,19451315.82,22471315.82,1031765.0,00257052,False,False,False
558184,Oselce,345,1127657.1,2593940.25,14877893.34,18104828.34,1124579.0,00257061,False,False,False
558231,Prádlo,228,1029045.0,620060.49,11811487.23,12011487.23,1018764.0,00257117,False,False,False
558249,Přeštice,6792,3887895.0,98595537.71,364172594.24,870611580.67,3870845.0,00257125,True,True,False
558257,Příchovice,1231,2462928.0,2884365.95,24308636.29,40957837.68,2462928.0,00257133,False,False,False
558265,Ptenín,207,1074656.0,787353.23,3683335.04,11984335.04,1055999.0,00257141,False,False,False
558290,Roupov,273,689963.0,836476.16,7173943.79,7223943.79,689963.0,00257176,False,False,False
558303,Řenče,931,1448729.24,6338302.56,27665316.88,49788316.88,1430385.0,00257184,False,False,False
558311,Seč,325,1332156.0,788581.26,7224104.21,23948104.21,1330866.0,00257192,False,False,False
558346,Soběkury,620,1606832.0,1874057.4,29291250.95,49515852.95,1606832.0,00257222,False,False,False
558362,Spálené Poříčí,3008,1921903.0,14975923.65,140484243.64,226646976.64,1921903.0,00257249,False,True,False
558371,Starý Plzenec,5403,4676467.0,22987257.82,317048292.55,702839272.46,4676467.0,00257257,False,True,False
558389,Stod,3646,3060456.0,57876345.29,198024824.94,425293951.94,3052056.0,00257265,True,True,False
558401,Střížovice,372,1267129.3,1470407.89,8192317.82,8306817.82,1255394.0,00257273,False,False,False
558419,Držovice,1676,1616612.66,9592492.06,44594974.98,86186574.98,1589678.0,75082144,False,False,False
558427,Šťáhlavy,2901,1948572.0,7672232.35,103977289.78,128341023.78,1947298.0,00257290,False,False,False
558435,Štěnovice,2341,2849758.78,7290626.55,77764233.58,133506583.58,2824109.0,00257303,False,False,False
558443,Ladná,1261,1587138.61,1956764.94,24762266.02,47981550.02,1475664.0,75082128,False,False,False
558460,Tymákov,1075,1813616.0,2631256.32,30130791.9,30130791.9,1808816.0,00257338,False,False,False
558486,Útušice,727,1174235.55,1531736.93,12839247.88,66209247.88,1139050.0,00257354,False,False,False
558494,Ves Touškov,347,1149626.0,1465456.19,6896289.79,6966289.79,1146508.0,00257362,False,False,False
558559,Vrčeň,386,1106322.0,1082174.42,12307526.03,12307526.03,1093065.0,00257427,False,False,False
558567,Vstiš,576,1166300.0,1835309.15,11773867.9,13028867.9,1166300.0,00257435,False,False,False
558583,Zdemyslice,666,1633793.0,2794931.24,15564586.16,15968586.16,1633793.0,00257451,False,False,False
558591,Zemětice,345,407090.0,768463.07,24839476.95,47101226.26,407090.0,00257460,False,False,False
558605,Ždírec,491,1304052.0,3810396.04,11424037.8,41624037.8,1298052.0,00257478,False,False,False
558630,Žinkovy,853,1516502.0,3203503.44,33386148.57,33526148.57,1516502.0,00257508,False,False,False
558656,Bezvěrov,661,1644528.56,3193295.23,28738304.2,29592304.2,1551679.56,00257541,False,False,False
558672,Blatnice,905,1926952.0,3146547.27,29252139.75,30702139.75,1920952.0,00257567,False,False,False
558699,Bučí,178,304529.0,579480.3,4769446.9,4954446.9,304529.0,00572870,False,False,False
558711,Čeminy,365,689151.0,1400908.95,7025796.0,7065796.0,669701.0,00573051,False,False,False
558745,Česká Bříza,576,1097110.0,1317593.2,14252752.07,14649752.07,1095479.0,00257630,False,False,False
558770,Dobříč,420,476340.0,1210754.24,12283474.36,12283474.36,476340.0,00257664,False,False,False
558788,Dolany,290,758806.0,869370.81,3858190.75,3858190.75,753780.0,00257672,False,False,False
558796,Dolní Bělá,450,747552.0,2056208.79,19219331.01,29017730.18,744252.0,00257681,False,False,False
558800,Dolní Hradiště,68,498738.0,479772.59,3900174.7,3900174.7,498738.0,18246028,False,False,False
558834,Druztová,791,1677260.0,1591586.14,18203091.97,18983091.97,1640150.0,00257729,False,False,False
558851,Dýšina,2112,2552292.0,3817322.56,113463367.49,215765853.74,2531392.0,00257745,False,False,False
558869,Heřmanova Huť,1929,2647827.0,3182788.83,53002986.32,54705219.65,2647827.0,00257753,False,False,False
558877,Horní Bělá,593,1503190.37,1149343.09,22813887.57,22813887.57,1499440.37,00257761,False,False,False
558885,Horní Bříza,4066,3140018.0,27969013.59,131993157.07,136631037.07,3127118.0,00257770,False,False,False
558915,Hromnice,1338,3072328.0,2506350.85,37032014.67,53432014.67,2960182.0,00257800,False,False,False
558931,Hvozd,264,823142.0,1296514.34,8949235.88,9559235.88,820692.0,00257826,False,False,False
558940,Chotíkov,1290,2885337.0,4474364.32,77545573.87,108268873.87,2795337.0,00257834,False,False,False
558966,Chrást,1925,2753717.01,5231437.5,61599065.5,80936065.5,2558527.0,00257851,False,False,False
558974,Chříč,242,420941.0,1593214.13,6831730.48,7206730.48,420941.0,00257869,False,False,False
558982,Jarov,145,737788.0,715887.67,7441323.93,7441323.93,737788.0,00257877,False,False,False
558991,Kaceřov,157,328454.0,482021.67,17628153.52,17628153.52,328454.0,00572853,False,False,False
559008,Kaznějov,3085,1567918.0,8536835.16,80239042.89,411480230.89,1567918.0,00257893,False,False,False
559016,Nasavrky,92,371904.0,870146.51,3091103.47,3560903.47,371904.0,00667056,False,False,False
559024,Kopidlo,148,377978.0,298882.8,2280588.49,2280588.49,377978.0,00257915,False,False,False
559032,Koryta,123,485010.0,369306.82,5226304.14,5226304.14,485010.0,00572845,False,False,False
559041,Kozojedy,624,1525926.74,3264799.57,37257994.0,42257994.0,652417.0,00257931,False,False,False
559059,Kozolupy,1078,879276.0,2846960.44,23549454.84,23905841.84,879276.0,00257940,False,False,False
559067,Kožlany,1511,1564330.05,5345468.16,58848638.38,61263638.38,1552520.0,00257958,False,False,False
559075,Kralovice,3450,2671383.32,57899607.4,197152131.97,350294265.72,2258988.0,00257966,True,True,False
559083,Krašovice,352,813083.0,2256581.56,9345688.13,11833544.13,804420.0,00572888,False,False,False
559091,Krsy,264,1296656.0,1740605.63,13694750.09,15317750.09,1220531.0,00257982,False,False,False
559105,Křelovice,240,1198462.0,1395317.07,13577106.09,14412106.09,1157041.0,18246052,False,False,False
559121,Kunějovice,174,423294.0,1305713.71,5229701.79,5869701.79,423294.0,00573086,False,False,False
559130,Kyšice,1121,1611468.0,2417773.88,34431404.76,34941404.76,1608468.0,00258024,False,False,False
559148,Ledce,908,658965.0,2439564.71,21662164.29,24647164.29,658965.0,00258032,False,False,False
559164,Líně,2886,2703260.0,4534409.85,74799176.59,76451469.59,2633837.0,00258059,False,False,False
559172,Líšťany,785,1273500.0,3285981.07,40250425.51,40785425.51,1273500.0,00258067,False,False,False
559202,Manětín,1136,1827955.0,10042034.79,66854977.58,87818681.58,1822955.0,00258091,False,True,False
559211,Město Touškov,2444,4102855.58,15065331.14,187435486.83,412511551.32,4005676.0,00258105,False,True,False
559237,Mladotice,560,1111365.0,1712367.25,47865218.91,48274818.91,1111365.0,00258121,False,False,False
559245,Mrtník,342,940013.0,4245782.18,13939811.44,15539811.44,912816.0,00258130,False,False,False
559253,Nadryby,130,374742.0,532751.7,3355687.94,4255298.02,374742.0,00572926,False,False,False
559261,Nečtiny,636,1528711.0,3015374.45,39142009.81,49432009.81,1505376.0,00258156,False,False,False
559270,Nekmíř,551,1502372.0,2111495.18,18523154.2,37235174.2,1502372.0,00258164,False,False,False
559288,Nevřeň,293,1289574.75,1168819.18,16557583.78,29490957.78,1287202.75,00573094,False,False,False
559300,Nýřany,6991,4363985.52,95265316.47,267265065.76,930202102.68,4156615.0,00258199,True,True,False
559318,Obora,598,1359737.0,882207.6,15322885.06,15722885.06,1359737.0,00258202,False,False,False
559326,Ostrov u Bezdružic,195,1065698.54,1024984.11,12682207.1,33265207.1,1065698.54,18246061,False,False,False
559334,Pernarec,727,1344864.0,3726640.03,37524518.17,38677292.17,1344864.0,00258229,False,False,False
559351,Plasy,2924,1976443.0,12507542.47,138719898.41,210636508.68,1915579.0,00258245,False,True,False
559369,Plešnice,291,733911.0,995529.29,8817563.4,9289563.4,732916.0,00573078,False,False,False
559377,Pňovany,476,958741.0,1861504.37,15101520.05,18423520.05,958741.0,00258261,False,False,False
559393,Přehýšov,568,1425364.54,1344830.03,15040448.67,15150948.67,1367616.0,00258288,False,False,False
559423,Rochlov,305,914262.0,1271481.23,8253006.19,8723006.19,896386.0,00572861,False,False,False
559431,Rybnice,637,842400.0,2236385.39,16205464.38,16756947.38,842400.0,00572969,False,False,False
559482,Tis u Blatna,108,522748.0,1303262.07,5471291.92,5471291.92,522748.0,00573116,False,False,False
559491,Tlučná,3390,4949671.0,7745434.72,78028489.37,125850499.37,4949671.0,00258385,False,False,False
559504,Trnová,987,1282354.0,1727759.65,45226467.41,94638891.41,1282354.0,00258393,False,False,False
559521,Třemošná,5052,4420536.0,23520098.36,158458595.85,349548864.29,4299734.0,00258415,False,True,False
559555,Úlice,458,1639465.62,2355258.99,14750480.8,15349586.8,1637395.0,00258440,False,False,False
559563,Úněšov,628,1571069.58,1694995.22,48861851.18,60781851.18,1559291.58,00258458,False,False,False
559571,Úterý,438,1780562.0,2524914.11,33029903.65,43526903.65,1688501.0,00258466,False,False,False
559580,Vejprnice,4617,4590966.0,10273169.29,148981808.65,274891295.99,4531067.0,00258474,False,False,False
559601,Vochov,1853,2331575.0,1827920.77,29898495.76,30441981.76,2331575.0,00258491,False,False,False
559628,Všeruby,1716,1936794.0,10126993.28,63683447.69,147572447.69,1910124.0,00258512,False,True,False
559661,Zbůch,3080,3108170.91,9625692.88,131439496.01,165858274.01,2992151.57,00258555,False,False,False
559679,Zruč-Senec,3494,2179994.0,4684042.4,84194889.26,88403385.26,2146619.0,00258563,False,False,False
559695,Žihle,1283,1732257.0,5406772.57,74940777.53,86940777.53,1697582.0,00258580,False,False,False
559709,Žilov,457,797568.0,868375.2,15464939.56,17564939.56,797568.0,00258598,False,False,False
559717,Rokycany,14381,3973778.0,169874912.61,658294581.32,1277328429.32,3968078.0,00259047,True,True,False
559725,Břasy,2305,1989289.0,8627864.97,88835892.3,89121978.3,1952828.0,00258628,False,False,False
559733,Březina,396,919167.0,3444304.01,8028321.6,8885321.6,919167.0,00258636,False,False,False
559741,Bujesily,85,475409.6,274725.17,7611579.57,7611579.57,472962.0,00479713,False,False,False
559750,Bušovice,650,1405439.0,2031759.21,65593291.87,65756795.87,1405439.0,00258652,False,False,False
559768,Cekov,179,305566.9,396194.41,2862409.5,2862409.5,298526.0,00478814,False,False,False
559776,Dobřív,1357,1552836.0,3322240.26,50722655.12,55598267.52,1552836.0,00258679,False,False,False
559792,Ejpovice,807,1450835.0,4247666.4,27984223.9,28790223.9,1449655.0,00258695,False,False,False
559806,Hlohovice,365,733434.0,935667.4,29623895.5,41735757.5,728868.0,00258709,False,False,False
559814,Holoubkov,1448,2940561.0,8836044.83,39124082.07,49880154.85,2940561.0,00258717,False,False,False
559822,Hrádek,2754,2285614.0,13081417.46,96546652.0,161910412.1,2285614.0,00258725,False,False,False
559849,Hůrky,230,1197145.0,1230527.28,9146717.71,20800717.71,1191635.0,00258741,False,False,False
559857,Cheznovice,759,1545291.0,5175097.43,20272446.43,23817446.43,1545291.0,00258750,False,False,False
559903,Kařez,733,1191211.0,2464808.12,39255624.0,39255624.0,1173834.0,00258806,False,False,False
559911,Klabava,507,731384.0,965218.3,6824837.23,7327020.23,730752.0,00258814,False,False,False
559920,Kladruby,161,631314.0,2671331.91,15200988.72,16370988.72,631314.0,00258822,False,False,False
559946,Lhotka u Radnic,76,348542.0,407585.86,3270044.4,3362229.4,348542.0,00573931,False,False,False
559954,Liblín,256,1325020.84,1922565.37,17502928.19,29282928.19,1303212.0,00479411,False,False,False
559962,Líšná,204,1022707.0,2418165.99,12610534.49,12610534.49,1019394.0,00479110,False,False,False
559997,Mirošov,2248,2234204.01,8695047.06,90183336.45,91526956.81,2195595.0,00258890,False,False,False
560006,Mlečice,326,969798.78,1959629.1,13108132.39,21916632.39,959088.0,00258903,False,False,False
560014,Mýto,1602,3200868.0,10404002.52,52699487.67,71731144.67,3200868.0,00258911,False,False,False
560057,Osek,1433,1299781.0,4849334.24,37778635.19,39137117.22,1299781.0,00258954,False,False,False
560081,Podmokly,253,598807.0,980228.28,5607672.96,5607672.96,598807.0,00258989,False,False,False
560111,Přívětice,203,737766.0,1883355.87,6042003.8,6942003.8,737766.0,00259012,False,False,False
560120,Radnice,1847,2195056.0,26255076.87,78300425.26,125578276.18,2195056.0,00259021,False,True,False
560146,Sebečice,78,504888.0,665045.01,5572205.54,8838652.91,504888.0,00573914,False,False,False
560162,Strašice,2811,2182118.0,11172276.52,123600363.96,137708369.84,2182118.0,00259098,False,False,False
560171,Budyně,53,212510.0,158636.0,1251300.17,2086300.17,212510.0,46684441,False,False,False
560189,Těně,302,779719.0,3143042.45,7888489.71,12338122.9,779719.0,00259128,False,False,False
560197,Lažany,55,492987.0,186594.47,1403110.63,1473110.63,492987.0,46687700,False,False,False
560201,Nová Ves,105,480151.0,625475.01,3706596.03,4574596.03,480151.0,46687726,False,False,False
560219,Drachkov,196,359006.0,375106.66,3448240.37,3658240.37,359006.0,46684450,False,False,False
560227,Vejvanov,251,535316.0,578239.9,6784560.22,6884560.22,531936.0,00573876,False,False,False
560235,Veselá,320,304910.0,1122814.34,5790272.81,5790272.81,304910.0,00259195,False,False,False
560243,Droužetice,130,698134.2,465238.37,3847523.74,4127523.74,694919.0,46684468,False,False,False
560251,Volduchy,1260,1664239.0,3634778.66,28821052.31,29358102.31,1662708.0,00259217,False,False,False
560260,Zbiroh,2541,2201863.52,16610630.12,213200729.05,439726149.26,2154035.0,00259225,False,True,False
560278,Mutěnice,279,865363.0,439369.29,4718287.96,4718287.96,865110.0,46687718,False,False,False
560286,Sokolov,22007,7761168.0,183323136.63,1004688420.19,2845696290.2,7580712.0,00259586,True,True,False
560294,Březová,2664,3017126.0,15110520.81,167761185.22,481045165.9,2896738.0,00259250,False,False,False
560308,Bublava,406,1505553.0,4051471.37,13368771.59,13764771.59,1483053.0,00259268,False,False,False
560316,Bukovany,1479,2138779.0,6738297.16,31483568.72,36778835.72,2138779.0,00259276,False,False,False
560324,Citice,851,1541786.0,2968719.01,23574900.11,27075900.11,1513634.0,00259284,False,False,False
560332,Dasnice,246,1158401.0,1756050.61,5914220.22,6153807.12,1150531.0,00259292,False,False,False
560341,Dolní Nivy,360,1429290.0,1323205.11,16703409.11,37809710.99,1429290.0,00259306,False,False,False
560359,Habartov,4691,3204197.5,15736244.11,194663908.35,366298488.91,3140332.0,00259314,False,False,False
560367,Horní Slavkov,5309,2130032.44,28772059.09,233687448.89,427208399.0,2032100.0,00259322,False,True,False
560375,Chlum Svaté Maří,317,788784.0,2173942.03,6929571.07,6929571.07,786606.0,00259331,False,False,False
560383,Chodov,12609,4005596.05,45815864.9,343938646.7,1146303229.59,3662862.0,00259349,False,True,False
560391,Kuřimany,47,245210.0,169093.99,1325358.19,1335358.19,245210.0,46684492,False,False,False
560405,Kladruby,130,665772.0,373871.25,3146156.16,3196156.16,665772.0,46684484,False,False,False
560413,Jindřichovice,533,1380289.35,4463741.26,18351014.53,18487014.53,1369339.35,00259373,False,False,False
560421,Kaceřov,416,1084977.0,4555573.08,9327280.24,9327280.24,1083192.0,00259381,False,False,False
560430,Zhoř u Tábora,169,508200.0,965822.2,3785407.51,3825407.51,508200.0,00582476,False,False,False
560448,Běleč,195,1015132.25,215558.98,6809731.88,8139731.88,1015132.25,00582506,False,False,False
560456,Krajková,911,1948334.41,3490920.39,30144133.81,30144133.81,1943283.0,00259411,False,False,False
560464,Královské Poříčí,766,1070167.0,6753318.87,76069801.68,104747034.79,1070167.0,00259420,False,False,False
560472,Kraslice,6432,4621921.75,67362321.1,289975605.53,945896003.1,4423474.0,00259438,True,True,False
560481,Hlasivo,135,681819.0,472526.13,4365072.37,8365072.37,681819.0,00582492,False,False,False
560499,Kynšperk nad Ohří,4527,2362044.04,26680865.11,132007946.16,243507946.16,2337631.0,00259454,False,True,False
560502,Libavské Údolí,520,1198001.0,2434866.59,11306756.87,11406756.87,1198001.0,00259462,False,False,False
560511,Řemíčov,99,384581.4,317454.98,7694321.56,10310211.56,384581.4,00582468,False,False,False
560529,Dolní Hrachovice,128,238604.0,1107233.27,4365345.09,4604345.09,238604.0,00582441,False,False,False
560537,Loket,3050,3061815.0,20845330.95,132991725.91,359283667.91,3040518.0,00259489,False,True,False
560545,Lomnice,1372,2141730.47,5150036.96,42373731.53,82616795.56,2108096.4,00259497,False,False,False
560553,Pohnánec,58,260906.0,271537.74,1254284.53,1254284.53,260906.0,00582514,False,False,False
560561,Nová Ves,206,1317431.0,3791131.43,6641970.27,6653282.77,1317431.0,00259519,False,False,False
560570,Nové Sedlo,2527,2740149.3,15833550.49,105184970.98,142070039.98,2404972.0,00259527,False,False,False
560588,Oloví,1651,2122267.59,5639019.82,57454212.81,87404212.81,2112647.0,00259535,False,False,False
560596,Přebuz,70,655053.0,573695.69,2848983.41,2848983.41,655053.0,00259543,False,False,False
560600,Rotava,2778,2550399.0,13925643.39,139394294.34,899473661.77,2550399.0,00259551,False,False,False
560618,Rovná,344,1348763.38,6557224.99,21352573.15,21809573.15,1348763.38,00259560,False,False,False
560626,Rodná,94,547020.0,384208.27,3757741.23,3957741.23,547020.0,00582450,False,False,False
560634,Krátošice,120,314490.0,371973.86,2829989.37,3089989.37,313920.0,00582484,False,False,False
560642,Staré Sedlo,796,1367502.0,4410131.57,19408231.44,19488387.21,1367502.0,00259608,False,False,False
560651,Stříbrná,441,1599610.0,2343769.11,15006131.52,15006131.52,1595264.0,00259616,False,False,False
560669,Skrýchov u Malšic,150,331518.0,386668.38,4059543.63,4059543.63,331518.0,00582433,False,False,False
560677,Šindelová,296,1765123.89,3802427.94,12527363.76,12527363.76,1765123.89,00259632,False,False,False
560685,Vintířov,1235,3286251.0,7592398.67,54805720.42,54990097.42,3228805.0,00259641,False,False,False
560707,Vřesová,420,4001364.65,7491045.05,37250822.22,40666722.22,3964016.65,00259667,False,False,False
560715,Tachov,14097,6271389.0,112905579.27,570165135.47,1549236691.91,6140349.0,00260231,True,True,False
560723,Benešovice,255,1381320.0,1200194.36,11520485.01,13880485.01,1327925.0,00869066,False,False,False
560740,Bezdružice,931,1654333.49,7758962.99,53349448.13,65618468.13,1628827.0,00259705,False,True,False
560758,Bor,4889,2658182.0,30321786.17,215020180.1,1019522180.1,2641584.0,00259713,False,True,False
560782,Cebiv,255,1260933.23,3007154.22,14233494.15,17233494.15,1192835.0,00259748,False,False,False
560804,Částkov,352,1082237.0,1605384.49,9526430.0,15626430.0,1055638.0,00573779,False,False,False
560812,Černošín,1196,3154381.0,6059003.88,48272016.67,60370424.67,3010566.0,00259772,False,False,False
560839,Dlouhý Újezd,400,1003687.0,1055389.05,8327653.98,8327653.98,984789.0,00573761,False,False,False
560855,Erpužice,348,1439211.0,2302865.14,13795624.51,24008355.51,1439211.0,00259811,False,False,False
560863,Halže,1084,1768487.52,2847564.28,40377671.68,40897671.68,1768487.52,00259829,False,False,False
560898,Hošťka,456,1580807.0,7045275.51,26123323.3,26123323.3,1542174.0,00259853,False,False,False
560901,Chodová Planá,1990,2329739.75,5600306.05,92817584.64,93401262.14,2299144.61,00259861,False,False,False
560910,Chodský Újezd,812,2677470.06,3699110.75,44033511.93,49241564.05,2629840.06,00259870,False,False,False
560928,Kladruby,1682,3063608.0,5998193.93,79920717.31,106173309.31,3003549.0,00259888,False,False,False
560952,Konstantinovy Lázně,909,1588016.85,4896456.8,67676145.23,87257581.23,1546534.0,00259918,False,False,False
560979,Kšice,241,1269925.0,1519908.78,9008394.01,15193394.01,1269925.0,00869023,False,False,False
560987,Drunče,56,251188.0,392643.84,1278166.05,1278166.05,242427.0,00666912,False,False,False
560995,Rosička,63,423000.0,468554.05,1416109.55,1416109.55,423000.0,00666904,False,False,False
561002,Lesná,479,1233245.0,3172624.53,15255936.52,15255936.52,1233245.0,00259969,False,False,False
561011,Lestkov,420,1362282.0,3792748.7,17296006.49,18724006.49,1350732.0,00259977,False,False,False
561029,Světce,141,398007.0,949627.08,7056986.93,13323819.05,396411.0,00666921,False,False,False
561037,Vícemil,71,406286.0,363562.46,1596569.56,1768569.56,406286.0,00666891,False,False,False
561045,Smržov,110,813074.0,413223.42,6204508.42,12849508.42,813074.0,00666939,False,False,False
561053,Bednáreček,178,429702.0,505771.86,3508923.17,3508923.17,429702.0,00666874,False,False,False
561061,Horní Skrýchov,260,348416.0,274579.66,2415692.52,6465692.52,344126.0,00666882,False,False,False
561070,Pístina,110,704607.0,891929.98,9435323.0,17975323.0,688375.0,00666947,False,False,False
561088,Příbraz,270,1104408.0,1343188.46,5007990.95,5007990.95,1104408.0,00666955,False,False,False
561096,Hojovice,85,447936.0,538870.09,3677102.88,4450721.03,447936.0,00583430,False,False,False
561100,Lidmaň,275,778101.0,1014423.33,10838266.66,10838266.66,773717.0,00583481,False,False,False
561118,Bácovice,94,253104.0,2042475.19,5714746.39,7350746.39,253104.0,00512231,False,False,False
561126,Bělá,57,332389.0,308579.15,2520918.6,2520918.6,328309.0,00512249,False,False,False
561134,Planá,5493,2735552.0,30536749.4,247162992.66,363227763.01,2735552.0,00260096,False,True,False
561142,Černov,141,404234.8,340160.07,5590683.1,5847683.1,403478.0,00512273,False,False,False
561151,Přimda,1621,2618977.0,9174014.31,53067763.76,98067763.76,2618977.0,00260118,False,False,False
561169,Rozvadov,818,1063455.0,9699857.22,103837977.02,187783311.02,1063455.0,00260126,False,False,False
561177,Nová Buková,121,422190.0,315608.39,3814456.25,3814456.25,422190.0,00583511,False,False,False
561185,Staré Sedliště,1370,1551074.0,12583156.48,54969136.32,62220408.32,1539404.0,00260142,False,False,False
561193,Staré Sedlo,291,1297771.68,1648849.58,13512366.96,13562366.96,1255700.0,00260151,False,False,False
561207,Stráž,1376,1809390.0,4675270.51,37238901.35,37238901.35,1797690.0,00260169,False,False,False
561215,Stříbro,8060,4174737.92,80864955.79,347198008.66,838150578.66,4100493.0,00260177,True,True,False
561223,Studánka,576,1368383.5,1576957.61,15497225.52,15851725.52,1301151.0,00573744,False,False,False
561231,Sulislav,224,537576.0,835877.45,5436112.13,5521112.13,537576.0,00868965,False,False,False
561240,Bořetice,101,284450.0,1574015.73,3354362.08,3434362.08,284450.0,00512257,False,False,False
561258,Svojšín,459,1973229.0,1503973.53,25734754.28,27084870.28,1954502.0,00260215,False,False,False
561266,Litohošť,89,357450.0,342811.79,2865246.41,3822246.41,357450.0,00583499,False,False,False
561274,Rovná,51,272329.0,355046.45,3321966.97,3321966.97,272329.0,00583537,False,False,False
561282,Lhota-Vlasenice,114,214274.0,615968.12,8395046.96,40628585.51,214274.0,00584088,False,False,False
561291,Trpísty,271,1170474.0,956641.89,9300331.78,9330331.78,1170474.0,00573710,False,False,False
561304,Třemešné,365,791268.0,3403714.85,22993714.19,38993714.19,791268.0,00260274,False,False,False
561312,Buřenice,224,1129472.0,646285.68,11181675.5,11630675.5,1125127.0,00512265,False,False,False
561321,Chyšná,122,391524.0,913076.04,3532163.42,4292163.42,389364.0,00583448,False,False,False
561339,Chýstovice,45,265826.0,1628760.01,3019822.64,3019822.64,265826.0,00583456,False,False,False
561347,Martinice u Onšova,52,355082.0,553991.74,2314068.0,2314068.0,355082.0,00583502,False,False,False
561355,Těchobuz,74,1018720.0,1803409.21,8578601.09,10638601.09,995519.0,00584061,False,False,False
561363,Zhořec,110,782228.0,1894581.89,6406952.67,9215952.67,782228.0,00584070,False,False,False
561371,Krasíkovice,136,415745.0,303248.45,4242353.81,4602353.81,412962.0,00583472,False,False,False
561380,Česká Lípa,36815,10001912.58,187830711.62,1272401032.92,2764491260.41,9923321.0,00260428,True,True,False
561398,Bezděz,350,1405717.97,749197.57,13948970.01,15926025.01,1278817.47,00673382,False,False,False
561401,Blatce,115,892500.83,682133.49,4074179.43,4113679.43,890468.03,00673099,False,False,False
561410,Blíževedly,631,1717103.0,3286376.72,15637984.55,28687984.55,1621050.0,00524743,False,False,False
561428,Bohatice,247,491174.0,665475.09,4648024.17,5062760.17,480047.0,00673340,False,False,False
561436,Polesí,110,477240.0,485964.0,4129113.05,4579113.05,477240.0,00583529,False,False,False
561444,Brniště,1303,1882598.0,5868261.01,40024711.63,40024711.63,1882598.0,00260401,False,False,False
561452,Stojčín,108,478746.0,413292.4,2653696.27,3197053.27,451389.0,00583545,False,False,False
561461,Jankov,44,227870.0,204142.93,1023669.7,1053669.7,226166.0,00583464,False,False,False
561479,Cvikov,4534,3758284.74,17683825.21,137481621.71,386788569.71,3566915.0,00260410,False,True,False
561487,Střítež pod Křemešníkem,64,212510.0,220764.29,3354898.15,5684898.15,212510.0,00583553,False,False,False
561495,Doksy,5115,4284712.08,28080671.88,248814569.41,407040740.41,3923765.0,00260444,False,True,False
561509,Probulov,76,364155.0,283995.5,2510466.08,4530466.08,343474.0,00582930,False,False,False
561517,Přeborov,142,542820.0,692640.5,4445203.34,5955203.34,542820.0,00583987,False,False,False
561525,Horosedly,162,936864.0,499302.27,5094919.62,6334919.62,932564.0,00583961,False,False,False
561533,Dubá,1672,1743342.55,10795812.52,96967568.84,97267568.84,1727236.55,00260479,False,False,False
561541,Dubnice,640,1338454.0,8379260.51,22729304.13,27014304.13,1338454.0,00525707,False,False,False
561550,Kožlí,52,562580.0,692598.95,4191652.33,4491652.33,562580.0,00582948,False,False,False
561568,Nové Hutě,100,846625.0,627243.21,40982575.57,89882575.57,846625.0,00583316,False,False,False
561576,Budkov,91,997743.0,589726.33,5516047.92,6139247.92,980721.0,00583332,False,False,False
561584,Holany,566,957868.0,2939125.73,15177279.31,15816804.31,947008.0,00260525,False,False,False
561592,Horní Libchava,872,2090619.0,1019106.66,30816579.67,31236579.67,2090619.0,00555444,False,False,False
561606,Horní Police,732,1837946.0,1558808.3,30592851.79,30734001.79,1837946.0,00524662,False,False,False
561614,Chlum,279,1504864.0,732039.23,11250819.73,11250819.73,1478505.0,00483362,False,False,False
561622,Chotovice,186,875428.78,1477368.11,5099682.27,9009682.27,817758.0,00831590,False,False,False
561631,Jablonné v Podještědí,3704,3681131.57,19435003.31,130608323.5,190624323.5,3495603.0,00260576,False,True,False
561649,Lčovice,142,441077.0,661837.24,3038118.3,12061152.81,438914.0,00583324,False,False,False
561657,Janovice v Podještědí,92,534396.0,581496.45,2508020.64,2542020.64,534396.0,00525499,False,False,False
561665,Jestřebí,839,1578771.0,1855250.08,41013659.26,64323659.26,1555762.0,00260878,False,False,False
561673,Křišťanov,86,505151.0,1006702.97,2750719.61,2840719.61,448644.0,00583308,False,False,False
561681,Kamenický Šenov,3811,3370465.37,17255180.72,135408792.8,163426045.62,3265803.5,00260622,False,False,False
561690,Hájek,46,230621.0,126888.73,953450.46,953450.46,230621.0,46684476,False,False,False
561703,Člunek,485,1277984.79,1497993.85,19296468.09,28750468.09,1233997.79,00246468,False,False,False
561711,Blažejov,482,1397060.0,2012644.24,11701779.8,16451779.8,1316573.0,00246298,False,False,False
561720,Kravaře,783,1038882.24,1666394.85,28747477.01,34140977.01,1038882.24,00260657,False,False,False
561738,Krompach,179,1086626.15,1117195.74,8832587.53,17232563.53,1086626.15,00673421,False,False,False
561746,Kunratice u Cvikova,640,1633409.36,1441222.06,23451812.39,33971812.39,1598084.36,00524301,False,False,False
561754,Eš,65,293213.0,450217.43,2373647.15,2423647.15,284213.0,00511366,False,False,False
561762,Dobrá Voda u Pacova,108,330230.0,343392.14,4141246.56,4201246.56,330230.0,00511358,False,False,False
561771,Vysoká Lhota,16,271370.0,124757.6,633223.6,638223.6,271370.0,00511374,False,False,False
561789,Rodinov,230,570094.71,704653.8,7144941.46,7144941.46,563748.0,00511200,False,False,False
561797,Vystrkov,269,471631.0,463619.96,6367177.51,11712177.51,471631.0,00511226,False,False,False
561801,Bystrá,139,364238.0,352691.39,5066101.19,5226101.19,364238.0,00511218,False,False,False
561819,Mysletín,116,564062.0,396354.23,4203842.52,4483842.52,551462.0,00476455,False,False,False
561827,Mařenice,327,1543697.11,2173093.62,13386346.0,13386346.0,1514665.0,00260738,False,False,False
561835,Mimoň,6387,5175207.77,28187763.55,336269970.11,760882218.13,4787629.0,00260746,False,True,False
561843,Staré Bříště,81,322139.0,249627.97,6279870.55,9648355.62,298139.0,00511234,False,False,False
561851,Noviny pod Ralskem,312,952450.0,3726548.96,12211634.37,20261634.37,952450.0,00672904,False,False,False
561860,Nový Bor,11318,5186341.37,87201835.04,371660395.88,736917844.2,3871365.22,00260771,True,True,False
561878,Nový Oldřichov,816,1507114.0,3244634.69,31771109.22,32171709.22,1478736.0,00260789,False,False,False
561886,Okna,348,1027270.79,1360428.96,30609287.83,38766532.27,1015730.79,00673412,False,False,False
561894,Okrouhlá,580,1412891.0,2772507.94,13006961.69,13006961.69,1412891.0,00673447,False,False,False
561908,Žirov,89,327974.0,305435.57,2321249.02,2321249.02,327974.0,00515914,False,False,False
561916,Pavlov,123,379654.0,250755.08,2105407.08,2145407.08,377459.0,00515922,False,False,False
561924,Dehtáře,121,393192.0,325664.67,5784204.84,5854204.84,393192.0,00515949,False,False,False
561932,Dobrá Voda,202,1077205.36,1213921.26,7350023.2,7457023.2,1072241.36,00515787,False,False,False
561941,Proseč pod Křemešníkem,91,231984.0,624481.18,3687897.64,3847897.64,231984.0,00515973,False,False,False
561959,Polevsko,439,1089276.0,1202436.3,13249926.67,18034926.67,1046531.0,00525405,False,False,False
561967,Olešná,559,1193165.0,2065722.57,17947705.46,20985772.46,1193165.0,00515761,False,False,False
561975,Zajíčkov,227,652848.0,3264158.24,6159901.29,6254901.29,652848.0,00515795,False,False,False
561983,Provodín,721,1458108.34,2338976.17,16104163.5,118298109.3,1435808.34,00524760,False,False,False
561991,Prysk,461,1436360.44,1928967.43,13923556.43,26393556.43,1403408.44,00525197,False,False,False
562009,Rynárec,657,1408245.58,1501067.18,15340505.53,18292705.53,1366643.06,00515817,False,False,False
562017,Ralsko,2220,3586639.49,27346998.81,239780946.88,255761357.07,3585718.49,00831514,False,False,False
562025,Skalice u České Lípy,1620,1776625.0,3733275.39,50852372.15,57041646.4,1776625.0,00673455,False,False,False
562033,Útěchovice pod Stražištěm,112,415156.0,1072726.46,2464672.27,2464672.27,409757.0,00511251,False,False,False
562041,Lesná,63,434084.1,361138.49,7113253.16,7938253.16,431640.0,00511242,False,False,False
562050,Sloup v Čechách,711,2811051.5,1514370.49,23928906.5,24984496.5,2708763.0,00525677,False,False,False
562068,Rakovice,225,1110505.44,1655989.61,9543151.29,15653151.29,1058067.44,00512061,False,False,False
562076,Sosnová,692,1549485.0,3678691.63,19175393.91,41086393.91,1549485.0,00673374,False,False,False
562084,Jickovice,135,753278.0,1299526.85,5004476.04,6475276.04,753278.0,00511471,False,False,False
562092,Stráž pod Ralskem,3839,4350320.15,18972288.71,225786150.49,419309482.49,4260630.0,00260967,False,False,False
562106,Stružnice,1021,1937236.75,4205075.01,20573872.54,20573872.54,1937236.75,00260975,False,False,False
562114,Stvolínky,325,1058369.0,1639334.75,12027127.9,28850627.9,1054973.0,00524751,False,False,False
562122,Boudy,214,629468.0,1284424.85,6688170.09,7064170.09,604192.0,00511706,False,False,False
562131,Svor,710,1200054.0,1429414.72,26003681.75,33108681.75,1200054.0,00261009,False,False,False
562149,Minice,28,397199.5,226716.8,1479693.72,1479693.72,397199.5,00511749,False,False,False
562157,Nerestce,105,332928.0,429571.35,4539556.18,7381881.18,332928.0,00511731,False,False,False
562165,Zvíkovské Podhradí,201,991148.52,1673484.27,8734311.13,9539811.13,991148.52,00511765,False,False,False
562173,Velenice,175,725822.4,923356.39,6716104.05,6716104.05,725732.4,00673072,False,False,False
562181,Křenovice,180,722794.11,879604.07,6622276.47,6758276.47,704643.0,00511781,False,False,False
562190,Olešná,136,421176.0,593475.7,3138493.93,3198493.93,421176.0,00511986,False,False,False
562203,Velký Valtinov,198,641210.12,332042.89,9078772.67,9078772.67,584676.0,00672891,False,False,False
562211,Varvažov,186,1521421.0,619713.1,13321083.07,14166222.07,1470282.0,00512001,False,False,False
562220,Volfartice,738,2301042.0,2037898.09,49452445.88,49835191.88,2280042.0,00261076,False,False,False
562238,Vrchovany,119,937515.21,354453.67,6938320.65,6938320.65,937515.21,00673081,False,False,False
562246,Zahrádky,705,1725466.87,1673557.23,33581309.42,74399385.24,1695706.87,00261092,False,False,False
562254,Paseky,190,489010.4,599314.74,8204401.15,8954156.15,489010.4,00512010,False,False,False
562262,Zákupy,2954,3804197.45,13268260.18,150932600.83,180840623.63,3743225.0,00261114,False,False,False
562271,Temešvár,132,676664.0,736380.34,3882246.47,4019797.47,676664.0,00512052,False,False,False
562289,Vojníkov,90,325836.0,343576.78,7747554.59,7747554.59,325836.0,00512044,False,False,False
562297,Žandov,1922,3302032.47,6193862.63,55050988.82,130396788.82,3302032.47,00261131,False,False,False
562301,Dolní Novosedly,266,668389.11,1081596.71,5410638.87,5500638.87,668389.11,00512036,False,False,False
562319,Horní Slatina,135,280530.63,1004453.04,6113461.84,8453461.84,271370.0,00666424,False,False,False
562327,Třebětice,324,1059936.0,1026465.32,12144509.65,12587501.17,1059936.0,00666548,False,False,False
562335,Děčín,46376,11002608.06,285876800.0,1804511335.52,3751316870.53,10865971.0,00261238,True,True,False
562343,Arnoltice,421,951474.0,4728166.61,16844996.1,17344013.1,951474.0,00261173,False,False,False
562351,Benešov nad Ploučnicí,3526,2760690.0,22215384.87,102391531.15,228508628.12,2749187.0,00261181,False,True,False
562360,Nová Ves nad Lužnicí,352,1106667.0,1210292.01,12128291.38,39117291.38,1101792.0,00666475,False,False,False
562378,Staňkov,202,1524149.84,896308.76,25890122.2,41764499.2,1389336.3,00666530,False,False,False
562386,Hamr,345,561074.0,1238999.59,8840469.15,8840469.15,559574.0,00666378,False,False,False
562394,Česká Kamenice,5037,3787288.3,27993843.81,311782610.56,634594630.7,3685151.0,00261220,False,True,False
562408,Dobkovice,647,1807083.0,5496603.27,25506085.12,46101585.12,1704973.0,00261246,False,False,False
562416,Dobrohošť,45,332061.0,160441.85,1535773.86,2740773.86,329152.0,00512788,False,False,False
562424,Županovice,49,296287.0,649921.31,2649303.56,2974303.56,288649.0,00666599,False,False,False
562432,Dolní Podluží,1153,1599014.03,4314764.73,36501345.84,36761345.84,1576324.03,00261271,False,False,False
562441,Dolní Poustevna,1668,1737984.96,5626723.28,84633427.34,116890562.37,1715172.96,00261289,False,False,False
562459,Polště,105,343656.0,673172.11,5150701.52,8216701.52,343656.0,00666491,False,False,False
562467,Dolní Pěna,440,443424.0,1134414.51,6655702.64,7100702.64,443424.0,00512940,False,False,False
562475,Okrouhlá Radouň,217,389160.0,538653.68,4097667.14,25637667.14,389160.0,00666483,False,False,False
562483,Heřmanov,487,1288785.43,2360500.83,21103338.75,21551172.75,1288040.43,00261327,False,False,False
562491,Kačlehy,117,750470.0,633634.72,7026313.05,7256513.05,727258.0,00666441,False,False,False
562505,Horní Podluží,825,1416406.82,2741317.85,33817841.37,35257650.37,1383941.0,00524221,False,False,False
562513,Hřensko,247,1458074.0,7774346.56,20572582.23,26948691.0,1433844.0,00261351,False,False,False
562521,Huntířov,815,1758570.44,5130862.66,30332973.48,30332973.48,1746570.44,00261360,False,False,False
562530,Chřibská,1333,2623018.0,8775438.06,50395748.89,59982348.89,2617393.0,00261378,False,False,False
562548,Bednárec,117,312429.0,1736222.16,4095451.7,4095451.7,308934.0,00512923,False,False,False
562556,Jetřichovice,395,1528202.86,5800853.77,30997041.22,31222041.22,1528202.86,00261394,False,False,False
562564,Jílové,4932,3358865.71,22473501.37,142123057.29,288991806.83,3306377.0,00261408,False,False,False
562572,Jiřetín pod Jedlovou,659,1715174.54,1860527.5,19740813.94,33398813.94,1701724.54,00261416,False,False,False
562581,Jiříkov,3507,3599422.11,20727144.07,170752469.94,519428030.03,3571584.0,00261424,False,False,False
562599,Velký Ratmírov,235,1370773.0,403959.37,6824523.36,6974523.36,1370773.0,00666556,False,False,False
562602,Dolní Žďár,167,340136.0,366728.76,2896242.51,2961242.51,340136.0,00512958,False,False,False
562611,Krásná Lípa,3341,2860511.0,23565885.9,146724081.85,351665240.61,2860511.0,00261459,False,False,False
562629,Vydří,122,579760.0,525669.83,5360561.71,5475561.71,577870.0,00666581,False,False,False
562637,Frahelž,157,431000.0,309582.36,5036236.87,5044236.87,431000.0,00512982,False,False,False
562645,Kytlice,470,1106355.0,3721538.85,19495925.48,19811925.48,1106355.0,00261483,False,False,False
562653,Ponědrážka,80,514868.0,666817.11,2327341.24,2347341.24,514868.0,00666513,False,False,False
562661,Lipová,564,1259351.69,3195309.51,35362983.39,38767983.39,1259351.69,00261505,False,False,False
562670,Ponědraž,118,384804.0,865370.48,3343814.4,4423814.4,384804.0,00666505,False,False,False
562688,Klec,155,584445.0,295005.15,3093802.14,7394802.14,584445.0,00666467,False,False,False
562696,Hadravova Rosička,53,211231.0,189089.23,1809948.4,1813682.4,211231.0,00666394,False,False,False
562700,Malá Veleň,439,1427435.76,1502255.54,9827008.87,10028808.87,1427435.76,00525049,False,False,False
562718,Malšovice,1034,2024363.5,4726034.84,89536102.78,173009516.78,2024363.5,00261548,False,False,False
562726,Báňovice,104,465650.0,457784.78,2132277.67,2132277.67,465650.0,00512915,False,False,False
562734,Nová Olešná,123,426148.0,839734.52,4474405.62,4509405.62,426148.0,00512800,False,False,False
562742,Bořetín,98,609329.0,821266.63,2562240.55,2622240.55,609329.0,00512931,False,False,False
562751,Mikulášovice,2092,1894623.85,7578125.62,52363240.36,54545344.05,1877143.85,00261581,False,False,False
562769,Jilem,133,538989.0,278071.92,4221839.8,4221839.8,506814.0,00666432,False,False,False
562777,Rumburk,10815,6027638.0,115514692.15,374124694.26,766680096.6,6027638.0,00261602,True,True,False
562785,Horní Němčice,85,457679.0,626341.12,3414314.76,3511114.76,436013.0,00666416,False,False,False
562793,Rybniště,721,2150526.0,3392477.86,22278321.92,27186950.41,2150526.0,00524212,False,False,False
562807,Halámky,154,556457.0,1735205.23,50742175.37,76885175.37,542169.0,00666386,False,False,False
562815,Dunajovice,228,983331.99,752312.7,8484358.51,14749358.51,975819.7,00512974,False,False,False
562823,Staré Křečany,1228,2763359.88,5560543.19,51754572.14,64822692.14,2604021.88,00261653,False,False,False
562831,Hrachoviště,80,375878.0,756571.88,2709768.48,8089768.48,375878.0,00512796,False,False,False
562840,Domanín,437,1299318.75,2192363.69,17119813.45,30334213.45,1299318.75,00512966,False,False,False
562858,Šluknov,5629,2246959.0,40423679.78,227346664.64,285724841.44,2193250.0,00261688,False,True,False
562866,Mažice,141,402270.0,511586.7,4203988.75,4888988.75,402270.0,00667013,False,False,False
562874,Valkeřice,405,1230246.0,2193212.05,11678635.65,12819635.65,1230246.0,00555967,False,False,False
562882,Varnsdorf,14704,5184396.66,85858926.8,504518731.2,1272973842.0,5092806.73,00261718,True,True,False
562891,Velká Bukovina,515,1384255.0,2107785.26,19357031.17,19357031.17,1384255.0,00555886,False,False,False
562904,Hodonice,134,364750.28,367100.76,7121691.17,7141691.17,364750.28,00512621,False,False,False
562912,Velký Šenov,2013,2235042.4,6641629.11,101698536.8,115575234.8,2199056.4,00261734,False,False,False
562921,Verneřice,1171,1849495.48,4178338.92,33156896.82,33831896.82,1832743.73,00261742,False,False,False
562939,Veselé,387,1527691.77,1510590.76,13159131.96,14060028.78,1527691.77,00555908,False,False,False
562947,Vilémov,859,1680669.46,3823845.08,29827093.46,36618833.46,1677729.46,00261769,False,False,False
562955,Košín,103,365214.0,156857.88,1811794.38,1811794.38,365214.0,00666971,False,False,False
562963,Jedlany,75,286296.0,448190.34,1820735.23,1860735.23,286296.0,00512664,False,False,False
562971,Chomutov,46771,11305134.25,272149380.88,1549206180.37,4771226940.82,11104923.02,00261891,True,True,False
562980,Bílence,255,1066739.0,1766142.9,7425724.85,7455724.85,1020501.0,00261793,False,False,False
562998,Blatno,613,2297736.89,2380421.51,36235964.01,44057592.01,2230498.48,00261807,False,False,False
563005,Boleboř,351,2101293.0,2216673.5,24658419.9,33154419.9,2078973.0,00261815,False,False,False
563013,Březno,1443,2460214.13,10875358.07,106624149.42,6961847595.49,2425021.13,00261823,False,False,False
563021,Černovice,682,1604778.7,3057003.37,28420180.86,172449736.86,1597766.8,00261831,False,False,False
563030,Krtov,164,392474.0,580659.39,8545278.47,8900278.47,392474.0,00666980,False,False,False
563048,Domašín,188,881762.76,5087256.11,14550647.0,20195837.0,869499.06,00261840,False,False,False
563056,Droužkovice,857,1523819.7,3169755.23,28432149.96,61494149.96,1469065.0,00261858,False,False,False
563064,Hora Svatého Šebestiána,360,1330029.41,8566391.06,30238197.35,31141615.85,1280460.0,00261866,False,False,False
563072,Hrušovany,536,1288133.53,5005550.32,34816503.6,102638668.17,1260563.53,00261874,False,False,False
563081,Chbany,646,2286481.64,2857510.6,25043333.97,25897448.97,2270403.64,00261882,False,False,False
563099,Jirkov,19240,5274621.9,65123175.76,731257119.1,2267384132.47,5166839.0,00261904,False,True,False
563102,Kadaň,18090,4913889.0,243292379.93,816311284.88,2356492176.58,4666962.0,00261912,True,True,False
563111,Kalek,254,1384709.2,2000236.14,9408760.41,9434350.41,1363669.0,00261921,False,False,False
563129,Klášterec nad Ohří,14068,4308084.37,57116419.32,439172224.7,877798430.73,3907627.0,00261939,False,True,False
563137,Kovářská,961,1908128.0,6606954.52,65257208.82,89817208.82,1897580.0,00261947,False,False,False
563145,Chrbonín,163,313874.0,460045.24,3242984.28,3322984.28,309420.0,00512656,False,False,False
563153,Třebějice,70,389049.0,604341.15,1757408.75,1757408.75,388705.0,00667200,False,False,False
563161,Křimov,435,1389149.24,2012686.71,20074023.4,20739471.4,1343649.24,00261971,False,False,False
563170,Svrabov,51,459108.0,144244.74,1077215.92,1107215.92,459108.0,00667196,False,False,False
563188,Libědice,235,1043802.48,1361803.52,9253777.64,16677777.64,1043802.48,00673153,False,False,False
563196,Radimovice u Tábora,62,361622.0,139268.6,1324548.4,1838548.4,361622.0,00667102,False,False,False
563200,Málkov,1002,1531777.0,3497112.99,30377126.81,30377126.81,1521822.0,00262013,False,False,False
563218,Mašťov,567,1566064.69,2857042.46,23893784.72,24293784.72,1528382.4,00262021,False,False,False
563226,Měděnec,150,1399988.97,1515906.55,11039387.6,12590387.6,1283206.82,00262030,False,False,False
563234,Meziříčí,183,370848.0,589381.55,5153402.3,19385046.88,370848.0,00667021,False,False,False
563242,Místo,424,1266911.35,8125849.46,19033772.95,25053772.95,1189187.96,00262048,False,False,False
563251,Balkova Lhota,149,523200.0,427126.55,8170971.6,8520971.6,523200.0,00512516,False,False,False
563269,Okounov,437,1171358.0,1502093.28,11397586.73,12897586.73,1171358.0,00262056,False,False,False
563277,Otvice,718,1591928.0,4143544.52,24916868.49,41727943.49,1567022.0,00262064,False,False,False
563285,Perštejn,1155,973774.0,16373761.46,51462512.26,73762577.26,936739.0,00262072,False,False,False
563293,Pětipsy,208,490698.8,5932583.79,8288281.16,13893774.85,489059.0,00262081,False,False,False
563307,Drhovice,225,1189756.0,1033382.84,8933472.47,11535472.47,1189756.0,00512605,False,False,False
563315,Kryštofovy Hamry,164,1300779.96,3078815.61,13086080.5,15024080.5,1231481.58,00075566,False,False,False
563323,Radonice,1169,1824615.0,8415084.92,37111240.17,38603785.17,1812857.0,00262111,False,False,False
563331,Rokle,450,1717033.2,2964763.79,20457582.86,28612582.86,1707407.0,00262129,False,False,False
563340,Spořice,1537,2279300.02,3776835.05,73118608.27,238281404.27,2245679.22,00262137,False,False,False
563358,Strupčice,1178,1825032.78,3200550.21,44113527.86,76764875.02,1825032.78,00262145,False,False,False
563366,Bečice,79,683390.0,412847.79,2003608.32,2482608.32,683390.0,00512524,False,False,False
563374,Psárov,112,431628.0,608278.61,3383874.48,3463874.48,431628.0,00667099,False,False,False
563382,Údlice,1304,2726494.66,2985228.93,49226700.0,49720700.0,2726494.66,00262153,False,False,False
563404,Vejprty,2766,2353939.0,26319561.21,210350800.54,219350870.5,2220109.0,00262170,False,True,False
563412,Veliká Ves,328,1217551.38,1390670.5,13932207.62,14760607.62,1212944.0,00262188,False,False,False
563439,Vilémov,634,1874836.0,1755658.99,36963894.76,37663894.76,1874836.0,00262200,False,False,False
563447,Vlčeves,104,518433.0,845080.87,3608495.38,3892468.38,511428.0,00667251,False,False,False
563455,Nová Ves u Mladé Vožice,197,1299639.0,1187168.9,8514227.61,18463227.61,1299639.0,00667072,False,False,False
563463,Vrskmaň,353,1485885.0,2853209.83,11098569.83,11358569.83,1482285.0,00262218,False,False,False
563471,Všehrdy,153,1108595.64,13262597.86,25837211.2,25837211.2,1060200.34,00673293,False,False,False
563480,Všestudy,176,382549.0,1098392.52,2900084.44,2900084.44,382549.0,00673331,False,False,False
563498,Výsluní,295,399980.0,2078292.11,13486670.35,20145157.35,399980.0,00262251,False,False,False
563501,Vysoká Pec,1173,2725187.4,5429774.1,28295859.31,28295859.31,2696868.0,00262242,False,False,False
563510,Jablonec nad Nisou,46209,13430747.7,290361602.25,1616061280.51,4038647250.57,12259228.5,00262340,True,True,False
563528,Albrechtice v Jizerských horách,344,1370692.33,2482337.25,26093429.91,26756377.91,1288130.0,00262277,False,False,False
563536,Bedřichov,401,1421169.0,4243563.23,44865772.25,71743469.62,1406946.0,00525511,False,False,False
563544,Libějice,122,652673.0,331176.82,2938346.11,3093346.11,652673.0,00666998,False,False,False
563552,Desná,2999,2532456.54,10014541.84,109432092.46,197374568.65,2532456.54,00262307,False,False,False
563561,Držkov,580,1240580.0,1991240.66,13387634.92,35587634.92,1240580.0,00262315,False,False,False
563579,Frýdštejn,850,2304378.0,1940682.93,18588520.29,26088520.29,2125325.0,00262323,False,False,False
563587,Lom,177,250249.9,451292.35,5138070.33,5223070.33,245500.0,00667005,False,False,False
563595,Janov nad Nisou,1531,2094804.0,5435364.54,44368035.32,57593035.32,2094804.0,00262358,False,False,False
563609,Jenišovice,1296,1613578.0,2364579.35,29078471.99,29078471.99,1589678.0,00262366,False,False,False
563617,Jílové u Držkova,233,776634.0,1077857.85,9860270.67,10790270.67,776634.0,00525529,False,False,False
563625,Haškovcova Lhota,74,441688.0,406664.79,1535000.86,3088000.86,441688.0,00512613,False,False,False
563633,Josefův Důl,907,1714726.0,4980390.76,34135998.38,35635096.38,1710112.0,00262391,False,False,False
563641,Koberovy,1007,1693606.0,2871489.01,28511682.27,30052682.27,1678506.0,00262404,False,False,False
563650,Dlouhá Lhota,164,704400.0,507539.59,3715278.76,3925245.76,654000.0,00512567,False,False,False
563668,Kořenov,937,2037139.0,4484447.52,52315854.36,59670364.36,1826372.0,00262421,False,False,False
563676,Líšný,261,1073498.0,739124.98,8134478.87,8344478.87,1066324.0,00673226,False,False,False
563684,Loužnice,212,458853.0,1041692.84,3693659.12,3893659.12,457800.0,00672076,False,False,False
563692,Lučany nad Nisou,1941,2184829.3,5266636.73,111914990.86,125206438.78,2158612.3,00262455,False,False,False
563706,Malá Skála,1255,1995081.48,3058233.81,64834917.98,87234917.98,1912171.0,00262463,False,False,False
563714,Maršovice,627,1776075.0,1179430.71,9450181.21,9450181.21,1776075.0,00262471,False,False,False
563722,Černýšovice,80,321216.0,268255.82,2517840.47,2577840.47,321216.0,00512559,False,False,False
563731,Nová Ves nad Nisou,906,1982012.0,1464060.31,21923269.44,21923269.44,1982012.0,00262498,False,False,False
563749,Pěnčín,2096,3054145.05,2268058.05,67446646.23,90604366.63,2735533.0,00262501,False,False,False
563757,Plavy,1028,1988793.9,2270877.43,23764957.12,36585457.12,1958807.0,00262510,False,False,False
563765,Drahov,149,742748.0,508181.65,3684084.13,18711536.13,742748.0,00512583,False,False,False
563773,Radčice,180,676644.0,506851.04,2415451.57,2425451.57,676644.0,00673234,False,False,False
563781,Rádlo,1023,2582229.87,2628490.31,35392580.73,44390117.8,2341932.69,00262544,False,False,False
563790,Rychnov u Jablonce nad Nisou,2854,3111392.0,9645087.84,84367829.37,109141083.4,3053903.0,00262552,False,False,False
563803,Skuhrov,630,1427876.42,1449297.83,10005548.17,10005548.17,1427876.42,00262561,False,False,False
563811,Smržovka,3915,3496661.44,15089173.43,117385354.95,256151854.95,2665784.0,00262579,False,False,False
563820,Tanvald,5970,4491072.48,61530569.81,254921572.61,549061354.55,4472430.88,00262587,True,True,False
563838,Velké Hamry,2717,1802722.96,11807415.37,98606143.69,108915382.69,1722961.0,00262595,False,False,False
563846,Vlastiboř,133,445763.0,518284.5,7200621.45,7290621.45,439488.0,00525537,False,False,False
563854,Zásada,914,1267060.04,2592133.37,28812621.48,38143977.36,1263930.04,00262617,False,False,False
563862,Zlatá Olešnice,495,1327627.0,3392756.54,20830782.85,20980782.85,1326752.0,00262625,False,False,False
563871,Železný Brod,6043,3391163.25,52541624.91,300418907.98,629353572.9,3386889.0,00262633,True,True,False
563889,Liberec,108090,23057177.94,597053827.48,4457056576.58,9889519584.41,22980741.0,00262978,True,True,False
563897,Žíšov,288,479600.0,715221.89,8856263.68,8856263.68,479600.0,00667331,False,False,False
563901,Bílá,957,1560405.06,2690681.17,24891447.32,60171447.32,1551236.0,00262668,False,False,False
563919,Bílý Kostel nad Nisou,1094,1630633.0,3183658.63,27432569.14,63069569.14,1630633.0,00672106,False,False,False
563927,Zadní Střítež,36,338160.0,413011.32,3389694.95,8189694.95,338160.0,00667277,False,False,False
563935,Bulovka,916,1704741.0,8996803.75,30794029.78,30794029.78,1704741.0,00262692,False,False,False
563943,Cetenov,118,312322.0,378923.9,3239581.0,3343581.0,305520.0,00672114,False,False,False
563951,Únice,65,374690.0,602455.67,1967070.12,2876416.32,374690.0,00667919,False,False,False
563960,Český Dub,2882,2807568.62,13903991.67,146993102.95,269262862.77,2329597.0,00262722,False,True,False
563978,Kubova Huť,96,537576.0,1179920.24,11922815.14,16572237.04,537576.0,00583057,False,False,False
563986,Klenovice,700,1190695.0,1632563.37,19353520.11,23588288.11,1190695.0,00512672,False,False,False
563994,Dolní Řasnice,575,1627136.05,3218184.07,18562458.2,18562458.2,1616845.0,00262757,False,False,False
564028,Frýdlant,7379,5929537.8,62561432.28,321125312.09,762945445.24,4846915.0,00262781,True,True,False
564036,Habartice,472,1062380.0,3631666.78,11001630.13,11001630.13,1062380.0,00262790,False,False,False
564044,Hejnice,2751,3352507.68,21549447.33,136497353.46,266192694.46,3243059.71,00262803,False,False,False
564052,Hlavice,221,1035616.0,822722.68,8651784.72,8751784.72,1035616.0,00672050,False,False,False
564061,Hodkovice nad Mohelkou,2994,3452241.22,14580707.44,148085989.52,173198515.52,3223464.0,00262820,False,True,False
564079,Horní Řasnice,230,998687.0,2836832.2,10562144.53,10562144.53,998687.0,00672041,False,False,False
564087,Poštovice,224,510120.0,932324.9,15305560.94,15747360.94,510120.0,00640484,False,False,False
564095,Hrádek nad Nisou,8001,4590472.0,42228567.34,578927827.65,1311072194.25,4469012.0,00262854,False,True,False
564109,Chotyně,1077,2492395.4,5607590.69,20850016.53,23140016.53,2454538.0,00672033,False,False,False
564117,Chrastava,6315,3774217.0,28782609.97,335323428.21,881295136.0,3752905.0,00262871,False,True,False
564125,Plchov,199,930471.0,748241.22,4439267.5,4789267.5,930471.0,00640573,False,False,False
564133,Jindřichovice pod Smrkem,618,1637443.0,2975610.05,56477224.96,61487324.96,1611023.0,00672025,False,False,False
564141,Kobyly,386,1252938.4,2049263.24,15069999.55,20899999.55,1172693.0,00672017,False,False,False
564150,Libochovičky,82,226571.0,549521.12,1346168.41,1386168.41,226571.0,00640522,False,False,False
564168,Krásný Les,476,1380186.0,3400320.53,9435499.41,9890499.41,1307646.0,00672009,False,False,False
564176,Kryštofovo Údolí,431,1595558.0,2269125.8,18359688.61,18813466.01,1578001.0,00671991,False,False,False
564184,Křižany,843,1377552.0,3065229.92,32399359.74,38219359.74,1377552.0,00262943,False,False,False
564192,Páleč,219,607130.0,1236628.17,8055384.51,9210384.51,607130.0,00640565,False,False,False
564206,Lázně Libverda,526,1188554.0,2552068.43,22688073.46,23622870.47,1156666.0,00671983,False,False,False
564214,Počaply,96,412510.5,342101.58,5440800.09,8198800.09,385252.0,00662933,False,False,False
564222,Nestrašovice,58,417988.0,494732.21,1785120.24,2077120.24,395630.0,00662917,False,False,False
564231,Mníšek,1799,3190443.0,9043281.08,74217818.94,86760192.06,3177633.0,00263001,False,False,False
564249,Chrást,223,1154391.0,868049.24,11068329.85,13893918.85,1079349.0,00662852,False,False,False
564257,Horčápsko,86,627534.0,786020.86,2961621.33,2961621.33,627534.0,00662844,False,False,False
564265,Nové Město pod Smrkem,3725,3446570.04,29703588.31,162820419.32,317216862.16,3446570.04,00263036,False,True,False
564273,Svojšice,114,448826.0,323904.12,1860705.23,1893705.23,448826.0,00662992,False,False,False
564281,Oldřichov v Hájích,840,1282238.0,18188501.75,38678252.74,52353252.74,1282238.0,00481483,False,False,False
564290,Osečná,1184,3031903.0,6172352.1,65436100.44,94228788.44,3016013.0,00263061,False,False,False
564303,Pěnčín,714,1411730.0,1226324.77,18591529.22,18591529.22,1411730.0,00263095,False,False,False
564311,Pertoltice,302,1640358.8,2793573.5,8173462.18,8588462.18,1639060.8,00671959,False,False,False
564320,Zbenice,143,978234.0,430917.95,2380191.4,3199191.4,978234.0,00663042,False,False,False
564338,Županovice,80,341922.0,888961.46,3257086.78,3604586.78,337422.0,00663051,False,False,False
564346,Lazsko,213,707218.0,421211.91,4941789.28,5909334.28,676644.0,00662879,False,False,False
564354,Příšovice,1345,1840086.0,4664032.37,32850032.93,32850032.93,1825973.0,00263125,False,False,False
564362,Vrančice,176,308378.0,735307.89,3964325.45,25662930.63,305378.0,00663026,False,False,False
564371,Raspenava,2833,3473422.0,10442806.14,74966211.33,97523214.17,3473422.0,00263141,False,False,False
564389,Radětice,183,443044.0,386930.26,3486595.8,5527357.8,443044.0,00662950,False,False,False
564397,Rynoltice,861,2625075.64,2888287.98,25313636.09,25843436.09,2603854.84,00263168,False,False,False
564401,Soběslavice,180,599353.0,2474297.69,5219775.06,8519775.06,599353.0,00671924,False,False,False
564419,Cetyně,150,363640.0,644704.66,2689170.63,7934170.63,340040.0,00662780,False,False,False
564427,Světlá pod Ještědem,983,1581858.0,3374144.45,35107796.89,35775797.89,1581858.0,00263192,False,False,False
564435,Svijanský Újezd,443,1068370.8,2489539.98,11161932.62,13461932.62,1020038.0,00671894,False,False,False
564443,Svijany,369,1371513.79,1500295.99,13878342.81,18223342.81,1151844.0,00671908,False,False,False
564451,Sychrov,218,1147441.0,2354415.88,10285799.9,18475191.9,1116531.0,00263222,False,False,False
564460,Šimonovice,1542,1706917.77,3316479.91,33087921.29,38202921.29,1641279.0,00671886,False,False,False
564478,Narysov,274,893342.0,1056675.23,6333909.29,6665909.29,893342.0,00662895,False,False,False
564486,Podlesí,1126,1595663.0,3575491.89,19601180.45,43536880.45,1573476.0,00662941,False,False,False
564494,Višňová,1364,2184393.0,9363781.7,72154393.02,126738393.02,2184393.0,00263265,False,False,False
564508,Dubno,366,1404619.0,1130906.94,11620969.86,11875969.86,1404619.0,00662810,False,False,False
564516,Vlastibořice,355,1166590.7,1252850.31,10327302.81,14971335.81,1126895.0,00671878,False,False,False
564524,Nepomuk,233,1369706.0,786120.01,4174953.47,4174953.47,1365483.0,00662909,False,False,False
564532,Všelibice,650,1524127.29,1419687.01,13532810.5,13660185.5,1524127.29,00263303,False,False,False
564541,Zdislava,278,937791.0,2042425.34,6654688.97,6654688.97,931791.0,00481491,False,False,False
564559,Bohostice,212,1212391.0,1130731.05,7071527.54,10211527.54,1202584.0,00662763,False,False,False
564567,Litoměřice,22767,9298709.04,176144135.24,861695984.72,1996740657.72,8907192.0,00263958,True,True,False
564575,Bechlín,1347,2303296.66,4681600.78,25942063.51,33767063.51,2265119.66,00263346,False,False,False
564583,Starosedlský Hrádek,148,422615.0,370487.27,4080410.25,4151148.25,421062.0,00662976,False,False,False
564591,Bohušovice nad Ohří,2415,2929170.0,24582029.35,72008190.69,242014429.99,2859297.0,00263362,False,False,False
564605,Hlubyně,144,415151.0,419377.99,6294877.15,6489677.15,415151.0,00662836,False,False,False
564613,Brňany,479,1625261.0,1688414.88,8628000.37,8628000.37,1625261.0,00263389,False,False,False
564621,Brozany nad Ohří,1326,2080550.0,59868774.79,111559385.1,121996628.21,2080550.0,00263397,False,False,False
564630,Sedlice,275,1058505.43,2415008.55,14716182.54,43069063.97,1050004.43,00662968,False,False,False
564648,Bříza,441,1629406.68,1250051.59,8690733.68,9115733.68,1497103.0,00263419,False,False,False
564656,Budyně nad Ohří,2159,3396397.0,12932962.56,72857882.94,86360022.66,3396397.0,00263427,False,False,False
564664,Bukovany,95,614196.0,476146.94,3317065.93,5001139.03,614196.0,00662771,False,False,False
564672,Ctiněves,386,1132773.55,1172414.19,7063424.01,7663424.01,1132773.55,00263443,False,False,False
564681,Drahobudice,247,693846.0,4594488.84,8234958.07,9404958.07,693846.0,00665096,False,False,False
564699,Černiv,155,677627.0,607598.83,3385425.37,3595425.37,635932.0,00526100,False,False,False
564702,Masojedy,114,761636.0,611158.33,1989414.24,5766414.24,756806.0,00665151,False,False,False
564711,Čížkovice,1511,3398111.98,6968814.02,56427902.07,144258701.35,3387586.98,00263486,False,False,False
564729,Děčany,380,1634314.73,1271834.77,10762739.84,11142739.84,1599829.73,00263494,False,False,False
564737,Dlažkovice,131,1169369.7,922341.26,6502987.41,8683207.27,1157369.7,00263508,False,False,False
564745,Dobříň,558,1746485.99,1543809.46,14168037.35,19416037.35,1741652.99,00526461,False,False,False
564753,Doksany,458,1399417.27,2317159.38,11588349.28,11588349.28,1399417.27,00263524,False,False,False
564761,Konojedy,290,1177434.0,2045312.15,11257305.69,11257305.69,1117434.0,00665134,False,False,False
564770,Drahobuz,296,1267378.0,1112081.88,6629374.56,6629374.56,1261378.0,00526053,False,False,False
564788,Prusice,96,364238.0,463146.46,2144398.46,2509398.46,364238.0,00639729,False,False,False
564796,Výžerky,175,871390.0,762391.28,4358650.69,4628650.69,871390.0,00639761,False,False,False
564800,Hradešín,584,1566365.0,5129387.23,12657828.94,13197828.94,1566365.0,00665100,False,False,False
564818,Dušníky,450,1273706.67,1610218.8,15120468.97,17650468.97,1244788.67,00263583,False,False,False
564826,Vrátkov,296,478485.0,244589.23,8510480.7,15310480.7,478485.0,00639753,False,False,False
564834,Evaň,294,1514492.76,590047.15,18795100.56,32098312.06,1466492.76,00526118,False,False,False
564842,Hlinná,291,1754744.0,952475.26,11280376.51,19440376.51,1699367.0,00526142,False,False,False
564851,Horní Beřkovice,989,2869494.0,20829289.07,44577800.61,59544934.61,2865994.0,00263621,False,False,False
564869,Březí,656,1879305.0,1734056.37,12852141.25,17714141.25,1879305.0,00640123,False,False,False
564877,Hoštka,1768,2127396.9,9050733.15,46024787.37,95406222.77,2102397.0,00263648,False,False,False
564885,Doubek,476,840677.0,1433092.85,11975976.8,19859776.8,840677.0,00640255,False,False,False
564893,Hrobce,728,1596356.02,2149760.84,15412335.53,19607335.53,1596356.02,00263664,False,False,False
564907,Nupaky,2121,2482237.0,6945670.16,33285684.14,33629684.14,2482237.0,00640816,False,False,False
564915,Herink,1167,2703516.0,8090260.5,34330404.19,34928579.86,2703516.0,00640140,False,False,False
564923,Chodouny,727,1431579.54,1720779.48,14215316.47,16752870.47,1356049.0,00263699,False,False,False
564931,Chodovlice,158,483960.0,440691.8,3131738.9,3178738.9,483960.0,00481653,False,False,False
564940,Chotěšov,508,1615457.42,1524417.59,38447928.96,64091928.96,1572499.42,00526096,False,False,False
564958,Chotiměř,283,1708547.05,1730482.42,16784110.41,23384110.41,1559881.0,00556211,False,False,False
564966,Chotiněves,204,1284549.0,1367504.17,5622681.59,10122681.59,1280472.0,00555223,False,False,False
564974,Káraný,844,2650624.06,3595475.7,20819302.41,227770743.95,2634051.0,00510530,False,False,False
564982,Květnice,2081,1791871.0,5594293.6,62232455.52,165976455.52,1791871.0,00640042,False,False,False
564991,Křenice,1057,1922931.0,2247015.76,24889330.19,25239330.19,1922931.0,00640182,False,False,False
565008,Dobročovice,333,1294527.0,1476095.2,6507364.73,7037364.73,1294527.0,00662399,False,False,False
565016,Keblice,377,1358886.56,1035814.94,11287601.93,14872994.93,1337186.56,00526436,False,False,False
565024,Klapý,466,1246674.55,916549.89,18544647.89,19974596.29,1189693.55,00263796,False,False,False
565032,Kleneč,596,1427988.0,2923244.25,10705496.73,11005496.73,1427988.0,00263800,False,False,False
565041,Břežany,123,409738.0,429696.46,4802070.77,5069070.77,409738.0,00639788,False,False,False
565059,Kostomlaty pod Řípem,424,1417854.0,571047.01,23402012.77,47602212.77,1413854.0,00263826,False,False,False
565067,Krabčice,951,1548164.01,1936687.2,26247298.92,46821394.53,1424969.51,00263834,False,False,False
565075,Křesín,330,656616.0,451385.95,13242396.59,18482396.59,656616.0,00263842,False,False,False
565083,Křešice,1484,3049917.0,4918326.05,37447171.43,49767171.43,3039339.0,00263851,False,False,False
565091,Kyškovice,310,1571297.92,1320641.58,16005227.3,43645138.52,1543822.0,00263869,False,False,False
565105,Levín,159,555145.0,1334965.05,5586179.34,7236179.34,555145.0,00263877,False,False,False
565113,Lhotka nad Labem,361,819440.0,4539667.75,11891943.06,15293420.04,819440.0,00526126,False,False,False
565121,Liběšice,1524,3573429.66,5120422.18,47508311.51,48214389.51,3531429.66,00263893,False,False,False
565130,Všesulov,106,472841.0,696605.04,2463296.69,3403296.69,462642.0,00640026,False,False,False
565148,Libkovice pod Řípem,525,1837477.0,7023866.66,15071718.26,15071718.26,1764471.0,00263915,False,False,False
565156,Libochovany,581,873784.0,2298212.38,16617535.62,26148235.62,873784.0,00263923,False,False,False
565164,Libochovice,3388,3132514.21,25363800.31,139940098.55,345723397.86,3060965.0,00263931,False,True,False
565172,Libotenice,444,1803918.51,1441374.5,16145926.45,42803358.45,1765814.51,00263940,False,False,False
565181,Děkov,245,1062208.9,426403.93,4347837.69,4572837.69,1055524.0,00639796,False,False,False
565199,Kolešov,154,547990.0,821160.71,6312151.56,6485151.56,547990.0,00639869,False,False,False
565202,Hracholusky,79,455966.0,308826.01,1570367.6,16345825.94,455966.0,00639818,False,False,False
565211,Lovečkovice,609,1317091.91,7124934.09,20228288.88,21173288.88,1317091.91,00263982,False,False,False
565229,Lovosice,8727,4824422.41,108462815.53,415749789.97,865242521.66,4232334.0,00263991,True,True,False
565237,Lukavec,370,1748694.69,1164861.18,17978443.07,19063443.07,1748694.69,00526134,False,False,False
565245,Malé Žernoseky,730,1473066.0,2734188.61,13621276.17,13621276.17,1469550.0,00526045,False,False,False
565253,Martiněves,807,1533595.14,2361091.17,20527867.23,32861545.23,1480742.14,00264024,False,False,False
565261,Přílepy,232,1388111.0,1072388.91,4750014.39,5910014.39,1343049.0,00639958,False,False,False
565270,Janov,152,1046824.67,550291.82,4189744.79,4304970.79,1046824.67,00639834,False,False,False
565288,Karlova Ves,124,1139455.4,1573370.38,5562229.91,5982229.91,1139455.4,00639851,False,False,False
565296,Mlékojedy,228,1473645.0,1399581.22,8850402.01,11600402.01,1473645.0,00526151,False,False,False
565300,Mnetěš,588,1068182.0,4438499.01,14726897.33,15263897.33,1068182.0,00264075,False,False,False
565318,Mšené-lázně,1886,2428637.76,7251771.6,55745159.08,131190979.08,2325330.94,00264083,False,False,False
565326,Švihov,78,676080.0,833214.63,3207031.48,3967531.48,676080.0,00640000,False,False,False
565334,Hvozd,175,472140.0,597139.75,2527422.98,2642422.98,472140.0,00639826,False,False,False
565342,Nové Dvory,381,1219778.43,948268.7,11240046.82,12560046.82,1219778.43,00264113,False,False,False
565351,Krakov,144,441347.0,783587.42,3016865.8,3165265.8,433971.0,00639885,False,False,False
565369,Krakovec,69,486935.0,725149.0,3208457.27,3479760.27,481350.0,00639893,False,False,False
565377,Malinová,105,379053.0,539526.99,1979598.54,1979598.54,379053.0,00639915,False,False,False
565385,Kozojedy,86,595543.17,1117977.42,2734851.46,11320976.46,449643.56,00639877,False,False,False
565393,Ploskovice,461,1282441.32,3284519.17,17876413.19,18299413.19,1246015.0,00264164,False,False,False
565407,Smilovice,82,311894.0,1130272.53,2152864.71,2437864.71,311894.0,00639982,False,False,False
565415,Podsedice,673,1839853.52,1748566.65,15750916.09,16042916.09,1819005.52,00555207,False,False,False
565423,Bdín,69,218163.0,702174.41,1576818.87,1576818.87,218163.0,00639770,False,False,False
565431,Polepy,1319,2695462.79,3329318.62,41577876.07,45577876.07,2645468.37,00264202,False,False,False
565440,Kalivody,114,293250.0,945782.34,2006649.42,2323649.42,293250.0,00639842,False,False,False
565458,Prackovice nad Labem,640,1618617.83,2791796.7,20739590.16,23867190.16,1542705.03,00264229,False,False,False
565466,Milý,213,664696.0,1774815.13,6949968.65,7184468.65,664696.0,00639923,False,False,False
565474,Přestavlky,296,960145.0,1827488.98,6217348.41,6666348.41,960145.0,00555215,False,False,False
565482,Račice,407,1401268.49,1947490.05,16412925.71,16827925.71,1395313.49,00525413,False,False,False
565491,Račiněves,639,1715448.79,1581508.6,15433481.54,15845481.54,1709511.79,00264261,False,False,False
565504,Řeřichy,103,361237.0,1185360.22,2903301.6,3513940.6,361237.0,00639974,False,False,False
565512,Václavy,63,445789.0,747826.4,2092509.37,2122509.37,445789.0,00640018,False,False,False
565521,Radovesice,534,1641411.31,2279438.37,18053872.48,18053872.48,1641411.31,00526088,False,False,False
565539,Sovínky,353,339411.0,2609878.16,7326154.86,7431154.86,339411.0,00508934,False,False,False
565547,Rochov,145,501372.0,829229.74,3753192.14,3783192.14,501372.0,00264318,False,False,False
565555,Roudnice nad Labem,12668,5536559.0,114264849.8,511605924.55,1100456728.22,5536559.0,00264334,True,True,False
565563,Lipník,424,1595627.0,1782286.18,12441810.05,13676810.05,1595627.0,00508993,False,False,False
565571,Vlkava,482,820694.0,2221921.96,6808497.61,12238497.61,820694.0,00509001,False,False,False
565580,Plužná,266,717221.0,1467053.36,8585649.13,8645649.13,717221.0,00509019,False,False,False
565598,Siřejovice,269,1330238.28,837476.93,9043089.1,9330669.1,1330238.28,00264369,False,False,False
565601,Slatina,292,1248818.05,1279840.95,6780862.21,11844492.21,1248818.05,00264377,False,False,False
565610,Snědovice,780,1467944.97,1855182.73,19377780.46,120142780.46,1461234.97,00264385,False,False,False
565628,Vinařice,298,1106414.0,1246836.39,7268391.58,7348391.58,1083937.0,00509027,False,False,False
565636,Rohatsko,270,639144.0,436351.33,4672671.48,5082671.48,639144.0,00509035,False,False,False
565644,Mečeříž,568,1307175.0,6656128.78,16973920.64,35530920.64,1295725.0,00509043,False,False,False
565652,Rabakov,60,331538.0,234973.55,1133517.1,1133517.1,331538.0,00509078,False,False,False
565661,Řitonice,86,353867.25,349553.0,1240455.83,1318455.83,349485.0,00509051,False,False,False
565679,Straškov-Vodochody,1108,2865641.0,5423995.94,29689362.93,34682397.93,2865641.0,00264431,False,False,False
565695,Sulejovice,701,1640220.0,1663247.15,19520014.14,38570014.14,1610626.0,00554839,False,False,False
565709,Štětí,8553,4264911.0,55352604.61,331130835.5,855889326.54,4264911.0,00264466,False,True,False
565717,Terezín,2850,2803925.39,24139083.42,104934094.29,149179640.78,2709145.0,00264474,False,False,False
565725,Veselice,124,317150.0,311539.84,1779578.09,5119578.09,317150.0,00509060,False,False,False
565733,Hrušov,234,1354727.06,1072968.22,5167829.83,5167829.83,1351227.06,00509094,False,False,False
565741,Travčice,609,1400901.0,5188654.77,21422757.94,24552757.94,1374184.0,00264504,False,False,False
565750,Bílá Hlína,121,561488.3,682015.86,2338250.91,2431850.91,530242.0,00509108,False,False,False
565768,Třebenice,1889,3408178.8,8610145.16,65272218.41,87689318.41,3300896.52,00264521,False,False,False
565776,Třebívlice,835,1174584.0,12853081.13,21501054.69,21501054.69,1174584.0,00264539,False,False,False
565784,Charvatce,380,765768.0,1029602.34,10970253.68,16140253.68,757529.0,00509116,False,False,False
565792,Třebušín,606,2066999.47,5542081.82,29022042.98,34111855.19,2023374.47,00264555,False,False,False
565806,Úpohlavy,281,812729.87,636647.47,8357612.82,8406212.82,812729.87,00554588,False,False,False
565814,Úštěk,2844,2553733.0,24797316.58,151426203.82,345861300.72,2541733.0,00264571,False,True,False
565822,Mohelnice nad Jizerou,91,498132.0,400531.34,2615572.42,2770572.42,498132.0,00509141,False,False,False
565831,Vědomice,958,1862909.0,2682361.76,41027188.27,57727188.27,1862909.0,00264598,False,False,False
565849,Velemín,1695,3163220.57,5531120.69,70236580.49,86933202.49,3152020.57,00264601,False,False,False
565857,Velké Žernoseky,493,1481526.01,1997630.66,16015593.0,16874593.0,1435903.0,00264610,False,False,False
565865,Vchynice,313,1223522.0,1082984.18,7119074.96,7119074.96,1206141.0,00554847,False,False,False
565873,Vlastislav,165,940937.1,591100.96,4297977.56,4835978.42,892609.1,00481661,False,False,False
565881,Vražkov,442,1363196.0,3414309.09,16096356.19,17986856.19,1332268.0,00264644,False,False,False
565890,Vrbice,575,1726205.04,1096470.17,12893267.96,16443267.96,1665542.0,00264652,False,False,False
565903,Vrbičany,314,921640.16,1103481.12,12593199.3,12593199.3,901990.61,00828807,False,False,False
565911,Vrutice,318,1864785.0,2039352.5,11704341.93,13924341.93,1864785.0,00526061,False,False,False
565920,Sudoměř,102,325227.0,1787652.91,3476462.47,4136462.47,325227.0,00509175,False,False,False
565938,Žabovřesky nad Ohří,273,1545502.0,1273427.74,8311569.3,13519521.66,1520302.0,00526771,False,False,False
565946,Žalhostice,584,715293.38,2449686.93,18815079.99,21865079.99,665460.0,00264709,False,False,False
565954,Židovice,389,1135666.07,1924428.15,7833501.19,25277050.08,1119032.07,00526479,False,False,False
565962,Žitenice,1643,2119926.16,2472674.29,45208347.17,75582374.38,2119926.16,00264725,False,False,False
565971,Louny,18068,7068793.43,155154877.01,769840448.44,2486117163.29,6123006.0,00265209,True,True,False
565989,Hlavenec,481,1600618.0,985548.55,29978883.79,31931883.79,1600618.0,00474177,False,False,False
565997,Bitozeves,519,1963425.38,4581439.63,35676064.82,36316064.82,1880779.13,00556238,False,False,False
566004,Blatno,511,1672716.0,3775731.91,13629222.44,13729222.44,1651090.0,00264768,False,False,False
566012,Blažim,295,1397190.09,3647644.02,12781622.12,13892881.12,1379882.09,00556246,False,False,False
566021,Blšany,1046,2041272.47,3417109.94,40484754.18,48111811.66,2010525.47,00264784,False,False,False
566039,Jizerní Vtelno,360,1542476.0,3036169.07,9643132.15,11402923.15,1542476.0,00509248,False,False,False
566047,Košátky,234,531102.0,1792871.1,11082500.05,11082500.05,531102.0,00509256,False,False,False
566055,Vřeskovice,337,498000.0,1257083.43,5802233.99,5802233.99,498000.0,00573400,False,False,False
566063,Břvany,326,1173845.21,1448584.07,9307626.13,9682626.13,1173845.21,00483087,False,False,False
566071,Všekary,104,466956.0,249427.91,18998461.08,31598705.98,466956.0,00572365,False,False,False
566080,Čečovice,101,465946.0,599304.54,3697925.78,3930925.78,460407.0,00572314,False,False,False
566098,Černovice,141,1108347.88,1176308.31,7484870.7,10696370.7,1010043.88,00572322,False,False,False
566101,Štichov,85,357698.0,350135.49,12255489.6,13390489.6,357698.0,00572373,False,False,False
566128,Deštnice,246,1339010.27,2379529.11,7540241.77,8060241.77,1289368.47,00556289,False,False,False
566136,Brnířov,444,870163.0,1232374.35,12903002.86,13072002.86,811395.0,00572608,False,False,False
566144,Kanice,197,305448.0,310289.98,3028775.05,3228775.05,305448.0,00572519,False,False,False
566152,Domoušice,632,1365642.16,3741866.02,17586917.0,19655917.0,1362219.16,00264903,False,False,False
566161,Úboč,155,399549.0,709365.7,4086181.52,4236181.52,399549.0,00572471,False,False,False
566179,Hradiště,191,605233.0,334065.81,6196793.03,6941969.61,605233.0,00572501,False,False,False
566187,Holedeč,650,1691813.41,3759055.52,52936165.85,205836002.56,1581074.41,00556297,False,False,False
566195,Hříškov,391,764277.0,1424395.47,8599848.75,9199848.75,762672.0,00556301,False,False,False
566209,Otov,108,535000.0,1142939.1,4159689.92,13508382.77,535000.0,00572268,False,False,False
566217,Hřivice,631,1539082.9,2543079.55,18211962.91,20869765.74,1523323.0,00264971,False,False,False
566233,Chlumčany,595,1604519.0,1768900.84,20105421.98,20225421.98,1604519.0,00264997,False,False,False
566241,Chožov,582,1681173.95,1729031.33,16261393.96,17401393.96,1667848.95,00265004,False,False,False
566250,Vlkanov,120,454398.0,848003.87,11351073.5,15824846.5,445044.0,00572233,False,False,False
566276,Hora Svatého Václava,65,342089.0,398091.26,8823669.72,8953669.72,340080.0,00572217,False,False,False
566284,Koštice,611,1481027.87,5246837.0,22263934.01,100390849.49,1481027.87,00265055,False,False,False
566292,Mnichov,218,401892.34,1111531.87,33785912.7,50678593.7,380268.0,00572225,False,False,False
566306,Krásný Dvůr,630,1911593.16,3278316.24,25801500.92,26475300.92,1880138.16,00265071,False,False,False
566314,Kryry,2361,2619541.0,8624554.42,75017600.07,106073359.27,2561828.0,00265080,False,False,False
566322,Lenešice,1402,2068020.84,4857521.59,38784190.94,49256433.94,2024366.59,00265098,False,False,False
566331,Hvožďany,38,347927.58,371882.33,4361161.97,4361161.97,338654.0,00572241,False,False,False
566349,Libčeves,940,1385753.0,8292584.73,26034189.15,32774189.15,1385753.0,00265110,False,False,False
566357,Liběšice,791,1736104.62,2636001.99,21205392.08,23851392.08,1706672.57,00483095,False,False,False
566365,Poděvousy,243,457640.0,1520107.92,17751018.49,24116018.49,457640.0,00572381,False,False,False
566373,Pelechy,83,297530.0,185246.31,1484541.37,2289541.37,297530.0,00572161,False,False,False
566381,Libořice,351,1788141.03,2172577.29,11199581.38,12454401.54,1722014.97,00556335,False,False,False
566390,Hlince,95,413301.0,729615.19,4755600.56,5675600.56,392400.0,00572934,False,False,False
566403,Lipno,575,1002384.0,3610106.81,23643915.12,25533915.12,1002384.0,00483109,False,False,False
566411,Lišany,153,1011715.2,1013661.74,4154410.94,5688551.94,958442.2,00556343,False,False,False
566420,Líté,211,495492.0,969513.81,7349186.27,8049186.27,495492.0,00572896,False,False,False
566438,Lubenec,1301,1801004.0,4184826.7,48847605.11,54913432.11,1801004.0,00265217,False,False,False
566446,Loza,255,1354912.0,928521.32,7275445.03,7972445.03,1350022.0,00572900,False,False,False
566454,Měcholupy,987,3172831.8,3641819.69,53277311.22,71468311.22,3170831.8,00265233,False,False,False
566462,Lochousice,131,1119445.0,1060644.03,5986068.69,6059068.69,1113445.0,00572918,False,False,False
566471,Bohy,125,347762.0,649274.1,6796659.37,6816659.37,347762.0,00572977,False,False,False
566489,Brodeslavy,76,297530.0,206745.66,2054734.47,2054734.47,297530.0,00572985,False,False,False
566497,Všehrdy,57,312207.0,471778.72,2711474.47,2751474.47,310610.0,00572993,False,False,False
566501,Nepomyšl,435,1735978.0,2407526.48,23612331.76,23612331.76,1735978.0,00265284,False,False,False
566519,Nové Sedlo,588,964475.15,4749601.68,19879802.95,20253906.95,964475.15,00265292,False,False,False
566527,Očihov,362,1017115.0,1019419.08,14515581.86,28873964.64,1017115.0,00556378,False,False,False
566535,Panenský Týnec,449,1659682.62,3190660.14,36186745.47,41445745.47,1635631.62,00265314,False,False,False
566543,Myslinka,278,537600.0,955560.54,22880135.13,22880135.13,537600.0,00573019,False,False,False
566551,Peruc,2347,2807213.06,8823592.12,61948549.94,62946559.94,2775439.4,00265331,False,False,False
566560,Petrohrad,620,1491748.0,4541059.22,29622418.67,57797418.67,1491748.0,00480975,False,False,False
566578,Pnětluky,370,851641.0,2065582.61,9604471.79,10309057.4,851641.0,00556394,False,False,False
566586,Počedělice,301,1346071.32,1597710.38,20198581.63,53955606.35,1324231.92,00265373,False,False,False
566594,Újezd nade Mží,117,347903.0,826800.21,2979287.81,4979287.81,339558.0,00573060,False,False,False
566608,Podbořanský Rohozec,162,511782.0,1529210.83,9114171.77,9379171.77,508131.0,00556408,False,False,False
566616,Podbořany,6253,6270462.14,68361685.36,272782934.06,624541444.22,5326266.0,00265365,True,True,False
566624,Postoloprty,4673,3068728.58,27461514.21,202741133.7,229796858.7,2984611.58,00265403,False,True,False
566632,Černíkovice,88,444352.0,440142.63,1567012.34,1713012.34,444352.0,00572829,False,False,False
566641,Hlohovčice,173,720907.0,529259.4,21411943.13,22499943.13,720907.0,00572403,False,False,False
566659,Raná,239,939627.0,1782310.48,8369067.01,8369067.01,939627.0,00556416,False,False,False
566667,Ročov,572,1425015.0,3447063.7,17154855.01,22299855.01,1409586.0,00265446,False,False,False
566675,Vrbice,206,479411.0,1640587.87,8092135.33,8092135.33,479411.0,00573302,False,False,False
566683,Dražovice,167,636672.0,1372690.39,3992487.77,3992487.77,636372.0,00573451,False,False,False
566691,Vlčí,80,238668.0,527678.78,1534559.34,2489559.34,238668.0,00574279,False,False,False
566705,Borovno,96,550495.0,498366.27,4368668.5,4368668.5,541960.0,00574139,False,False,False
566713,Slavětín,661,1832474.94,1998426.01,19635916.95,20445916.95,1725178.02,00265497,False,False,False
566721,Smolnice,447,1417645.95,2731044.25,11057089.03,11057089.03,1377129.0,00556424,False,False,False
566730,Holovousy,59,304391.0,416393.01,3413671.02,3413671.02,304391.0,00572942,False,False,False
566748,Slatina,64,370297.0,476931.91,2624863.61,2652863.61,370297.0,00572951,False,False,False
566756,Bdeněves,812,1724894.0,1316220.45,13386269.63,13871269.63,1724894.0,00573001,False,False,False
566764,Blažim,64,550827.0,598034.95,3988702.32,3988702.32,550827.0,00573035,False,False,False
566781,Pastuchovice,71,386990.0,667206.55,2379896.1,2379896.1,386990.0,00573108,False,False,False
566799,Všenice,289,750335.0,1104508.59,6305545.24,6555545.24,744434.0,00573833,False,False,False
566802,Terešov,182,1001125.0,318834.32,5155459.35,7492985.66,1001125.0,00519693,False,False,False
566811,Kamenec,80,235848.0,171042.07,1354328.06,1354328.06,235848.0,00573965,False,False,False
566829,Toužetín,264,721586.0,1533913.33,4565698.71,4709698.71,721586.0,00556441,False,False,False
566837,Němčovice,195,363314.0,3282354.03,12316009.02,13716009.02,363314.0,00573922,False,False,False
566845,Skomelno,212,434235.0,430928.05,11238847.29,11636347.29,428330.0,00573906,False,False,False
566853,Tuchořice,698,1588966.42,2571875.26,18864707.7,31602182.7,1557516.42,00265624,False,False,False
566861,Plískov,123,373919.0,570647.95,7212966.07,7412966.07,369241.0,00573841,False,False,False
566870,Velemyšleves,343,1792970.72,3195923.72,16902348.24,17749750.24,1731838.99,00556467,False,False,False
566888,Olbramov,81,836038.0,599082.11,4895593.55,9400593.55,829679.0,00573728,False,False,False
566896,Veltěže,429,1402028.0,742498.05,25990207.17,34042225.19,1402028.0,00556475,False,False,False
566900,Růžová,588,1439271.64,2298973.09,20587225.06,25130025.06,1439271.64,00556017,False,False,False
566918,Vinařice,242,583302.0,1050661.15,11542434.85,11582434.85,577812.0,00265683,False,False,False
566926,Vrbno nad Lesy,206,1209395.0,1012730.13,5654656.15,5654656.15,1209395.0,00556483,False,False,False
566934,Vroutek,1854,2492482.0,9541442.33,80829356.1,91549066.0,2481050.0,00265705,False,False,False
566942,Raková,235,645473.0,644926.4,9808871.53,9908871.53,645473.0,00519391,False,False,False
566951,Výškov,461,1744187.08,7147910.42,29362420.28,31043647.28,1676131.08,00265721,False,False,False
566969,Výrov,466,1602006.0,930667.1,13349887.02,13349887.02,1602006.0,00573027,False,False,False
566977,Zbrašín,407,1106027.0,6489600.95,12631458.32,18141458.32,1106027.0,00556491,False,False,False
566985,Žatec,18959,4925247.0,139956951.79,814893553.42,1733675670.44,4866111.0,00265781,True,True,False
566993,Ostrovec-Lhotka,115,429801.0,717372.09,3199121.08,3199121.08,429801.0,00573949,False,False,False
567001,Lhota pod Radčem,320,513672.0,1758795.29,7818030.26,7818030.26,513672.0,00573817,False,False,False
567019,Žiželice,444,1313706.92,1311273.41,10130895.0,11630895.0,1313706.92,00265772,False,False,False
567027,Most,63474,12431989.0,312567214.47,2505237662.44,7772695124.67,12431989.0,00266094,True,True,False
567043,Bečov,1389,2766453.02,6328714.92,66117552.14,79120752.14,2753117.96,00265811,False,False,False
567051,Bělušice,229,1275891.16,4127257.3,8207292.02,8536653.02,1252593.16,00265829,False,False,False
567060,Braňany,1199,2017774.76,4109265.59,69708786.62,81178599.62,1991190.76,00265845,False,False,False
567078,Brandov,298,926412.0,3899566.53,7991157.63,9156560.65,926412.0,00265837,False,False,False
567086,Příšov,333,953635.0,623277.22,3794912.22,3864912.22,940205.0,00573043,False,False,False
567108,Český Jiřetín,107,869500.0,3090993.12,7013165.62,7140165.62,869500.0,00265870,False,False,False
567141,Havraň,634,1763094.07,9454249.68,51310951.76,95279028.76,1747310.07,00265918,False,False,False
567167,Hora Svaté Kateřiny,479,1465851.17,4022575.16,25271491.54,37488131.02,1446085.17,00265934,False,False,False
567175,Horní Jiřetín,2176,2160401.03,8289817.13,94241725.18,107627127.18,2160401.03,00265942,False,False,False
567191,Klíny,183,973535.63,1994856.4,4783104.97,4950104.97,973535.63,00265969,False,False,False
567221,Korozluky,265,1099419.0,1981775.85,5711383.46,13066383.46,1099419.0,00265993,False,False,False
567248,Lišnice,207,977593.0,1206639.69,12939889.5,14246241.25,977593.0,00266019,False,False,False
567256,Litvínov,22387,6491394.24,167798836.98,906278936.24,3165752365.8,6402028.05,00266027,True,True,False
567264,Lom,3762,2653482.0,18469258.03,85497072.6,127595590.28,2629421.0,00266035,False,False,False
567272,Louka u Litvínova,732,1548562.0,2579675.58,30001933.77,52719099.55,1548562.0,00266043,False,False,False
567281,Lužice,568,1155035.9,2618432.07,13175282.71,27370550.71,1147149.9,00266051,False,False,False
567299,Malé Březno,250,1430492.0,2595583.14,51098035.56,233411323.23,1402023.0,00266060,False,False,False
567302,Mariánské Radčice,460,1355492.54,5465080.7,24314857.42,25862211.42,1305692.54,00266078,False,False,False
567311,Meziboří,4597,3269681.27,29076937.34,162530012.0,631178948.41,3091826.0,00266086,False,False,False
567329,Nová Ves v Horách,488,1650659.0,4841347.86,14958263.61,15168263.61,1454975.0,00266108,False,False,False
567337,Obrnice,2049,3571283.64,8715117.38,76889287.06,83306924.06,3560489.0,00266116,False,False,False
567345,Patokryje,440,1361847.48,1674886.55,37584429.52,67499429.52,1356325.48,00266124,False,False,False
567353,Polerady,234,850769.0,867407.52,7439083.36,7439083.36,850769.0,00266132,False,False,False
567361,Skršín,305,1080116.0,4512463.24,15885860.15,36578024.06,1080116.0,00266141,False,False,False
567426,Želenice,496,1397246.08,2812347.19,12800165.09,13125718.09,1337246.08,00266205,False,False,False
567442,Teplice,50912,11246653.72,219429124.37,1965525308.08,8974623621.67,10009565.0,00266621,True,True,False
567451,Bílina,14497,8093835.76,130210881.57,685541215.53,1948406692.82,7843259.0,00266230,True,True,False
567469,Bořislav,407,1179034.0,6584604.13,12789961.41,12979961.41,1163260.0,00266248,False,False,False
567477,Bystřany,1948,3483523.28,9176885.18,82170634.62,82504593.62,3370404.01,00266256,False,False,False
567485,Bžany,918,1888590.0,3754634.51,17205891.94,32206891.94,1886799.0,00266264,False,False,False
567507,Dubí,8114,3121502.44,38109821.12,253274173.8,579605428.8,3002620.93,00266281,False,False,False
567515,Duchcov,8695,4886506.12,35364401.96,270100962.12,650179973.12,4749223.0,00266299,False,True,False
567523,Háj u Duchcova,1353,1901749.0,9776957.59,35596356.28,35924356.28,1820503.0,00266302,False,False,False
567531,Hostomice,1208,2240908.0,4056386.18,36943412.92,37585287.92,2178908.0,00266311,False,False,False
567558,Hrob,1990,2900212.87,7463739.48,57522405.56,166604792.52,2891576.0,00266337,False,False,False
567566,Hrobčice,1110,3062103.63,5659645.11,39007491.18,53855491.18,2967923.63,00266345,False,False,False
567582,Jeníkov,857,1855875.14,4340398.48,22893774.0,24579223.0,1854638.14,00266361,False,False,False
567604,Kladruby,443,1167678.9,1900190.39,15225306.25,15525306.25,1161693.0,00266388,False,False,False
567612,Kostomlaty pod Milešovkou,905,1751248.76,2559762.88,43693217.01,62700561.81,1742248.76,00266396,False,False,False
567621,Košťany,3239,4099294.0,10211326.65,88252678.94,153122642.94,4099294.0,00266400,False,False,False
567639,Krupka,12793,7317826.73,53278729.68,349517362.25,1065526661.25,7173808.0,00266418,False,True,False
567647,Lahošť,694,1685231.45,3749281.75,20084404.27,23961957.27,1641112.45,00266426,False,False,False
567655,Ledvice,538,2210201.22,6712296.03,46613887.8,98105710.8,2167555.0,00266434,False,False,False
567698,Měrunice,314,1373988.0,2379117.89,11217143.63,13407859.61,1368008.0,00266477,False,False,False
567701,Mikulov,210,284187.0,1813658.67,6048583.99,6048583.99,284187.0,00266485,False,False,False
567710,Modlany,1153,2994284.89,10095050.6,58563541.6,74926333.6,2941499.0,00266493,False,False,False
567728,Moldava,173,1037893.0,4610161.19,13244879.59,15744879.59,1030510.0,00266507,False,False,False
567752,Novosedlice,2133,3147862.06,4788361.35,71479710.8,74834710.8,3049862.06,00266531,False,False,False
567761,Ohníč,704,1697370.0,5559178.25,24327173.65,41833732.65,1697370.0,00266540,False,False,False
567779,Osek,4516,2538489.74,21048475.53,172229851.46,606445796.35,2504520.74,00266558,False,False,False
567787,Proboštov,2700,2861679.27,21287613.21,84115047.89,96354496.87,2830550.0,00266566,False,False,False
567809,Rtyně nad Bílinou,837,1860527.52,2348339.49,18107636.12,18107636.12,1853763.0,00266574,False,False,False
567833,Srbice,498,1788482.89,3208526.28,31202767.62,39182767.62,1768760.0,00266591,False,False,False
567841,Světec,981,2117750.0,3225289.56,22396692.99,96105692.99,2117750.0,00266612,False,False,False
567850,Újezdeček,875,2464179.27,2361859.51,28774161.72,30201864.72,2343836.0,00266639,False,False,False
567868,Zabrušany,1146,2074878.0,7492051.0,50015087.02,50670710.02,2074878.0,00266647,False,False,False
567876,Žalany,505,1350549.31,4131409.77,22913749.66,25173785.66,1296997.51,00266655,False,False,False
567884,Žim,238,1235606.5,1154664.69,8208141.07,9418141.07,1235606.5,00266663,False,False,False
567931,Dolní Zálezly,559,1206507.91,1696612.83,11339712.48,11393605.48,1177909.74,00266710,False,False,False
567957,Habrovany,226,726681.0,613529.92,3839053.1,3899053.1,726681.0,00832201,False,False,False
567973,Homole u Panny,402,2027841.0,2561072.04,17675312.02,17675312.02,2027841.0,00555495,False,False,False
568007,Chabařovice,2545,1957818.39,32180668.79,80269845.58,81109920.58,1921403.39,00556912,False,False,False
568015,Chlumec,4257,4280986.0,33568253.29,157639570.99,456362671.99,4246366.0,00391387,False,False,False
568023,Chuderov,1171,1959182.0,4916914.34,25543395.34,34380395.34,1921192.0,00266809,False,False,False
568058,Libouchec,1907,2696228.0,9812704.41,58081459.25,59631459.25,2696228.0,00266833,False,True,False
568091,Malé Březno,525,1521579.97,1975251.46,12344500.29,12674500.29,1495592.97,00556891,False,False,False
568104,Malečov,854,3115454.0,5113462.28,49733723.52,62193723.52,2869036.0,00266884,False,False,False
568147,Petrovice,907,1667913.0,10034197.96,34308166.66,34308166.66,1667913.0,00266922,False,False,False
568155,Povrly,2277,2684577.08,9683075.53,83081641.45,119908067.22,2571291.0,00266931,False,False,False
568163,Žermanice,368,916025.7,2193392.34,28807924.4,38857924.4,873528.0,00494259,False,False,False
568180,Kružberk,239,621329.8,1775319.45,7230811.25,7230811.25,605738.0,00635537,False,False,False
568198,Staré Těchanovice,128,695901.0,1450754.97,6545871.33,16318979.06,658195.0,00635529,False,False,False
568201,Řehlovice,1446,2771662.0,5959129.76,56790351.47,72705351.47,2751676.0,00266981,False,False,False
568210,Hať,2558,3126912.0,5623321.87,68837702.3,107798704.45,3105741.0,00635511,False,False,False
568228,Darkovice,1363,2015582.0,3016511.84,35231289.23,47505049.04,1984882.0,00635456,False,False,False
568236,Děhylov,745,1906384.9,3488823.08,19098491.08,33800491.08,1852890.0,00635464,False,False,False
568244,Vřesina,1679,2041528.0,5162158.17,57493011.52,74762011.52,2041528.0,00635545,False,False,False
568261,Budišovice,804,1416221.0,2037544.41,10691405.16,10911405.16,1416221.0,00635413,False,False,False
568279,Mikolajice,299,1041224.0,4098267.18,8723857.57,8868857.57,1041224.0,00635405,False,False,False
568287,Tašov,138,238282.0,1722581.42,3806269.68,3806269.68,238282.0,00556904,False,False,False
568295,Telnice,698,1880389.0,7691668.01,27486229.63,37386229.63,1880389.0,00267074,False,False,False
568309,Tisá,1005,2640536.0,4984675.15,51853115.01,51853115.01,2640536.0,00267082,False,False,False
568317,Radkov,494,1512676.9,1980181.68,24461790.34,24461790.34,1484736.0,00635383,False,False,False
568333,Štáblovice,713,564011.0,7575972.85,20435636.51,20665636.51,564011.0,00635448,False,False,False
568341,Uhlířov,413,1292928.0,1777315.39,10406091.81,115821562.7,1292928.0,00635421,False,False,False
568350,Velké Březno,2433,2065735.0,11623434.03,63978527.87,75851755.16,2065735.0,00267139,False,True,False
568368,Hlubočec,574,1404913.54,2513915.32,11724212.22,24869683.22,1390413.54,00635430,False,False,False
568376,Rohov,600,1390610.97,2645729.91,19520183.04,24020683.04,1358141.0,00635499,False,False,False
568384,Zubrnice,226,555499.0,3688892.42,5969198.81,6769198.81,555499.0,00556874,False,False,False
568392,Doloplazy,1338,1801824.41,2897641.56,83625487.06,123756487.06,1791909.41,00534927,False,False,False
568406,Slatina,774,1796513.0,3650948.54,18724212.52,18869470.52,1796513.0,00600661,False,False,False
568414,Havlíčkův Brod,23791,9280924.0,129616651.51,969210153.14,2822552508.56,9271064.0,00267449,True,True,False
568422,Velké Albrechtice,1177,1686583.78,2395476.31,26621836.33,26968571.33,1674766.78,00600679,False,False,False
568431,Bordovice,669,1065479.0,4208232.93,13630351.65,23286280.65,1065479.0,00600687,False,False,False
568449,Zbyslavice,664,1782424.0,2550533.49,12442389.29,14050502.29,1782424.0,00600695,False,False,False
568457,Bojiště,296,756825.0,1260235.27,4792141.63,6121051.63,752583.0,00267228,False,False,False
568465,Borek,123,654225.57,298962.15,4685213.0,6745213.0,570895.67,00267236,False,False,False
568473,Závišice,1161,2232388.25,4318265.96,57375959.58,57671698.58,2089124.0,00600709,False,False,False
568481,Bernartice nad Odrou,990,1206459.0,6072612.71,50758159.65,55155798.81,1195849.0,00600717,False,False,False
568490,Čachotín,169,425100.0,1161867.24,10551828.02,10551828.02,425100.0,00267261,False,False,False
568503,Česká Bělá,1143,1555716.35,3694418.23,36480227.04,80530227.04,1539800.0,00267279,False,False,False
568511,Hostašovice,796,1648825.81,3073809.76,53546067.83,97052119.68,1629784.0,00600725,False,False,False
568520,Číhošť,348,736726.0,1113282.57,8998894.95,12094139.95,736726.0,00267295,False,False,False
568538,Dlouhá Ves,429,1508926.0,3322198.66,13449639.73,19804639.73,1479446.0,00267309,False,False,False
568546,Kunín,1816,2723329.0,9331374.99,39763838.23,139428714.32,2723329.0,00600733,False,False,False
568554,Rybí,1261,1738759.0,5887906.5,26272333.81,44731327.81,1737809.0,00600741,False,False,False
568562,Heřmanice u Oder,359,1336205.0,3224295.03,13272550.3,16309050.3,1336205.0,00600750,False,False,False
568571,Heřmánky,188,342002.0,1434540.34,6775763.04,9455563.04,342002.0,00600768,False,False,False
568589,Mankovice,531,1359159.6,2536419.12,29256988.35,61276409.35,1329714.6,00600776,False,False,False
568597,Dolní Krupá,437,821515.0,1058035.61,7854330.31,18199530.31,821515.0,00267368,False,False,False
568601,Dolní Město,956,1825029.06,3336522.46,25460747.49,27700747.49,1808020.16,00267376,False,False,False
568619,Druhanov,159,314546.0,1077083.08,2021737.97,2021737.97,314546.0,00179591,False,False,False
568635,Golčův Jeníkov,2821,2369987.31,10062257.33,92462210.6,191388801.66,2351044.0,00267406,False,True,False
568643,Kateřinice,697,1293970.6,3581553.88,16266733.11,18356180.37,1274364.0,00600784,False,False,False
568651,Habry,1309,1839221.0,3813138.46,100402591.13,308880862.23,1839221.0,00267422,False,False,False
568660,Havlíčkova Borová,976,1583292.11,6780368.47,75327791.62,121533587.42,1521574.0,00267431,False,False,False
568678,Herálec,1152,1679797.53,6425942.72,45063728.07,45905728.07,1679797.53,00267457,False,False,False
568686,Mošnov,763,1826543.88,5579617.34,35832158.72,36551842.72,1789737.88,00600792,False,False,False
568694,Hněvkovice,669,1683188.0,28719307.05,38261715.58,44281715.58,1628534.0,00267473,False,False,False
568708,Horní Krupá,618,693216.0,1528780.5,25338087.93,44071087.93,693216.0,00267481,False,False,False
568716,Skotnice,878,1631252.0,3490129.63,21791017.75,22905778.5,1631252.0,00600806,False,False,False
568724,Hradec,293,771354.0,2856986.61,8310357.84,8310357.84,768806.0,00267503,False,False,False
568732,Ženklava,1163,2786665.0,3607262.92,29526706.88,50106036.53,2775065.0,00600831,False,False,False
568741,Albrechtičky,694,1506072.0,3843107.33,16959860.17,41469860.17,1506072.0,00600814,False,False,False
568759,Chotěboř,9092,4283656.0,80198194.3,435774483.6,1131428676.69,4283656.0,00267538,True,True,False
568767,Chrtníč,119,434025.0,3748572.68,5036695.79,7126695.79,434025.0,00267546,False,False,False
568775,Pustějov,993,2864792.0,6630714.39,22814392.51,30367045.85,2796242.0,00600822,False,False,False
568783,Jedlá,85,521723.0,918629.52,1911027.41,1911027.41,521723.0,00267562,False,False,False
568791,Soběšovice,964,1279454.0,5441592.81,41195903.45,41195903.45,1279454.0,00576981,False,False,False
568805,Jeřišno,273,813945.0,1389493.6,11397523.07,20699523.07,789034.0,00267571,False,False,False
568813,Pražmo,900,1731176.0,4169397.89,19445157.01,40785157.01,1731176.0,00576999,False,False,False
568821,Kámen,464,720864.0,2551849.62,15911838.1,17979761.1,717864.0,00267597,False,False,False
568830,Řepiště,1915,2944729.0,3804128.84,41114697.97,94454697.97,2932729.0,00577031,False,False,False
568848,Kamenná Lhota,277,422920.0,3549205.69,5779215.35,6539215.35,422920.0,00267619,False,False,False
568856,Klokočov,109,412100.0,1968481.06,3533273.02,3533273.02,412100.0,00267627,False,False,False
568864,Doubrava,1146,1607956.0,15961840.12,45239618.97,64918883.98,1582248.0,00562424,False,False,False
568872,Charváty,934,1574949.0,1406492.66,39123988.88,40417988.88,1574949.0,00635715,False,False,False
568881,Kojetín,174,268910.0,684839.61,7169209.42,7269209.42,268910.0,00267651,False,False,False
568899,Kozlov,229,585672.0,3648091.39,7097306.34,7161306.34,585672.0,00267660,False,False,False
568902,Kožlí,863,2122656.0,1839761.82,26002655.63,26202655.63,2122656.0,00267678,False,False,False
568911,Měrotín,276,998560.0,924958.57,5842058.6,6219058.6,993760.0,00635341,False,False,False
568929,Krásná Hora,508,1460575.0,2334489.68,16813075.75,24793075.75,1460575.0,00267694,False,False,False
568937,Krátká Ves,127,746409.0,359301.24,5853552.72,14318552.72,746409.0,00267708,False,False,False
568945,Krucemburk,1569,2867277.71,3954663.81,49289250.94,125736571.69,2653593.0,00267716,False,False,False
568953,Květinov,229,441804.0,7839698.36,11004407.41,11004407.41,441804.0,00267724,False,False,False
568961,Vilémov,436,1173957.0,1198072.23,11573844.48,11603339.48,1137377.0,00635316,False,False,False
568970,Kynice,104,365757.0,316755.7,10288576.24,15382576.24,365757.0,00267741,False,False,False
568988,Ledeč nad Sázavou,4749,3096611.0,35160469.43,204426069.76,510745520.26,3006371.0,00267759,False,True,False
568996,Leškovice,93,297530.0,983844.12,1951301.35,2451301.35,297530.0,00579947,False,False,False
569003,Liboš,621,1639051.15,2107889.69,25974112.98,67798181.7,1562125.36,00635758,False,False,False
569011,Leština u Světlé,553,1189749.92,6452774.63,28692977.54,41475250.54,1189749.92,00267783,False,False,False
569020,Libice nad Doubravou,858,1779833.0,3116855.65,25989190.01,26967190.01,1779833.0,00267791,False,False,False
569038,Lípa,1179,1689586.0,2614175.6,51918226.95,52453226.95,1660182.0,00267805,False,False,False
569046,Lipnice nad Sázavou,650,1924260.0,3220990.65,35612516.22,35612516.22,1923450.0,00267813,False,False,False
569054,Strukov,160,464763.0,1126292.76,3455161.03,4075161.03,464763.0,00635634,False,False,False
569062,Lučice,648,1795285.0,4989071.35,103963971.63,314167149.76,1789369.0,00267830,False,False,False
569071,Malčín,209,481080.0,10411368.3,13609505.56,13609505.56,481080.0,00267848,False,False,False
569089,Maleč,620,1671678.0,3230750.31,45017326.96,63397326.96,1589037.0,00267856,False,False,False
569097,Moravice,244,937248.0,5029263.74,9435181.06,13448931.06,937248.0,00635391,False,False,False
569101,Třebom,197,1405475.87,2048371.66,7477438.29,7477438.29,1332792.07,00635481,False,False,False
569119,Čavisov,507,1396211.97,1556188.8,8813758.35,9115758.35,1368764.97,00535141,False,False,False
569127,Modlíkov,160,425300.44,701685.32,5250135.42,5750135.42,413466.0,00579963,False,False,False
569135,Císařov,323,837657.0,1807221.23,7564230.5,8015505.75,837657.0,00636169,False,False,False
569143,Křenovice,452,1274338.0,1422216.47,13632050.41,14631050.41,1246577.0,00636304,False,False,False
569151,Nová Ves u Leštiny,120,277878.0,927901.21,2097295.31,3064022.31,277878.0,00267929,False,False,False
569160,Nová Ves u Chotěboře,555,1440847.0,4184995.18,17804940.37,20837440.37,1368229.0,00579980,False,False,False
569178,Bohuslávky,319,801428.0,1260083.51,10484022.3,11369022.3,801428.0,00636142,False,False,False
569186,Okrouhlice,1363,1287726.42,4972576.92,22140719.45,36512219.45,1287726.42,00267953,False,False,False
569194,Grymov,162,503580.0,562394.62,6881968.7,8231968.7,503580.0,00636231,False,False,False
569208,Olešenka,182,1131510.8,1347128.08,10066508.57,13286508.57,1131100.0,00267970,False,False,False
569216,Olešná,376,858132.0,939213.68,47721299.55,47871299.55,858132.0,00267988,False,False,False
569224,Oudoleň,363,689435.0,1743683.99,15311749.11,15701749.11,677435.0,00267996,False,False,False
569232,Ovesná Lhota,171,543473.63,821692.45,15174631.19,17793631.19,536167.0,00580015,False,False,False
569241,Pavlov,139,404312.0,8086302.02,22902066.72,22902066.72,404312.0,00268011,False,False,False
569259,Dolní Nětčice,260,915375.0,1502272.37,10582396.28,11340496.28,878807.0,00636207,False,False,False
569267,Hlinsko,226,627840.0,637463.88,15408276.34,30738276.34,627840.0,00636240,False,False,False
569275,Horní Nětčice,232,482652.0,925568.91,4663135.78,5048135.78,482652.0,00636258,False,False,False
569283,Kladníky,151,771197.0,1287065.92,3967297.24,4500297.24,771197.0,00636291,False,False,False
569291,Pohled,714,2398497.0,857738.52,14669150.82,15589150.82,2390450.0,00268062,False,False,False
569305,Chromeč,554,277887.0,2804439.27,17611415.88,17611415.88,277887.0,00636100,False,False,False
569313,Prosíčka,151,389206.0,248963.08,3613848.74,3645848.74,389206.0,00268089,False,False,False
569321,Přibyslav,4076,2624598.9,16923768.2,132687602.91,234650518.65,2615798.0,00268097,False,True,False
569330,Ostružná,188,1159768.4,2699253.69,28513130.98,79049046.98,1112458.4,00636096,False,False,False
569348,Příseka,434,1083765.71,919328.33,14948160.17,17222160.17,1049570.71,00268119,False,False,False
569356,Česká Ves,2303,3783328.3,11445895.97,181086086.09,342248689.91,3442968.0,00636037,False,False,False
569364,Radostín,144,504918.0,513915.92,5833963.93,5916963.93,504918.0,00580040,False,False,False
569372,Krchleby,170,631579.0,1284290.73,5309814.31,5309814.31,626532.0,00636029,False,False,False
569381,Mírov,353,1130519.0,3047462.01,10742736.33,11781736.33,1130519.0,00635995,False,False,False
569399,Rozsochatec,542,1173732.3,2531401.48,10774777.03,10774777.03,1146531.3,00268151,False,False,False
569402,Rušinov,161,802401.0,770757.01,8491390.52,13892361.22,793182.0,00268160,False,False,False
569411,Rybníček,76,369470.0,676775.1,1994523.94,4094523.94,369470.0,00268178,False,False,False
569429,Sázavka,322,836764.54,8396832.42,15261485.31,17148579.31,813565.0,00268186,False,False,False
569437,Bratrušov,630,1014703.0,3622539.86,11480012.85,12236512.85,989845.0,00635847,False,False,False
569445,Vikýřovice,2289,2678891.0,9090608.42,47125581.15,115926581.15,2678891.0,00635898,False,False,False
569453,Velké Kunětice,509,1178890.0,3018215.02,15050633.74,17392633.74,1177590.0,00635952,False,False,False
569461,Skryje,202,366527.0,472907.6,2905517.83,2935517.83,366527.0,00580074,False,False,False
569470,Skuhrov,320,644735.0,13333867.43,22952588.37,31299588.37,644735.0,00268232,False,False,False
569488,Slavíkov,316,792264.0,4218261.04,14352971.62,14352971.62,792264.0,00268241,False,False,False
569496,Podolí,308,864602.0,1073860.98,8277520.57,9319520.57,864602.0,00635791,False,False,False
569500,Horní Lhota,858,1821250.53,3461671.81,18854105.21,28817460.88,1801506.0,00535125,False,False,False
569518,Sobíňov,721,1204635.0,4829694.27,18716736.16,20301736.16,1175202.0,00268275,False,False,False
569526,Milotice nad Opavou,440,793020.0,3711965.34,20811800.98,35167650.98,793020.0,00846511,False,False,False
569534,Stříbrné Hory,238,635654.0,897126.78,12382214.63,13068814.63,635654.0,00580112,False,False,False
569542,Horní Újezd,424,1158958.5,1164511.01,11873959.3,14123959.3,1158958.5,00636274,False,False,False
569551,Nové Heřminovy,337,1786957.66,3395725.78,43961169.46,44251169.46,1778761.66,00846538,False,False,False
569569,Světlá nad Sázavou,6394,4156879.0,49459535.18,249207276.09,657309813.95,4156879.0,00268321,True,True,False
569577,Oborná,444,1496324.0,3266322.24,9480664.29,9763664.29,1491403.0,00846520,False,False,False
569585,Šlapanov,784,1399658.0,2834189.82,27600532.24,27600532.24,1399658.0,00268348,False,False,False
569593,Štoky,1975,2439527.0,11616879.59,81069337.9,95376412.9,2435513.0,00268356,False,False,False
569607,Býkov-Láryšov,168,1337748.31,1521809.92,4446853.35,12656853.35,1328048.31,00846546,False,False,False
569615,Tis,399,884713.0,3294612.28,31836843.4,34836843.4,883849.0,00268372,False,False,False
569623,Trpišovice,164,355368.0,2575604.16,5897402.24,5897402.24,355368.0,00268381,False,False,False
569631,Sviadnov,2229,3144130.0,4953851.13,133041214.8,138492214.8,3106130.0,00846872,False,False,False
569640,Uhelná Příbram,508,1262362.0,4074637.66,20707540.58,22377580.58,1262362.0,00268402,False,False,False
569658,Úsobí,704,1434223.96,6138133.25,22891877.63,23111877.63,1378516.96,00268411,False,False,False
569666,Hladké Životice,1038,1646286.0,2682326.84,59082769.27,79858652.77,1646286.0,00848468,False,False,False
569674,Vepříkov,337,980718.0,3384267.44,14456274.54,15881274.54,901292.0,00268437,False,False,False
569682,Veselý Žďár,607,1625145.0,1473675.73,15126485.26,21634721.26,1625145.0,00268445,False,False,False
569691,Věž,823,1226628.0,3162611.74,22025183.18,31533183.18,1226628.0,00268453,False,False,False
569704,Věžnice,527,1185769.35,903291.61,14379911.29,17964911.29,1185769.35,00268461,False,False,False
569712,Vilémov,975,1344649.15,3349560.06,28478230.48,66237625.48,1344649.15,00268470,False,False,False
569721,Vilémovice,267,598740.0,2120662.58,5478901.11,5782901.11,598740.0,00268488,False,False,False
569739,Vlkanov,50,340080.0,223854.1,3282916.46,4573416.46,340080.0,00580139,False,False,False
569747,Vrchy,225,364132.0,2096573.75,9822390.91,15743190.91,364132.0,00848514,False,False,False
569755,Trnávka,774,1730287.0,4324795.94,20224879.79,21170579.79,1730287.0,00848441,False,False,False
569771,Suchonice,180,451260.0,1415297.44,9743588.12,56418588.12,451260.0,44936362,False,False,False
569780,Ždírec nad Doubravou,3083,3796330.0,10387986.67,97182653.35,105519408.35,3777130.0,00268542,False,False,False
569798,Horní Loděnice,339,1546798.4,2824102.01,13936206.08,19253647.97,1527141.0,00849499,False,False,False
569801,Žižkovo Pole,397,1325228.0,3268493.75,12882758.37,14454415.87,1325228.0,00268569,False,False,False
569810,Hradec Králové,94311,19724852.17,511704522.75,3672845377.11,12185870975.53,14572457.38,00268810,True,True,False
569828,Babice,212,564757.0,772071.18,5617253.13,20190569.13,564757.0,45978484,False,False,False
569836,Barchov,289,725844.0,489747.71,6019470.13,8249470.13,714534.0,00268593,False,False,False
569844,Lužice,411,1088708.0,1466026.39,11633798.27,13033798.27,1088708.0,00849529,False,False,False
569852,Běleč nad Orlicí,418,1505106.0,1563913.69,15135689.0,20835689.0,1504283.0,00268615,False,False,False
569861,Benátky,122,479088.0,755112.94,3218352.23,3548352.23,479088.0,00653306,False,False,False
569879,Blešno,436,1240437.0,1094872.16,11153272.56,11173272.56,1225001.0,45978638,False,False,False
569887,Boharyně,599,1013783.0,2959638.98,18394872.65,19076872.65,1013783.0,00268640,False,False,False
569895,Dobroslavice,795,1718638.0,2251276.35,20937826.22,26602826.22,1718638.0,00849731,False,False,False
569909,Chvalíkovice,686,1931970.89,3463604.69,26489123.96,40734543.96,1931970.89,00849685,False,False,False
569917,Černilov,2469,3109260.0,8079627.79,65529888.17,171075637.17,3109260.0,00268674,False,False,False
569925,Černožice,1097,2173055.0,3732034.2,24461314.81,24461314.81,2140912.0,00268682,False,False,False
569933,Čistěves,191,404210.0,719165.07,9836673.07,11836673.07,394627.0,00268691,False,False,False
569941,Divec,272,787500.0,739604.17,5963222.47,9563222.47,787500.0,45978123,False,False,False
569950,Čermná ve Slezsku,389,554803.89,4119890.93,12129888.4,13353187.43,546123.0,00849707,False,False,False
569968,Dobřenice,569,1148947.0,3422322.9,16927221.8,17952221.8,1148947.0,00268721,False,False,False
569976,Dohalice,439,662364.0,743702.13,9531505.48,15991505.48,662364.0,00268739,False,False,False
569984,Dolní Přím,763,2002080.0,2174922.14,18906761.68,19231361.68,2002080.0,00268747,False,False,False
569992,Habřina,315,860097.0,1148205.75,6351904.46,6496904.46,860097.0,00268755,False,False,False
570001,Hlušice,742,739020.0,2358705.98,54262383.06,106784016.82,739020.0,00268763,False,False,False
570010,Hněvčeves,179,422335.0,539577.95,3722113.24,3772113.24,422335.0,00268771,False,False,False
570028,Holohlavy,910,1872978.61,2279788.53,16438459.85,47938459.85,1791429.61,00653446,False,False,False
570036,Větřkovice,779,1412208.0,2193919.18,25840126.97,28894366.97,1378076.0,00849740,False,False,False
570044,Hořiněves,713,1345237.29,2086348.79,27645536.65,49025536.65,1345237.29,00268801,False,False,False
570052,Hrádek,184,520884.0,582300.07,8644823.75,10521823.75,520884.0,00268828,False,False,False
570061,Špičky,268,1194209.55,2212066.21,7858761.94,11458761.94,1057281.0,00850705,False,False,False
570079,Týn nad Bečvou,854,2106663.04,6474730.01,32490722.79,48502422.39,1922907.04,00850641,False,False,False
570087,Humburky,408,727584.0,439413.11,8399110.98,11644110.98,727584.0,00268852,False,False,False
570095,Vyšehoří,277,804998.0,1064132.95,6812066.65,6812066.65,804998.0,00853101,False,False,False
570109,Chlumec nad Cidlinou,5609,3394730.2,22595897.54,206116846.97,221049384.14,3244565.0,00268861,False,True,False
570117,Šléglov,38,280323.0,610238.06,1539626.39,1557667.21,242323.0,00853097,False,False,False
570125,Chudeřice,271,564137.0,7239062.6,44964292.89,64224292.89,564137.0,00268887,False,False,False
570133,Jeníkovice,519,1235675.0,1653070.19,11549302.66,11833302.66,1235675.0,00653454,False,False,False
570141,Drozdov,355,1189194.58,6517130.29,13236782.57,13551782.57,1149063.58,00853151,False,False,False
570150,Káranice,216,688625.0,951199.75,4165840.07,4205840.07,688625.0,00268917,False,False,False
570168,Klamoš,398,1351128.0,1337556.91,42791645.12,61681645.12,1348976.0,00268925,False,False,False
570176,Kosice,345,1119504.0,1254943.63,22486551.22,24326551.22,1119504.0,00268933,False,False,False
570184,Kosičky,340,782968.0,1209628.86,7861226.96,7961226.96,716380.0,00268941,False,False,False
570192,Králíky,396,858048.0,1227925.53,24419943.86,51624006.38,858048.0,00268950,False,False,False
570206,Kratonohy,620,932033.05,1980628.46,21477174.72,34582174.72,884940.0,00268968,False,False,False
570214,Kunčice,387,791966.0,2206400.43,7775383.72,8039976.72,788388.0,00268976,False,False,False
570222,Lejšovka,219,543625.0,532500.36,2945578.24,3068092.13,543625.0,00653314,False,False,False
570231,Lhota pod Libčany,1030,1964947.38,4003377.41,46438758.73,67171675.95,1885389.0,00268992,False,False,False
570249,Libčany,931,1620684.07,2301536.88,31265756.31,47345756.31,1566335.0,00269000,False,False,False
570257,Libníkovice,181,546417.0,364894.6,3198102.36,3255752.36,546417.0,45978131,False,False,False
570265,Librantice,670,1019714.0,1464956.49,9643306.04,11038306.04,1019714.0,45978140,False,False,False
570273,Libřice,305,701539.0,987598.87,6281780.14,6281780.14,701539.0,00653322,False,False,False
570281,Stavenice,139,561906.0,1064390.04,3384876.81,3384876.81,561906.0,00853135,False,False,False
570290,Lišice,160,1076831.0,320459.52,14351147.0,22351147.0,1076831.0,00269042,False,False,False
570303,Lodín,428,1492050.52,3080231.63,30102043.17,32148480.41,1469209.0,00269051,False,False,False
570311,Lochenice,598,1360320.0,901394.69,24981176.01,34291176.01,1351805.0,00269069,False,False,False
570320,Lovčice,729,1999713.2,2063626.67,25122743.63,56200743.63,1934345.0,00269077,False,False,False
570338,Zborov,248,344199.0,1000999.85,4581781.95,10562781.95,337430.0,00853143,False,False,False
570346,Janová,764,1889677.0,3215515.47,36103569.94,59171041.94,1851080.0,00851841,False,False,False
570354,Lužany,127,340134.0,413781.14,3393088.58,4053088.58,340134.0,00653349,False,False,False
570362,Lužec nad Cidlinou,519,555220.0,2343714.01,20089064.03,26114837.03,555220.0,00653403,False,False,False
570371,Ústí,615,2009997.0,1945684.37,18132922.75,29789725.75,1978572.0,00851825,False,False,False
570397,Měník,651,1437737.29,1260993.95,21121973.82,23076973.82,1419577.29,00269131,False,False,False
570401,Mlékosrby,244,511542.0,906018.48,6926789.58,10926789.58,511542.0,00269140,False,False,False
570419,Mokrovousy,355,1290409.0,1042186.81,9887274.02,12451063.02,1290409.0,00269158,False,False,False
570427,Myštěves,203,538178.0,849322.11,6195800.53,6195800.53,538178.0,00269166,False,False,False
570435,Mžany,456,937659.0,10816621.16,15879484.2,15959484.2,937659.0,00269174,False,False,False
570443,Neděliště,373,499891.0,600015.65,19285272.69,19477972.69,499891.0,00653357,False,False,False
570451,Nechanice,2508,2616444.21,16122527.71,73616140.86,146209017.84,2597612.07,00269191,False,True,False
570478,Nepolisy,997,1684437.0,2625646.9,36391694.25,44682470.25,1666037.0,00269212,False,False,False
570494,Nové Město,415,1022364.0,1501105.37,16292022.19,19709376.39,1022364.0,00269239,False,False,False
570508,Nový Bydžov,7224,5813372.88,54168513.9,424587078.66,1132615290.3,5757289.0,00269247,True,True,False
570516,Ohnišťany,346,986717.0,730319.01,12092208.36,27117208.36,986717.0,00269255,False,False,False
570524,Olešnice,388,919793.2,821331.11,17649979.12,25764979.12,876162.2,00269263,False,False,False
570532,Osice,565,1375734.0,2558156.19,15286609.33,15557609.33,1375734.0,00653381,False,False,False
570541,Osičky,153,628444.8,564283.03,2549722.39,2549722.39,627688.0,00653390,False,False,False
570567,Petrovice,291,933912.0,924321.97,14422012.31,14572012.31,933912.0,00269301,False,False,False
570575,Písek,299,648049.47,434258.66,5445116.12,9625116.12,643840.75,00269310,False,False,False
570648,Prasek,626,628732.95,3194464.06,10348274.58,10348274.58,611190.0,00269344,False,False,False
570656,Praskačka,1149,2005763.0,2549348.13,50800163.4,71844313.4,2005763.0,00269352,False,False,False
570672,Předměřice nad Labem,1972,2543769.77,4395246.39,70598052.18,107198052.18,2537135.0,00269379,False,False,False
570681,Převýšov,352,1076973.0,1909464.33,11062707.57,11251158.73,1076973.0,00269387,False,False,False
570702,Račice nad Trotinou,148,550265.0,497173.99,3922376.05,8922376.05,550265.0,00653365,False,False,False
570711,Radíkovice,203,387812.2,757148.36,3838325.0,3914325.0,382129.0,45978786,False,False,False
570729,Radostov,138,495456.0,1019310.76,13468002.96,21418002.96,495456.0,45978671,False,False,False
570745,Roudnice,808,938940.0,1694476.69,12367276.91,12567276.91,938940.0,00269433,False,False,False
570753,Prodašice,85,360890.0,386806.19,2035577.3,2215577.3,360890.0,00509272,False,False,False
570761,Ujkovice,113,563002.2,566787.62,3865057.89,3925057.89,555687.0,00509264,False,False,False
570770,Loukov,207,572327.0,650038.78,3293364.78,3415364.78,572327.0,00509281,False,False,False
570788,Bradlec,1422,1896374.0,5630570.82,25509768.44,85733783.44,1887932.0,00508888,False,False,False
570796,Sendražice,430,832975.0,4154291.31,7840268.76,8040268.76,832975.0,00269484,False,False,False
570800,Skalice,667,1493550.52,1410108.63,12255468.88,18750468.88,1472715.0,00269492,False,False,False
570818,Dalovice,268,731707.0,621209.26,4591507.86,4684335.86,731707.0,00508896,False,False,False
570826,Kosmonosy,5247,2516051.3,20581384.53,207287011.22,426011526.87,2400236.72,00508870,False,False,False
570834,Skřivany,1153,2239307.98,11345236.64,40909337.82,90322842.82,2077703.0,00269514,False,False,False
570842,Vinec,263,526144.0,1184314.6,5967376.76,6177376.76,526144.0,00508900,False,False,False
570851,Sloupno,526,513133.0,913158.71,26680419.31,37350419.31,513133.0,00653411,False,False,False
570869,Smidary,1583,2589639.25,9924145.32,63006538.8,129613304.8,2589639.25,00269549,False,False,False
570877,Smiřice,3138,2306685.98,15184423.24,80891413.21,247000657.04,2107576.0,00269557,False,True,False
570885,Smržov,541,646452.35,2041673.96,10897445.91,19097445.91,637561.0,00269565,False,False,False
570893,Obrubce,245,351158.0,325636.21,16639583.23,36489583.23,351158.0,00509302,False,False,False
570907,Sovětice,238,1253727.0,644087.31,7945095.87,13945095.87,1250956.0,00269581,False,False,False
570915,Stará Voda,142,361950.0,1308577.53,2799216.93,3326729.93,357794.0,00269590,False,False,False
570923,Přepeře,117,497233.0,511929.88,4628196.16,6053196.16,497233.0,00509311,False,False,False
570931,Stěžery,2174,2340829.72,5094467.16,117570502.45,162915092.69,2311831.44,00269611,False,False,False
570940,Dolní Stakory,329,1374600.99,1244164.42,31329388.21,51314388.21,1357334.0,00509337,False,False,False
570958,Stračov,310,784277.44,6336944.99,9750628.98,23251628.98,742072.0,00269638,False,False,False
570966,Střezetice,377,682191.0,749040.87,6432309.52,12128331.72,682191.0,00269646,False,False,False
570974,Kolomuty,453,1037680.0,3937664.7,8996802.94,8996802.94,1037680.0,00509345,False,False,False
570982,Tuřice,516,1123786.0,1320539.54,13458120.62,13668120.62,1123786.0,00509353,False,False,False
570991,Ctiměřice,145,455530.0,788818.56,2298640.72,2447060.72,455530.0,00509361,False,False,False
571008,Syrovátka,463,1041189.0,1152526.15,24417657.91,36417657.91,1041189.0,00269671,False,False,False
571016,Šaplava,111,295980.0,320787.8,1478282.36,1478282.36,295980.0,00269689,False,False,False
571024,Těchlovice,365,908592.0,1992178.86,8734706.04,8856706.04,908592.0,00269697,False,False,False
571032,Pěčice,218,737796.0,1847116.04,8719093.97,9364093.97,737796.0,00509370,False,False,False
571041,Třebechovice pod Orebem,5869,3547739.24,38585420.9,201884839.32,436378760.67,3432343.0,00269719,False,True,False
571059,Třesovice,276,444072.0,1170663.93,4228886.1,4328886.1,444072.0,00269727,False,False,False
571067,Doubravička,159,439470.0,1739116.19,3114473.71,3264473.71,439470.0,00509388,False,False,False
571075,Kluky,73,212510.0,2346841.17,3850380.8,3880380.8,212510.0,00509400,False,False,False
571083,Vinary,471,1245785.88,1149519.99,31697669.01,51197669.01,1182524.0,00269751,False,False,False
571091,Všestary,1782,3487926.05,4931159.41,75388371.46,133132690.69,3381131.6,00269760,False,False,False
571105,Výrava,447,1214605.0,1091620.71,11270883.89,13500883.89,1207315.0,00653331,False,False,False
571113,Vysoká nad Labem,1822,1710097.0,3209793.29,36134272.18,78004272.18,1710097.0,00269786,False,False,False
571121,Niměřice,310,562647.0,2459311.86,8915910.04,9875910.04,562647.0,00509426,False,False,False
571130,Zachrašťany,262,998992.0,531434.32,7958013.36,20293513.36,998992.0,00653438,False,False,False
571148,Rokytovec,183,926998.21,578625.22,5043415.01,8778415.01,719495.0,00509434,False,False,False
571156,Nemyslovice,166,269360.0,833491.52,2677200.35,2999550.35,269360.0,00509451,False,False,False
571164,Chrudim,23564,6428885.57,208309444.91,836057154.54,1837989680.27,6316126.0,00270211,True,True,False
571172,Kobylnice,169,1149636.0,1766321.07,4965183.17,5895183.17,1149636.0,00509469,False,False,False
571181,Běstvina,570,996961.0,1249207.58,8811085.0,8811085.0,977761.0,00269841,False,False,False
571199,Bratřínov,206,1070892.8,994348.71,9604687.27,25149669.27,1063906.0,00639699,False,False,False
571202,Bojanov,643,1533743.49,2097218.3,25959676.71,35650636.98,1496334.49,00269867,False,False,False
571211,Klínec,826,2153057.0,2165487.63,30070196.27,49170196.27,2132853.0,00640719,False,False,False
571229,Bořice,193,499355.0,345377.29,9007591.44,11007591.44,475355.0,00269883,False,False,False
571237,Bousov,238,604442.0,298545.2,4616949.69,4616949.69,600372.0,00654655,False,False,False
571245,Bylany,485,1661817.0,1213406.08,26591133.75,28598133.75,1556421.0,00269905,False,False,False
571253,Ctětín,261,1048525.0,1016768.62,9140880.35,9375880.35,1009154.0,00269913,False,False,False
571261,Kytín,633,1697829.81,2927034.31,17784004.31,31716004.31,1697829.81,00640794,False,False,False
571270,Čankovice,454,1395935.0,1907946.64,14555668.49,15575668.49,1395935.0,00485969,False,False,False
571288,Zahořany,356,949366.74,1253178.66,6464304.38,6910804.38,949366.74,00640778,False,False,False
571296,České Lhotice,123,463136.05,542224.96,8564452.14,8926452.14,455978.0,00269956,False,False,False
571300,Dědová,125,736439.56,1082896.78,3336255.1,3377843.1,736289.56,00269964,False,False,False
571318,Roblín,250,553197.0,590863.49,22039130.84,39039130.84,553197.0,00640760,False,False,False
571326,Lichoceves,395,1846851.0,2437887.74,12207804.71,12532804.71,1846851.0,00640735,False,False,False
571334,Okoř,113,1070668.0,434883.78,3848411.73,7177411.73,1070668.0,00640751,False,False,False
571342,Svrkyně,322,704825.0,1391416.23,21748023.85,36188759.97,703812.0,00640743,False,False,False
571351,Úholičky,817,2096217.0,3238941.53,71694251.78,72400078.26,2067247.0,00640727,False,False,False
571377,Hamry,226,1462727.0,1445616.3,5234240.53,13034240.53,1462727.0,00270032,False,False,False
571385,Heřmanův Městec,4964,3717311.04,24964489.44,171626483.91,311641187.79,3677666.94,00270041,False,True,False
571393,Hlinsko,9563,3284714.0,80593016.44,382810042.24,792979062.13,3278714.0,00270059,True,True,False
571407,Hluboká,187,593712.0,1114545.52,5989273.66,8520273.66,593712.0,00654639,False,False,False
571415,Xaverov,57,305745.0,536527.17,1332677.75,1332677.75,305745.0,00473421,False,False,False
571423,Zichovec,208,440417.0,1101462.37,5248605.38,5338605.38,440417.0,00640468,False,False,False
571431,Vrbičany,211,523701.0,3295507.86,13493567.14,21102567.14,523701.0,00640476,False,False,False
571440,Holetín,800,1497744.0,3668174.87,32069062.48,32579631.48,1497744.0,00270105,False,False,False
571458,Honbice,172,656504.0,1739148.93,3848238.22,3848238.22,656504.0,00270113,False,False,False
571466,Horka,435,1082963.64,2657649.42,19330107.76,20840508.76,1082023.64,00270121,False,False,False
571474,Horní Bradlo,423,1092008.04,1036470.2,24207886.93,24394886.93,1063501.04,00270130,False,False,False
571482,Hošťalovice,142,334475.0,985978.71,4252140.1,8451140.1,334475.0,00270148,False,False,False
571491,Hrochův Týnec,2307,3449782.12,6820358.64,113547624.06,189398437.06,3332189.32,00270156,False,False,False
571504,Hroubovice,338,1094813.0,2557339.39,8384910.09,10035310.09,1094813.0,00270164,False,False,False
571512,Kutrovice,109,324559.0,480219.62,1539491.56,1539491.56,324559.0,00640506,False,False,False
571521,Neprobylice,159,327893.0,764626.14,4312573.61,4557573.61,327893.0,00640492,False,False,False
571539,Chrast,3150,3369615.73,23049840.57,188725030.2,302756811.2,3131014.23,00270199,False,True,False
571547,Chroustovice,1264,1755575.0,5542104.15,58659493.85,81534658.85,1755575.0,00270202,False,False,False
571555,Líský,111,548564.0,701759.6,2515210.89,2515210.89,548564.0,00640514,False,False,False
571563,Jenišovice,430,1410534.9,1829864.56,10391042.53,10391042.53,1321884.0,00270237,False,False,False
571571,Kameničky,782,1312643.65,5099250.52,30373295.35,33063295.35,1286378.65,00270245,False,False,False
571580,Kladno,232,941742.0,528241.04,7173638.67,7422587.67,931049.0,00270253,False,False,False
571598,Zájezd,142,423086.0,2117635.07,3770854.12,5060854.12,423086.0,00640531,False,False,False
571601,Libovice,383,1147230.0,836636.59,7130193.52,15380193.52,1147230.0,00640549,False,False,False
571610,Kočí,739,1180269.6,2060034.49,14853777.91,15335887.91,1171661.6,00270288,False,False,False
571628,Kostelec u Heřmanova Městce,390,411315.0,948284.26,13001857.27,13313948.85,411315.0,00654728,False,False,False
571636,Němčice,399,1073278.0,1362779.82,23850794.8,62470794.8,1073278.0,00665169,False,False,False
571644,Štíhlice,234,1313391.13,972581.54,6225368.39,6235954.39,1313391.13,00639745,False,False,False
571652,Krásné,149,1037104.0,669755.69,8820178.25,11150278.25,1033022.0,00270326,False,False,False
571661,Krouna,1395,1733596.06,3171012.53,37784442.97,106785442.97,1611884.0,00270334,False,False,False
571679,Oplany,115,627200.0,394678.18,2465660.17,2535660.17,523200.0,00639702,False,False,False
571687,Klášterní Skalice,131,713492.41,1254368.31,18328878.46,31575478.46,698833.0,00665126,False,False,False
571695,Leština,350,1388123.0,2168514.55,10374757.24,11394757.24,1374719.0,00270369,False,False,False
571709,Leštinka,171,429357.0,591142.05,3963600.91,4563600.91,428308.0,00270377,False,False,False
571717,Kšely,230,565431.0,796977.94,8239951.38,8239951.38,565431.0,00665142,False,False,False
571725,Libkov,86,415610.0,760693.58,4182069.22,4582069.22,415610.0,00270393,False,False,False
571733,Liboměřice,178,374702.0,802176.27,8413639.48,8603639.48,374702.0,00270407,False,False,False
571741,Třebonín,133,543250.0,425634.74,3113019.32,3113019.32,528000.0,00640107,False,False,False
571750,Lozice,166,506692.0,887545.07,6042041.53,10670099.49,500458.0,00270423,False,False,False
571768,Lukavice,933,1111675.07,3332292.77,104394555.0,163321555.0,1059065.07,00270431,False,False,False
571776,Luže,2604,1916047.0,9424782.38,86223580.58,103753580.58,1906099.0,00270440,False,False,False
571784,Libiš,2442,3476912.33,8496401.1,56469308.68,57599308.68,3357511.0,00662241,False,False,False
571792,Kozomín,500,1586491.0,4166852.05,20633184.92,22431802.22,1586491.0,00662283,False,False,False
571806,Nová Ves u Bakova,302,428771.0,1836939.38,7106844.93,7706844.93,428771.0,00508918,False,False,False
571814,Zdětín,640,1718680.0,4196288.44,12548323.98,17699323.98,1718680.0,00508926,False,False,False
571822,Míčov-Sušice,267,608009.02,889467.63,6646506.32,6741506.32,601076.0,00270491,False,False,False
571831,Miřetice,1313,1973128.0,4372128.88,33750384.18,38283814.18,1964228.0,00270504,False,False,False
571849,Chudíř,247,759849.0,1626033.42,15418514.79,16388514.79,759849.0,00509124,False,False,False
571857,Mladoňovice,330,1215530.0,962910.85,7269855.1,16449855.1,1215530.0,00270521,False,False,False
571865,Mukařov,212,1017310.0,579461.15,4595570.07,6692570.07,1017310.0,00509132,False,False,False
571873,Morašice,816,1959589.06,1728502.66,46738571.7,53648571.7,1905476.06,00270547,False,False,False
571881,Strážiště,130,658373.0,353078.3,3077886.21,3097886.21,636420.0,00509159,False,False,False
571890,Nabočany,128,647243.0,800221.21,2230832.96,2230832.96,647243.0,00270563,False,False,False
571903,Načešice,671,1269717.0,1390409.56,27045841.34,27852841.34,1265047.0,00270571,False,False,False
571911,Nasavrky,1693,2283781.0,15664063.8,61541747.17,76246703.94,2283781.0,00270580,False,True,False
571920,Nové Hrady,311,452569.0,3657333.06,8880547.42,9690520.42,432150.0,00270598,False,False,False
571938,Ptýrov,318,940132.0,882829.23,5450182.34,5759182.34,940132.0,00509183,False,False,False
571946,Branžež,280,464340.0,1351174.91,8180851.88,8341851.88,464340.0,00509205,False,False,False
571954,Sudovo Hlavno,517,1165433.95,575301.21,20909299.64,31035367.54,1147337.0,00509213,False,False,False
571962,Orel,803,1750381.88,1195906.11,11038745.14,46138906.02,1705294.88,00270636,False,False,False
571971,Kováň,158,510120.0,306558.69,1982513.71,2252513.71,510120.0,00509221,False,False,False
571989,Dobšín,298,1310458.0,2384222.94,9248879.05,10918879.05,1206100.0,00509299,False,False,False
571997,Neveklovice,77,524508.0,889108.74,2539169.95,2599169.95,524508.0,00509167,False,False,False
572004,Perálec,257,647840.55,974002.94,10273295.77,11069295.77,637858.0,00270661,False,False,False
572012,Kovanec,117,599713.17,445070.04,1903665.17,1961969.17,575761.0,00509396,False,False,False
572021,Vrátno,153,522682.77,1567910.74,6338822.8,7028072.8,522682.77,00509418,False,False,False
572039,Podhořany u Ronova,269,1233832.0,695732.56,15293783.96,15373783.96,1217005.0,00483877,False,False,False
572047,Kyje,88,271414.93,178186.99,2959075.71,8377175.71,269464.93,00578428,False,False,False
572063,Pokřikov,257,673620.0,1854983.61,10638152.35,10738152.35,673620.0,00270725,False,False,False
572071,Prachovice,1442,2986725.0,3698892.58,44639472.94,45492058.94,2925691.0,00270733,False,False,False
572080,Proseč,2124,2803394.0,10819041.34,87796256.41,103550552.41,2795662.0,00270741,False,False,False
572098,Prosetín,799,2013660.0,4001968.56,38818922.83,44293922.83,2013660.0,00270750,False,False,False
572101,Předhradí,400,1409132.0,2163062.77,25716120.65,27461120.65,1409132.0,00654621,False,False,False
572110,Přestavlky,201,1072896.0,899404.57,7697353.19,7697353.19,1067763.0,00486264,False,False,False
572128,Vrbice,155,411746.0,509585.79,2953928.67,3429928.67,411746.0,00578649,False,False,False
572136,Kozojedy,163,560665.0,518700.88,2705899.09,2705899.09,558059.0,00578410,False,False,False
572144,Sekeřice,116,291869.0,255903.52,4385914.87,4415914.87,284326.0,00578550,False,False,False
572152,Raná,375,1273808.0,1200458.05,9609385.93,9774985.93,1273808.0,00270814,False,False,False
572161,Ronov nad Doubravou,1668,2294828.47,5091581.44,56637026.53,64058041.53,2250263.01,00270822,False,False,False
572179,Rosice,1368,2114544.0,4466942.91,46748238.72,58207839.72,2114544.0,00270831,False,False,False
572187,Slavhostice,130,1022834.0,525552.01,4233885.71,4977585.71,1022834.0,00578568,False,False,False
572195,Želivsko,41,212510.0,520909.5,1776631.93,1776631.93,212510.0,00579670,False,False,False
572209,Řepníky,392,1616325.0,2006608.1,13768542.94,13768542.94,1595402.0,00270865,False,False,False
572217,Řestoky,473,773348.18,2820270.79,17606582.54,17606582.54,753176.12,00270873,False,False,False
572225,Seč,1848,1910683.0,11281018.11,81336592.98,81984791.98,1908835.0,00270881,False,False,False
572233,Řídký,58,397905.0,419327.07,1587366.98,1587366.98,395016.0,00579629,False,False,False
572241,Skuteč,5020,3787625.97,24782083.6,334844271.07,668051135.82,3694617.0,00270903,False,True,False
572250,Březinky,123,660728.0,545926.6,2752714.6,2762274.6,655797.0,00579432,False,False,False
572268,Slatiňany,4163,2553725.4,19770603.38,100512871.23,219938202.23,2443439.4,00270920,False,False,False
572276,Sobětuchy,1011,2825271.42,2561960.12,19165283.98,19342171.98,2797149.42,00270938,False,False,False
572284,Hartinkov,54,414633.0,477829.71,2196223.87,2497223.87,388033.0,00579505,False,False,False
572292,Vrážné,64,302087.0,1667620.71,4265922.32,7065922.32,302087.0,00579661,False,False,False
572306,Stradouň,179,1238796.0,1686209.59,4678220.06,5774220.06,1210864.0,00270962,False,False,False
572314,Střemošice,183,772342.76,588818.31,4967879.69,4967879.69,769464.0,00270971,False,False,False
572322,Studnice,452,1333558.0,856475.53,13675339.62,13775339.62,1333558.0,00270989,False,False,False
572331,Svídnice,420,758578.9,1381909.42,8288921.07,8418921.07,746596.0,00270997,False,False,False
572349,Svratouch,924,1547263.0,2122091.81,39601082.66,58730232.66,1539263.0,00271004,False,False,False
572357,Desná,371,1078454.0,1129608.03,10103542.56,10103542.56,1077554.0,00579483,False,False,False
572365,Horní Újezd,436,1104345.0,1131920.21,14003885.73,18878154.93,1100243.0,00579521,False,False,False
572373,Poříčí u Litomyšle,528,1141275.94,1327906.28,25735856.63,34075856.63,1088400.16,00579611,False,False,False
572381,Tisovec,350,668532.0,1435908.62,55739633.58,98870633.58,668532.0,00271047,False,False,False
572390,Trhová Kamenice,1016,1738566.0,3357685.19,36412274.55,101908508.05,1738566.0,00271055,False,False,False
572403,Trojovice,183,546420.0,772583.98,5144056.81,5164056.81,546420.0,00271063,False,False,False
572411,Třemošnice,3314,3177861.0,14140605.42,93311781.81,102782912.26,3138561.0,00271071,False,True,False
572420,Tuněchody,608,2039415.0,1228184.01,15102591.68,19592591.68,1981107.0,00271080,False,False,False
572438,Nová Ves u Jarošova,66,428330.0,290208.14,2330937.09,2562937.09,428330.0,00579599,False,False,False
572446,Úhřetice,492,1033386.0,1160055.45,65178322.86,70254714.26,1017303.0,00271101,False,False,False
572454,Vápenný Podol,291,744273.0,1255038.11,10968321.01,11313321.01,736080.0,00271110,False,False,False
572462,Včelákov,568,1235026.57,1624790.46,23607161.91,30527161.91,1177505.0,00271128,False,False,False
572471,Vejvanovice,297,792014.0,854435.8,20599169.85,28649169.85,792014.0,00271136,False,False,False
572489,Vinary,132,1086628.0,336535.58,3640438.52,3640438.52,1086628.0,00271144,False,False,False
572497,Vítanov,477,1394394.8,4381976.24,12300733.48,47636233.48,1392901.8,00271152,False,False,False
572501,Vojtěchov,392,1190635.12,720534.13,11678238.1,12100238.1,1176613.51,00271161,False,False,False
572519,Biskupice,472,1098349.0,1190446.66,15111215.09,15711215.09,1057341.0,00579467,False,False,False
572527,Vortová,231,899649.0,1437832.46,9808763.56,9808763.56,899649.0,00271187,False,False,False
572535,Vrbatův Kostelec,374,1282395.7,1108894.9,13235494.51,13970494.51,1282395.7,00271195,False,False,False
572543,Všeradov,137,660878.0,1108389.8,5267716.77,7042516.77,659773.0,00271209,False,False,False
572551,Vysočina,701,832111.0,2629579.02,25812807.47,31224664.87,832111.0,00271217,False,False,False
572560,Banín,295,754337.0,2953538.55,10714368.47,12116408.53,754337.0,00579441,False,False,False
572578,Zaječice,1040,2285885.0,4745619.01,34053264.63,38403264.63,2042690.0,00271233,False,False,False
572586,Bělá nad Svitavou,477,1469878.1,1578706.29,14125879.98,15335879.98,1468081.3,00579459,False,False,False
572594,Kukle,90,638011.0,630805.78,2014943.75,2014943.75,638011.0,00579572,False,False,False
572608,Nová Sídla,263,747294.32,430964.55,15827329.36,16777329.36,729247.0,00579581,False,False,False
572616,Tržek,159,460416.0,425705.79,10846356.7,13845756.7,460416.0,00579637,False,False,False
572624,Útěchov,353,673765.0,1632668.23,9392212.68,9392212.68,673765.0,00579653,False,False,False
572632,Borušov,170,603687.63,689593.03,6317400.7,6428378.7,593472.0,00579475,False,False,False
572641,Žumberk,284,669375.0,996355.73,8687434.38,8687434.38,669375.0,00271292,False,False,False
572659,Jičín,16101,6660074.0,166191559.73,739600905.66,1938009491.11,6544465.0,00271632,True,True,False
572667,Bašnice,218,667380.0,699234.46,3721765.62,3721765.62,667380.0,00271314,False,False,False
572675,Běchary,266,1370938.5,1075850.39,8996215.31,9126215.31,1370938.5,00271322,False,False,False
572683,Dětřichov u Moravské Třebové,183,427351.64,628809.96,11472677.59,14172677.59,420482.0,00579491,False,False,False
572691,Hradec nad Svitavou,1669,2325326.74,3133512.95,62095248.56,62095248.56,2159572.0,00579530,False,False,False
572705,Boháňka,265,493730.0,935621.92,10513053.87,10513053.87,493730.0,00271357,False,False,False
572713,Javorník,432,1544357.0,3075079.67,13448793.22,13448793.22,1544357.0,00579556,False,False,False
572721,Opatovec,736,1479311.0,3350026.06,17639700.3,17639700.3,1443342.0,00579602,False,False,False
572730,Chmelík,206,682304.0,1904776.5,22323803.39,35938803.39,673255.0,00579548,False,False,False
572748,Karle,427,1330217.87,2044350.13,24010934.43,24206297.43,1273404.87,00579564,False,False,False
572756,Tetín,154,567345.0,4822674.22,7068435.71,7568435.71,567345.0,00578622,False,False,False
572764,Chrtníky,113,487491.0,434774.47,3275177.99,5752177.99,487491.0,00580465,False,False,False
572772,Bystřice,363,704260.0,2442630.86,15370986.79,15370986.79,699360.0,00271420,False,False,False
572781,Cerekvice nad Bystřicí,787,1843311.0,2413734.66,25662952.47,55062952.47,1841109.0,00271438,False,False,False
572799,Časy,228,633826.0,1580528.63,7889358.39,10007769.39,633826.0,00580503,False,False,False
572802,Malé Výkleky,138,325414.0,683767.36,5556987.59,5899987.59,325414.0,00580511,False,False,False
572811,Češov,247,522626.0,292931.96,5123552.08,5308552.08,522626.0,00271462,False,False,False
572829,Dětenice,747,2091751.53,4151537.36,32870597.67,41590747.67,2072491.53,00271471,False,False,False
572837,Dobrá Voda u Hořic,610,1123516.9,898215.17,18871564.18,29357898.84,1102060.0,00271489,False,False,False
572845,Lány u Dašic,163,526783.0,565483.74,2560896.64,2560896.64,509693.0,00580520,False,False,False
572853,Pravy,118,489756.0,243123.23,2472535.5,6882535.5,489756.0,00580538,False,False,False
572861,Křičeň,311,1012533.0,573970.66,5025108.88,6585108.88,1012533.0,00580554,False,False,False
572870,Němčice,854,2245790.32,1523547.05,16197890.32,17667890.32,2171991.0,00580589,False,False,False
572888,Újezd u Sezemic,235,1145178.0,2607551.0,5659986.98,5659986.98,1145178.0,00580597,False,False,False
572896,Černá u Bohdanče,710,1731555.0,10082830.92,67476698.04,838554098.91,1678333.0,00580601,False,False,False
572900,Holín,637,1316400.13,1343717.55,8215905.59,12445305.59,1272168.96,00271543,False,False,False
572918,Holovousy,565,1103615.34,2702428.43,13703135.25,17338135.25,1103615.34,00271551,False,False,False
572926,Hořice,8476,5496830.5,68205076.07,445848589.11,936747467.76,5278125.0,00271560,True,True,False
572934,Stéblová,335,602772.0,691742.36,25960007.93,48820007.93,602772.0,00580619,False,False,False
572942,Plch,102,324471.0,357789.44,1652358.12,1735358.12,324471.0,00580627,False,False,False
572951,Podůlšany,152,486851.0,539972.51,3539126.47,4100526.47,486851.0,00580635,False,False,False
572969,Chomutice,597,1336800.0,2093683.44,31937562.19,31937562.19,1310760.0,00271594,False,False,False
572977,Dubany,330,1506473.0,899774.5,7955904.16,11490944.16,1506473.0,00580457,False,False,False
572985,Třebosice,257,716693.0,610949.35,12665677.88,13045677.88,716693.0,00580643,False,False,False
572993,Jeřice,397,490707.0,2215757.1,8663361.39,9963361.39,478191.0,00271624,False,False,False
573001,Jičíněves,661,1595681.0,2090656.08,23555866.52,23936366.52,1595681.0,00271641,False,False,False
573019,Holotín,59,512352.0,387382.69,3260805.66,4269805.66,512352.0,00580651,False,False,False
573027,Sovolusky,121,1164208.0,718829.58,3649150.83,3869150.83,1163208.0,00580660,False,False,False
573035,Morašice,96,510797.0,422671.21,3429359.68,3429359.68,507460.0,00580678,False,False,False
573043,Kněžnice,269,734056.0,619346.25,9751911.85,9791911.85,734056.0,00271683,False,False,False
573051,Konecchlumí,421,736995.0,1115173.58,6211595.03,13211595.03,736995.0,00271691,False,False,False
573060,Kopidlno,2157,2720146.58,14120782.14,87922766.26,109124275.26,2679756.58,00271705,False,True,False
573078,Neratov,171,648768.0,940123.36,6067750.44,6467750.44,648768.0,00580686,False,False,False
573086,Lískovice,241,434975.0,582123.4,3473297.8,7923297.8,432040.0,00578436,False,False,False
573094,Lázně Bělohrad,3674,3090524.0,24402749.3,111975266.26,374088659.31,2955782.0,00271730,False,True,False
573108,Libáň,1868,2287135.28,8003444.48,83318830.51,89208830.51,2280335.28,00271748,False,False,False
573116,Libošovice,524,1202940.0,1867930.53,9590352.64,9773290.64,1196940.0,00271756,False,False,False
573124,Libuň,817,1404696.73,1863610.1,90546161.72,267262620.72,1400616.73,00271764,False,False,False
573132,Starý Bydžov,440,935972.0,4205251.52,12882093.31,17542093.31,935972.0,00653420,False,False,False
573141,Lukavec u Hořic,332,981323.0,790073.78,7049278.93,7049278.93,981323.0,00271781,False,False,False
573159,Lužany,619,1498588.33,1107929.83,13872392.95,22226392.95,1474747.33,00271799,False,False,False
573167,Markvartice,518,1415371.76,1838522.39,27663439.78,41471965.1,1389105.76,00271802,False,False,False
573175,Miletín,958,1492846.16,3571513.43,30370667.65,40372562.73,1464462.07,00271811,False,False,False
573183,Zelenecká Lhota,183,508946.76,416315.36,3504756.26,3524756.26,498092.0,00271829,False,False,False
573191,Sadová,314,1083192.0,681135.13,5512990.48,5512990.48,1083192.0,00653373,False,False,False
573205,Mladějov,554,2053428.0,2402904.45,25736468.5,26904468.5,1963829.0,00271845,False,False,False
573213,Mlázovice,557,1134975.0,1234420.7,27215654.36,29786654.36,1100751.0,00271853,False,False,False
573221,Rohoznice,325,763590.0,1099497.76,10672533.28,12922533.28,758640.0,00578525,False,False,False
573230,Nemyčeves,348,1171861.0,1457663.27,10505852.39,10706238.69,1171861.0,00271870,False,False,False
573248,Nová Paka,8979,6833595.14,53456368.66,377038345.49,428397677.49,5337643.0,00271888,True,True,False
573256,Šárovcova Lhota,214,456177.0,1727254.99,5127996.38,5127996.38,456177.0,00578614,False,False,False
573264,Osek,233,555876.0,300411.56,3681427.16,3741427.16,555876.0,00578487,False,False,False
573272,Ostroměř,1324,2378501.0,2252258.15,33226047.2,33432949.2,2360249.0,00271900,False,False,False
573281,Ostružno,101,687255.0,1401732.47,23578010.61,23963010.61,687255.0,00578495,False,False,False
573299,Pecka,1311,2685391.22,3176213.95,46661566.53,58661566.53,2685391.22,00271926,False,False,False
573302,Svatojanský Újezd,95,392400.0,834215.66,4309782.58,5667199.41,392400.0,00578606,False,False,False
573311,Podhorní Újezd a Vojice,635,1334686.0,1349618.04,19448812.29,20358812.29,1328016.0,00271942,False,False,False
573329,Podhradí,491,1488267.28,1281607.39,43648393.41,44268393.41,1465360.12,00271951,False,False,False
573337,Dřevěnice,295,1187355.0,1268606.33,12048933.72,13828933.72,1187355.0,00578321,False,False,False
573345,Podůlší,249,550145.0,627928.55,5936985.42,5936985.42,550145.0,00271977,False,False,False
573353,Bukvice,174,675594.0,592122.56,38292085.41,63062085.41,673704.0,00578274,False,False,False
573361,Soběraz,93,370497.0,1162571.36,3727431.13,3727431.13,370497.0,00578576,False,False,False
573370,Radim,476,871128.0,1023041.24,11146046.52,16317542.52,871128.0,00272001,False,False,False
573388,Litoboř,109,253104.0,284747.96,1190186.81,40361286.81,253104.0,00654027,False,False,False
573400,Loučky,156,558434.0,569215.53,2465118.66,3477198.14,558434.0,00580830,False,False,False
573418,Martinice v Krkonoších,620,1240458.0,1535463.48,27699063.1,37699063.1,1240458.0,00580805,False,False,False
573426,Anenská Studánka,193,970033.0,1422214.53,6177909.95,11177909.95,967733.0,00580988,False,False,False
573434,Lhota,929,1556991.02,1118905.01,26041402.97,38551402.97,1532284.02,00568635,False,False,False
573442,Samšina,264,445513.0,1857798.94,5817226.73,5817226.73,445513.0,00272078,False,False,False
573451,Sběř,331,866345.0,1075132.58,4847018.88,13163215.14,866345.0,00272086,False,False,False
573469,Slatiny,542,923424.0,2319685.03,50906466.92,51329366.92,923424.0,00272094,False,False,False
573477,Sobčice,292,903635.0,3964740.55,9721226.78,9816226.78,903635.0,00272108,False,False,False
573485,Lesůňky,80,455131.0,338336.42,2346276.73,2346276.73,444619.0,00378046,False,False,False
573493,Sobotka,2400,3338746.59,10852872.37,104304908.38,191857286.9,3241078.84,00272124,False,True,False
573507,Stará Paka,2156,1720416.0,9551794.88,66056242.08,68285312.08,1680216.0,00272132,False,False,False
573515,Kunětice,438,874536.0,1621888.0,5071396.6,5071396.6,874536.0,00580571,False,False,False
573523,Staré Smrkovice,258,1198944.0,1651314.55,8088957.05,8088957.05,1167893.0,00035513,False,False,False
573531,Puchlovice,118,445693.0,309957.66,5182064.17,9182064.17,437090.0,45978794,False,False,False
573540,Střevač,279,1101016.0,4166409.57,14367510.28,15967510.28,1101016.0,00272175,False,False,False
573558,Boňkov,76,363590.0,692184.93,1823981.25,1823981.25,363590.0,00179680,False,False,False
573566,Bělá,224,742241.0,1256416.58,3621164.94,4050164.94,725754.0,00179612,False,False,False
573574,Chřenovice,146,725345.0,1371082.28,4947543.43,5352543.43,722213.0,00179639,False,False,False
573582,Víska,184,479264.0,3643742.53,7516240.61,8925478.34,479264.0,00179671,False,False,False
573591,Pohleď,74,269976.0,688125.04,2282670.0,2282670.0,269976.0,00179761,False,False,False
573604,Služátky,158,352466.0,292292.54,6169706.35,6379706.35,352466.0,00179779,False,False,False
573612,Třebnouševes,291,588775.0,1400916.52,6219049.74,6854049.74,576828.0,00272221,False,False,False
573621,Hvozdnice,329,497040.0,557528.14,8234887.23,8694887.23,497040.0,45978662,False,False,False
573639,Třtěnice,344,979729.0,1019322.02,9107802.1,9147802.1,979729.0,00272248,False,False,False
573647,Tuř,135,502230.0,828816.99,2884562.78,2884562.78,502230.0,00272256,False,False,False
573655,Úbislavice,481,1403062.0,25355959.89,33695529.2,34475529.2,1403062.0,00272264,False,False,False
573663,Údrnice,323,694348.0,1136878.22,7850384.32,9850384.32,678660.0,00170551,False,False,False
573671,Úhlejov,137,427280.0,840665.39,6756390.16,8462390.16,427280.0,00272281,False,False,False
573680,Újezd pod Troskami,358,854282.0,861415.97,16053239.82,16053239.82,854282.0,00272299,False,False,False
573698,Úlibice,337,1117647.0,1890850.83,8490909.91,8490909.91,1117647.0,00578631,False,False,False
573701,Valdice,1281,2249900.15,2721879.66,30649553.85,31202984.35,2240178.15,00272311,False,False,False
573710,Kobylice,259,745024.09,1135233.21,19951470.56,20965470.56,732864.0,44444371,False,False,False
573728,Veliš,194,712186.0,1071096.75,6295746.22,6295746.22,712186.0,00272337,False,False,False
573736,Vidochov,361,1199125.65,1199590.71,12866110.9,12866110.9,1168193.0,00272345,False,False,False
573744,Zdechovice,161,458017.0,671641.49,2755763.52,5973831.27,452568.0,44444362,False,False,False
573752,Vitiněves,332,917508.0,780301.7,13116995.64,30744995.64,917508.0,00272361,False,False,False
573761,Volanice,221,975656.0,318860.46,8782208.01,10922208.01,975656.0,00272370,False,False,False
573779,Máslojedy,219,677198.0,612910.45,6486216.88,12486216.88,677198.0,44444419,False,False,False
573787,Klešice,433,524173.49,1428858.16,6141778.32,6428778.32,516852.0,15054195,False,False,False
573795,Vršce,246,609309.0,1111321.33,8587308.68,8637308.68,609309.0,00272400,False,False,False
573809,Vysoké Veselí,883,1633147.0,3230855.87,27978157.86,46208157.86,1603020.0,00272418,False,False,False
573817,Smrček,138,400028.0,391649.76,2497135.81,2497135.81,400028.0,15054209,False,False,False
573825,Železnice,1405,1609558.0,2515893.82,54776585.53,67636585.53,1605958.0,00272426,False,False,False
573833,Žeretice,233,479342.0,1953586.9,8115375.89,8115375.89,479342.0,00272434,False,False,False
573841,Židovice,99,797323.0,389038.86,2357187.5,2357187.5,797323.0,00578673,False,False,False
573850,Žlunice,245,437378.0,990428.67,6377188.89,6975188.89,437378.0,00272451,False,False,False
573868,Náchod,19827,6127151.66,187751046.98,686942946.25,1612236570.18,6036177.0,00272868,True,True,False
573876,Zderaz,275,848460.0,1405491.84,22278928.86,22278928.86,848460.0,15054225,False,False,False
573884,Bezděkov nad Metují,626,1361251.0,3455072.86,23715869.78,33569869.78,1361251.0,00653691,False,False,False
573892,Bohuslavice,1027,1416817.61,4899664.83,28244147.29,30370147.29,1416817.61,00272493,False,False,False
573906,Borová,220,629405.0,1008691.74,7482460.39,7482460.39,629405.0,00654141,False,False,False
573914,Božanov,383,1231696.0,1559772.81,19700683.08,26696477.08,1155660.0,00272515,False,False,False
573922,Broumov,7108,4541930.0,84174546.62,463002239.73,1042561621.01,4541930.0,00272523,True,True,False
573931,Brzice,241,437501.0,2989288.21,11902480.58,11902480.58,437501.0,00654001,False,False,False
573949,Biskupice,76,237362.0,566002.0,1361403.02,1361403.02,237362.0,15054241,False,False,False
573957,Černčice,472,477017.07,1839060.09,26172404.68,35557404.68,474917.07,00272558,False,False,False
573965,Červený Kostelec,8262,4256837.0,32497550.7,359146679.42,479808079.57,4256837.0,00272566,False,True,False
573973,Česká Čermná,502,1098974.0,6876206.16,15616061.27,16426061.27,1098974.0,00272574,False,False,False
573981,Česká Metuje,306,930202.0,6054079.62,9750502.47,9752002.47,930202.0,00272582,False,False,False
573990,Česká Skalice,5020,3844071.2,29087154.81,188931020.45,635923212.51,3844071.2,00272591,False,True,False
574007,Kněžice,141,356390.0,1688639.91,4409328.9,4628828.9,356390.0,15054250,False,False,False
574015,Dolany,736,1385240.0,2880274.16,16354727.32,17723502.55,1385240.0,00272612,False,False,False
574023,Dolní Radechová,758,1414532.0,1262471.5,20207806.13,24847963.25,1396132.0,00272621,False,False,False
574031,Hejtmánkovice,582,1585490.77,3152327.83,27811269.51,27830905.55,1528902.77,00653594,False,False,False
574040,Heřmanice,425,1220928.0,1080004.1,9331301.25,19487327.67,1220928.0,00272647,False,False,False
574058,Heřmánkovice,477,1142447.09,8216843.11,17804399.5,29310792.53,1126909.09,00653616,False,False,False
574066,Horní Radechová,530,1125208.0,6553523.66,15654446.12,15654446.12,1125208.0,00272663,False,False,False
574074,Hořičky,581,967333.0,2162291.48,14280607.98,17780607.98,967333.0,00272671,False,False,False
574082,Hronov,6094,3904652.44,25784024.0,181018072.2,277918152.48,3682883.6,00272680,False,True,False
574091,Žlebské Chvalovice,142,287589.0,348879.25,3738391.22,3738391.22,280464.0,15054233,False,False,False
574104,Ostrov,181,653274.55,518206.4,5257050.13,5467050.13,626532.0,15054268,False,False,False
574112,Chvalkovice,809,1312547.0,2614407.69,22068103.01,22330103.01,1312547.0,00272710,False,False,False
574121,Jaroměř,12483,4908145.86,99940987.58,575900834.36,991376090.32,4627208.0,00272728,True,True,False
574139,Jasenná,731,1346664.58,1291411.65,24569753.4,32353753.4,1346340.58,00272736,False,False,False
574147,Jestřebí,170,443773.0,1049711.65,2382192.44,2523569.65,441168.0,00272744,False,False,False
574155,Jetřichov,437,1072007.0,1149781.45,21191247.73,48701247.73,1072007.0,00654116,False,False,False
574163,Hynčice,189,941145.0,1451867.94,5487770.95,12465044.84,926049.0,00190187,False,False,False
574171,Křinice,431,1273014.0,1359996.97,12275247.27,12410247.27,1273014.0,00653608,False,False,False
574180,Lhota pod Hořičkami,272,930459.0,1193312.97,11279692.79,11379692.79,930459.0,00653993,False,False,False
574198,Spojil,528,1341928.0,2700391.14,9085891.56,18146971.56,1339928.0,00190900,False,False,False
574201,Horka u Staré Paky,232,962573.0,1073163.61,7084337.06,7884337.06,958573.0,00854671,False,False,False
574210,Machov,1049,1815571.11,3940472.64,38015030.77,46594842.77,1795675.11,00272809,False,False,False
574228,Martínkovice,522,1366682.4,1356491.98,21685468.46,21685468.46,1313472.4,00272817,False,False,False
574236,Mezilečí,142,944484.0,495178.1,4767347.85,5167347.85,944484.0,00654019,False,False,False
574244,Mezilesí,245,466193.0,1354568.01,3648527.58,3648527.58,466193.0,00272833,False,False,False
574252,Meziměstí,2324,2943582.94,11309020.14,79125104.67,124067684.67,2781880.0,00272841,False,False,False
574261,Nahořany,619,694875.0,2523576.36,15673253.02,15823253.02,694875.0,00272850,False,False,False
574279,Nové Město nad Metují,9181,4127804.32,75668648.02,371262785.67,453105372.67,3904876.0,00272876,True,True,False
574287,Nový Hrádek,887,1582209.0,2358010.46,31464211.52,36464211.52,1493443.0,00272884,False,False,False
574295,Nový Ples,362,778584.0,6882497.5,11520277.19,11927277.19,778584.0,00272892,False,False,False
574309,Bezděčí u Trnávky,185,936571.0,725310.84,4408004.46,4578004.46,919628.0,00194514,False,False,False
574317,Otovice,327,1297542.69,908526.7,14166051.98,14646051.98,1297542.69,00272914,False,False,False
574325,Gruna,254,1032034.0,1237708.33,7141649.5,7641649.5,1032034.0,00194611,False,False,False
574333,Radkov,124,460188.74,303129.03,4348484.11,4468484.11,446340.0,00194646,False,False,False
574341,Police nad Metují,4131,3192213.83,19679968.67,141732701.27,238255595.97,3069246.0,00272949,False,True,False
574350,Provodov-Šonov,1193,1906615.0,3297609.14,27864476.09,33773476.09,1893797.0,00272957,False,False,False
574368,Přibyslav,200,375568.0,915355.63,2267621.27,7468007.26,375568.0,00272965,False,False,False
574376,Rasošky,702,1856657.0,937337.34,12399600.7,12745800.7,1837757.0,00272973,False,False,False
574384,Rožnov,388,1071955.0,853157.51,15441760.86,18941760.86,1068807.0,00272981,False,False,False
574392,Sázava,550,823228.26,1676329.03,30219539.07,52783755.85,697621.18,00853976,False,False,False
574406,Rychnovek,746,691873.0,2506559.64,20525564.8,29141443.8,682776.0,00273007,False,False,False
574422,Slatina nad Úpou,313,1550549.0,3233129.44,11938377.76,12763377.76,1490946.0,00273023,False,False,False
574431,Slavětín nad Metují,257,504887.0,1438799.83,4899684.78,5359684.78,501105.0,00273031,False,False,False
574449,Kosořín,199,787192.0,420121.33,5018113.36,5308113.36,787192.0,00854051,False,False,False
574457,Slavoňov,316,390513.0,484822.09,8871929.95,8946929.95,390513.0,00273058,False,False,False
574465,Stárkov,633,1376932.0,4634969.36,32053365.71,34242865.71,1376932.0,00273066,False,False,False
574481,Studnice,1167,1513519.0,5175517.94,57502765.23,70970899.23,1499208.0,00273082,False,False,False
574490,Suchý Důl,403,1206897.0,2229436.77,18194709.61,20088209.61,1177907.0,00653683,False,False,False
574511,Šonov,302,801310.0,2267295.88,13006077.52,13006077.52,735936.0,00273112,False,False,False
574538,Teplice nad Metují,1614,1794156.96,15345232.56,102048725.96,132789335.25,1768773.0,00273139,False,True,False
574546,Kramolna,1064,1551429.0,2763961.31,32012927.04,36522927.04,1512443.0,00273147,False,False,False
574554,Velichovky,774,1713641.0,1923029.54,22524131.38,22524131.38,1712779.0,00273155,False,False,False
574562,Velká Jesenice,740,1779966.71,2872363.27,16464532.61,17654532.61,1746268.71,00273163,False,False,False
574571,Velké Petrovice,419,735700.0,1257214.62,9031167.01,9031167.01,735700.0,00273171,False,False,False
574589,Velký Třebešov,333,761545.0,978379.2,10745278.56,20509510.29,745560.0,00273180,False,False,False
574597,Vilantice,202,1042156.0,414311.99,3242622.62,3467622.62,1042156.0,00580767,False,False,False
574601,Vlkov,374,804319.0,1668145.77,7814299.62,8075029.62,804319.0,00273198,False,False,False
574627,Vršovka,147,434256.0,972950.38,3644076.26,3644076.26,434256.0,00273210,False,False,False
574635,Vysoká Srbská,291,549048.0,1167632.22,6898942.57,7128942.57,549048.0,00273228,False,False,False
574643,Vysokov,529,603981.0,3209096.87,15540695.18,15540900.22,588600.0,00653497,False,False,False
574651,Zábrodí,591,903439.0,2030046.14,7872489.14,8442489.14,815940.0,00273244,False,False,False
574660,Zaloňov,445,1416213.0,3673056.68,12898992.2,12898992.2,1416213.0,00273252,False,False,False
574686,Žďár nad Metují,654,1714806.0,2209277.97,19161895.4,19161895.4,1672222.0,00273279,False,False,False
574694,Žďárky,584,1536234.33,1857383.86,22412123.41,44740123.41,1524124.33,00273287,False,False,False
574708,Žernov,322,864470.0,1054296.1,19158545.04,22358545.04,864470.0,00273295,False,False,False
574724,Barchov,340,1314508.0,615191.74,15218935.94,15319635.94,1314508.0,00273317,False,False,False
574741,Bezděkov,334,1345439.0,1126216.48,6900014.63,7371014.63,1317209.0,00273325,False,False,False
574767,Lázně Bohdaneč,3355,2046727.55,22961438.49,130018337.84,377018337.84,2046727.55,00273350,False,True,False
574783,Borek,277,708468.0,2424158.92,7229614.98,7504614.98,684468.0,00273376,False,False,False
574791,Brloh,225,486546.0,301737.37,5494210.16,5529210.16,483503.0,00273384,False,False,False
574805,Břehy,1133,2328791.0,5639729.15,28026402.85,29097402.85,2315991.0,00273392,False,False,False
574813,Bukovina nad Labem,246,671241.0,491729.17,4264290.56,4426490.56,630417.0,00273406,False,False,False
574821,Bukovina u Přelouče,86,316331.0,394589.17,3027064.96,3708280.96,316331.0,00273414,False,False,False
574830,Bukovka,408,1362768.0,836889.23,14156146.87,20522146.87,1340768.0,00273422,False,False,False
574848,Býšť,1669,1721160.0,5036836.0,44915877.75,76195877.75,1721160.0,00273431,False,False,False
574856,Čeperka,1192,2224439.0,4775417.56,28117349.85,47417349.85,2224439.0,00273449,False,False,False
574864,Čepí,472,1645685.0,2428619.91,14467332.54,30267332.54,1645685.0,00273457,False,False,False
574899,Dašice,2692,3339608.72,8929269.44,128402925.66,144573425.66,3008410.0,00273481,False,False,False
574902,Dolany,434,862860.0,2789658.73,13425572.78,39972572.78,862860.0,00273490,False,False,False
574911,Dolní Roveň,2123,2789357.0,8084921.14,47186091.18,66228530.18,2743657.0,00273503,False,False,False
574929,Dolní Ředice,1070,1975260.0,3154007.63,33359868.68,34662806.68,1937817.0,00273511,False,False,False
574953,Dříteč,655,1631177.0,5240111.34,18040170.18,18181170.18,1461329.0,00273546,False,False,False
574961,Hlavečník,285,680287.0,1877733.85,5257123.24,5657123.24,671132.0,00273554,False,False,False
574988,Holice,6761,4045950.42,56775920.57,267406578.01,361772103.21,3800563.0,00273571,True,True,False
574996,Horní Jelení,2119,3315449.0,6672083.68,75733500.5,89979363.3,3288185.0,00273589,False,False,False
575011,Horní Ředice,1071,1552812.0,4673575.95,25769828.39,51139828.39,1545564.0,00273601,False,False,False
575046,Hrobice,272,1048362.0,1722638.46,6606191.09,10071391.09,1002316.0,00273635,False,False,False
575054,Choltice,1243,1709933.73,6534189.27,72754707.11,92987369.11,1688939.73,00273643,False,False,False
575062,Choteč,357,502083.0,1069603.5,7471497.89,7471497.89,496434.0,00273651,False,False,False
575071,Chvaletice,2925,3126702.69,15201998.56,124706636.79,279268788.85,3007859.0,00273660,False,True,False
575089,Chvojenec,850,1623866.0,6453716.2,27146211.94,27906211.94,1623866.0,00273678,False,False,False
575097,Chýšť,204,741696.0,374722.56,4166598.74,8366798.74,741696.0,00273686,False,False,False
575101,Jankovice,350,891576.0,411993.54,22963529.2,31294529.2,891576.0,00273694,False,False,False
575119,Jaroslav,261,532764.0,696000.42,6937784.66,6972784.66,532764.0,00273708,False,False,False
575127,Jedousov,172,552025.0,425676.03,2863652.4,2953652.4,550034.0,00273716,False,False,False
575135,Jeníkovice,243,407784.0,537649.97,15301935.75,28201935.75,404853.0,00273724,False,False,False
575143,Jezbořice,406,916945.54,2770861.49,10166253.83,11162253.83,869951.0,00273732,False,False,False
575151,Kasalice,220,539532.0,541697.85,8512016.09,14592016.09,539532.0,00273741,False,False,False
575178,Kladruby nad Labem,637,1579805.97,3638977.97,16034594.17,16766594.17,1579805.97,00273767,False,False,False
575194,Kojice,443,945615.0,2186364.0,12888762.09,13888762.09,945615.0,00273783,False,False,False
575232,Kostěnice,580,1513919.0,1775764.77,17993620.19,36393820.19,1509491.0,00273821,False,False,False
575259,Labské Chrčice,316,1215903.0,572862.75,5511022.17,9511022.17,1207932.0,00273848,False,False,False
575305,Libišany,690,1211934.0,2446453.73,29311677.34,47166677.34,1211934.0,00273899,False,False,False
575313,Lipoltice,434,1303500.0,1055675.42,26667906.92,51865906.92,1303500.0,00273902,False,False,False
575330,Litošice,161,634380.0,557851.88,5042468.32,5437468.32,634380.0,00580562,False,False,False
575372,Mikulovice,1344,1929104.9,4515864.94,39430953.15,63173953.15,1831440.0,00273961,False,False,False
575381,Mokošín,174,547521.0,488981.94,2672505.21,2746505.21,537216.0,00273970,False,False,False
575399,Moravany,1873,2148029.05,3765814.76,69938458.9,264099913.9,2122625.0,00273988,False,False,False
575429,Opatovice nad Labem,2912,2083925.18,11566805.27,83036721.26,88286463.26,2083925.18,00274011,False,False,False
575437,Ostřešany,1126,1998887.88,5033955.25,24490460.65,24869710.65,1995741.88,00274020,False,False,False
575445,Ostřetín,896,1792519.0,2883431.37,31717283.46,32840653.46,1780644.0,00274038,False,False,False
575461,Poběžovice u Holic,312,732563.0,841039.24,5557465.52,5827465.52,706320.0,00274062,False,False,False
575470,Poběžovice u Přelouče,126,621003.0,323153.27,3109614.9,4549614.9,621003.0,00580473,False,False,False
575500,Přelouč,10203,5395021.0,66454246.89,345909189.13,702169466.5,5365851.0,00274101,True,True,False
575518,Přelovice,231,931607.0,906306.81,6888460.27,8388460.27,931607.0,00274119,False,False,False
575526,Přepychy,83,556570.0,200650.48,1878129.73,2003129.73,556570.0,00274127,False,False,False
575534,Ráby,589,1027793.0,1197807.81,39719778.56,40064778.56,1025801.0,00274135,False,False,False
575542,Radhošť,160,554067.0,749924.89,4607259.96,4607259.96,550067.0,00274143,False,False,False
575551,Rohovládova Bělá,683,1667313.99,2675077.23,21750885.12,72676885.12,1620232.0,00274151,False,False,False
575569,Rohoznice,266,731241.0,519892.59,3431741.4,4775741.4,725940.0,00274160,False,False,False
575577,Rokytno,955,1376535.0,2771476.74,22235312.24,28892896.24,1371784.0,00274178,False,False,False
575593,Rybitví,1486,2493365.97,11166842.09,32029053.41,83394710.0,2383994.0,00274194,False,False,False
575607,Řečany nad Labem,1414,2371285.0,4749649.72,42691605.5,44781728.5,2341841.0,00274208,False,False,False
575615,Selmice,142,1079260.0,506659.84,3486706.2,4878306.2,1079260.0,00274216,False,False,False
575623,Semín,630,1979734.0,2072637.93,12447530.8,12747530.8,1979734.0,00274224,False,False,False
575640,Sezemice,4451,5492991.64,19924101.35,118650628.45,379594901.83,4503359.0,00274241,False,False,False
575658,Slepotice,467,1130124.0,691100.19,35542010.76,82597010.76,1130124.0,00274259,False,False,False
575666,Sopřeč,309,852490.0,508297.42,5571515.07,5571515.07,852490.0,00274267,False,False,False
575682,Srch,1768,2345118.0,3918365.98,47917676.07,68771233.89,2268561.0,00274283,False,False,False
575704,Staré Hradiště,2161,3600492.0,6429129.7,41698680.24,54318680.24,3585492.0,00274305,False,False,False
575712,Staré Jesenčany,425,909342.0,1812312.85,43811477.19,77713477.19,909342.0,00274313,False,False,False
575721,Staré Ždánice,751,1318408.0,1789097.48,24743259.07,25083259.07,1299296.0,00274321,False,False,False
575739,Starý Mateřov,946,1909235.0,1240716.1,34792982.81,113195490.16,1909235.0,00274330,False,False,False
575755,Stojice,219,698385.0,644372.65,4112496.6,4202496.6,676890.0,00274356,False,False,False
575763,Strašov,356,1311786.0,3349799.18,79147340.49,329408040.49,1311786.0,00274364,False,False,False
575771,Svinčany,589,633835.0,837653.14,13248552.03,24199052.03,633835.0,00580481,False,False,False
575780,Svojšice,288,523200.0,487355.95,4053101.94,4147101.94,523200.0,00274381,False,False,False
575810,Tetov,167,1163042.0,550111.77,4500441.86,4742441.86,1163042.0,00580546,False,False,False
575828,Trusnov,219,554916.0,1045713.77,6684405.28,8924405.28,554916.0,00274429,False,False,False
575844,Turkovice,325,1411944.0,200816.84,8309569.45,8554569.45,1411944.0,00274445,False,False,False
575861,Týnišťko,160,436706.0,579480.81,3596758.47,5889058.47,431725.0,00274461,False,False,False
575879,Uhersko,412,998340.0,2415623.27,8589512.23,8641352.23,998340.0,00274470,False,False,False
575887,Úhřetická Lhota,342,597888.0,1660242.18,25032548.11,38927548.11,597888.0,00274488,False,False,False
575909,Újezd u Přelouče,232,761390.0,1365183.54,8660654.81,16790654.81,757062.0,00274500,False,False,False
575917,Urbanice,65,322769.0,301755.64,1900631.72,1982631.72,318894.0,00580490,False,False,False
575925,Valy,518,1429782.0,1944830.23,12500974.86,15481674.86,1414982.0,00274526,False,False,False
575933,Vápno,126,539069.0,440004.96,9674351.12,11934351.12,539069.0,00274534,False,False,False
575941,Veliny,500,925251.0,1539354.64,17992251.23,18392251.23,925251.0,00274542,False,False,False
575968,Veselí,407,1815344.14,913097.54,11750769.55,14614769.55,1747020.0,00274569,False,False,False
575984,Vlčí Habřina,327,1597027.0,649169.49,6043529.9,6643529.9,1571935.0,00274585,False,False,False
575992,Voleč,387,1004270.0,1112496.9,6099284.1,6787028.92,1004270.0,00274593,False,False,False
576000,Vysoké Chvojno,439,655610.0,1249105.41,7768642.43,8228324.43,655610.0,00274607,False,False,False
576018,Vyšehněvice,258,1264688.32,773741.19,5411922.3,8573922.3,1235316.0,00274615,False,False,False
576026,Zdechovice,693,1874895.0,6803660.36,30223579.67,30488771.67,1860361.0,00274623,False,False,False
576042,Žáravice,112,700236.0,335815.19,3751279.55,3761279.55,700236.0,00274640,False,False,False
576051,Živanice,1023,1483435.0,3735236.0,17584308.4,27996308.4,1446613.0,00274658,False,False,False
576069,Rychnov nad Kněžnou,11420,5311423.0,102670033.67,433486163.32,1044994307.29,5311423.0,00275336,True,True,False
576077,Albrechtice nad Orlicí,1014,1682332.0,4954761.58,31022340.09,74865866.81,1576332.0,00579106,False,False,False
576085,Bačetín,390,1408884.0,1369219.14,46594539.34,76357388.54,1398884.0,00274682,False,False,False
576093,Bartošovice v Orlických horách,223,1097324.0,2101998.39,18198734.28,21298734.28,1097324.0,00274691,False,False,False
576107,Bílý Újezd,796,1230361.1,1403752.31,17774946.35,17774946.35,1229368.0,00274704,False,False,False
576115,Bohdašín,204,599064.0,411539.83,68034052.47,116024052.47,599064.0,00274712,False,False,False
576123,Bolehošť,651,1243709.0,2660921.82,17489688.34,20825688.34,1199355.0,00274721,False,False,False
576131,Borohrádek,2062,2931136.42,7645912.99,59019057.92,125604988.08,2812340.0,00274739,False,False,False
576140,Borovnice,410,1111656.0,1150743.86,9030093.55,25530093.55,1111656.0,00274747,False,False,False
576166,Bystré,271,993760.0,916465.63,6813493.45,6988493.45,993760.0,00274763,False,False,False
576174,Byzhradec,203,702084.0,1203422.48,3177381.67,4237381.67,702084.0,00274771,False,False,False
576182,Častolovice,1686,2988757.29,5579847.3,67608341.99,93474000.3,2878317.07,00274780,False,False,False
576191,Čermná nad Orlicí,1085,1890049.0,5739619.35,56469893.28,79014893.28,1890049.0,00274798,False,False,False
576204,Černíkovice,816,1486042.73,1605013.5,25427276.3,48470294.3,1422411.51,00274801,False,False,False
576212,České Meziříčí,2027,2223120.0,6068750.79,56016971.25,101487862.25,2223120.0,00274810,False,False,False
576221,Čestice,574,1528965.0,3478873.0,12008727.04,15475848.04,1501167.0,00274828,False,False,False
576247,Deštné v Orlických horách,550,1235023.5,3226194.21,49600454.49,87593059.49,1235023.5,00274844,False,False,False
576263,Dobré,876,1768950.0,1431815.89,67111622.5,67111622.5,1768950.0,00274861,False,False,False
576271,Dobruška,6532,3761199.21,80628637.92,310594371.62,717539470.62,3720000.0,00274879,True,True,False
576280,Dobřany,129,514927.0,486749.49,3040760.75,3050760.75,498802.0,00274887,False,False,False
576301,Doudleby nad Orlicí,1787,2927250.0,5359179.39,45608186.5,94196361.69,2924303.0,00274909,False,False,False
576310,Chleny,205,344067.0,15412075.05,19154846.82,19154846.82,333528.0,00274917,False,False,False
576328,Janov,115,451260.0,318045.32,22569195.4,35939195.4,451260.0,00274925,False,False,False
576336,Javornice,1118,1625734.0,2465052.42,47384677.7,70139966.29,1602373.0,00274933,False,False,False
576352,Jílovice,301,1509230.0,897330.32,6465100.18,6698680.18,1490455.0,00579238,False,False,False
576361,Kostelec nad Orlicí,6252,4241767.0,74707824.92,304960328.93,687165485.16,4232367.0,00274968,True,True,False
576387,Kostelecké Horky,179,717693.05,817431.48,4371583.11,4371583.11,701544.0,00274984,False,False,False
576395,Kounov,238,1163877.0,750158.47,8183892.43,8227947.23,1163877.0,00274992,False,False,False
576409,Králova Lhota,262,482471.0,786517.77,3520061.18,3520061.18,482471.0,00275000,False,False,False
576425,Kvasiny,1658,2898211.81,6704719.13,92691086.56,159923819.56,2818421.0,00275026,False,False,False
576433,Ledce,346,907962.0,1095414.53,6808214.69,8808214.69,907962.0,00275034,False,False,False
576441,Lhoty u Potštejna,346,1024840.0,898436.93,33764989.4,34015360.4,1024840.0,00275042,False,False,False
576450,Liberk,678,1594573.41,2681816.19,32660638.31,60007113.31,1499635.26,00275051,False,False,False
576468,Lično,653,1412612.4,1554238.8,43820197.75,141153997.75,1397617.0,00275069,False,False,False
576476,Lípa nad Orlicí,634,1389257.91,2529310.5,18324153.93,18334153.93,1327072.0,00275077,False,False,False
576492,Lukavice,649,1304359.0,2041935.71,41075157.97,64981016.97,1280048.0,00579301,False,False,False
576506,Lupenice,272,938543.0,513723.49,4776650.61,5976650.61,938543.0,00579114,False,False,False
576522,Mokré,183,325306.91,1049209.56,5699035.48,5699035.48,277910.0,00579131,False,False,False
576549,Nová Ves,244,568211.0,1972871.41,19256050.33,28816050.33,568211.0,00579092,False,False,False
576557,Očelice,233,712860.0,789273.57,3250295.97,3875295.97,712860.0,00275158,False,False,False
576565,Ohnišov,510,1154709.0,951238.78,14687386.7,14887386.7,1142609.0,00275166,False,False,False
576573,Olešnice v Orlických horách,393,1131480.92,1809643.43,15271185.43,17129185.43,1131480.92,00275174,False,False,False
576581,Olešnice,482,1028379.0,1308980.01,9397195.95,10919695.95,1028379.0,00275182,False,False,False
576590,Opočno,3148,2209416.0,23733087.33,120122872.77,268408156.27,2169443.0,00275191,False,True,False
576603,Orlické Záhoří,205,1681822.0,4608107.13,30856946.95,37238946.95,1078780.0,00275204,False,False,False
576611,Osečnice,296,929672.0,910149.39,7637459.74,7867459.74,929672.0,00275212,False,False,False
576620,Pěčín,478,1084500.0,794374.98,16896592.08,22898092.08,1081805.0,00275221,False,False,False
576654,Podbřezí,593,1363773.4,1382178.87,14346876.75,14641876.75,1303861.0,00579319,False,False,False
576662,Pohoří,675,1629214.0,3927120.15,27173855.4,29473855.4,1629214.0,00275263,False,False,False
576671,Potštejn,987,1322989.0,7303263.77,38766884.03,60093318.54,1322989.0,00275271,False,False,False
576689,Přepychy,633,1361026.8,4458076.56,18004860.48,18004860.48,1303221.0,00275280,False,False,False
576701,Rokytnice v Orlických horách,2125,1757964.0,14369837.55,72020705.74,109982135.74,1715428.0,00275301,False,True,False
576727,Rybná nad Zdobnicí,398,1168994.0,997322.67,39777361.99,40251047.99,1132921.0,00275328,False,False,False
576735,Říčky v Orlických horách,118,423481.0,1384519.8,14265210.26,28469315.26,409185.0,00579149,False,False,False
576743,Sedloňov,210,1010378.0,1569782.15,10145969.28,10395969.28,1010378.0,00275352,False,False,False
576751,Semechnice,441,1224221.0,1423778.91,15430773.23,19944773.23,1183181.0,00275361,False,False,False
576778,Skuhrov nad Bělou,1126,1779124.0,7475819.29,38185025.37,39694525.37,1759982.0,00275387,False,False,False
576786,Slatina nad Zdobnicí,865,1335537.0,3148433.39,16948683.08,17792683.08,1335056.0,00275395,False,False,False
576794,Sněžné,142,1035350.0,1564702.92,17461613.75,26106613.75,991552.0,00579157,False,False,False
576808,Solnice,2376,2579408.0,11024905.87,85880325.68,87242185.68,2568408.0,00275417,False,False,False
576816,Synkov-Slemeno,476,1365338.0,1241531.04,49315396.51,63270276.21,1364298.0,00579289,False,False,False
576824,Trnov,763,1508152.0,1674328.69,16439617.62,16439617.62,1464222.0,00275433,False,False,False
576832,Třebešov,327,588085.0,1021671.01,6207294.97,21306677.18,584868.0,00579262,False,False,False
576841,Tutleky,332,728135.0,927548.38,4516651.59,53065401.59,706968.0,00579181,False,False,False
576859,Týniště nad Orlicí,6148,3470145.51,23884184.46,209565157.16,480598018.16,3303368.0,00275468,False,True,False
576875,Val,303,1139918.0,703337.57,7495149.22,7629149.22,1139918.0,00275484,False,False,False
576883,Vamberk,4568,2757718.0,22472456.95,139799003.85,252552745.37,2130758.0,00275492,False,True,False
576891,Voděrady,723,1270878.0,3497654.94,34617707.38,52057707.38,1270878.0,00275506,False,False,False
576921,Záměl,653,1282751.67,4057729.84,17180377.19,17280377.19,1257600.0,00275531,False,False,False
576930,Zdelov,263,356390.0,5271495.02,7703919.22,7703919.22,356390.0,00275549,False,False,False
576948,Zdobnice,185,1171324.0,2093004.37,12254225.08,12651225.08,1171324.0,00275557,False,False,False
576956,Žďár nad Orlicí,539,1286966.0,1506532.24,9168597.38,9168597.38,1258095.0,00275565,False,False,False
576964,Semily,8022,3672118.0,80840648.48,350622594.87,708111212.18,3570730.0,00276111,True,True,False
576972,Bělá,285,779556.0,1052229.8,11014795.58,11014795.58,779556.0,00275603,False,False,False
576981,Benecko,1129,1757569.0,2768726.37,36204086.19,54534086.19,1637569.0,00275581,False,False,False
576999,Benešov u Semil,864,1999206.83,1644549.02,34438701.1,34866375.1,1950456.83,00275590,False,False,False
577006,Bozkov,584,1484609.51,1765226.84,24413085.46,32718085.46,1410852.71,00275611,False,False,False
577014,Bradlecká Lhota,229,790473.0,352958.84,4071680.21,4071680.21,790473.0,00275620,False,False,False
577031,Bukovina u Čisté,215,323135.56,367639.53,3670484.49,3670484.49,319644.56,00275646,False,False,False
577049,Bystrá nad Jizerou,120,442752.0,675342.26,3129452.46,3132719.46,442752.0,00275654,False,False,False
577057,Čistá u Horek,593,1214307.0,1211781.3,23274639.46,43343639.46,1212530.0,00275662,False,False,False
577073,Háje nad Jizerou,667,1595348.0,1135541.5,17358979.93,18063979.93,1553214.0,00275689,False,False,False
577081,Harrachov,1388,3454787.41,10115272.23,102853783.7,192259333.7,3403450.0,00275697,False,False,False
577111,Holenice,98,303264.0,774516.03,1940123.62,1995123.62,303264.0,00275727,False,False,False
577120,Horní Branná,1854,1748981.0,3024918.91,60374261.06,69240261.06,1720790.0,00275735,False,False,False
577146,Hrubá Skála,617,1531013.33,1959444.72,18577069.63,18930576.63,1466115.73,00275751,False,False,False
577154,Chuchelna,990,1998579.0,4172616.92,23142342.3,38366995.3,1998579.0,00275760,False,False,False
577162,Jablonec nad Jizerou,1609,2983976.93,4638460.96,50680634.68,57705284.68,2906627.89,00275778,False,False,False
577171,Jesenný,512,1020280.0,865028.88,16446725.85,24666725.85,1020280.0,00275786,False,False,False
577189,Jestřabí v Krkonoších,251,1124377.0,3010517.06,9424585.27,9424585.27,1124377.0,00275794,False,False,False
577197,Jilemnice,5377,3806583.0,72159458.84,307564801.88,698900345.22,3794917.0,00275808,True,True,False
577201,Kacanovy,232,1338559.92,654723.83,5573636.39,5573636.39,1324354.92,00275816,False,False,False
577219,Karlovice,895,2099906.84,3907918.85,38071708.49,39756771.77,2064788.0,00275824,False,False,False
577227,Klokočí,209,576195.0,549522.9,4427939.53,6047939.53,576195.0,00580813,False,False,False
577235,Košťálov,1657,2160784.0,2206383.1,94203073.03,141076473.03,2160784.0,00275841,False,False,False
577243,Kruh,507,1279340.0,1144436.59,18272331.38,19672331.38,1279340.0,00275859,False,False,False
577294,Libštát,912,1682837.14,2363583.75,32129385.64,32129385.64,1645139.0,00275891,False,False,False
577308,Lomnice nad Popelkou,5626,3519088.15,22420773.16,190474875.57,414396070.57,3448429.0,00275905,False,True,False
577316,Mírová pod Kozákovem,1752,1826215.0,7499647.07,38572669.61,56740622.61,1826215.0,00275913,False,False,False
577324,Modřišice,433,968397.0,812899.42,4530142.94,11019142.94,968397.0,00275921,False,False,False
577332,Mříčná,582,948588.0,2305314.53,22093032.8,22093032.8,948588.0,00275930,False,False,False
577341,Nová Ves nad Popelkou,679,1629866.0,2573445.4,15664789.3,15934789.3,1574490.0,00275948,False,False,False
577359,Ohrazenice,1120,2019461.0,1639278.63,13774613.73,31051613.73,2019461.0,00275956,False,False,False
577367,Olešnice,235,585537.0,2751654.26,16136952.82,16136952.82,585537.0,00275964,False,False,False
577375,Levínská Olešnice,332,1213454.0,1215777.67,19049230.74,20249230.74,1185749.0,00854662,False,False,False
577391,Peřimov,283,514716.0,575206.95,4124530.25,4344530.25,514716.0,00275999,False,False,False
577405,Poniklá,1106,1847123.0,2049102.59,47823801.9,58807801.9,1816878.0,00276006,False,False,False
577413,Přepeře,1049,1977615.0,2322886.96,27659446.94,37759446.94,1977615.0,00276014,False,False,False
577421,Příkrý,239,498456.0,2722501.29,6228681.19,6228681.19,498456.0,00276022,False,False,False
577430,Radostná pod Kozákovem,438,821571.0,703319.51,11366178.61,14842678.61,821571.0,00276031,False,False,False
577448,Rakousy,101,412582.0,357258.99,1865248.23,1865248.23,403300.0,00276049,False,False,False
577456,Rokytnice nad Jizerou,2478,3756314.77,19887551.96,104274482.09,148437974.32,3661129.77,00276057,False,True,False
577464,Roprachtice,296,580045.0,1261846.68,10767486.18,10767486.18,580045.0,00276065,False,False,False
577472,Rovensko pod Troskami,1371,1415461.0,5655364.47,37665443.5,38365443.5,1388028.0,00276073,False,False,False
577481,Roztoky u Semil,113,362437.0,495111.06,2242611.75,2242611.75,362437.0,00276090,False,False,False
577499,Roztoky u Jilemnice,1095,1973662.0,2734275.54,35944148.59,71240088.23,1973662.0,00276081,False,False,False
577529,Slaná,674,1339523.0,2009755.58,18519143.92,22063289.92,1338708.0,00276138,False,False,False
577545,Stružinec,693,1464870.0,1714619.73,20834460.38,21224460.38,1464870.0,00276154,False,False,False
577553,Studenec,1826,3419224.0,6933398.52,57266254.87,59303254.87,3419224.0,00276162,False,False,False
577561,Svojek,182,881859.0,452061.81,7634971.59,20172975.16,881859.0,00276171,False,False,False
577570,Syřenov,234,902522.0,924207.72,4765277.02,4765277.02,902522.0,00276189,False,False,False
577596,Tatobity,615,1285751.8,1402643.61,19807023.35,31497023.35,1193620.0,00276197,False,False,False
577600,Troskovice,80,834567.6,1994403.03,4875756.38,4875756.38,834094.6,00276201,False,False,False
577626,Turnov,14577,6796318.88,94971618.75,703544320.12,1335030164.04,6380920.0,00276227,True,True,False
577642,Veselá,238,533664.0,353755.13,4899860.34,4949860.34,533664.0,00276243,False,False,False
577651,Víchová nad Jizerou,843,1756863.0,1411473.2,26139506.5,32339506.5,1756863.0,00276251,False,False,False
577669,Vítkovice,360,927564.0,2363965.99,26791889.42,39867989.42,927564.0,00276260,False,False,False
577677,Všeň,617,1474955.0,7155000.02,62441162.73,97966162.73,1474955.0,00276278,False,False,False
577685,Vyskeř,405,1293761.0,1277501.92,26633071.98,38559792.03,1293761.0,00276286,False,False,False
577693,Vysoké nad Jizerou,1278,3057128.0,3209544.06,69423907.92,80188171.92,3057128.0,00276294,False,False,False
577707,Záhoří,516,1378109.0,1774536.08,18351816.88,68198816.88,1378109.0,00276308,False,False,False
577723,Žernov,234,568931.0,5907209.82,8484091.04,8484091.04,555763.0,00580848,False,False,False
577731,Svitavy,16073,3655468.0,147722343.96,880466341.16,1892763980.75,3546837.0,00277444,True,True,False
577774,Benátky,403,534972.0,1860326.12,17329877.59,19629877.59,534972.0,00276375,False,False,False
577812,Bohuňov,124,493926.0,575991.65,7556506.8,16395290.06,493926.0,00276413,False,False,False
577821,Bohuňovice,111,824589.89,503245.24,3814409.74,3814409.74,734054.0,00276421,False,False,False
577839,Borová,1045,1851941.27,2908807.36,31125507.16,58981942.96,1811633.33,00276430,False,False,False
577863,Brněnec,1217,1944413.79,5145474.34,42824905.03,62857924.03,1910467.13,00276464,False,False,False
577871,Březina,324,1177922.0,1772889.61,11857088.55,12957088.55,1177922.0,00276472,False,False,False
577898,Březiny,140,343791.08,1327898.4,4616701.63,6017301.63,317302.28,00276499,False,False,False
577910,Budislav,515,1183313.29,1329957.14,19285456.55,23385813.13,1162229.0,00276511,False,False,False
577928,Bystré,1563,2111494.25,8476343.56,89772004.69,257363276.01,2062839.25,00276529,False,False,False
577936,Cerekvice nad Loučnou,883,1492199.0,1825421.61,45516351.07,62866351.07,1468270.0,00276537,False,False,False
577944,Čistá,1055,1749311.4,3474996.96,40335305.98,75451235.98,1716389.0,00276545,False,False,False
577961,Dětřichov,408,1203057.0,4419079.42,17182540.15,17182540.15,1174629.0,00276561,False,False,False
577979,Poustka,168,1021773.0,512304.5,5504885.47,6404885.47,1000300.0,00883611,False,False,False
577987,Dlouhá Loučka,564,1338440.88,2411492.36,17197017.37,25919017.37,1317585.08,00276588,False,False,False
577995,Dolní Újezd,1957,2745793.71,6028969.59,56603367.43,62053008.43,2662059.0,00276596,False,False,False
578002,Velký Luh,180,637033.0,353195.78,5352212.27,13237323.98,637033.0,00883603,False,False,False
578011,Chodov,131,475676.0,2630200.9,3947007.64,4087007.64,475676.0,00872059,False,False,False
578029,Vysoká Pec,349,921492.0,4908458.55,17701410.53,17701410.53,921492.0,00872083,False,False,False
578037,Hartmanice,259,506196.0,759198.84,12954379.33,16695815.33,506196.0,00276634,False,False,False
578045,Krásný Les,345,1329096.0,3211706.83,7981154.03,8081154.03,1281096.0,00872067,False,False,False
578053,Horky,148,330509.0,589398.8,2315427.28,4315427.28,330509.0,00579513,False,False,False
578061,Ostřetice,76,251774.0,446378.07,2292866.26,4592866.26,251774.0,43313841,False,False,False
578070,Lomec,124,323702.0,268061.71,2581651.86,2581651.86,323702.0,43313850,False,False,False
578088,Biřkov,132,532951.04,529854.83,3734730.22,6134730.22,513048.0,43313868,False,False,False
578096,Chornice,861,1978742.0,2524622.08,21654482.1,30354482.1,1978742.0,00276693,False,False,False
578100,Chotěnov,134,403240.0,364649.23,5371604.49,6411604.49,403240.0,00276707,False,False,False
578118,Chotovice,160,406800.0,791224.41,3365198.19,3445198.19,406800.0,00276715,False,False,False
578126,Chrastavec,239,434381.76,1737570.95,6589116.74,6589116.74,410358.0,00276723,False,False,False
578134,Janov,1006,1252845.0,3036019.01,37019494.26,58745792.44,1164301.0,00276731,False,False,False
578142,Janůvky,62,364713.41,301389.41,1956932.43,2116932.43,319305.0,00194549,False,False,False
578151,Jaroměřice,1182,1985570.0,2480273.6,41230388.86,45280388.86,1907863.0,00276758,False,False,False
578169,Jarošov,188,418520.0,1785589.92,8209138.04,8224138.04,418520.0,00276766,False,False,False
578177,Kovčín,83,293676.0,443693.67,2594633.76,2884088.76,293676.0,43313876,False,False,False
578185,Jedlová,1082,2377862.55,4041563.12,32691422.05,57478935.05,2279955.64,00276782,False,False,False
578193,Jevíčko,2822,3366436.88,15453208.86,141504662.47,295654868.47,2866733.0,00276791,False,True,False
578207,Kamenec u Poličky,597,1230727.78,1374273.19,15227965.55,34897165.55,1230727.78,00276804,False,False,False
578215,Kamenná Horka,357,1331176.8,3383575.65,20166590.16,20446590.16,1319570.99,00276812,False,False,False
578223,Nehodiv,86,226804.0,620956.52,2437596.02,5117596.02,226158.0,43313884,False,False,False
578231,Koclířov,726,1733157.0,5283356.46,49902806.91,67512806.91,1725008.0,00276839,False,False,False
578240,Hamry,117,478112.0,1575326.02,5800120.21,6109692.51,463644.0,43313809,False,False,False
578258,Korouhev,799,1744955.0,2018663.22,13043481.3,13428481.3,1734588.0,00276855,False,False,False
578266,Koruna,164,309106.84,1440386.77,2778293.52,3966293.52,287701.0,00276863,False,False,False
578274,Křenov,397,1218304.0,1461779.82,17011882.94,19311882.94,1159613.0,00276871,False,False,False
578282,Kunčina,1400,1565844.11,3488093.35,45918147.91,52034562.91,1454984.0,00276880,False,False,False
578291,Květná,428,1644638.49,1877893.99,12675528.45,18365548.45,1644638.49,00276898,False,False,False
578304,Lavičné,123,412596.0,490479.33,4112368.08,4312668.08,412596.0,00276901,False,False,False
578312,Zborovy,130,424840.0,794705.88,4287980.13,5007980.13,421090.0,43313825,False,False,False
578321,Újezd u Plánice,122,937672.0,906828.18,5428091.76,5518091.76,937672.0,43313817,False,False,False
578339,Linhartice,623,1410851.0,2148600.98,15651708.18,15651708.18,1372706.0,00276936,False,False,False
578347,Litomyšl,10448,3817416.0,97633208.01,438951649.92,1159412793.9,3817416.0,00276944,True,True,False
578355,Lubná,943,1691880.0,2290105.25,51350047.37,70604047.37,1655827.0,00276952,False,False,False
578363,Makov,344,859764.0,1584298.53,9793678.9,9913678.9,854752.0,00276961,False,False,False
578371,Malíkov,103,498651.72,3415446.82,5340495.43,10454495.43,497040.0,00194557,False,False,False
578380,Městečko Trnávka,1402,2478549.92,4418925.41,77889001.59,88427701.59,2388439.52,00276987,False,False,False
578398,Mikuleč,265,848496.0,2789720.04,7062576.84,11679576.84,848496.0,00276995,False,False,False
578401,Mladějov na Moravě,462,1057538.0,1478998.76,13180059.19,24980059.19,1032957.0,00277002,False,False,False
578410,Maňovice,47,309610.0,62652.9,1839056.21,2139056.21,309610.0,43313892,False,False,False
578428,Morašice,735,1531251.55,1517575.11,30976567.96,36576567.96,1483812.0,00277029,False,False,False
578436,Slatina,96,342411.0,734838.55,3772797.27,4200797.27,333408.0,43313906,False,False,False
578444,Moravská Třebová,9550,5430901.12,75367724.9,501824608.07,1824250108.07,5250992.0,00277037,True,True,False
578452,Nedvězí,188,696114.53,946874.85,5533175.98,9201575.98,696114.53,00277053,False,False,False
578461,Mezihoří,69,241286.0,164246.97,800810.36,820810.36,241286.0,43313833,False,False,False
578479,Oldřiš,667,1415639.58,1834585.49,19972514.31,20112514.31,1392277.58,00277070,False,False,False
578487,Opatov,1128,1648778.0,7010609.74,39707684.78,39707684.78,1647785.0,00277088,False,False,False
578495,Čímice,162,522075.28,1129248.41,4834728.01,5014728.01,522075.28,43313914,False,False,False
578509,Osík,1052,1740309.81,4950403.49,31160174.34,35136285.19,1699948.0,00277100,False,False,False
578517,Domoraz,53,325793.0,359678.18,1392490.2,1392490.2,325793.0,43313922,False,False,False
578525,Frymburk,107,501984.0,538045.36,11812104.3,14212104.3,501984.0,43313949,False,False,False
578533,Nezamyslice,199,488794.5,926237.45,5366014.2,5506014.2,476112.0,43313931,False,False,False
578541,Jarov,220,750033.0,996162.07,7190401.32,8299591.32,750033.0,44626738,False,False,False
578550,Pohledy,305,1620614.21,1896787.04,18863733.67,24053733.67,1619819.21,00277151,False,False,False
578568,Čmelíny,127,407090.0,707351.27,4356455.87,4356455.87,329019.0,44626754,False,False,False
578576,Polička,9051,5051654.06,63997023.33,612808172.8,1553639106.46,4515770.0,00277177,True,True,False
578584,Pomezí,1310,2204265.0,3042064.62,43638951.65,59161951.65,2196825.0,00277185,False,False,False
578592,Třebčice,115,448276.0,901915.5,2992192.46,3849392.46,448276.0,44626614,False,False,False
578606,Lhůta,215,756554.0,910503.97,7697318.33,9842318.33,756554.0,45331006,False,False,False
578614,Tojice,107,433641.0,421575.67,4245267.44,4275267.44,413767.0,46810161,False,False,False
578622,Příluka,169,1139064.0,641056.59,11382078.64,15384950.29,1139064.0,00277223,False,False,False
578631,Pustá Kamenice,311,1409165.99,1264717.99,7611706.28,7611706.28,1409165.99,00277231,False,False,False
578649,Pustá Rybná,163,1094234.0,531412.67,4840591.98,24640591.98,1094234.0,00277240,False,False,False
578657,Radiměř,1225,2232660.27,2930363.59,57352915.33,57421703.33,2118524.0,00277258,False,False,False
578665,Dražeň,170,346620.0,516953.96,6865492.01,7412492.01,346620.0,18246036,False,False,False
578673,Rohozná,625,1421185.0,1199314.84,20970122.63,21120122.63,1419835.0,00277274,False,False,False
578681,Rozhraní,307,1441197.0,1772195.31,9699917.37,9806917.37,1389205.0,00277282,False,False,False
578690,Rozstání,257,468290.03,767958.45,12833815.5,22014056.85,459744.0,00277291,False,False,False
578703,Rudná,137,630157.0,788733.72,4264736.2,8264736.2,611395.0,00277304,False,False,False
578711,Rychnov na Moravě,607,1376489.2,4541804.32,41366837.72,41911837.72,1329785.61,00277312,False,False,False
578720,Sádek,566,1389193.06,1328867.57,9492924.55,45689788.44,1357210.72,00277321,False,False,False
578738,Sebranice,972,1348845.0,2276679.59,21486349.34,31436349.34,1332541.0,00277339,False,False,False
578746,Sedliště,228,452630.0,414838.99,3603630.74,4248630.74,452630.0,00277347,False,False,False
578754,Sklené,238,381002.0,3090060.94,7648041.84,7648041.84,381002.0,00277355,False,False,False
578762,Slatina,162,1174674.0,1489305.96,24349219.75,76745219.75,1165760.0,00277363,False,False,False
578771,Kočín,116,671658.0,512571.39,2851947.02,2851947.02,671658.0,18246044,False,False,False
578789,Staré Město,1036,1714455.2,2360237.15,30173651.9,30173651.9,1698891.0,00277380,False,False,False
578797,Štichovice,119,412330.0,875786.6,6050525.13,17490525.13,374958.0,18246079,False,False,False
578801,Stašov,263,814740.0,669470.55,7062231.93,9838759.93,814740.0,00277401,False,False,False
578819,Strakov,266,1032367.78,1052276.96,6650590.28,7091190.28,1020690.0,00277410,False,False,False
578827,Zahrádka,167,1381681.0,2413468.76,8634647.84,8634647.84,1381681.0,18246109,False,False,False
578835,Suchá Lhota,80,442488.0,261558.05,4134786.24,5319786.24,423258.0,00277436,False,False,False
578843,Svojanov,355,512666.0,4095281.32,8793574.43,14348574.43,512666.0,00277452,False,False,False
578851,Široký Důl,389,1356142.0,1195445.84,11804263.3,20289263.3,1326281.0,00277461,False,False,False
578860,Študlov,111,566808.99,433369.74,3204004.23,3714004.23,518028.0,00277479,False,False,False
578878,Telecí,419,1192705.58,2277991.2,25107783.67,26000783.67,1188517.58,00277487,False,False,False
578886,Trpín,446,678245.84,2146240.22,15756482.87,15756482.87,675696.0,00277495,False,False,False
578894,Trstěnice,551,1113832.0,4803622.57,18646145.95,26201171.18,1113832.0,00277509,False,False,False
578908,Třebařov,916,1600304.2,1916969.73,19365635.63,19365635.63,1534905.0,00277517,False,False,False
578916,Újezdec,118,421141.0,424553.9,3246533.18,3246533.18,421141.0,00579645,False,False,False
578924,Velečín,65,327614.0,643897.86,3126125.81,3226125.81,327614.0,18246095,False,False,False
578932,Vendolí,994,1464288.5,2179750.89,40009372.75,64309372.75,1425440.0,00277541,False,False,False
578941,Vidlatá Seč,299,560187.76,1332728.22,8207160.4,8207160.4,536280.0,00277550,False,False,False
578959,Víska u Jevíčka,184,505981.0,777083.99,2788151.32,2788151.32,504323.0,00277568,False,False,False
578967,Vítějeves,437,1604457.69,1755527.03,16435206.59,19025206.59,1520457.69,00277576,False,False,False
578975,Vranová Lhota,436,1204919.51,1883432.84,10528458.51,10577725.51,1127793.0,00277584,False,False,False
578983,Tatiná,245,447288.0,1215940.34,4548042.09,4731042.09,447288.0,18246087,False,False,False
578991,Vysoká,39,306611.0,420157.94,1679706.49,1779706.49,306611.0,00277606,False,False,False
579009,Medový Újezd,278,1381105.0,3290258.61,14065611.39,14075611.39,1381105.0,18243622,False,False,False
579017,Kakejcov,109,298354.0,2169551.94,3249562.49,3634562.49,297518.0,18243649,False,False,False
579025,Trutnov,29607,7885744.65,177573908.43,1175684573.78,2423303462.91,7686224.42,00278360,True,True,False
579033,Kornatice,287,590113.6,806946.37,10390087.39,10831432.39,588600.0,18243631,False,False,False
579041,Batňovice,790,1429866.0,2366547.15,37316001.94,50285680.36,1429617.0,00277657,False,False,False
579050,Bernartice,900,2760764.02,3382092.6,35390917.11,40608714.97,2609596.41,00277665,False,False,False
579068,Bílá Třemešná,1366,2549766.0,2676648.31,38509920.84,47196610.53,2518357.0,00277673,False,False,False
579076,Bílé Poličany,167,792264.0,616243.55,4130629.23,5585629.23,792264.0,00581054,False,False,False
579084,Mešno,83,275038.0,517813.59,1894284.55,3913738.55,272038.0,18243673,False,False,False
579092,Borovnice,369,1039192.16,1744626.66,27009522.51,46079522.51,1039192.16,00580210,False,False,False
579106,Čermná,417,1135862.0,1951997.25,9352374.74,9662374.74,1134362.0,00277711,False,False,False
579114,Černý Důl,672,1794162.0,5187256.12,27605451.16,29926049.31,1794162.0,00277720,False,False,False
579122,Dolní Branná,1031,2043787.0,4857776.76,35946210.25,51831210.25,2031957.0,00277738,False,False,False
579131,Příkosice,420,1281378.0,485511.39,8545963.5,8763963.5,1281378.0,18243665,False,False,False
579149,Dolní Dvůr,255,1206511.0,2133297.65,21968269.57,169748269.57,1206511.0,00277754,False,False,False
579157,Dolní Kalná,691,1484584.0,2107060.09,30182193.06,44186420.06,1475900.0,00277762,False,False,False
579165,Dolní Lánov,824,1173072.61,7731723.74,36998480.18,43918480.18,1173072.61,00277771,False,False,False
579173,Dolní Olešnice,372,1137470.0,1306662.92,7791099.73,8161099.73,1137470.0,00580171,False,False,False
579181,Doubravice,388,1378854.0,1605437.31,6259026.48,14559026.48,1375557.0,00580759,False,False,False
579190,Dubenec,686,1895979.01,7316537.05,42133758.57,65746758.57,1829102.5,00277801,False,False,False
579203,Dvůr Králové nad Labem,15322,5310858.0,151985633.18,634273388.62,1333544754.76,5284386.0,00277819,True,True,False
579211,Hajnice,1082,1969788.0,4882375.39,49021201.56,94521201.56,1969788.0,00277827,False,False,False
579220,Havlovice,1012,1298415.0,3252164.02,44514044.81,52799044.81,1266780.0,00277835,False,False,False
579238,Horní Brusnice,447,1171434.69,1190878.29,8859031.16,8859031.16,1141297.69,00581038,False,False,False
579246,Trokavec,111,350965.0,3786094.96,5061266.3,5161266.3,346620.0,18244122,False,False,False
579254,Horní Kalná,373,1243913.0,852752.43,13479943.18,14299943.18,1243913.0,00580783,False,False,False
579262,Horní Maršov,925,1345485.0,7372595.45,37281753.52,43641673.1,1279915.0,00277878,False,False,False
579271,Horní Olešnice,307,1208686.0,1831768.12,10092389.05,12772389.05,1200725.0,00277886,False,False,False
579289,Vísky,64,306776.16,220052.73,1612261.99,1687261.99,298394.0,18244033,False,False,False
579297,Hostinné,4151,3148250.97,28737784.66,177483176.21,431674974.39,3057640.67,00277908,False,True,False
579301,Hřibojedy,234,731624.0,1315052.28,28257566.4,34329566.4,688800.0,00581011,False,False,False
579319,Chotěvice,1034,1785134.0,1741518.23,30096861.06,31496861.06,1704208.0,00277924,False,False,False
579327,Choustníkovo Hradiště,635,1408427.0,1444812.38,28290366.83,51470366.83,1404605.0,00277932,False,False,False
579335,Chvaleč,627,1410316.0,5447265.65,23481787.76,27711787.76,1410316.0,00277941,False,False,False
579343,Štítov,51,408710.0,528085.29,1220204.97,1220204.97,408710.0,18243657,False,False,False
579351,Janské Lázně,658,1159576.0,10682386.15,42610357.83,43827118.83,1110922.0,00277967,False,False,False
579360,Těšovice,269,1419176.0,832098.98,6411353.12,6426353.12,1419176.0,00670715,False,False,False
579378,Jívka,607,1155467.0,4498029.65,19303882.48,19853409.48,1155467.0,00277983,False,False,False
579386,Klášterská Lhota,237,1061615.0,1130232.05,5723048.56,6223048.56,1061615.0,00277991,False,False,False
579394,Kocbeře,519,1504538.92,1217272.65,18691057.47,26543057.47,1447876.92,00278009,False,False,False
579408,Kohoutov,304,1327582.0,1040539.63,23886123.24,40840853.8,1302028.0,00278017,False,False,False
579416,Kuks,256,1157260.0,1038041.56,12217848.78,12217848.78,1157260.0,00278025,False,False,False
579424,Kunčice nad Labem,588,1937141.0,2629783.14,17422414.11,17897414.11,1881727.0,00278033,False,False,False
579432,Lánov,1789,2018923.0,8385717.37,58068508.66,94997508.66,1932780.0,00278041,False,False,False
579441,Lanžov,217,1005748.0,998840.21,6355090.59,6824090.59,1000300.0,00580198,False,False,False
579459,Ctiboř,324,1154294.0,1058143.03,9473238.62,9568238.62,1121320.3,00868841,False,False,False
579467,Skapce,120,1043347.0,1895355.07,5279782.09,6179782.09,1018647.0,00868833,False,False,False
579475,Libňatov,415,1281608.5,1744974.9,12543285.37,12729644.71,1212117.0,00278084,False,False,False
579483,Libotov,172,594485.0,381379.49,4265039.33,4385039.33,440805.0,00578193,False,False,False
579491,Vranov,207,1010973.0,719585.22,5577095.1,5592595.1,1010973.0,00869007,False,False,False
579505,Malá Úpa,157,1094962.17,3345209.45,25678301.46,40177926.33,1064544.17,00656119,False,False,False
579513,Malé Svatoňovice,1596,1688810.39,3759755.3,48759108.08,64174574.18,1655240.39,00278114,False,False,False
579530,Maršov u Úpice,191,411186.0,853622.9,3301542.27,4213723.27,411186.0,00278131,False,False,False
579548,Mladé Buky,2287,1187553.65,10504423.81,64859216.92,65567450.92,1181153.65,00278149,False,False,False
579556,Mostek,1188,2539326.0,5047381.83,40446000.97,91451000.97,2539326.0,00278157,False,False,False
579564,Nemojov,834,1474250.89,1431871.74,18471111.82,18471111.82,1461763.0,00278165,False,False,False
579581,Pec pod Sněžkou,700,1977896.7,10161561.6,104714854.14,132714854.14,1935695.0,00278181,False,False,False
579599,Pilníkov,1218,2164587.0,2543041.79,49339398.69,65741755.69,2161587.0,00278190,False,False,False
579602,Prosečné,589,743362.0,2382325.43,8525983.91,9142703.71,739020.0,00278203,False,False,False
579629,Radvanice,951,1547127.29,3403068.24,34305944.65,34540357.65,1528359.29,00278220,False,False,False
579637,Rtyně v Podkrkonoší,2858,1879428.97,10547320.8,87265689.12,112850438.12,1765427.74,00278238,False,False,False
579645,Rudník,1989,2041316.72,16097566.14,72193491.93,126984212.33,2012671.72,00278246,False,False,False
579661,Staré Buky,668,1637626.0,6926011.09,15798576.51,15798576.51,1637626.0,00278262,False,False,False
579696,Strážné,223,1095795.22,2009836.81,11304015.75,23328215.75,1079900.0,00580180,False,False,False
579726,Suchovršice,368,1373821.0,1988817.44,11918077.36,14088077.36,1357927.0,00580775,False,False,False
579734,Svoboda nad Úpou,1951,1551529.0,26734926.27,68154096.16,98074889.73,1551529.0,00278335,False,True,False
579742,Špindlerův Mlýn,1136,3607575.2,25334731.78,172975032.46,371529987.28,3607575.2,00278343,False,False,False
579751,Trotina,95,313693.93,909083.99,2470914.99,2480914.99,298706.77,00278351,False,False,False
579769,Třebihošť,460,512321.0,1637538.41,21825026.73,22164559.93,512321.0,00278378,False,False,False
579777,Úpice,5448,3401035.0,24546153.36,182689442.91,516664284.77,3397285.0,00278386,False,True,False
579785,Velké Svatoňovice,1243,2868084.0,4377653.02,47110677.11,61090677.11,2811923.0,00278394,False,False,False
579793,Velký Vřešťov,256,1002333.82,1138123.5,7205407.31,13340407.31,1002333.82,00484776,False,False,False
579815,Vítězná,1499,2319223.0,7968528.35,44163783.1,51646149.1,2287423.0,00278432,False,False,False
579823,Vlčice,570,1246155.78,3062562.06,21643197.64,22206197.64,1231260.5,00278441,False,False,False
579831,Vlčkovice v Podkrkonoší,364,940864.4,1171136.47,12810788.36,17990788.36,938665.0,00278459,False,False,False
579858,Vrchlabí,12102,4380658.74,94356514.47,518332973.15,759498244.07,4331093.23,00278475,True,True,False
579866,Zlatá Olešnice,216,998228.22,1501926.43,14780199.94,22999199.94,998228.22,00278483,False,False,False
579874,Žacléř,3072,3712453.21,11866780.27,97580063.82,161747426.04,3694618.0,00278491,False,True,False
579891,Ústí nad Orlicí,14011,5202402.38,109987543.91,569031240.57,922609435.97,4886201.0,00279676,True,True,False
579947,Brandýs nad Orlicí,1300,1415750.1,4461739.84,39114689.14,41248544.14,1395108.0,00278564,False,False,False
579963,Bučina,253,840694.46,592225.27,11517663.33,12847663.33,833715.0,00278581,False,False,False
579971,Bystřec,1130,2061190.91,1625226.9,22019519.93,22019519.93,1991862.0,00278599,False,False,False
579980,Cotkytle,382,914782.0,2825735.14,13946822.66,24111820.66,914782.0,00278602,False,False,False
579998,Čenkovice,186,1022465.0,1065763.46,8028079.8,8028079.8,984178.0,00278611,False,False,False
580015,Červená Voda,2954,2017579.98,22046814.74,202795613.01,279210930.21,2011804.98,00278637,False,False,False
580023,Česká Rybná,378,1105583.0,1922326.66,12010265.31,13510265.31,1061285.0,00278645,False,False,False
580031,Česká Třebová,15010,4791502.3,81100198.77,672781906.03,1872791014.15,4739949.0,00278653,True,True,False
580040,České Heřmanice,611,1323080.21,1385838.76,17680936.78,21080936.78,1286379.21,00278661,False,False,False
580058,České Libchavy,657,1830082.0,2753330.12,21914139.32,142915942.32,1820624.0,00278670,False,False,False
580066,České Petrovice,152,560292.0,674580.39,7451719.55,8452719.55,523408.0,00485659,False,False,False
580074,Damníkov,699,1387415.26,2628179.9,28996956.57,33229633.95,1264935.63,00278696,False,False,False
580091,Dobříkov,580,933532.0,1381491.31,27735230.13,39781536.13,933532.0,00278718,False,False,False
580112,Dolní Čermná,1352,2377941.5,7172820.45,48694185.42,67338277.52,2377941.5,00278734,False,False,False
580121,Dolní Dobrouč,2597,2037452.0,10751564.66,100524050.85,218706786.85,2037452.0,00278742,False,False,False
580147,Libchavy,1810,2086803.0,8210177.54,51075754.18,63327427.18,2039432.0,00038113,False,False,False
580163,Dolní Morava,409,1425791.53,3190564.08,48493255.03,48493255.03,1420753.0,00580911,False,False,False
580210,Džbánov,373,717420.0,1185442.85,5753438.44,55754442.44,717420.0,00580961,False,False,False
580228,Hejnice,215,398159.0,435942.84,5436127.82,5715838.22,377907.0,00278831,False,False,False
580261,Hnátnice,814,1447815.0,2380030.49,16931020.01,17016619.01,1444709.0,00278874,False,False,False
580279,Horní Čermná,986,1691665.63,5258563.82,42044817.03,58226569.03,1634400.73,00278882,False,False,False
580295,Horní Heřmanice,452,1212343.88,1389852.12,18128194.7,18678194.7,1194488.88,00278904,False,False,False
580325,Sloupnice,1845,1950339.0,6447735.56,140553595.58,166259465.58,1950339.0,00038130,False,False,False
580333,Horní Třešňovec,641,1396521.33,1856723.03,12345906.71,151402386.19,1352787.33,00278939,False,False,False
580341,Hrušová,406,876769.0,1192990.56,13323383.89,16323383.89,870768.0,00854034,False,False,False
580350,Choceň,8641,4119879.79,38170774.64,313442893.1,378524477.1,4075376.0,00278955,False,True,False
580376,Jablonné nad Orlicí,3078,2608057.9,25456695.69,154130183.53,193130183.53,2366311.0,00278963,False,True,False
580392,Jamné nad Orlicí,722,1418736.0,2659133.98,28086623.14,28136623.14,1386671.0,00278980,False,False,False
580406,Javorník,245,690081.0,662817.53,4485989.02,4485989.02,690081.0,00278998,False,False,False
580414,Jehnědí,334,560415.0,1018999.56,10314317.97,10569317.97,560415.0,00279005,False,False,False
580422,Kameničná,340,1115731.0,561528.56,9612238.16,9612238.16,1094439.0,00279013,False,False,False
580431,Klášterec nad Orlicí,923,1795199.32,4811227.98,35196879.24,46715742.59,1789104.0,00279021,False,False,False
580465,Koldín,366,859900.0,2494611.23,7216545.96,7416545.96,855564.0,00279056,False,False,False
580481,Králíky,4097,3263754.33,44026791.91,241776916.41,393075157.07,2956331.0,00279072,True,True,False
580490,Krasíkov,300,1182182.0,1602553.56,12614813.5,13114813.5,1150566.0,00485535,False,False,False
580503,Kunvald,938,1532378.47,1562646.74,29601504.43,29901504.43,1518018.47,00279099,False,False,False
580511,Lanškroun,9776,5919231.93,65867472.33,372703282.09,608986304.22,5431050.05,00279102,True,True,False
580538,Letohrad,6407,3274068.13,33545455.69,204362352.53,498170768.03,3118069.0,00279129,False,True,False
580562,Libecina,203,535572.0,1186858.46,6747154.35,6747154.35,535572.0,00279153,False,False,False
580571,Lichkov,472,1340987.0,1371323.84,13473072.2,15177782.2,1331682.0,00279161,False,False,False
580589,Líšnice,784,1475808.0,4027847.64,28190913.51,50307665.33,1428090.0,00279170,False,False,False
580619,Lubník,374,1310714.0,1083006.79,16538743.43,18538743.43,1299059.0,00279196,False,False,False
580627,Lukavice,1220,1831741.0,3516490.18,48591252.36,49241252.36,1831741.0,00279200,False,False,False
580635,Luková,757,1484007.49,2683275.42,23009327.3,24850089.3,1354264.97,00279218,False,False,False
580643,Mistrovice,641,1483923.0,3926776.63,18833409.59,22636025.59,1397562.0,00279226,False,False,False
580651,Mladkov,542,1262323.0,4584693.48,21351117.38,23151117.38,1251173.0,00279234,False,False,False
580660,Mostek,275,546132.0,690161.53,6566115.0,9066115.0,535892.0,00279242,False,False,False
580678,Nasavrky,143,387937.0,741234.28,2077300.26,2077300.26,387937.0,00854000,False,False,False
580686,Nekoř,980,1422191.0,2255941.28,18352515.4,18396176.4,1413291.0,00279269,False,False,False
580694,Němčice,1031,1709333.0,6293333.08,57669615.82,57790794.82,1670980.0,00279277,False,False,False
580708,Svatý Jiří,292,640987.0,401677.36,5812320.06,22884320.06,640987.0,00279285,False,False,False
580716,Orlické Podhůří,687,1529279.0,1818903.83,56644096.26,84584096.26,1499863.0,00279293,False,False,False
580724,Orličky,275,554531.0,918572.09,6936187.68,11626187.68,486611.0,00279307,False,False,False
580732,Ostrov,717,1616014.36,2986835.64,40669162.81,40921162.81,1598544.36,00279315,False,False,False
580741,Oucmanice,249,1061162.64,726019.22,5719905.9,6180525.9,1046799.0,00401269,False,False,False
580759,Pastviny,391,1179085.0,1036032.72,11541260.24,33724137.97,1107293.0,00279331,False,False,False
580767,Petrovice,262,1141041.2,1117770.6,8518453.36,9518453.36,1125208.0,00279340,False,False,False
580775,Písečná,585,1486863.0,3101922.89,21369918.85,24647805.68,1463743.0,00279358,False,False,False
580783,Plchovice,72,397515.0,300640.39,2914027.44,3714027.44,397515.0,00853992,False,False,False
580805,Podlesí,270,737148.0,947102.87,5976053.61,6086053.61,737148.0,00279382,False,False,False
580821,Přívrat,362,576528.0,1307562.49,9339889.1,12025389.1,576528.0,00853984,False,False,False
580830,Pustina,63,388765.0,359657.79,2015727.83,2015727.83,388765.0,00279412,False,False,False
580848,Rudoltice,1960,3194664.0,8434830.59,48808024.03,49275494.03,3193195.0,00279421,False,False,False
580872,Řetová,695,1249116.0,1806553.96,14932379.42,20892043.42,1214446.0,00279447,False,False,False
580881,Řetůvka,282,487242.0,801773.36,6935875.37,6935875.37,487242.0,00580937,False,False,False
580902,Seč,157,534454.0,586279.33,7867283.09,7867283.09,534454.0,00279471,False,False,False
580929,Skořenice,410,1212768.0,782965.02,9319672.5,9319672.5,1204270.0,00279498,False,False,False
580945,Slatina,465,1512374.6,1375332.77,7983797.0,7983797.0,1475899.0,00279510,False,False,False
580961,Sopotnice,938,1607762.0,3764246.75,30330289.13,36330289.13,1607443.0,00279536,False,False,False
580970,Sruby,597,1217922.17,3920349.18,16133336.08,30343472.38,1183154.17,00279544,False,False,False
580988,Strážná,106,370546.0,653560.07,4818730.92,4881730.92,349600.0,00279552,False,False,False
580996,Studené,188,313920.0,308726.77,4363169.02,4497169.02,313920.0,00279561,False,False,False
581003,Sudislav nad Orlicí,148,487460.07,480918.73,2263362.68,2263362.68,485297.11,00279579,False,False,False
581011,Sudslava,167,793438.0,604040.72,4976901.85,4976901.85,793438.0,00279587,False,False,False
581038,Šedivec,202,733456.0,832048.56,5869027.99,5894027.99,732480.0,00279617,False,False,False
581046,Tatenice,903,1203978.0,2025681.44,25848329.78,25848329.78,1203978.0,00279625,False,False,False
581054,Těchonín,599,1475453.0,2408414.87,24026114.53,55192198.79,1464153.0,00279633,False,False,False
581062,Tisová,627,1332136.0,1666111.93,14880455.36,17650104.59,1293029.0,00279641,False,False,False
581071,Třebovice,822,1773953.0,2528305.2,24169775.08,27067495.08,1773953.0,00279650,False,False,False
581089,Újezd u Chocně,343,1056551.0,493945.66,13818023.35,13818023.35,1056551.0,00279668,False,False,False
581101,Velká Skrovnice,305,728208.0,1720880.72,12770711.53,13592711.53,713558.0,00279692,False,False,False
581119,Verměřovice,795,1561657.0,2609670.38,26817492.46,52915492.46,1535802.0,00279706,False,False,False
581127,Vlčkov,110,213755.0,1272066.03,2962698.94,2962698.94,213755.0,00279714,False,False,False
581143,Voděrady,332,1330956.2,1153059.27,15534089.61,18534089.61,1327725.0,00279731,False,False,False
581151,Vraclav,748,1638487.0,6770144.29,44859291.22,67344578.9,1586362.0,00279749,False,False,False
581178,Výprachtice,960,1450682.32,3377168.04,33590585.52,66350585.52,1428950.32,00279765,False,False,False
581186,Vysoké Mýto,12560,4374530.0,86065762.26,449172045.17,1537771605.48,4214207.0,00279773,True,True,False
581194,Zádolí,90,517383.0,571646.25,2001168.37,2001168.37,493731.0,00279781,False,False,False
581208,Záchlumí,784,1378792.0,1504084.15,19351767.52,26892362.03,1352869.0,00279790,False,False,False
581216,Zálší,240,614978.45,860308.45,7918988.94,30201825.94,614978.45,00279803,False,False,False
581224,Zámrsk,754,1499958.86,2482822.97,22297330.41,41803922.59,1477958.86,00279811,False,False,False
581232,Zářecká Lhota,213,677544.0,341664.78,5348174.82,5348174.82,677544.0,00279820,False,False,False
581259,Žamberk,5819,3630604.0,71578036.28,240468731.9,572165042.9,3626798.0,00279846,True,True,False
581267,Žampach,293,1160614.0,1404658.23,8830156.37,13330156.37,1142218.0,00279854,False,False,False
581275,Žichlínek,989,1845896.82,3021282.72,21916677.2,28086677.2,1806589.82,00279862,False,False,False
581283,Blansko,20002,6795666.41,140782805.28,935634815.35,2846030599.42,6590187.44,00279943,True,True,False
581291,Adamov,4616,3600751.91,17387168.09,124185851.2,224026380.06,3306741.0,00279889,False,True,False
581313,Bedřichov,251,291698.0,1276474.06,5653705.39,6416696.65,291698.0,00636665,False,False,False
581321,Běleč,205,573935.0,309653.49,4719415.74,4719415.74,563789.0,00532070,False,False,False
581330,Benešov,678,1290461.16,1474292.54,22000833.61,22000833.61,1241305.0,00279927,False,False,False
581356,Borotín,415,1246646.0,1641032.78,10652733.67,12002733.67,1214441.0,00279951,False,False,False
581364,Bořitov,1302,1891846.74,4033726.36,45896108.8,46077108.8,1824872.0,00279960,False,False,False
581372,Boskovice,12508,5042257.0,134058808.98,437027049.22,964811403.74,4927482.0,00279978,True,True,False
581381,Brťov-Jeneč,357,1319444.0,498388.63,8902041.27,39102041.27,1319444.0,00279986,False,False,False
581402,Brumov,260,354725.0,704257.65,6778447.61,6778447.61,352925.0,00532088,False,False,False
581429,Březina,1144,2953037.2,2249858.92,28127904.61,28127904.61,2868152.0,00280020,False,False,False
581437,Bukovice,97,271268.0,362717.56,2978398.57,3778398.57,265524.0,00637726,False,False,False
581445,Bukovina,468,1297809.5,1752065.31,13326921.87,13446921.87,1258152.0,00532096,False,False,False
581453,Bukovinka,651,1619885.15,1585300.05,14086843.33,17443669.51,1608656.0,00532100,False,False,False
581461,Býkovice,280,719897.8,500138.91,6938539.31,7342866.47,719141.0,00600644,False,False,False
581470,Cetkovice,775,1605565.0,2045848.64,23002509.85,23002509.85,1446948.0,00280071,False,False,False
581496,Černá Hora,2110,2657251.92,9079051.6,83495370.28,93939472.28,2506558.0,00280097,False,False,False
581500,Černovice,375,397358.39,1091264.62,16292413.02,16602413.02,389419.39,00280101,False,False,False
581518,Deštná,215,457800.0,443990.02,6339445.17,6339445.17,457800.0,00532118,False,False,False
581526,Dlouhá Lhota,137,349786.0,3737224.98,9534957.34,13934957.34,335462.0,00600652,False,False,False
581534,Chrudichromy,220,680988.0,747383.14,3065939.21,9365939.21,680988.0,00841790,False,False,False
581542,Doubravice nad Svitavou,1333,1884987.53,3183868.79,40516263.55,51466263.55,1804014.0,00280143,False,False,False
581551,Drnovice,1377,1742252.0,4085831.69,33959017.06,44033577.06,1712729.0,00280151,False,False,False
581569,Habrůvka,417,1424182.9,1300650.63,5949196.51,5949196.51,1410744.0,00637220,False,False,False
581577,Hluboké Dvory,107,452175.0,377880.33,2805314.09,2805314.09,452175.0,00637734,False,False,False
581593,Hodonín,191,484915.0,1461311.46,5426216.06,6876216.06,484915.0,00637271,False,False,False
581615,Holštejn,165,317534.0,745079.09,10950083.04,10950083.04,317534.0,00600598,False,False,False
581631,Horní Poříčí,264,482597.0,1214618.39,5165647.75,5574647.75,481923.0,00280232,False,False,False
581666,Jabloňany,417,1258181.35,928260.86,23515462.55,34125462.55,1224799.0,00636754,False,False,False
581682,Jedovnice,2999,2051159.13,9437594.83,100063452.59,288665813.59,1986490.25,00280283,False,False,False
581721,Kněževes,178,561707.16,2119798.89,5038152.03,5038152.03,538504.0,00636711,False,False,False
581739,Knínice,979,1551512.0,2212785.12,35205483.63,35205483.63,1462057.0,00280330,False,False,False
581755,Kořenec,374,1234821.0,1047837.56,8324839.73,8324839.73,1193669.0,00637262,False,False,False
581763,Kotvrdovice,911,1560171.0,1995796.93,40844321.08,65382395.86,1539531.0,00637327,False,False,False
581771,Kozárov,125,382546.0,189034.1,3479021.15,3734021.15,382546.0,00542865,False,False,False
581780,Krasová,475,255688.3,788025.16,5160009.44,5160009.44,239856.0,00637335,False,False,False
581798,Krhov,163,449667.0,662408.69,3142208.56,3142208.56,442438.0,00636762,False,False,False
581801,Křetín,476,1270006.0,1471063.84,14283270.86,14955644.77,1269543.0,00280402,False,False,False
581810,Křtěnov,207,495970.95,1200613.27,4585502.56,8015502.56,485940.0,00636720,False,False,False
581828,Křtiny,819,2028002.0,3200354.0,23180196.75,24205891.75,1974297.0,00280429,False,False,False
581836,Kulířov,167,471522.86,1257652.17,5281658.73,5281658.73,442127.0,00542873,False,False,False
581844,Kunčina Ves,65,490005.8,253346.11,1902615.22,1927615.22,483293.0,00600610,False,False,False
581852,Kunice,209,579011.0,299290.93,2898176.41,2898176.41,569411.0,00600636,False,False,False
581861,Kuničky,256,1036534.0,3593431.47,7583472.89,8513472.89,1036534.0,00280461,False,False,False
581879,Kunštát,2891,2832681.0,11817004.86,112408454.27,148463741.8,2741251.0,00280470,False,False,False
581887,Lazinov,206,370824.0,2618172.14,7587432.99,7587432.99,370824.0,43420613,False,False,False
581909,Lažany,466,1315675.0,651452.51,6295733.22,6824733.22,1315675.0,00637742,False,False,False
581917,Letovice,7124,4576941.3,31359251.96,264958905.23,274779847.37,4282804.0,00280518,False,True,False
581925,Lhota Rapotina,420,908592.0,1540043.45,5307136.74,5502168.74,908592.0,00841803,False,False,False
581933,Lhota u Lysic,133,412020.0,323656.55,11281197.99,29351197.99,412020.0,00600628,False,False,False
581941,Lhota u Olešnice,45,323690.0,350439.65,1215632.61,1215632.61,323690.0,00636738,False,False,False
581950,Lipovec,1195,1814246.0,2177777.12,36718828.17,36718828.17,1808246.0,00280551,False,False,False
581968,Lipůvka,1522,2084585.57,4918611.49,34932324.74,39767324.74,2021716.0,00280569,False,False,False
581976,Lomnice,1483,2067084.58,5991730.89,78721769.14,132352769.14,2022400.0,00280577,False,False,False
581992,Lubě,101,369470.0,297500.6,4019261.43,5219261.43,369470.0,00637301,False,False,False
582018,Lysice,1966,2423104.76,7532735.23,74027560.09,79527560.09,2372204.0,00280615,False,False,False
582026,Makov,51,329545.7,336870.59,1971705.34,4971705.34,310344.0,00637238,False,False,False
582034,Malá Lhota,166,405391.0,402291.03,5449178.5,5449178.5,405391.0,00637297,False,False,False
582042,Malá Roudka,215,351703.05,1231890.02,9972762.17,9972762.17,324622.0,00841889,False,False,False
582069,Míchov,171,688025.88,268877.68,3246180.42,5886180.42,682638.0,00840521,False,False,False
582077,Milonice,165,915280.0,619000.65,4148937.26,4457937.26,915280.0,00637670,False,False,False
582085,Němčice,466,720129.0,2166443.02,5865250.16,9369361.16,720129.0,00841811,False,False,False
582107,Nýrov,216,517616.0,1382400.48,6850180.88,6850180.88,511416.0,00637246,False,False,False
582115,Obora,366,1021471.0,583579.92,8024190.02,8024190.02,1021471.0,00280712,False,False,False
582123,Ochoz u Tišnova,114,428269.83,915264.32,2503364.81,2643364.81,427019.83,00600580,False,False,False
582131,Okrouhlá,616,1389429.0,1157874.37,17557509.06,17557509.06,1363554.0,00637254,False,False,False
582158,Olešnice,1620,1794782.24,9457073.77,68880874.7,77250391.2,1759342.0,00280755,False,False,False
582166,Olomučany,1078,1540259.0,6929840.82,25413094.95,26413094.95,1540259.0,00280763,False,False,False
582174,Osiky,132,301973.77,635269.47,3000909.99,3000909.99,301479.77,00532134,False,False,False
582182,Ostrov u Macochy,1092,1724424.0,5129763.5,31801890.29,47137840.29,1673015.0,00280780,False,False,False
582191,Pamětice,271,549461.0,465409.07,8505241.38,9085241.38,545071.0,00532142,False,False,False
582204,Petrov,129,445412.0,401696.55,13071307.09,19423856.68,442586.0,00280801,False,False,False
582212,Petrovice,653,1224325.0,2359289.67,19319066.2,23381666.2,1224325.0,00636771,False,False,False
582221,Prostřední Poříčí,263,424335.0,838451.31,10541083.1,10541083.1,424335.0,00637785,False,False,False
582239,Rájec-Jestřebí,3736,3559643.71,25854622.69,153310903.93,279071554.93,3547643.71,00280836,False,False,False
582247,Ráječko,1419,3016848.0,2777098.45,77290637.34,83135389.09,2963872.0,00280844,False,False,False
582255,Rašov,246,497356.0,371544.13,7260183.24,7260183.24,489221.0,00532151,False,False,False
582263,Rohozec,232,623810.0,1034576.52,18355276.26,21240276.26,623810.0,00280861,False,False,False
582271,Rozseč nad Kunštátem,564,1149144.73,1089791.9,14275436.6,22285436.6,1110296.78,00280879,False,False,False
582280,Rozsíčka,143,394504.0,565183.56,6434066.32,11434066.32,391964.0,00542881,False,False,False
582298,Rudice,979,1443336.0,2803467.52,19274227.77,20614227.77,1443336.0,00280895,False,False,False
582310,Sebranice,695,1829765.0,1145713.08,24643069.73,39643069.73,1797543.0,00280917,False,False,False
582328,Senetářov,612,1384205.0,1382601.71,14007045.01,18353045.01,1384205.0,00637203,False,False,False
582336,Skalice nad Svitavou,672,1846524.0,1256074.57,12560502.61,32636442.6,1829636.0,00280933,False,False,False
582344,Skrchov,126,323861.0,1051407.63,3480448.1,3533448.1,317858.0,00532177,False,False,False
582352,Sloup,979,2030956.0,4457790.77,39497516.15,49497516.15,1825904.0,00280950,False,False,False
582379,Strhaře,149,567457.0,572916.19,4535274.02,13631274.02,567457.0,00636673,False,False,False
582395,Sudice,465,1162977.99,780784.42,9416765.08,10826765.08,1146509.0,00841820,False,False,False
582409,Suchý,471,1441837.0,1885867.55,10517287.48,10517287.48,1378619.0,00281000,False,False,False
582417,Sulíkov,309,1394717.0,595771.31,11370285.68,17370285.68,1394717.0,00281018,False,False,False
582433,Svinošice,395,1230473.0,1495240.61,10414813.0,11619813.0,1218473.0,00637700,False,False,False
582441,Svitávka,1925,3097728.88,8748124.07,53995040.07,56449264.07,2958582.0,00281042,False,False,False
582450,Synalov,118,701706.0,328230.78,4079568.75,4432028.75,693699.0,00532193,False,False,False
582468,Šebetov,831,1631512.44,4178317.59,23387696.28,25987696.28,1486266.0,00281069,False,False,False
582476,Šebrov-Kateřina,845,1670529.5,1645268.48,16849494.79,19049494.79,1606536.0,00281077,False,False,False
582484,Šošůvka,690,1352273.0,1194913.43,10594439.81,34705632.87,1299460.0,00636690,False,False,False
582492,Štěchov,193,372031.0,781550.73,4257623.61,4257623.61,372031.0,00542890,False,False,False
582506,Tasovice,78,259328.0,253163.38,2375813.96,2375813.96,259328.0,00637319,False,False,False
582531,Uhřice,298,706098.0,711802.42,6585398.9,6585398.9,706098.0,00281131,False,False,False
582557,Újezd u Černé Hory,287,473154.0,957892.73,5197226.96,5241626.96,473154.0,00637769,False,False,False
582565,Unín,242,610038.9,1547705.05,11616528.79,15116528.79,606421.0,00636746,False,False,False
582573,Úsobrno,418,524183.0,1481835.56,18929960.1,20443960.1,478900.0,00281174,False,False,False
582581,Valchov,457,1361532.9,809375.63,15096329.9,15096329.9,1310354.0,00841838,False,False,False
582590,Vanovice,575,1398502.0,1724786.61,26265898.53,32209898.53,1387202.0,00281191,False,False,False
582603,Vavřinec,901,1473616.0,2235598.04,23017311.02,24517311.02,1457607.0,00281204,False,False,False
582611,Vážany,243,268545.0,660740.04,5892988.79,5892988.79,268545.0,00636681,False,False,False
582620,Stvolová,164,303208.0,217226.96,8301076.18,10814076.18,303208.0,00532185,False,False,False
582646,Velké Opatovice,3457,2524730.45,14386789.63,122690315.46,226533587.46,2480597.0,00281247,False,True,False
582654,Vilémovice,349,380831.0,943910.6,23306506.57,33358964.48,378201.0,00637211,False,False,False
582662,Vísky,255,363685.0,584095.29,15353572.53,22253572.53,363685.0,00281263,False,False,False
582671,Voděrady,558,702073.24,1198880.98,17631704.88,21647704.88,685754.43,00281271,False,False,False
582689,Vranová,404,511352.0,869426.05,9669259.19,10187259.19,510120.0,00532207,False,False,False
582701,Vysočany,785,1748456.0,2638385.3,19056218.42,24194218.42,1727300.0,00281301,False,False,False
582727,Zbraslavec,231,1014202.0,611403.51,5738655.05,6519155.05,1014202.0,00840581,False,False,False
582735,Zhoř,75,424732.0,168600.78,1468861.33,1468861.33,424732.0,00637777,False,False,False
582743,Žďár,389,597788.0,1492963.34,10529365.97,15601597.65,554101.0,00281344,False,False,False
582751,Žďárná,813,1462776.32,1615607.9,42075514.2,44195636.15,1387507.0,00281352,False,False,False
582760,Žernovník,273,590476.0,521635.7,6246567.57,6246567.57,590476.0,00637289,False,False,False
582778,Žerůtky,80,517160.0,280733.87,4853375.81,9584375.81,516660.0,00636703,False,False,False
582786,Brno,402739,229945642.92,2722332476.58,23055105096.63,73674723749.69,226409810.78,44992785,True,True,False
582794,Babice nad Svitavou,1462,2386899.8,4427279.72,34690541.51,34690541.51,2363678.0,00281557,False,False,False
582808,Babice u Rosic,798,2093745.73,1867057.65,18555690.87,18555690.87,2025064.23,00362531,False,False,False
582824,Bílovice nad Svitavou,3725,3381059.74,15138844.22,125963135.21,233261078.21,2856034.72,00281581,False,False,False
582832,Biskoupky,185,996712.0,1467243.5,5001255.87,5051255.87,996712.0,00637513,False,False,False
582841,Blažovice,1248,2552043.36,2493232.36,30409626.46,30679626.46,2471637.0,00281603,False,False,False
582859,Blučina,2277,2787735.76,9439533.33,53642967.03,62261333.03,2723189.76,00281611,False,False,False
582875,Braníškov,210,820208.27,510637.1,6325849.53,9474849.53,710026.0,00362832,False,False,False
582883,Bratčice,693,2274418.0,2519540.84,26515435.9,26515435.9,2239908.0,00488127,False,False,False
582891,Březina,399,977715.9,1610694.01,9003401.17,9003401.17,976486.0,00362883,False,False,False
582913,Čebín,1978,3137040.14,5523996.47,152976409.9,173829409.9,3008121.32,00281662,False,False,False
582921,Česká,1010,1519334.77,2385588.31,39034124.73,46414124.73,1491356.91,00281671,False,False,False
582930,Čučice,452,1399867.45,2015942.65,9770958.86,10015958.86,1370593.45,00637521,False,False,False
582948,Deblín,1132,2077593.98,3020197.48,40074016.57,43665716.57,2019591.0,00281697,False,False,False
582956,Dolní Kounice,2571,2917038.27,10321135.42,96882219.73,190564856.71,2828544.32,00281701,False,False,False
582964,Domašov,709,1543736.55,2017316.95,33582839.65,44966562.97,1529939.0,00281719,False,False,False
582972,Drásov,2103,2026831.34,5764354.42,77483425.74,77608425.74,1990634.1,00281727,False,False,False
582999,Hajany,713,1778028.24,2465855.38,19722342.73,20017342.73,1769373.94,00637688,False,False,False
583014,Heroltice,239,723436.6,951223.97,6677851.0,7556851.0,723436.6,00362841,False,False,False
583022,Hlína,315,726491.0,1064223.72,7079749.68,7079749.68,724580.0,00488135,False,False,False
583031,Holasice,1402,1885274.94,3473006.62,59333365.96,65553365.96,1833882.54,00488143,False,False,False
583057,Hostěnice,833,1508596.37,2774935.3,28115266.27,52665266.27,1477347.37,00488151,False,False,False
583065,Hradčany,676,1607132.02,2438229.86,14858971.38,16788971.38,1580195.02,00362875,False,False,False
583081,Hrušovany u Brna,3518,3723622.09,7872473.04,130888072.13,168445158.13,3645342.33,00281824,False,False,False
583090,Hvozdec,354,1268787.81,804755.9,6405816.93,6407856.93,1238389.64,00362948,False,False,False
583111,Chudčice,1008,2598333.0,2839106.21,26061628.02,29691628.02,2560837.0,00362956,False,False,False
583120,Ivančice,9898,4691778.46,89958642.56,396401736.59,1211554348.68,3814929.0,00281859,True,True,False
583154,Javůrek,356,824202.0,1896554.38,11334555.42,11334555.42,824202.0,00377007,False,False,False
583171,Jinačovice,805,1679008.0,3178191.73,23993967.42,24543967.42,1667884.0,00281883,False,False,False
583189,Jiříkovice,982,1768350.11,2944470.83,33829014.84,63241214.84,1647358.0,00362981,False,False,False
583197,Kanice,1120,1781776.91,8052754.76,21220119.23,22110119.23,1781418.91,00363171,False,False,False
583201,Ketkovice,638,1447521.45,1695544.57,14848902.06,16092052.06,1406525.0,00375322,False,False,False
583219,Kobylnice,1258,2798377.38,2992437.72,25784414.55,31407414.55,2687535.79,00488160,False,False,False
583227,Kovalovice,671,1299726.2,2285951.93,14256406.37,18756406.37,1248744.0,00488178,False,False,False
583235,Kratochvilka,506,2204348.0,1485768.98,9943200.9,10204456.9,2174254.0,00488186,False,False,False
583243,Kupařovice,388,647798.73,842039.74,9005293.61,9005293.61,634066.0,00405493,False,False,False
583251,Kuřim,11860,5562626.69,103179534.72,670954274.53,1272804889.79,5265715.0,00281964,True,True,False
583260,Lažánky,816,1486836.2,5633204.92,24065500.69,29785969.69,1444320.81,00281972,False,False,False
583278,Ledce,262,1451499.87,1397017.89,8868834.61,9104834.61,1380415.0,00488194,False,False,False
583286,Lelekovice,2016,1813508.18,16426550.95,51467727.83,54549105.64,1618004.26,00281999,False,False,False
583294,Lesní Hluboké,278,1022971.8,912054.86,8445416.42,8897641.42,1009468.0,00637190,False,False,False
583308,Litostrov,131,334714.66,748273.56,5221712.24,5221712.24,331166.0,00637556,False,False,False
583316,Lomnička,676,841733.0,3543434.61,20655832.96,20655832.96,841733.0,00363197,False,False,False
583324,Lukovany,677,1450538.58,2145380.49,19663180.7,20092180.7,1417179.61,00282031,False,False,False
583332,Malešovice,838,1777275.48,1843246.76,34300026.36,43300026.36,1686630.0,00488038,False,False,False
583341,Malhostovice,1028,1757943.01,2708442.14,33784376.83,74156284.65,1481789.79,00282057,False,False,False
583359,Maršov,522,1300954.66,2034348.76,14875872.6,28055872.6,1273841.26,00363278,False,False,False
583367,Medlov,902,1807844.87,1917854.51,24162804.72,26062804.72,1754204.63,00488046,False,False,False
583375,Mělčany,498,902292.0,2626566.61,50422124.93,51561435.93,902292.0,00282081,False,False,False
583383,Měnín,1897,2637548.25,5965595.67,73001698.64,88448698.64,2544156.49,00282090,False,False,False
583391,Modřice,5755,4283537.91,24517819.32,184543493.17,310978667.86,4171492.0,00282103,False,False,False
583405,Mokrá-Horákov,2908,3312697.52,9591121.92,124865877.48,145768463.48,3088833.1,00282111,False,False,False
583413,Moravany,3554,4475324.81,10367045.42,168932984.47,305177985.47,4426919.81,00282120,False,False,False
583421,Moravské Bránice,994,1619731.51,16493052.88,40281469.22,50728496.22,1556449.26,00488208,False,False,False
583430,Moravské Knínice,1153,2774301.1,1458854.88,47946744.05,47946744.05,2679380.0,00488216,False,False,False
583448,Moutnice,1158,2102301.39,2481464.66,30657433.66,56379724.2,1971509.0,00282154,False,False,False
583456,Nebovidy,871,1033686.0,2628274.51,19214669.99,36191469.99,1030559.0,00488097,False,False,False
583464,Nelepeč-Žernůvka,74,336599.0,381828.88,1100834.92,1100834.92,336599.0,00365297,False,False,False
583472,Němčičky,343,1762813.6,2903507.89,8809205.24,9809205.24,1734443.0,00488054,False,False,False
583481,Neslovice,999,2476032.32,3288780.16,37713752.97,64792244.97,2357401.32,00282197,False,False,False
583499,Nesvačilka,332,445822.3,1088302.91,13847451.84,16407512.69,429397.0,00637505,False,False,False
583502,Nová Ves,843,1797701.86,2660774.32,30656595.63,34402853.63,1723884.64,00637530,False,False,False
583511,Nové Bránice,967,1127041.48,2711037.98,82695779.34,142645779.34,1114081.48,00488224,False,False,False
583529,Odrovice,217,912311.68,860180.18,10672596.8,10765596.8,901188.0,00488062,False,False,False
583537,Ochoz u Brna,1560,2811653.94,10603827.8,45467575.5,112444575.5,2693685.82,00282243,False,False,False
583545,Omice,829,1515052.91,3606447.62,13568005.29,13568005.29,1483448.0,00488232,False,False,False
583553,Opatovice,1172,2450557.87,5022276.68,77820776.11,93839347.91,2375379.0,00488241,False,False,False
583561,Ořechov,2915,2595184.72,5030956.49,101126606.45,199490384.84,2540551.0,00282278,False,False,False
583588,Oslavany,4873,5238931.94,19876176.08,123412772.02,124234872.02,5084699.0,00282286,False,False,False
583596,Ostopovice,1751,2548205.53,3962549.89,140052799.39,166971937.9,2493074.0,00282294,False,False,False
583600,Ostrovačice,829,1750243.32,3316773.75,34063938.22,37928938.22,1743098.91,00377155,False,False,False
583634,Podolí,1418,2393682.1,2880056.59,41176088.8,60609873.73,2282238.0,00282332,False,False,False
583651,Popovice,373,1287122.03,1248035.67,9194882.36,50553882.36,1287122.03,00488267,False,False,False
583669,Popůvky,1866,3336166.52,4176807.06,97679213.18,98413814.18,3024073.67,00488275,False,False,False
583677,Pozořice,2413,3066741.56,10400682.13,109940509.14,459765836.14,2993428.0,00282375,False,False,False
583685,Prace,998,2555273.41,2739203.57,20406683.0,23206683.0,2483923.0,00599247,False,False,False
583693,Pravlov,697,1992470.59,2568002.88,17583724.16,17583724.16,1956054.0,00488071,False,False,False
583707,Prštice,997,1487219.26,4353333.48,21593603.25,22484603.25,1477407.76,00282405,False,False,False
583715,Příbram na Moravě,648,1510419.44,1158529.36,14415891.46,14415891.46,1470951.0,00282413,False,False,False
583723,Přibyslavice,563,1181039.0,2476165.59,11483731.55,13607363.06,1169660.0,00637548,False,False,False
583731,Přísnotice,878,1920505.46,2150729.49,26921364.59,37307814.59,1360401.0,00488283,False,False,False
583740,Radostice,789,1521954.87,2298658.17,14283153.3,18872542.3,1507136.0,00487520,False,False,False
583758,Rajhrad,4136,3780524.91,14157717.01,97889422.2,128324426.2,3327115.0,00282456,False,False,False
583766,Rajhradice,1579,2311715.69,8028562.28,29167570.54,29499774.54,2238415.69,00488291,False,False,False
583774,Rebešovice,1092,1920865.52,2955375.85,24945402.34,26274887.42,1848351.0,00488089,False,False,False
583782,Rosice,6784,3850020.84,90157191.18,368274311.92,659687208.92,3643121.0,00282481,True,True,False
583791,Rozdrojovice,1078,2127436.0,4593362.9,34072527.37,34372527.37,2127436.0,00282499,False,False,False
583804,Rudka,403,1340170.8,703621.98,8717780.96,9197780.96,1306352.8,00378542,False,False,False
583821,Řícmanice,828,1861057.6,1566110.94,13852177.7,32152177.7,1850155.0,00374903,False,False,False
583839,Říčany,2143,2051725.84,3733922.72,72264753.65,130094753.65,1924996.0,00282537,False,False,False
583847,Sentice,671,1634637.02,3088278.91,14281056.54,18066056.54,1634637.02,00282545,False,False,False
583855,Silůvky,853,1779594.0,5275887.89,23173848.1,25473848.1,1674138.0,00488305,False,False,False
583863,Sivice,1101,1904210.36,3286209.69,44016892.85,44116892.85,1883093.0,00488313,False,False,False
583880,Sobotovice,654,1086822.88,4670989.53,16777569.04,31817569.04,1075297.0,00488321,False,False,False
583898,Sokolnice,2490,1929146.0,6092608.72,110450767.88,279707392.97,1818562.0,00282596,False,False,False
583901,Stanoviště,415,729483.0,1523312.7,15463842.8,21764731.86,693240.0,00488330,False,False,False
583910,Střelice,3283,3541082.35,13049340.84,90760864.28,92874205.11,3480191.35,00282618,False,False,False
583928,Svatoslav,461,1463480.09,1172869.4,13108694.51,13483694.51,1317470.09,00282626,False,False,False
583936,Syrovice,2097,1960303.53,4157913.53,47300264.43,49303364.43,1946977.05,00282634,False,False,False
583944,Šerkovice,342,810912.0,2068584.87,6500704.07,7000704.07,807084.0,00375276,False,False,False
583952,Šlapanice,7915,6560767.43,125170203.77,469316614.05,1033530164.05,5524343.0,00282651,True,True,False
583961,Štěpánovice,493,1342006.0,3328831.82,11927813.72,12989799.72,1324899.0,00365548,False,False,False
583979,Telnice,1670,2760591.7,4832195.64,37687593.93,49199593.93,2731863.0,00282677,False,False,False
583987,Tetčice,1124,1646075.41,1985157.98,20299229.07,20374229.07,1437635.0,44947917,False,False,False
583995,Těšany,1299,2116399.15,7119530.91,32524056.27,40978342.08,2028905.0,00282693,False,False,False
584002,Tišnov,9225,6201276.96,87494937.32,452023547.17,953254141.17,6032124.0,00282707,True,True,False
584011,Trboušany,389,496719.16,2095552.21,16630527.71,16853527.71,483960.0,00365726,False,False,False
584029,Troubsko,2397,3473420.72,9193367.92,44213605.93,44545549.93,3398278.0,00282723,False,False,False
584037,Tvarožná,1370,2109953.87,4259879.11,41024567.6,113702526.87,2055629.0,00282731,False,False,False
584045,Újezd u Brna,3375,3966651.69,12221366.67,107874838.88,222800928.88,3830648.0,00282740,False,False,False
584053,Újezd u Rosic,275,1168836.0,988866.33,8947509.68,9621509.68,1168836.0,00488348,False,False,False
584061,Unkovice,713,1444397.14,1493131.36,23467389.14,42425889.14,1391020.14,00488356,False,False,False
584070,Úsuší,125,383427.38,522697.73,4433660.6,12609660.6,376766.09,00366005,False,False,False
584096,Velatice,769,1487903.0,2315465.81,18622411.16,20777411.16,1461317.0,00488364,False,False,False
584100,Veverská Bítýška,3512,3253643.87,10231532.57,95272701.42,95723298.42,3189799.39,00282804,False,False,False
584118,Veverské Knínice,999,1449860.38,3248831.56,38161649.19,51911649.19,1424267.0,00378640,False,False,False
584126,Viničné Šumice,1372,1598285.44,5961402.97,66108391.53,117803309.55,1580502.0,00488372,False,False,False
584134,Vohančice,193,1279026.94,2378103.82,79325391.74,190281771.6,1250581.94,00366013,False,False,False
584142,Vojkovice,1190,1071990.9,3949961.61,29453923.9,60461923.9,659044.0,00488381,False,False,False
584151,Vranov,920,1105257.84,2153730.43,23046760.61,31839980.61,1089432.0,00282855,False,False,False
584169,Všechovice,268,866055.0,1239538.36,5220575.0,11820575.0,866055.0,00366072,False,False,False
584177,Vysoké Popovice,777,1427013.99,1102721.53,13849441.0,15209441.0,1404099.19,00282871,False,False,False
584185,Zakřany,805,1619307.09,2279181.99,50568018.59,53268018.59,1578062.59,00282880,False,False,False
584193,Zálesná Zhoř,67,395712.0,610729.16,2090079.09,2090079.09,395712.0,49457284,False,False,False
584207,Zastávka,2495,2465961.97,14664584.39,83995011.11,97280411.11,2423515.13,00488399,False,False,False
584215,Zbraslav,1285,1721461.07,2950845.1,66007266.51,90957266.51,1624644.13,00282910,False,False,False
584223,Zbýšov,3671,3149424.0,11871931.61,100139835.0,244543295.58,3115036.0,00282928,False,False,False
584231,Žabčice,1664,2128731.73,3117113.48,80893973.18,109153973.18,2046725.56,00282936,False,False,False
584240,Žatčany,957,1769490.82,2236388.8,25489750.85,29490050.85,1705677.0,00282944,False,False,False
584266,Želešice,1959,2289618.26,5660742.62,51256972.78,71257972.78,2204568.0,00282952,False,False,False
584274,Železné,631,929753.0,4032524.67,14643293.04,17043293.04,919658.0,00366129,False,False,False
584282,Židlochovice,3676,4070288.35,102891966.34,226315170.32,771470713.32,3697246.0,00282979,True,True,False
584291,Břeclav,24538,10293342.28,192268807.97,1131837118.18,2057451138.27,9998405.0,00283061,True,True,False
584304,Bavory,423,1128641.21,1365128.71,33993646.11,51490629.11,1080566.0,00600148,False,False,False
584321,Boleradice,957,1412294.0,2072580.98,108844283.17,196879283.17,1404876.0,00283011,False,False,False
584339,Borkovany,845,1467346.5,1825660.83,31493156.65,32459907.65,1381482.0,00283029,False,False,False
584347,Bořetice,1386,2098307.52,4169428.41,38579687.2,40510938.2,2056012.0,00283037,False,False,False
584355,Brod nad Dyjí,557,1392074.37,2450772.85,14445804.43,15656345.38,1365468.83,00283045,False,False,False
584363,Brumovice,1005,1921189.4,3277283.29,35185046.37,42398189.37,1755931.37,00042188,False,False,False
584371,Březí,1822,2066307.87,3077152.58,48358114.87,50986796.5,1924308.27,00283070,False,False,False
584380,Bulhary,722,1480608.51,2447810.78,39462284.57,41628564.57,1343973.68,00283088,False,False,False
584401,Diváky,505,1119687.0,2075458.12,12658343.35,13413343.35,1107293.0,00283100,False,False,False
584410,Dobré Pole,445,903607.81,2535094.81,20188280.18,53218280.18,870456.71,00283118,False,False,False
584428,Dolní Dunajovice,1715,3397526.51,4073062.23,62585547.24,62585547.24,3252387.46,00283126,False,False,False
584436,Dolní Věstonice,306,713325.0,1505870.34,14414947.25,15860147.25,707491.0,00283134,False,False,False
584444,Drnholec,1826,1788061.0,5634151.73,58780033.52,124986673.84,1767076.0,00283142,False,False,False
584452,Hlohovec,1336,2205008.52,7542738.57,45765455.14,84052050.14,2189555.78,00283151,False,False,False
584461,Horní Bojanovice,657,1317542.01,1596564.9,14034387.11,14729387.11,1302542.0,00283169,False,False,False
584479,Horní Věstonice,528,1567869.28,2167161.62,14797114.72,15004014.72,1503245.0,00283177,False,False,False
584487,Hrušky,1654,2690933.99,4627900.55,122099848.48,170069294.48,2635012.0,00283185,False,False,False
584495,Hustopeče,6388,5534005.79,96044843.26,392380309.1,807913105.25,4936271.09,00283193,True,True,False
584517,Ivaň,754,1243532.2,1887191.66,23876773.6,35355773.6,1220979.0,00600164,False,False,False
584525,Jevišovka,688,1646479.2,1550944.31,27216896.71,30218896.71,1613381.0,00600172,False,False,False
584541,Klentnice,471,1172714.67,3648841.44,31783552.06,44979852.06,1153098.67,00600199,False,False,False
584550,Klobouky u Brna,2476,2080890.52,9144940.24,124621669.47,165018669.47,1951086.0,00283258,False,True,False
584568,Kobylí,1983,1908949.43,6483132.91,74038260.53,81169260.53,1898685.0,00283266,False,False,False
584576,Kostice,1872,2985537.15,3644233.24,167199577.13,255249898.9,2941201.42,00283274,False,False,False
584584,Krumvíř,1279,1577099.57,1951997.58,19833954.57,19833954.57,1458878.0,00283282,False,False,False
584592,Křepice,1334,1935460.2,2734090.67,43310755.7,64659960.7,1906846.86,00283291,False,False,False
584622,Lanžhot,3637,3454150.95,8579374.54,123387967.49,127465448.49,3435730.55,00283321,False,False,False
584631,Lednice,2170,3062287.7,11218248.59,76452527.98,83685272.98,2929182.0,00283339,False,False,False
584649,Mikulov,7577,8236597.97,95463968.05,345819675.78,433330896.4,7332664.0,00283347,True,True,False
584657,Milovice,493,1417135.87,2522067.09,10079869.89,12572483.06,1200348.97,00283355,False,False,False
584665,Moravská Nová Ves,2659,2985517.75,8065359.31,114839195.13,276248514.27,2931423.81,00283363,False,False,False
584673,Moravský Žižkov,1497,2073503.34,4472439.53,55409222.99,91173772.99,1918351.0,00283371,False,False,False
584681,Morkůvky,529,1225504.15,2794986.22,15708036.22,18288036.22,1191102.15,00283380,False,False,False
584703,Němčičky,755,1426379.13,2676470.33,22234800.67,35535300.67,1276332.0,00283401,False,False,False
584711,Nikolčice,802,1309995.53,2595855.97,36566230.47,59458948.47,1243847.94,00283410,False,False,False
584720,Nosislav,1379,2220164.58,11219869.94,40944807.5,41746807.5,2118726.36,00283428,False,False,False
584746,Novosedly,1371,1857780.14,4363152.64,34262247.99,47742247.99,1794478.0,00283444,False,False,False
584754,Nový Přerov,367,1223544.53,1961397.76,12965246.77,13005246.77,1167130.03,00600202,False,False,False
584762,Pasohlávky,773,3007883.25,15196657.43,180626702.2,366872840.61,2981727.0,00283461,False,False,False
584771,Pavlov,621,1296920.82,2937891.18,20290961.2,23855961.2,1225553.0,00283479,False,False,False
584789,Perná,794,1361975.86,1760229.59,32730424.1,33570424.1,1325625.0,00283487,False,False,False
584797,Podivín,2938,1647088.85,10491137.42,85978145.91,7943459667.91,1535793.0,00283495,False,False,False
584801,Pohořelice,6126,4774893.0,63972144.23,410652638.62,790741070.8,4774893.0,00283509,True,True,False
584819,Popice,1008,2015931.13,2396777.08,18522121.3,19731940.21,1980587.0,00283517,False,False,False
584835,Pouzdřany,790,1386923.35,4465146.33,11738199.17,17107199.17,1368320.94,00283533,False,False,False
584843,Přibice,1098,2742187.48,2332332.36,36464780.5,91254084.5,2523249.73,00600211,False,False,False
584851,Přítluky,774,1761233.7,3121524.21,27961787.37,44423787.37,1694473.18,00283550,False,False,False
584860,Rakvice,2267,2305358.29,4609733.12,59552958.91,60652958.91,2080852.39,00283568,False,False,False
584878,Sedlec,857,1354794.27,2855218.51,37742141.11,44362141.11,1319177.0,00283576,False,False,False
584894,Starovice,988,1700950.69,7124114.18,24594029.46,25378155.21,1700950.69,00283584,False,False,False
584908,Starovičky,957,1501408.93,2226405.25,32296670.39,37377800.98,1476106.0,00283592,False,False,False
584916,Strachotín,838,1308306.45,4281394.83,25007869.92,25583368.37,1262341.94,00283606,False,False,False
584924,Šakvice,1574,1883138.01,3229768.29,51650285.12,54665910.12,1844087.0,00283614,False,False,False
584932,Šitbořice,2126,2070603.95,4323607.98,85030170.68,172782678.84,2046402.63,00283622,False,False,False
584941,Tvrdonice,2067,3205176.08,6294664.7,67009570.95,70631054.36,3073176.03,00283631,False,False,False
584959,Týnec,1099,2380237.39,3679686.02,41665008.88,51857650.88,2309010.79,00283649,False,False,False
584967,Uherčice,1120,1844323.3,2653207.87,32076032.45,33214480.45,1834749.0,00283657,False,False,False
584975,Valtice,3580,2459547.29,23924858.72,135187334.92,151992046.92,2283665.5,00283665,False,False,False
584983,Velké Bílovice,3854,3079447.49,37096087.87,205143541.66,275118821.66,3033172.0,00283673,False,False,False
584991,Velké Hostěrádky,501,1244558.76,1305038.52,11605321.73,12149202.73,1172689.0,00283681,False,False,False
585009,Velké Němčice,2070,1794884.08,4726417.35,69142517.3,117203214.0,1752031.07,00283690,False,False,False
585017,Velké Pavlovice,3100,3066827.65,13801422.68,107491906.16,133648906.16,2962435.95,00283703,False,False,False
585025,Vlasatice,952,1535818.21,4455125.23,33090709.03,33734709.03,1500890.21,00283711,False,False,False
585033,Vranovice,2446,2350647.0,5420546.53,90666960.44,159920218.44,2323341.74,00283720,False,False,False
585041,Vrbice,1076,1590846.57,2262018.83,34376216.99,38751216.99,1590846.57,00283738,False,False,False
585050,Zaječí,1567,1823209.63,2910075.56,50732032.72,67078532.72,1763424.0,00283746,False,False,False
585068,Zlín,74684,20359267.45,480611152.74,2969971491.41,6927457774.18,15823308.09,00283924,True,True,False
585076,Biskupice,695,1475648.0,2020585.66,11963971.34,12765971.34,1436936.0,00283771,False,False,False
585092,Bohuslavice u Zlína,742,1602379.0,1674374.49,14694838.62,15262838.62,1580079.0,00283789,False,False,False
585106,Bratřejov,782,1341033.0,-3238114.54,24719585.75,29013585.75,1260222.0,00283801,False,False,False
585114,Brumov-Bylnice,5400,3722086.66,27526055.27,244197018.44,366068017.79,3703452.0,00283819,False,True,False
585131,Březová,504,1170659.94,2797768.64,13887932.25,17887932.25,1065909.0,00568511,False,False,False
585149,Březůvky,768,1957724.0,6416933.67,22417306.31,26197305.31,1957724.0,00283843,False,False,False
585157,Dešná,206,932877.88,1114087.11,4259784.38,5889784.38,912505.0,00568520,False,False,False
585165,Dobrkovice,247,601677.59,743819.09,8195365.26,8265365.26,601677.59,00568538,False,False,False
585173,Dolní Lhota,709,1564772.57,3390391.26,21786299.77,22351299.77,1534155.57,00283878,False,False,False
585181,Doubravy,604,1650015.0,1361959.83,14819327.15,42007827.15,1619801.0,00283886,False,False,False
585190,Drnovice,449,1093548.18,1008186.02,19301871.43,21972732.43,1061509.18,00557889,False,False,False
585203,Držková,364,1511461.0,1568263.12,15805420.05,16029997.05,1493237.0,00568546,False,False,False
585211,Fryšták,3834,2974810.0,13389956.64,127859231.24,244689957.24,2943270.0,00283916,False,False,False
585220,Halenkovice,2029,2788723.9,10407225.28,51713534.04,56426755.04,2674693.0,00283932,False,False,False
585238,Haluzice,82,352792.0,739135.36,2879403.59,3999903.59,260157.0,00837288,False,False,False
585246,Horní Lhota,608,1340792.0,2312588.81,13049406.41,13049406.41,1340542.0,00568554,False,False,False
585254,Hostišová,571,1240448.0,1477921.06,17670558.93,18498083.62,1213023.0,00568562,False,False,False
585262,Hrobice,469,1472651.9,6204764.1,16632384.48,17832384.48,1404671.0,00568571,False,False,False
585271,Hřivínův Újezd,519,1219355.0,5033865.29,12655251.02,13651251.02,1191025.0,00283983,False,False,False
585289,Hvozdná,1304,2199762.3,6742700.19,43794200.63,71111450.63,2037224.0,00283991,False,False,False
585301,Jasenná,948,1576904.67,5151216.72,23621101.25,27934755.25,1485198.0,00284017,False,False,False
585319,Jestřabí,275,1073149.0,422039.34,5837505.98,5837505.98,1073149.0,00837300,False,False,False
585327,Kaňovice,303,1036233.55,3079314.5,9449242.03,9793242.03,998797.99,00226238,False,False,False
585343,Kašava,1030,2025937.82,3448255.39,23523348.54,33563528.54,1989340.0,00284050,False,False,False
585432,Loučka,426,1659616.05,960731.87,15009883.7,16227883.7,1624127.97,00568643,False,False,False
585441,Ludkovice,716,1865426.3,2052523.56,23749016.37,26934016.37,1856450.3,00284157,False,False,False
585459,Luhačovice,5029,3371065.0,73289611.48,333098737.21,446350908.57,3333565.0,00284165,True,True,False
585467,Lukov,1793,2272721.85,4217757.07,41914515.02,52254906.02,2200236.0,00284173,False,False,False
585483,Lutonina,432,1192179.0,1751185.12,10963863.61,16737554.4,1146533.0,00568601,False,False,False
585491,Machová,702,1468901.78,2173100.46,18804866.34,26084466.34,1452614.78,00568651,False,False,False
585505,Mysločovice,722,1514857.18,2308094.02,80289516.62,118306952.67,1456420.18,00284211,False,False,False
585513,Napajedla,7043,4374829.4,33714137.57,244678727.95,567168740.3,3931188.0,00284220,False,True,False
585521,Návojná,685,1596834.85,2878662.99,16316163.44,26396163.44,1577484.85,00226220,False,False,False
585530,Nedašov,1358,2675367.78,3640747.75,31874181.76,72874181.76,2624814.78,00284246,False,False,False
585548,Nedašova Lhota,675,1502121.39,1944582.56,21297468.89,36867468.89,1469499.39,00226211,False,False,False
585556,Neubuz,448,2309854.08,3285344.87,52814599.22,79524599.22,2209531.0,00568660,False,False,False
585599,Otrokovice,17401,6904367.51,161469518.48,837638855.99,2502485595.23,5966147.0,00284301,True,True,False
585611,Podkopná Lhota,322,1349626.0,908695.75,6675392.6,9692046.6,1304103.0,00544493,False,False,False
585661,Provodov,781,1709150.0,1200521.44,23975866.36,33406866.36,1709150.0,00284378,False,False,False
585670,Racková,829,1479811.45,1372862.22,26805822.28,56589322.28,1436800.45,00284386,False,False,False
585726,Sazovice,907,1347855.54,4711700.51,34914696.97,48428696.97,1323003.74,00568716,False,False,False
585734,Sehradice,666,1781224.66,4153473.87,34735283.11,40365283.11,1774981.66,00568724,False,False,False
585751,Slavičín,6184,3682924.0,35434616.8,224834068.07,438198733.34,3682924.0,00284459,False,True,False
585769,Slopné,546,1739967.15,1767068.13,48668399.26,69685938.83,1717499.83,00568732,False,False,False
585777,Slušovice,2945,2752611.0,11041495.74,111940821.7,146544044.7,2752611.0,00284475,False,False,False
585793,Spytihněv,1642,2422962.0,4118588.26,51961836.19,69777054.5,2422962.0,00284491,False,False,False
585807,Šanov,463,1557965.0,967816.76,56514490.87,63235744.67,1542615.0,46276068,False,False,False
585815,Šarovy,271,796716.0,1140759.78,5586611.51,5586611.51,774544.0,00837296,False,False,False
585831,Štítná nad Vláří-Popov,2103,3234432.68,5373955.48,68632762.85,151593237.85,3089285.71,00284556,False,False,False
585858,Tlumačov,2439,1876395.41,7298684.09,59005658.08,74321866.08,1818881.0,00284572,False,False,False
585866,Trnava,1178,2235486.44,5342107.94,33174727.02,7965909755.83,2131402.0,00284581,False,False,False
585874,Ublo,298,433896.0,2279167.35,6741592.21,8241592.21,433896.0,00568759,False,False,False
585882,Újezd,1184,2071320.63,2812373.01,64191237.24,66397687.24,2031261.63,00284602,False,False,False
585891,Valašské Klobouky,4864,3512700.3,66021324.88,255996957.62,473519753.72,3374486.0,00284611,True,True,False
585912,Velký Ořechov,725,1541833.53,2859917.31,32734034.44,40248034.44,1489119.32,00284637,False,False,False
585921,Veselá,851,1826591.7,4092482.5,22505169.57,23532169.57,1687189.0,00226203,False,False,False
585939,Vizovice,4845,4146276.13,45933034.06,194133939.38,498237372.89,3847962.0,00284653,True,True,False
585955,Vlachovice,1460,2729018.64,3597525.02,68118247.33,146009952.85,2688122.0,00284670,False,False,False
585963,Vlčková,424,1318121.0,1697344.35,8163759.68,8663759.68,1263945.0,00568767,False,False,False
585971,Všemina,1147,1342294.0,3744005.38,19952993.18,20654993.18,1335994.0,00544507,False,False,False
585980,Vysoké Pole,855,2227466.8,3271216.27,33323702.6,41875809.43,2188541.8,00284700,False,False,False
585998,Zádveřice-Raková,1546,2044880.0,4873168.67,68615695.68,79135695.68,2041205.0,00284718,False,False,False
586005,Závist,162,999598.0,1445509.52,5006823.36,6906823.36,999598.0,43420591,False,False,False
586013,Žlutava,1172,1839266.0,3555691.8,21845409.18,23644205.18,1809626.0,00284734,False,False,False
586021,Hodonín,23517,8076270.37,183465026.36,904125340.14,2132033724.28,7795334.0,00284891,True,True,False
586030,Archlebov,860,1473562.05,7759154.01,48557252.19,75955309.93,1465922.53,00284751,False,False,False
586048,Blatnice pod Svatým Antonínkem,1900,2911224.66,4223831.32,62592772.8,65190211.8,2503173.97,00284769,False,False,False
586056,Blatnička,428,1461085.46,1735407.15,17618561.31,21248161.31,1289720.27,00488518,False,False,False
586064,Světlá,253,484456.78,682981.9,7857817.12,7857817.12,466956.0,00841846,False,False,False
586072,Bukovany,691,1501637.18,1364485.88,45629046.41,80822555.41,1451187.76,00284793,False,False,False
586081,Bzenec,4561,3141655.5,22299872.28,205877408.75,229692995.78,3099391.0,00284807,False,True,False
586099,Čejč,1252,2837516.54,6420473.8,36385731.68,39932252.08,2778046.06,00284815,False,False,False
586102,Čejkovice,2359,3091006.38,10406032.53,101821982.63,117949637.63,2947515.48,00284823,False,False,False
586111,Čeložnice,413,1149568.0,1905663.88,8391835.41,8621835.41,1149568.0,00488437,False,False,False
586129,Dambořice,1545,3220714.96,4779756.42,53178275.94,54819860.94,2995688.0,00284840,False,False,False
586137,Dolní Bojanovice,3076,3763049.79,9546497.19,90142066.56,279915428.65,3517375.25,00284858,False,False,False
586145,Domanín,1022,2614234.32,3028223.36,80418217.53,112258773.53,2597618.0,00284866,False,False,False
586153,Dražůvky,257,824371.69,6403766.15,12955778.07,15815778.07,788646.07,00488429,False,False,False
586161,Dubňany,6202,4996900.2,24596140.47,156988461.98,214120862.3,4685146.0,00284882,False,False,False
586170,Hovorany,2153,2841128.58,6736440.03,56383266.66,59091359.74,2812322.15,00284904,False,False,False
586188,Hroznová Lhota,1146,1706769.27,3180458.19,27881633.23,49844371.62,1662841.02,00284912,False,False,False
586196,Hrubá Vrbka,621,1735005.04,2686246.82,21392576.48,44766479.48,1732005.04,00284921,False,False,False
586200,Hýsly,410,1260457.41,4078256.88,15855659.43,21755659.43,1260457.41,00488453,False,False,False
586218,Javorník,661,1392432.0,1587151.03,23748012.77,24673012.77,1292397.28,00488488,False,False,False
586226,Ježov,707,1541691.56,2361345.36,23862321.72,27371321.72,1504534.82,00284955,False,False,False
586234,Josefov,445,1597121.7,2265176.96,12370036.61,13261036.61,1183197.0,00488496,False,False,False
586242,Karlín,189,1079838.0,625637.68,3539115.22,3739115.22,1078038.0,00488470,False,False,False
586251,Kelčany,252,1158674.0,1482146.52,10756705.15,10981705.15,1124559.0,00544698,False,False,False
586269,Kněždub,1038,1667588.58,2657125.86,21751270.27,34896270.27,1610384.58,00284998,False,False,False
586277,Kostelec,860,1735520.44,2642629.63,18979153.25,29344053.25,1548393.9,00285005,False,False,False
586285,Kozojídky,553,1194118.07,1502087.05,21670891.04,22949568.04,1166150.1,00488861,False,False,False
586293,Kuželov,395,1577195.9,1268110.59,24116643.3,33685453.22,1434289.59,00544701,False,False,False
586307,Kyjov,10645,7935762.0,141223066.11,470423753.31,1361323599.08,7935762.0,00285030,True,True,False
586315,Labuty,161,929066.0,1510364.36,3984464.78,4638464.78,918986.0,00636801,False,False,False
586323,Lipov,1412,782632.02,7907378.29,50596018.92,51463018.92,781116.02,00285056,False,False,False
586331,Louka,925,2159752.66,2229088.25,24143029.36,25986529.36,1835237.0,00285064,False,False,False
586340,Lovčice,833,1570127.0,2304194.23,33330266.8,48207412.62,1554277.0,00285072,False,False,False
586358,Lužice,2894,3107066.03,7317727.18,226705485.22,267666944.22,3009299.13,44164343,False,False,False
586366,Malá Vrbka,166,738475.0,937476.39,5529434.96,6138434.96,606864.0,00544710,False,False,False
586374,Mikulčice,1973,2684461.68,6866066.76,76993810.19,87305968.79,2589957.65,00285102,False,False,False
586382,Milotice,1910,3086576.33,4946055.37,70537038.44,126333168.49,3015161.88,00285111,False,False,False
586391,Moravany,698,1424713.98,2141930.15,17057736.33,21459775.33,1409809.94,00285129,False,False,False
586404,Moravský Písek,2028,2607061.12,4622463.41,72128308.17,92711293.17,2555541.12,00285137,False,False,False
586412,Mutěnice,3735,3717144.16,11950580.43,86607376.77,201948246.77,3662047.03,00285145,False,False,False
586421,Násedlovice,845,1501940.35,4175525.27,30085331.29,88397131.29,1467536.68,00285153,False,False,False
586439,Nechvalín,342,1292724.44,1171268.36,13452943.05,15241943.05,1277024.46,00488445,False,False,False
586447,Nenkovice,473,1211911.78,2032810.32,16509789.97,17519789.97,1198848.9,00488852,False,False,False
586455,Nová Lhota,628,1538506.12,5789999.42,37128364.48,60371229.82,1389343.21,00285188,False,False,False
586463,Nový Poddvorov,233,636527.7,1417024.69,35899189.13,42211889.13,609887.0,00636797,False,False,False
586471,Ostrovánky,225,705321.2,1387634.08,11734356.71,17734356.71,685513.0,00636827,False,False,False
586480,Petrov,1315,2309167.28,2057755.54,35972305.42,43474305.42,2179812.37,00285218,False,False,False
586498,Prušánky,2183,2838865.38,8381289.5,77333801.5,97755906.5,2826926.57,00285226,False,False,False
586501,Radějov,849,1591146.96,2356742.92,20839159.64,21681159.64,1528312.88,00285234,False,False,False
586510,Ratíškovice,3955,4218323.7,9153957.31,121410451.4,122253651.4,3611160.08,00285242,False,False,False
586528,Rohatec,3474,4456946.42,8400447.98,81345980.76,82445980.76,4340166.9,00488526,False,False,False
586536,Skalka,154,1187783.03,1296431.38,4102426.02,4324426.02,1151998.43,00636819,False,False,False
586544,Skoronice,492,1181152.79,1331064.45,16047733.32,19351733.32,1178702.79,00488534,False,False,False
586552,Sobůlky,837,1622988.06,2783394.6,19027530.54,32221757.57,1456422.0,00285285,False,False,False
586561,Starý Poddvorov,935,1699952.35,3591364.61,20727123.28,22251323.28,1652557.71,00285293,False,False,False
586579,Stavěšice,374,1109568.33,1493500.05,10044357.73,20042357.73,1070599.45,00544680,False,False,False
586587,Strážnice,5311,3822104.0,23967771.66,220361304.23,461032672.23,3822104.0,00285315,False,True,False
586595,Strážovice,603,1559826.21,1233010.62,10797692.42,18492258.42,1515338.0,00285323,False,False,False
586609,Sudoměřice,1257,2112184.77,4802286.1,34619004.5,40496204.5,2098533.23,00285331,False,False,False
586617,Suchov,500,1193306.22,1710222.96,11028623.2,12184623.2,1129526.23,00285340,False,False,False
586625,Svatobořice-Mistřín,3549,3051911.9,7720284.35,86786169.35,89902348.35,2978040.89,00285358,False,False,False
586633,Syrovín,357,419659.94,1237422.64,10295672.18,10915672.18,408859.01,00488500,False,False,False
586641,Šardice,2152,3267365.49,6875899.32,60449863.09,64455371.57,3122900.0,00285374,False,False,False
586650,Tasov,515,713817.34,1180965.32,14911072.84,14981072.84,648257.0,00488879,False,False,False
586668,Těmice,918,2455129.15,2659178.5,22002228.44,23527228.44,2045534.04,00285404,False,False,False
586676,Terezín,383,813081.95,1354433.94,15484204.71,33702223.71,758906.66,00488461,False,False,False
586684,Tvarožná Lhota,921,1577081.79,2711487.84,32767129.82,33052095.82,1517070.79,00285412,False,False,False
586692,Uhřice,764,1561391.0,2278459.2,50756722.91,91856722.91,1466465.0,00285421,False,False,False
586706,Vacenovice,2162,2342585.61,5150868.62,117390313.41,128182234.41,2145462.7,00285439,False,False,False
586714,Velká nad Veličkou,2791,3241478.82,9566692.07,91053972.2,160774567.39,3081063.0,00285447,False,True,False
586722,Veselí nad Moravou,10623,4893584.0,85467867.14,318401043.47,940281375.47,4893584.0,00285455,True,True,False
586731,Věteřov,536,1237243.51,2995672.77,9235737.55,17433737.55,1185156.53,00285463,False,False,False
586749,Vlkoš,1027,1560564.0,4221645.5,18678303.31,23178303.31,1517646.0,00285471,False,False,False
586757,Vnorovy,2914,2073248.66,3383918.93,80033501.44,116113730.44,2054167.0,00285480,False,False,False
586765,Vracov,4496,2683144.0,14444281.23,121193861.35,364934316.82,2683144.0,00285498,False,False,False
586773,Vřesovice,583,1276299.08,3543569.56,11983982.59,12039982.59,1252477.08,00285501,False,False,False
586781,Žádovice,720,1429647.0,2088278.66,25254345.45,32574345.45,1423718.0,00285510,False,False,False
586790,Žarošice,1117,1821058.0,2993207.82,31881139.58,32699479.58,1821058.0,00285528,False,False,False
586803,Ždánice,2543,2419248.9,17642655.4,101338746.84,135992882.84,2381447.56,00285536,False,True,False
586811,Želetice,517,1107293.0,2387787.99,16119754.27,26786754.27,1107293.0,00285544,False,False,False
586820,Žeravice,990,2468618.13,2260008.22,27050576.09,29412423.09,2393400.14,00285552,False,False,False
586838,Žeraviny,182,448289.99,1812464.83,4911460.2,5038460.2,415944.0,00488887,False,False,False
586846,Jihlava,54624,14107473.24,373008561.6,3579995328.97,10643480907.49,12527005.0,00286010,True,True,False
586854,Arnolec,196,635761.29,1683478.78,5151164.89,5261164.89,629374.79,00373613,False,False,False
586862,Batelov,2437,2119366.0,8007479.93,60606420.73,141876371.73,2109605.0,00285595,False,False,False
586871,Lipová,365,1879424.81,1466158.54,16656197.67,24181197.67,1840252.81,46276084,False,False,False
586889,Bílý Kámen,286,599508.0,934013.36,4581767.3,4581767.3,599508.0,00373621,False,False,False
586897,Bítovčice,400,697718.0,1591616.2,19084277.02,27749277.02,696852.0,00839582,False,False,False
586901,Bohuslavice,144,585984.0,308688.5,2598761.94,5104761.94,585984.0,00373630,False,False,False
586919,Rudimov,246,635886.0,1924483.99,14896104.16,19230104.16,633928.0,46276050,False,False,False
586927,Boršov,176,444712.0,294796.51,4398116.97,4398116.97,444712.0,00373648,False,False,False
586943,Brtnice,3817,3444557.32,11196676.09,221562034.9,283101341.9,3025423.0,00285668,False,False,False
586951,Brzkov,352,1217291.0,1931745.49,23175010.95,23445410.95,1217291.0,00285676,False,False,False
586960,Křekov,192,546088.0,643078.09,4263244.96,4353244.96,546088.0,46276041,False,False,False
586978,Cejle,508,1308995.0,3037883.81,17825493.94,29972715.94,1308995.0,00488615,False,False,False
586986,Cerekvička-Rosice,241,813035.0,1059911.69,8870461.0,9181561.0,813035.0,42634644,False,False,False
586994,Vlachova Lhota,216,693460.0,362969.93,7371638.64,7431638.64,693460.0,46276033,False,False,False
587001,Černíč,125,768168.0,1463425.63,7234875.85,9924875.85,768168.0,00285722,False,False,False
587010,Dlouhá Brtnice,378,1501833.9,1566209.4,9672542.78,10396874.98,1485930.0,00373664,False,False,False
587028,Dobronín,1883,1747480.0,10928725.75,60599897.38,67423797.38,1735480.0,00285749,False,False,False
587036,Dobroutov,312,1215071.0,714702.78,64419187.43,110529187.43,1215071.0,00285757,False,False,False
587044,Dolní Cerekev,1233,2791119.0,5768006.01,43270142.31,43620684.31,2785069.0,00285765,False,False,False
587052,Karlovice,231,364631.0,1075082.1,10555708.95,15405708.95,357912.0,46276076,False,False,False
587061,Dolní Vilímeč,97,613092.0,281763.36,5242958.86,7267958.86,613092.0,00373656,False,False,False
587079,Doupě,105,418490.0,581668.38,3327782.78,3599762.78,418490.0,42634695,False,False,False
587087,Dudín,198,676835.0,1778580.88,9608923.61,11197233.64,642000.0,00488623,False,False,False
587095,Dušejov,478,1211393.0,2193007.75,13756478.29,16371622.65,1209061.0,00285811,False,False,False
587109,Dyjice,137,502720.0,593574.0,3807933.91,4467933.91,502720.0,42634679,False,False,False
587117,Čížov,297,965491.0,47422342.39,57452231.0,101952231.0,965491.0,42634491,False,False,False
587125,Hladov,174,649157.0,1327676.87,7776737.68,7996737.68,606696.0,00373681,False,False,False
587141,Hodice,711,1678896.0,1394759.84,23952460.57,26822460.57,1644168.0,00285862,False,False,False
587150,Hojkov,164,795036.0,544796.31,4499703.61,4499703.61,795036.0,00373699,False,False,False
587168,Horní Dubenky,544,1389750.8,2766764.57,20933371.14,23835506.14,1371621.0,00285889,False,False,False
587176,Rančířov,511,826211.0,7422331.86,39154187.44,39154187.44,826211.0,00839574,False,False,False
587184,Borovná,84,379117.0,411242.87,3071188.1,3081188.1,379117.0,42634555,False,False,False
587192,Hostětice,153,212510.0,419808.46,1384280.45,1414280.45,212510.0,00373702,False,False,False
587206,Horní Myslová,91,430550.0,205976.53,1550480.48,1550480.48,430550.0,42634580,False,False,False
587214,Olší,76,243902.0,128069.68,4311740.78,4761740.78,243902.0,42634601,False,False,False
587222,Hubenov,143,469893.0,807399.23,2917874.95,2969874.95,469893.0,00373711,False,False,False
587231,Zadní Vydří,61,271370.0,350974.59,1143401.16,1143401.16,271370.0,42634563,False,False,False
587249,Jamné,583,1085285.1,1596553.07,22888989.7,27697189.7,1054989.1,00285960,False,False,False
587257,Zástřizly,145,601680.0,922242.1,4432401.0,4432401.0,601680.0,00380857,False,False,False
587265,Jersín,198,536136.0,1338907.93,3942173.91,4432173.91,536136.0,00373729,False,False,False
587273,Jezdovice,260,561482.0,2087043.91,5148916.16,5148916.16,561482.0,42634628,False,False,False
587281,Ježená,123,418560.0,276310.0,3067059.85,3067059.85,418560.0,00373737,False,False,False
587290,Jihlávka,232,1267697.0,1065185.85,16444298.18,16854298.18,1202631.0,00286028,False,False,False
587303,Jindřichovice,92,265259.4,157278.85,3145868.79,3155868.79,263574.0,00373745,False,False,False
587320,Kalhov,123,741624.0,918456.82,5686991.27,6726991.27,741624.0,00373753,False,False,False
587338,Kaliště,170,773963.0,2361692.0,7641630.81,8091630.81,773963.0,00286061,False,False,False
587346,Kamenice,1994,2685726.12,2836793.18,61290328.3,70009994.3,2650126.12,00286079,False,False,False
587354,Karolín,258,684203.79,371171.7,14786512.66,19837676.11,678756.0,00380865,False,False,False
587362,Kamenná,185,411489.0,773149.39,3613305.51,3646145.51,411489.0,00373761,False,False,False
587371,Klatovec,73,290311.0,777095.57,3064829.5,4539829.5,285389.0,00373770,False,False,False
587389,Knínice,195,296346.0,514002.47,6697114.81,9635559.33,296346.0,00373788,False,False,False
587397,Prasklice,252,709440.0,724726.51,4565042.08,4635042.08,709440.0,00380849,False,False,False
587401,Kostelec,1024,1846870.0,6147391.15,45950035.98,82144221.17,1846870.0,00286133,False,False,False
587419,Kostelní Myslová,91,237108.0,7039173.9,7708628.55,7708628.55,237108.0,00286141,False,False,False
587427,Kozlov,469,1225735.0,859037.82,8845682.24,9420498.24,1207735.0,00839591,False,False,False
587435,Krahulčí,633,1485289.0,2434749.56,10394651.16,13595298.62,1451157.0,00286168,False,False,False
587443,Krasonice,227,413328.0,641543.26,7149836.45,8182836.45,413328.0,00373796,False,False,False
587451,Lhotka,97,332230.0,836685.97,2177782.4,3877782.4,332230.0,00373800,False,False,False
587460,Stropešín,126,341869.0,643329.8,4492164.49,5232164.49,320981.0,44065507,False,False,False
587478,Luka nad Jihlavou,3172,2852993.46,7097446.1,126003500.6,164866753.31,2850493.46,00286192,False,False,False
587486,Malý Beranov,635,1397868.0,5587967.57,12515345.57,12798845.57,1397868.0,00543713,False,False,False
587494,Markvartice,197,770991.0,4508436.48,6636156.9,6636156.9,734991.0,00488631,False,False,False
587508,Měšín,270,1283450.0,388765.79,10254953.84,10404953.84,1283450.0,00543721,False,False,False
587516,Meziříčko,175,356390.0,1270823.44,3939490.57,3939490.57,356390.0,00373818,False,False,False
587524,Milíčov,144,405908.0,385105.38,5893254.9,12393254.9,405908.0,00373826,False,False,False
587532,Mirošov,168,212510.0,412382.72,7877109.0,7877109.0,212510.0,00373834,False,False,False
587541,Mrákotín,868,1391337.0,3524970.48,27547447.2,28622447.2,1391337.0,00286265,False,False,False
587559,Mysletice,133,426408.0,406960.07,3573473.0,3818473.0,426408.0,42634598,False,False,False
587567,Mysliboř,203,561359.8,1832342.52,9846896.46,11224034.69,533171.0,00286281,False,False,False
587575,Nadějov,188,615957.0,5444991.41,8577752.62,10432752.62,615957.0,00373842,False,False,False
587583,Nevcehle,224,666052.0,571842.3,14314016.72,43817664.52,634729.0,00286303,False,False,False
587591,Nová Říše,871,2513800.0,4296100.27,34175762.54,36269288.54,2441800.0,00286311,False,False,False
587605,Lomy,133,422015.0,355531.81,3435283.7,3555283.7,422015.0,44065493,False,False,False
587613,Olšany,82,267446.0,236473.59,3796016.3,3967016.3,267446.0,00373851,False,False,False
587621,Opatov,203,461615.0,1591868.42,6253527.72,6253527.72,461615.0,00286346,False,False,False
587630,Ořechov,76,410959.0,1143109.47,2374767.42,3797767.42,410959.0,00373869,False,False,False
587648,Otín,89,371010.0,851524.9,2374461.44,2374461.44,371010.0,00373877,False,False,False
587656,Panenská Rozsíčka,261,1649255.0,1384542.23,7045923.35,7965923.35,1649255.0,42634521,False,False,False
587664,Dolní Lažany,159,739238.0,1095987.43,3965273.23,4065273.23,739238.0,44065515,False,False,False
587672,Panské Dubenky,142,457479.0,2524833.73,4475870.47,5235870.47,457479.0,00373885,False,False,False
587681,Pavlov,402,896535.0,2975693.23,13387031.95,14852212.95,835344.0,00286401,False,False,False
587699,Valdíkov,113,597975.0,1002680.93,3494455.7,3814315.7,597975.0,44065523,False,False,False
587702,Plandry,189,523200.0,562582.42,4740276.22,4780276.22,523200.0,00373893,False,False,False
587711,Polná,5277,3800000.96,27811538.05,183218462.61,283848835.87,3689080.96,00286435,False,True,False
587729,Nový Šaldorf-Sedlešovice,1864,2436529.71,3535405.35,30768051.98,38299997.75,2201446.44,44026927,False,False,False
587737,Rodkov,110,619860.0,341033.75,1887492.77,1961492.77,618542.0,00840645,False,False,False
587745,Puklice,896,1834373.4,5149009.65,64483255.11,177903807.59,1829657.0,00286460,False,False,False
587753,Tři Studně,102,884762.0,468842.16,10424690.25,15065068.6,878000.0,00842214,False,False,False
587761,Radkov,224,1052923.0,1232405.3,7478459.89,7478459.89,1052923.0,42634512,False,False,False
587770,Milešín,85,390254.0,449273.78,2071193.1,2071193.1,390254.0,00842249,False,False,False
587788,Rantířov,465,655308.0,1010809.92,36956181.45,36956181.45,655308.0,00543730,False,False,False
587796,Rohozná,414,1087372.0,11341119.02,16130402.71,18978391.71,1087372.0,00286516,False,False,False
587800,Rozseč,184,376010.0,325371.28,2992970.64,3339970.64,376010.0,00488640,False,False,False
587818,Růžená,333,1375299.0,983941.59,8109162.34,8435162.34,1375299.0,00488658,False,False,False
587826,Rybné,124,353160.0,596307.93,2575481.77,2575481.77,353160.0,00373907,False,False,False
587834,Řásná,268,657408.0,1117808.01,4968772.24,5018772.24,651800.0,00286559,False,False,False
587842,Křídla,367,1268943.0,596835.94,16545894.89,16845894.89,1267474.0,00842648,False,False,False
587851,Řídelov,87,425244.0,373984.29,3417298.55,3528298.55,425244.0,00543748,False,False,False
587869,Vlachovice,129,463550.0,1015904.03,12128592.68,12437017.68,463550.0,00842664,False,False,False
587877,Sedlatice,58,448839.0,780315.42,2498669.79,2498669.79,381436.0,00373915,False,False,False
587885,Sedlejov,319,1115551.0,765915.17,13271821.96,18292578.76,1115551.0,00286605,False,False,False
587893,Velké Tresné,97,330938.0,291799.78,1689127.75,1689127.75,330938.0,00842451,False,False,False
587907,Katov,277,457800.0,764878.45,9251361.75,11808098.55,457800.0,00842672,False,False,False
587915,Stáj,187,488940.0,385302.76,2863591.46,2863591.46,488940.0,00543764,False,False,False
587923,Stará Říše,631,1512892.0,2383849.65,21870599.61,26343399.61,1511642.0,00286648,False,False,False
587931,Stonařov,1085,2187166.98,2722923.12,32754311.15,38518032.15,2183444.0,00286656,False,False,False
587940,Strachoňovice,90,377467.0,666932.72,2363616.8,2389616.8,377467.0,47367407,False,False,False
587958,Střítež,481,1314671.0,10175701.86,26943354.65,27391354.65,1314671.0,00286672,False,False,False
587974,Nové Dvory,328,1146532.0,4646372.13,8221530.8,8221530.8,1146532.0,00842231,False,False,False
587982,Suchá,245,1050326.53,861143.19,12568773.77,15728773.77,1045979.0,00373923,False,False,False
587991,Svojkovice,48,212510.0,375212.53,917708.64,1920708.64,212510.0,00373931,False,False,False
588008,Šimanov,231,616992.0,819355.82,6544191.21,6544191.21,616992.0,00373940,False,False,False
588016,Cikháj,104,377799.6,1487421.32,3711853.64,3775753.64,336636.0,00842141,False,False,False
588024,Telč,5134,3898530.82,80812242.14,265145290.23,320764541.03,3897217.76,00286745,True,True,False
588032,Třešť,5790,4143813.84,30467744.0,178768551.11,243773668.11,3910418.0,00286753,False,True,False
588041,Třeštice,162,597090.0,961466.23,6072624.63,7137624.63,588342.0,42634547,False,False,False
588059,Račín,144,597404.0,1470484.11,3446457.22,3526457.22,590282.0,00842311,False,False,False
588067,Urbanov,123,315806.0,2109773.24,4534636.4,6174636.4,315806.0,00286788,False,False,False
588075,Ústí,216,749030.3,2218898.13,13638257.41,18445559.24,728326.0,00286796,False,False,False
588083,Vanov,84,329078.0,390053.75,1192891.29,1757391.29,329078.0,42634539,False,False,False
588091,Vanůvek,37,349800.0,258289.72,1346550.22,1391550.22,349800.0,42634571,False,False,False
588105,Vápovice,40,401687.0,565126.58,1700241.14,1740241.14,382550.0,00373958,False,False,False
588113,Velký Beranov,1315,1781077.25,3498725.84,45895549.06,46288188.14,1781077.25,00286834,False,False,False
588121,Větrný Jeníkov,653,1862627.81,2523448.45,24326345.03,24836345.03,1739067.0,00286842,False,False,False
588130,Věžnice,160,334220.0,646852.31,8967359.35,11194465.35,331572.0,00373966,False,False,False
588148,Věžnička,149,341827.0,1058168.85,3582006.4,10162006.4,341827.0,00373974,False,False,False
588156,Vílanec,315,1134425.44,679408.9,19336449.57,25707449.57,1126466.24,00543772,False,False,False
588164,Volevčice,68,284921.0,875781.64,1604772.34,1719772.34,284921.0,42634687,False,False,False
588172,Vyskytná nad Jihlavou,969,1635500.0,6287347.33,25637005.69,28914433.69,1632061.0,00286893,False,False,False
588181,Vysoké Studnice,418,1048470.0,3945652.13,8378054.15,8582054.15,1048470.0,42634610,False,False,False
588199,Vystrčenovice,124,308321.0,307227.66,1979112.2,2166112.2,308321.0,00373982,False,False,False
588202,Záborná,250,421768.0,708971.01,4153633.12,14283633.12,421768.0,00543781,False,False,False
588211,Zbilidy,221,533664.0,354001.08,8521339.96,10721339.96,533664.0,00373991,False,False,False
588229,Zbinohy,123,399431.0,244932.05,2759551.27,2759551.27,399431.0,00374083,False,False,False
588237,Sazomín,270,1317129.49,559774.73,8490519.88,8490519.88,1286350.05,00842346,False,False,False
588245,Zdeňkov,61,290990.0,205914.54,2785471.3,2810471.3,290990.0,00374229,False,False,False
588253,Zhoř,485,593832.0,989339.2,11405647.13,12525647.13,593832.0,00286974,False,False,False
588261,Zvolenovice,83,329449.0,401692.28,2593932.75,5358932.75,329449.0,42634709,False,False,False
588270,Žatec,110,333396.0,178997.93,1737184.12,2097184.12,333396.0,00374237,False,False,False
588288,Ždírec,440,1213237.0,2609207.67,18013772.64,29756272.64,1213237.0,00287008,False,False,False
588296,Kroměříž,27917,8270271.41,207139575.79,1099683464.0,2005633193.0,8150904.0,00287351,True,True,False
588300,Bařice-Velké Těšany,448,1320861.0,2450680.4,11671400.19,12791400.19,1317858.0,00287024,False,False,False
588318,Bělov,322,470880.0,1067975.14,10644958.53,14839958.53,470880.0,00287032,False,False,False
588326,Bezměrov,537,1361364.0,4433673.98,15554111.49,17054111.49,1361364.0,00287041,False,False,False
588334,Vysoké,205,357086.0,361882.79,3776200.91,3876200.91,357086.0,00842397,False,False,False
588342,Vícenice,203,500522.0,781461.85,2849261.76,2849261.76,500522.0,44065531,False,False,False
588377,Brusné,390,1054968.0,1636018.2,8352978.93,9452978.93,1054968.0,00287091,False,False,False
588385,Břest,988,1895208.0,5577890.13,38361501.29,131883029.29,1894064.0,00287105,False,False,False
588393,Bystřice pod Hostýnem,8002,4719695.0,80600930.05,279199949.17,683090811.77,4719695.0,00287113,True,True,False
588407,Cetechovice,203,1088070.68,1185970.42,6765973.57,8155973.57,1084010.68,00287121,False,False,False
588431,Dřínov,434,1222068.0,2002286.14,11357821.13,11850675.26,1222068.0,00287156,False,False,False
588458,Holešov,11616,8230084.16,76498796.36,624595689.53,787461689.53,6673876.0,00287172,True,True,False
588474,Horní Lapač,284,1250029.0,621471.91,5367420.65,5602420.65,1222421.0,00287199,False,False,False
588482,Hoštice,157,626402.0,1206349.67,4270109.5,4270109.5,622572.0,00544574,False,False,False
588491,Hulín,6414,4016688.0,30640146.13,221506735.29,262379705.47,4016688.0,00287229,False,True,False
588504,Chomýž,358,1045465.44,989143.68,7198032.09,7198032.09,1019655.44,00287237,False,False,False
588512,Chropyně,4642,3620388.57,22039834.73,164120317.87,312603831.87,3550205.39,00287245,False,True,False
588521,Kostelany,653,1698090.39,2864094.35,17224575.95,23909952.95,1619744.0,00287253,False,False,False
588547,Chvalnov-Lísky,231,1161853.83,378846.57,5073879.28,5421879.28,1161853.83,00287270,False,False,False
588555,Jankovice,417,1181158.0,2946747.65,21883773.46,24703516.59,1148728.0,00287288,False,False,False
588563,Jarohněvice,314,381036.0,1942430.88,8417642.71,8542642.71,381036.0,00544515,False,False,False
588598,Komárno,262,1002980.73,924374.96,8345231.6,8705231.6,995144.73,00287326,False,False,False
588601,Koryčany,2732,2536408.95,16317769.85,136769414.33,236440041.33,2492857.0,00287334,False,True,False
588610,Kostelec u Holešova,979,1941224.0,3126232.78,51568435.23,55095897.23,1933112.0,00287342,False,False,False
588628,Kunkovice,78,583679.0,379886.53,1578957.32,1578957.32,581608.0,00544582,False,False,False
588636,Kurovice,265,1038589.51,1463980.49,12862412.56,15672613.53,1000300.0,00287377,False,False,False
588644,Kvasice,2189,2699016.37,18836131.56,82530109.75,126911562.75,2673009.0,00287385,False,False,False
588652,Kyselovice,497,1379168.0,2418918.5,24235072.69,26635072.69,1339926.0,00287393,False,False,False
588661,Lechotice,445,1170714.79,1662561.34,13122729.17,26762729.17,1139694.79,00287407,False,False,False
588695,Litenčice,470,1329070.0,2741016.99,25067323.46,28147323.46,1329070.0,00287431,False,False,False
588709,Loukov,931,1659970.29,2296995.5,21138856.61,26311192.1,1490422.75,00287440,False,False,False
588717,Lubná,465,695045.9,989159.6,10277745.62,19515283.82,688183.0,00287458,False,False,False
588725,Ludslavice,512,1285497.0,1657948.37,20339488.01,22253315.58,1257207.0,00287466,False,False,False
588733,Lutopecny,594,1413574.05,2164110.63,14971340.53,15337340.53,1400837.0,00287474,False,False,False
588741,Martinice,866,1586514.0,3252728.74,27078909.69,31840909.69,1586514.0,00287482,False,False,False
588750,Míškovice,716,1481311.84,1539882.92,29700770.4,35650770.4,1463236.84,00287491,False,False,False
588768,Morkovice-Slížany,2975,2893577.5,12683421.35,118415430.65,159814430.65,2849376.0,00287504,False,True,False
588784,Němčice,383,1047291.0,1628423.61,16598454.71,20688203.71,1047291.0,00544604,False,False,False
588806,Nítkovice,232,1101550.7,1322965.86,7484096.64,8012942.64,1063134.52,00544591,False,False,False
588814,Nová Dědina,436,1314864.83,931928.02,12051170.51,22102070.51,1298657.0,00287555,False,False,False
588822,Osíčko,461,1327869.04,2010979.23,32176522.99,50306058.43,1310029.04,00287563,False,False,False
588831,Pacetluky,247,614247.0,508388.32,3487730.56,3577730.56,607779.0,00287571,False,False,False
588849,Pačlavice,849,1707185.65,2067754.83,60115264.36,60483264.36,1673524.0,00287580,False,False,False
588865,Počenice-Tetětice,696,1608418.3,1397131.52,41117961.61,50572961.61,1478879.0,00287601,False,False,False
588873,Podhradní Lhota,456,1304410.6,2702012.07,15747983.41,16349983.41,1275460.0,00287610,False,False,False
588890,Pravčice,705,1392403.0,3434393.86,68875381.26,74875381.26,1392403.0,00544566,False,False,False
588903,Prusinovice,1181,1599188.0,10321143.8,32580533.01,38940533.01,1597308.0,00287644,False,False,False
588920,Rajnochovice,533,1456323.95,2192884.28,28626259.05,29743259.05,1361674.08,00287661,False,False,False
588938,Rataje,1142,1558144.0,2838618.63,35987792.06,59782185.46,1558144.0,00287679,False,False,False
588946,Roštění,670,1282783.38,1822977.43,7951579.45,8361579.45,1264143.38,00287687,False,False,False
588954,Roštín,696,1722565.93,3340017.06,35777578.33,39862578.33,1659131.86,00287695,False,False,False
588962,Rusava,579,1202341.63,2735530.4,25385634.03,45045634.03,1194461.63,00287709,False,False,False
588971,Rymice,616,1468888.81,1080419.95,86251229.65,107850316.43,1455519.81,00544558,False,False,False
588989,Skaštice,363,915331.0,4105686.73,18000052.33,26615052.33,915331.0,00488909,False,False,False
588997,Slavkov pod Hostýnem,664,1726239.25,2104675.58,20517853.05,33633080.2,1556557.0,00287733,False,False,False
589004,Soběsuky,395,1065436.0,1047245.71,9490632.98,9647632.98,1065436.0,00287741,False,False,False
589039,Střílky,607,1260219.45,1495212.22,27719502.51,29153672.67,1260219.45,00287776,False,False,False
589047,Střížovice,249,815996.34,900478.55,6153905.28,6331216.28,782446.36,00287784,False,False,False
589055,Sulimov,152,315842.0,655749.78,6629093.8,6847093.8,315842.0,00287792,False,False,False
589080,Troubky-Zdislavice,420,1322094.46,2750130.69,13773066.5,14183066.5,1322094.46,00287822,False,False,False
589098,Třebětice,284,817860.0,1088156.45,11763881.55,24328433.27,817500.0,00544540,False,False,False
589110,Uhřice,179,730262.0,1109176.57,7586704.34,8937124.19,728962.0,00287857,False,False,False
589128,Věžky,453,1441745.25,1435241.12,17874998.67,26202179.67,1190533.0,00287865,False,False,False
589136,Vítonice,385,1202517.87,1123320.15,9768887.72,16028887.72,1057509.87,00380873,False,False,False
589152,Zahnašovice,312,1338606.5,2669815.73,9616234.96,9976234.96,1290543.0,00287890,False,False,False
589161,Záříčí,746,1649219.02,3404072.17,20493362.54,36743362.54,1547354.75,00287903,False,False,False
589187,Zborovice,1428,2233755.7,4068384.15,66894393.52,108636893.52,2197242.2,00287920,False,False,False
589195,Zdounky,2077,3008661.0,7694823.93,82357118.39,93517298.39,2873286.0,00287938,False,False,False
589217,Zlobice,594,1500947.0,2806740.48,24118322.59,49723322.59,1500947.0,00287954,False,False,False
589225,Žalkovice,588,1251733.46,1748106.1,17066119.69,17726119.69,1227230.46,00287962,False,False,False
589233,Žeranovice,801,1667162.19,1741279.31,28253242.87,35336642.87,1659159.19,00287971,False,False,False
589250,Prostějov,43408,15342572.58,325727019.23,1765336547.3,3756751158.49,15189684.26,00288659,True,True,False
589268,Bedihošť,1153,1855548.0,3231409.17,49129397.15,50974677.15,1848879.0,00288004,False,False,False
589276,Bílovice-Lutotín,513,1173029.0,3012734.58,11845649.22,11845649.22,1173029.0,00288012,False,False,False
589284,Biskupice,317,638312.0,755287.24,8047359.18,13623165.8,638312.0,00288021,False,False,False
589292,Bohuslavice,449,840223.15,1709682.27,16265801.91,16265801.91,840223.15,00288039,False,False,False
589306,Bousín,127,921820.0,1104204.82,9763040.01,10263040.01,921820.0,00288047,False,False,False
589314,Brodek u Konice,798,1916073.0,2787524.97,18784760.7,20295475.5,1910073.0,00288055,False,False,False
589322,Brodek u Prostějova,1477,2243061.66,4335729.87,65067403.25,110779041.25,2243061.66,00288063,False,False,False
589331,Březsko,203,354991.0,993356.72,3176157.39,3241157.39,330402.0,00599981,False,False,False
589349,Budětsko,413,1141184.33,938540.04,7749711.8,16862211.8,1119734.33,00599999,False,False,False
589357,Buková,288,869589.0,834139.51,8823335.23,18731448.23,827218.0,00288098,False,False,False
589365,Čehovice,523,1331025.0,4044491.64,11617233.06,11868641.06,1326976.0,00288101,False,False,False
589381,Čechy pod Kosířem,1129,1712816.0,5506203.76,38670235.87,46485211.87,1712816.0,00288128,False,False,False
589390,Čelčice,514,1201813.0,4191946.03,73498776.47,130932668.22,1201813.0,00288136,False,False,False
589403,Čelechovice na Hané,1329,1873475.48,3458651.13,40798015.02,49413331.02,1757700.48,00288144,False,False,False
589420,Dětkovice,541,1127244.89,2114874.74,9400279.39,9480279.39,1127244.89,00600008,False,False,False
589438,Dobrochov,363,1148033.11,2966520.22,11386797.02,11666797.02,1148033.11,47922311,False,False,False
589446,Dobromilice,797,1502479.42,2812124.92,24538611.42,24538611.42,1502479.42,00288187,False,False,False
589454,Doloplazy,523,1228176.0,2331218.54,27575617.48,27835617.48,1228176.0,00288195,False,False,False
589462,Drahany,523,1229715.0,4576781.44,14410158.3,14977921.3,1229715.0,00288209,False,False,False
589489,Dřevnovice,460,1548484.0,1315891.61,14540844.62,16471244.62,1518174.0,00547905,False,False,False
589497,Dzbel,244,953384.0,804498.38,4702127.76,5374127.76,951904.0,47922575,False,False,False
589501,Hluchov,337,1251281.95,1660120.19,30413409.86,39798959.05,1251281.95,00288241,False,False,False
589519,Horní Štěpánov,894,1379500.0,1923406.48,75147079.61,80847079.61,1379500.0,00288250,False,False,False
589527,Hradčany-Kobeřice,398,1256867.0,1178317.96,10528289.72,33858289.72,1238817.0,00530468,False,False,False
589535,Hrdibořice,209,473496.0,988435.54,9928030.48,9928030.48,473496.0,00288276,False,False,False
589543,Hrubčice,855,1510814.0,1642629.33,25351655.66,35322655.66,1487814.0,00288284,False,False,False
589560,Hvozd,655,1418230.47,1274326.67,15111971.94,15639971.94,1389820.47,00288306,False,False,False
589578,Ivaň,465,1166536.0,2145138.5,51837509.23,51998509.23,1166536.0,00288314,False,False,False
589586,Jesenec,290,1053594.68,1981154.14,6739872.75,6739872.75,1020700.0,00288322,False,False,False
589594,Kladky,347,1094970.3,2425208.39,13507481.44,15507481.44,1091718.0,00288331,False,False,False
589608,Klenovice na Hané,823,1654612.05,3439068.62,119295998.01,126950998.01,1610502.0,00288349,False,False,False
589616,Klopotovice,302,455184.0,1515538.42,6577818.23,19793818.23,455184.0,00288357,False,False,False
589624,Konice,2664,2770455.93,49148825.85,192432627.29,407918527.28,2714055.93,00288365,True,True,False
589632,Kostelec na Hané,2832,3428659.9,11669028.45,140374777.18,157441272.99,3425277.9,00288373,False,False,False
589641,Koválovice-Osíčany,262,1014136.21,1787355.8,15505452.19,19821226.97,962595.0,00600024,False,False,False
589659,Kralice na Hané,1708,1745292.0,6288915.82,37126268.61,37594268.61,1745292.0,00288390,False,False,False
589667,Krumsín,584,1120809.0,2207295.58,29155852.07,35150852.07,1120809.0,00288403,False,False,False
589675,Laškov,567,1653287.0,3991090.3,22394262.67,33894262.67,1635207.0,00288411,False,False,False
589683,Lešany,398,957624.0,1327295.66,23834255.05,27983916.94,957624.0,00288420,False,False,False
589691,Lipová,715,1395836.63,1588158.65,93632524.04,121187236.66,1392746.63,00288438,False,False,False
589705,Ludmírov,531,1181410.72,2128802.93,22047442.69,22047442.69,1163821.72,00288446,False,False,False
589713,Malé Hradisko,385,1156802.0,1256732.76,10327634.97,57851524.97,1130312.0,00288454,False,False,False
589721,Mořice,529,1081131.78,3330804.93,37895674.46,40915674.46,1081131.78,00288462,False,False,False
589730,Mostkovice,1646,2555541.0,15082029.63,49865143.24,63959043.24,2555541.0,00600032,False,False,False
589748,Myslejovice,670,1753795.0,3772909.1,16507217.69,18757217.69,1753795.0,00288489,False,False,False
589756,Němčice nad Hanou,1918,3143800.95,25124162.78,132367813.96,219517184.16,3142000.95,00288497,False,True,False
589764,Nezamyslice,1490,2019923.74,4050944.79,48372083.27,108390095.77,2016032.74,00288501,False,False,False
589772,Niva,329,976493.0,1064192.46,10143363.51,12042352.51,976493.0,00288519,False,False,False
589799,Obědkovice,267,1263532.0,1256326.06,6143567.94,6592896.94,1263532.0,00488569,False,False,False
589802,Ohrozim,468,1397841.0,2074510.01,10670626.52,11155626.52,1397841.0,00288543,False,False,False
589811,Ochoz,203,395922.0,1279646.85,6181317.01,6944630.19,395922.0,00600041,False,False,False
589829,Olšany u Prostějova,1867,2769156.0,11618102.39,113197896.4,145708346.4,2769156.0,00288560,False,False,False
589837,Ondratice,345,1196565.0,1197463.96,19419923.48,38295923.48,1196565.0,00288578,False,False,False
589845,Otaslavice,1302,2224517.0,3971340.61,62892033.62,66526809.62,2224517.0,00288586,False,False,False
589853,Otinoves,282,1180779.0,1197837.94,8442789.11,11452789.11,1154084.0,00288594,False,False,False
589870,Pěnčín,752,1381237.0,2107882.23,17039462.8,20134462.8,1355006.0,00288616,False,False,False
589888,Pivín,756,1517636.0,3681952.36,22340238.69,22340238.69,1517636.0,00288624,False,False,False
589896,Plumlov,2254,2962910.49,11095929.21,119327685.19,172593161.07,2957310.49,00288632,False,False,False
589918,Prostějovičky,315,1099441.21,2145694.58,8365788.56,8365788.56,1099441.21,00288667,False,False,False
589926,Protivanov,1090,1690724.72,2531015.47,29983528.81,30130016.81,1690724.72,00288675,False,False,False
589934,Přemyslovice,1218,2377262.0,7833571.72,42148002.55,43985002.55,2377262.0,00288683,False,False,False
589942,Ptení,1097,2063662.0,3310033.98,78101047.43,128971047.43,2045402.0,00288691,False,False,False
589951,Raková u Konice,195,634944.0,2109259.39,6257973.32,6549211.34,634944.0,00600067,False,False,False
589969,Rakůvka,112,654000.0,694792.24,3157079.4,3267079.4,654000.0,00600075,False,False,False
589977,Rozstání,624,1485198.0,3285494.99,17219736.68,17622836.68,1485198.0,00288721,False,False,False
589993,Skalka,269,494402.0,1475468.46,14201729.04,14249289.04,494402.0,00288748,False,False,False
590002,Skřípov,332,1143574.0,1382574.89,11392914.82,12192914.82,1139604.0,00600083,False,False,False
590011,Slatinky,590,1577403.73,7886015.99,15965942.11,32985942.11,1565403.73,00288764,False,False,False
590029,Smržice,1654,2762569.0,7961553.76,26381885.58,61546108.58,2738061.0,00288772,False,False,False
590045,Srbce,77,359137.0,351240.11,1836365.5,1916365.5,333322.0,47922541,False,False,False
590053,Stařechovice,548,1033654.0,2739756.84,19291175.28,22691175.28,1033654.0,00288802,False,False,False
590061,Stínava,167,504174.0,671398.04,4573169.05,5245643.05,504174.0,62858297,False,False,False
590070,Stražisko,444,1076050.68,3569953.05,25517832.03,25617832.03,1044798.68,00288829,False,False,False
590088,Suchdol,575,1361661.0,1155340.65,12488149.12,12885149.12,1349176.0,00288837,False,False,False
590096,Šubířov,258,1072881.97,2162334.19,7338915.11,10293325.11,1072881.97,00288845,False,False,False
590100,Tištín,468,1184104.0,1497090.59,17984653.96,36334653.96,1184104.0,00288853,False,False,False
590118,Tvorovice,295,1149955.56,1073760.6,14126243.57,22715701.04,1149146.56,00487872,False,False,False
590126,Určice,1397,1632179.24,4678090.14,62815611.28,87103340.28,1621382.52,00288870,False,False,False
590134,Víceměřice,574,1358441.7,4815812.91,77828261.52,78608293.52,1348007.0,00288888,False,False,False
590142,Vícov,568,1159007.25,2860721.28,18903143.48,19537943.48,1133449.25,00288896,False,False,False
590151,Vitčice,182,395925.0,1420020.64,6727411.33,6997411.33,386904.0,00600091,False,False,False
590177,Vranovice-Kelčice,617,1729178.0,2776633.44,19381261.25,19631261.25,1729178.0,00288926,False,False,False
590185,Vrbátky,1729,2229564.72,11538355.57,57817175.75,108393088.75,2227564.72,00288934,False,False,False
590193,Vrchoslavice,606,1621118.56,2128117.24,42869422.54,46217021.71,1621118.56,00288942,False,False,False
590207,Vřesovice,579,1149517.0,1548723.66,27246058.47,30834938.47,1149517.0,00288951,False,False,False
590215,Výšovice,604,1242853.0,3661508.04,17738699.76,21078699.76,1212933.0,00288969,False,False,False
590223,Zdětín,390,1188969.6,1434725.18,9633493.84,11333569.75,1138573.0,00600105,False,False,False
590240,Želeč,584,1250021.46,1709100.86,25638845.21,29080509.57,1226221.46,00288993,False,False,False
590266,Třebíč,34530,9436098.85,243654322.84,1523133719.96,3337537067.94,8386561.67,00290629,True,True,False
590274,Babice,215,1013447.0,1057353.33,6828752.53,6897752.53,1012837.0,00375357,False,False,False
590282,Bačice,200,1149236.0,1612027.68,4849975.29,4849975.29,1149236.0,00375365,False,False,False
590304,Benetice,196,398940.0,705192.79,6844686.87,7774686.87,398940.0,00375381,False,False,False
590312,Biskupice-Pulkov,257,487884.0,1939748.18,4329903.42,4329903.42,487884.0,00375390,False,False,False
590321,Blatnice,374,1307191.0,1446862.93,10828521.59,11043521.59,1279278.0,00375403,False,False,False
590347,Bochovice,149,961372.0,738511.12,6295173.3,12441773.3,961372.0,00376094,False,False,False
590363,Bransouze,213,472474.0,516571.43,4633990.69,6733990.69,472474.0,00545635,False,False,False
590371,Brtnička,98,294666.0,424405.05,1859976.09,1859976.09,291109.0,00376396,False,False,False
590380,Březník,689,1746837.48,1616234.63,18528520.72,19205520.72,1729770.48,00289132,False,False,False
590401,Budišov,1197,1993478.69,3722194.44,35026601.25,36459072.25,1935434.0,00289159,False,False,False
590410,Budkov,356,493472.0,840354.87,28793120.66,30928120.66,479522.0,00289167,False,False,False
590428,Cidlina,94,285060.0,246381.11,3395844.13,4395844.13,285060.0,60418541,False,False,False
590436,Čáslavice,564,1168649.0,1920768.41,25429471.85,31049471.85,1133453.0,00289183,False,False,False
590444,Čechočovice,346,508700.0,807556.57,12994067.24,26060441.92,508700.0,00376779,False,False,False
590452,Čechtín,312,492901.0,1567524.97,7275039.47,8685039.47,492901.0,00289205,False,False,False
590461,Červená Lhota,185,442009.0,464404.62,4859029.99,4979029.99,442009.0,00376787,False,False,False
590479,Číhalín,240,551224.39,443554.43,7655531.31,7655731.31,525060.0,00376795,False,False,False
590487,Číchov,223,294817.56,1102795.64,3822265.67,4117265.67,287776.0,00545643,False,False,False
590495,Čikov,195,814565.76,505208.16,8987486.42,10512486.42,760166.0,00376809,False,False,False
590509,Číměř,230,341681.0,476941.88,3084987.15,3784987.15,340080.0,00376817,False,False,False
590517,Dalešice,570,1355551.0,1416978.99,47242908.72,50922908.72,1315719.0,00289264,False,False,False
590525,Dědice,143,284450.0,331779.14,3196902.2,3196902.2,284450.0,00376825,False,False,False
590533,Dešov,454,866927.0,1195414.95,20572934.02,20852934.02,866927.0,00289281,False,False,False
590550,Dolní Vilémovice,425,748176.0,849296.96,9115178.36,9155178.36,748176.0,00289302,False,False,False
590568,Domamil,315,640922.0,1166220.19,7648657.67,8183657.67,640922.0,00289311,False,False,False
590576,Dukovany,854,2148784.44,5505993.15,52718911.23,53298911.23,1902825.0,00289329,False,False,False
590584,Hartvíkovice,573,1313774.0,983027.29,11930840.73,13860840.73,1277245.0,00289337,False,False,False
590592,Heraltice,387,670621.0,1011458.61,10462254.41,12265006.41,670621.0,00376833,False,False,False
590614,Hluboké,213,632300.0,492182.29,6458091.97,6505091.97,632300.0,00376841,False,False,False
590622,Hodov,311,585444.0,693655.52,5314957.0,6574957.0,585444.0,00376850,False,False,False
590631,Horní Heřmanice,142,489917.0,407350.35,4664462.23,12606462.23,489917.0,00376965,False,False,False
590649,Horní Újezd,251,1119393.0,738589.61,8007780.05,8184380.05,1099717.94,00376981,False,False,False
590657,Horní Vilémovice,77,302800.0,450563.23,2302437.96,2534944.8,302800.0,00376990,False,False,False
590665,Hornice,67,376027.0,737252.34,2452927.79,2639927.79,376027.0,00377252,False,False,False
590673,Hrotovice,1784,2028880.98,12196187.45,167300198.99,191428547.51,1931532.0,00289426,False,True,False
590681,Hrutov,100,214397.0,1210167.45,2310735.63,2642261.63,214397.0,00377279,False,False,False
590690,Hvězdoňovice,108,277486.61,592472.63,4766265.38,6192265.38,271370.0,00377287,False,False,False
590703,Chlístov,301,399798.07,700912.81,11124416.2,11251416.2,391683.0,00377295,False,False,False
590711,Chlum,148,1020935.3,685368.68,4514117.44,5596117.44,1013391.0,00377309,False,False,False
590746,Jakubov u Moravských Budějovic,678,711877.17,1017851.14,28927749.27,44003749.27,710788.17,00289493,False,False,False
590754,Jaroměřice nad Rokytnou,4087,2227448.91,14822960.98,115727792.31,121067113.31,2156976.15,00289507,False,True,False
590762,Jasenice,187,602424.75,1352942.95,3877781.99,3877781.99,582036.0,00377562,False,False,False
590789,Jemnice,3964,4440869.93,20925279.28,131758020.12,220713020.12,3643821.78,00289531,False,True,False
590797,Jinošov,273,642062.0,1167578.35,10807000.89,11151300.89,642062.0,00289540,False,False,False
590801,Kamenná,224,541200.0,681456.64,5510360.35,6292360.35,541200.0,00377589,False,False,False
590819,Kdousov,116,317150.0,347878.94,2416357.01,4941357.01,317150.0,00377597,False,False,False
590827,Kladeruby nad Oslavou,203,334343.0,682993.88,3829111.85,3829111.85,332846.0,00377601,False,False,False
590835,Klučov,173,366078.0,354012.37,2659761.31,4944761.31,360036.0,00377619,False,False,False
590843,Kněžice,1407,1611934.0,5454153.07,47686307.43,49625672.65,1611934.0,00289591,False,False,False
590851,Kojatice,247,771369.0,1183480.75,2732370.22,3230670.22,771369.0,00377627,False,False,False
590860,Kojetice,460,1202000.0,3285706.12,12819894.51,13239894.51,1193134.0,00289612,False,False,False
590878,Komárovice,121,413479.0,370426.04,2050103.61,2450103.61,411839.0,00377724,False,False,False
590886,Koněšín,507,1040098.0,1826914.76,12251182.6,12561182.6,1040098.0,00377732,False,False,False
590894,Kostníky,193,565314.0,1085448.05,6460518.39,6640518.39,562468.0,00377741,False,False,False
590908,Kouty,403,536280.0,986075.97,7068553.7,8548978.7,536280.0,00289655,False,False,False
590916,Kozlany,134,243902.0,344392.39,3844054.82,3941733.22,243902.0,00377759,False,False,False
590941,Kralice nad Oslavou,1010,1503831.0,2632278.63,35667038.74,35667038.74,1503831.0,00289698,False,False,False
590959,Kramolín,131,487335.0,325120.83,3262565.97,3830565.97,483960.0,00377970,False,False,False
590967,Krhov,177,492916.0,870172.74,4113247.0,4158247.0,482666.0,00377988,False,False,False
590975,Krokočín,210,803984.81,379150.32,6111425.07,6971102.71,803984.81,00377996,False,False,False
590983,Lesná,97,277910.0,212626.02,5860001.07,6707012.07,277910.0,00378020,False,False,False
590991,Lesní Jakubov,121,294914.0,531467.94,3221407.19,3221407.19,294914.0,00378038,False,False,False
591009,Lesonice,490,822036.0,1717658.83,18917580.73,26708580.73,822036.0,00289752,False,False,False
591025,Lhánice,174,392871.0,217937.81,8065129.98,8090129.98,390920.0,00378054,False,False,False
591041,Lipník,429,509655.0,721159.07,9958300.08,12218300.08,509655.0,00289795,False,False,False
591068,Litovany,124,416137.0,1940646.01,4537428.76,4637428.76,415178.0,00378119,False,False,False
591092,Loukovice,128,379910.0,470803.52,7189276.51,10136276.51,363026.0,00378127,False,False,False
591114,Markvartice,288,481458.0,1033072.0,8428496.69,8934004.69,481458.0,00378143,False,False,False
591122,Mastník,208,587292.0,456084.56,3752082.36,3947082.36,587292.0,00378160,False,False,False
591149,Meziříčko,85,383244.0,230210.39,5612140.79,6112140.79,383244.0,00378178,False,False,False
591157,Mikulovice,210,454692.0,999406.68,8088536.53,8233536.53,454692.0,00378186,False,False,False
591165,Mladoňovice,398,701272.0,3072954.19,16992002.74,19277002.74,701272.0,00378194,False,False,False
591173,Mohelno,1386,1795969.0,2931248.0,46979389.56,48459389.56,1766469.0,00289922,False,False,False
591181,Moravské Budějovice,7098,5588991.66,66944523.49,247193223.08,577040230.78,4717136.16,00289931,True,True,False
591190,Myslibořice,685,1363604.66,1855322.48,21394614.88,26319614.88,1319740.0,00289949,False,False,False
591211,Náměšť nad Oslavou,4767,3261037.0,43646389.66,246470140.5,383414008.23,3222920.0,00289965,True,True,False
591220,Nárameč,352,1316505.0,1322472.56,8789515.66,9007515.66,1316505.0,00378216,False,False,False
591238,Nimpšov,57,432576.0,220216.82,1725051.04,1931051.04,432576.0,00378232,False,False,False
591246,Nová Ves,263,445006.6,1101800.6,9087510.05,10872510.05,432948.0,00545651,False,False,False
591254,Nové Syrovice,921,2165229.0,2061794.75,25526703.02,28592541.02,2079974.0,00290009,False,False,False
591262,Nový Telečkov,99,350643.0,251355.58,2097416.24,2151416.24,350643.0,00378259,False,False,False
591289,Odunec,90,334297.0,305966.3,2889802.22,2966802.22,334297.0,00378275,False,False,False
591297,Okarec,100,807203.92,588270.27,2190352.39,2782352.39,769176.0,00378283,False,False,False
591301,Okříšky,2018,2822277.36,6068201.71,57709342.46,62367416.46,2688168.4,00290050,False,False,False
591319,Opatov,762,2033500.0,4795995.23,45328968.62,48809095.62,2011834.0,00290068,False,False,False
591327,Oponešice,183,343310.0,414043.86,3287475.93,4057475.93,343310.0,00378291,False,False,False
591335,Ostašov,189,413258.03,362365.12,2833281.13,3145281.13,411326.26,00378313,False,False,False
591360,Petrovice,414,782293.0,1253010.08,8044210.15,8841610.15,782293.0,00378470,False,False,False
591378,Petrůvky,134,1025163.0,682123.3,8365893.32,35419893.32,1004163.0,00378488,False,False,False
591394,Police,317,1670627.79,1883017.63,10490040.97,11499667.97,1666627.79,00290149,False,False,False
591408,Popůvky,67,464340.0,356127.62,6880491.06,6910491.06,464340.0,00378453,False,False,False
591416,Pozďatín,162,457800.0,517271.08,7898711.29,10234711.29,457800.0,00378356,False,False,False
591424,Přeckov,76,270710.0,397735.4,1425483.6,1466483.6,270710.0,00378364,False,False,False
591432,Předín,678,1392134.0,3517527.63,27415094.43,28850259.43,1385398.0,00290181,False,False,False
591441,Přešovice,136,336764.35,378213.4,5177364.28,5379364.28,336764.35,00378348,False,False,False
591459,Přibyslavice,796,1359250.53,4270718.27,25484228.89,25547228.89,1359250.53,00290203,False,False,False
591491,Pucov,169,408136.0,618401.27,3697787.09,4487787.09,408136.0,00378330,False,False,False
591505,Pyšel,475,1412999.0,890615.72,15098394.78,16608394.78,1354929.0,00290254,False,False,False
591521,Račice,87,382500.0,309703.07,4030471.11,7570471.11,382500.0,00378526,False,False,False
591548,Radkovice u Hrotovic,333,542820.0,973081.78,10841372.91,10991372.91,542820.0,00290297,False,False,False
591556,Radonín,90,380987.0,406677.55,2644341.55,2644341.55,380987.0,00545660,False,False,False
591564,Radošov,161,383700.0,837527.56,5547143.87,6542143.87,383700.0,00378551,False,False,False
591581,Rapotice,535,1001234.0,1467355.43,11303238.47,11704238.47,1001234.0,00290335,False,False,False
591602,Rohy,117,410050.0,296308.8,30790782.37,42617782.37,401246.0,00378569,False,False,False
591611,Rokytnice nad Rokytnou,835,1346549.62,6454742.88,25778259.72,29298259.72,1346549.62,00290360,False,False,False
591629,Rouchovany,1210,2421267.43,4515603.92,64073114.69,121430114.69,2288197.53,00290378,False,False,False
591637,Rudíkov,772,1429927.31,2803498.38,26531479.76,29270579.76,1401448.31,00290386,False,False,False
591645,Římov,421,1105140.0,5285613.86,10233782.15,10503782.15,1077577.0,00378577,False,False,False
591661,Senorady,389,1325964.14,744524.73,9490291.45,16910291.45,1313403.14,00378593,False,False,False
591688,Slavětice,220,689056.28,850235.54,13029146.67,13529146.67,678806.28,00378615,False,False,False
591700,Slavičky,300,551654.77,527012.66,7014825.56,7139825.56,550667.77,00378607,False,False,False
591726,Smrk,307,1026458.0,1074487.0,6016988.03,7524159.03,1026458.0,00378623,False,False,False
591742,Stařeč,1691,1881538.31,3242327.06,34179507.94,35190853.94,1804298.0,00290491,False,False,False
591769,Studenec,631,1132905.0,2022967.47,53338469.8,58048469.8,1062870.5,00290513,False,False,False
591777,Studnice,132,340582.91,267239.11,3717752.91,3746752.91,328975.0,00378631,False,False,False
591785,Sudice,343,1385850.0,616572.81,11486624.66,15671824.66,1385850.0,00378691,False,False,False
591793,Svatoslav,267,396996.0,254266.53,3463414.05,5303414.05,396996.0,00290548,False,False,False
591807,Šebkovice,489,1636364.0,849935.46,15687578.01,15887578.01,1636364.0,00290556,False,False,False
591815,Štěměchy,306,640212.0,14764533.32,32194797.98,45331297.98,640212.0,00378704,False,False,False
591823,Štěpkov,111,320460.09,688406.17,2387015.48,8977015.48,320460.09,00378712,False,False,False
591831,Tasov,673,1743004.41,2147131.36,16949747.5,17479747.5,1703715.0,00290581,False,False,False
591840,Trnava,762,1274070.0,1058603.67,26762300.09,29077300.09,1274070.0,00290599,False,False,False
591858,Třebelovice,424,1287276.18,812805.59,10688074.51,11659074.51,1287276.18,00290602,False,False,False
591866,Třebenice,465,544005.0,1122364.93,14514408.38,16269408.38,544005.0,00545627,False,False,False
591874,Valeč,848,1419775.0,1277691.07,39987684.18,60217684.18,1419775.0,00290637,False,False,False
591904,Vladislav,1171,1644665.0,4257468.71,34179748.91,36479748.91,1625663.0,00290661,False,False,False
591912,Vlčatín,146,482666.0,288343.69,3267065.31,3887065.31,482666.0,00599182,False,False,False
591939,Výčapy,855,1776533.0,2075665.05,31659433.61,31809433.61,1748724.0,00290696,False,False,False
591947,Zahrádka,137,362930.0,469782.2,8186745.97,10653745.97,362930.0,00599191,False,False,False
591955,Zárubice,131,309698.0,381114.12,2881522.48,7548410.48,309698.0,00599204,False,False,False
591963,Zašovice,134,1023946.0,199860.15,2437985.93,2437985.93,1023946.0,00599255,False,False,False
591980,Zvěrkovice,216,623711.47,878197.44,7255755.34,13485755.34,615220.47,44065540,False,False,False
591998,Želetava,1488,1468509.16,3235574.38,39325861.56,40736923.56,1459968.0,00290751,False,False,False
592005,Uherské Hradiště,24887,10101672.19,217043315.45,1027566363.77,2719435267.42,9071759.0,00291471,True,True,False
592013,Babice,1862,1973112.02,4232242.56,88373836.5,93921836.5,1863624.02,00290777,False,False,False
592021,Bánov,2178,3044097.6,4525563.24,94596967.98,103228967.98,3002822.0,00290785,False,False,False
592030,Bílovice,1935,2259983.22,6460017.88,49363074.41,52084037.41,2185599.0,00290793,False,False,False
592048,Bojkovice,4422,4037822.76,20726489.73,159037417.86,193747209.52,3908604.0,00290807,False,True,False
592056,Boršice u Blatnice,805,1959974.52,2890265.38,34231965.17,34231965.17,1870016.0,00290815,False,False,False
592064,Boršice,2199,3135794.62,10270823.95,107530170.68,167390071.95,3055827.62,00290823,False,False,False
592072,Břestek,880,1466796.37,3459798.29,26526285.85,38204468.01,1439967.37,00542253,False,False,False
592081,Březolupy,1715,2565197.96,4242272.96,54842871.56,114392023.56,2489680.04,00290840,False,False,False
592099,Březová,966,1555280.38,4354055.53,37996728.2,38805728.2,1539697.75,00290858,False,False,False
592102,Buchlovice,2397,2728023.47,9726340.32,101893464.98,156311359.98,2719031.3,00290866,False,False,False
592111,Bystřice pod Lopeníkem,864,2372448.0,4664074.56,34636614.66,39412614.66,2359888.0,00290874,False,False,False
592137,Částkov,381,1392288.12,1397719.87,8564583.95,9029583.95,1383197.92,00360392,False,False,False
592145,Dolní Němčí,2866,3627358.67,14286228.02,92906208.98,108840908.98,3355908.0,00290904,False,False,False
592153,Drslavice,512,1231845.9,1493689.99,16729980.83,17386385.95,1228140.9,00360597,False,False,False
592170,Hluk,4254,3630905.69,17449655.45,144123595.75,155230817.75,3600088.99,00290939,False,False,False
592188,Horní Němčí,809,1557189.0,2551825.54,37410553.63,39616682.37,1483796.0,00290947,False,False,False
592196,Hostějov,41,313266.0,327763.51,3257609.7,3531609.7,313266.0,00362166,False,False,False
592200,Hradčovice,1009,1629392.58,12268958.94,36599029.55,42293329.55,1629392.58,00290963,False,False,False
592218,Huštěnovice,998,1618389.13,1764301.95,24695595.45,55913215.45,1529288.0,00290971,False,False,False
592226,Jalubí,1821,2260488.53,3167877.79,43423847.84,48774249.92,2165415.53,00290980,False,False,False
592234,Jankovice,454,791631.0,2134200.4,58181267.16,58801267.16,770412.0,00542369,False,False,False
592251,Kelníky,160,1080512.44,642507.45,9218108.67,9838108.67,1074949.44,00568589,False,False,False
592269,Kněžpole,1055,1958283.0,4583806.15,30999775.41,32009775.41,1875611.0,00291013,False,False,False
592277,Komňa,510,1243951.22,2430817.69,16441235.16,29537485.16,1181184.22,00207438,False,False,False
592285,Korytná,902,1539902.81,2124671.64,35077636.17,45447666.17,1534902.81,00291030,False,False,False
592293,Kostelany nad Moravou,889,1403006.28,4033221.57,23478688.79,24138688.79,1381429.28,00291048,False,False,False
592307,Košíky,431,605440.0,2769750.93,7547440.77,9317440.77,551849.0,00542377,False,False,False
592323,Kudlovice,978,1483509.99,3357450.61,26128299.96,28418299.96,1405196.99,00291072,False,False,False
592340,Lopeník,230,795573.0,2622669.46,8721495.91,9383495.91,733850.0,00542245,False,False,False
592366,Medlovice,455,1954330.19,2764667.86,14067634.14,23837634.14,1909345.19,00362174,False,False,False
592382,Mistřice,1180,2258214.0,3457443.8,43166767.81,69867332.21,2161966.0,00291129,False,False,False
592391,Modrá,698,1732817.51,5896611.39,33832947.54,41305947.54,1567121.08,00362344,False,False,False
592404,Nedachlebice,784,1832301.2,4027719.59,21394703.43,29758228.94,1794714.0,00291145,False,False,False
592412,Nedakonice,1636,2329734.83,2299615.26,29923240.24,40563240.24,2301879.84,00291153,False,False,False
592421,Nezdenice,706,1601160.0,2109405.59,22883792.06,28631527.06,1601160.0,00291161,False,False,False
592439,Nivnice,3378,3265223.0,11571648.18,136287589.73,137782432.01,3265223.0,00291170,False,False,False
592447,Ořechov,797,1021116.26,1785259.8,54023748.44,80328748.44,1007711.26,00542300,False,False,False
592455,Ostrožská Lhota,1481,2294001.86,3928133.06,46505338.74,48479266.76,2052435.0,00291196,False,False,False
592463,Ostrožská Nová Ves,3401,3400711.0,8490195.68,62113339.87,108798190.87,3400711.0,00291200,False,False,False
592471,Osvětimany,884,1535899.3,3450837.17,35293338.36,35958042.36,1511899.3,00291218,False,False,False
592480,Pašovice,710,1809472.0,1659916.22,13366582.46,13366582.46,1746459.0,00542326,False,False,False
592498,Pitín,907,1968009.0,4122508.43,33781934.04,37860728.04,1968009.0,00291234,False,False,False
592501,Podolí,887,1756002.0,1376167.7,71807245.75,77077245.75,1643382.0,00291242,False,False,False
592510,Polešovice,2036,3401072.39,5749158.67,107034735.7,160737351.76,3115180.83,00291251,False,False,False
592528,Popovice,985,1560291.17,1961187.18,24187433.75,30707433.75,1534281.17,00291269,False,False,False
592536,Prakšice,1004,2046348.59,2577523.69,16893388.22,79479712.56,1930630.0,00291277,False,False,False
592552,Rudice,437,1228045.0,1361471.37,17514424.31,20364424.31,1206725.0,00542270,False,False,False
592561,Salaš,416,1369675.86,1107237.3,21089598.85,21786145.85,1349335.86,00362417,False,False,False
592579,Slavkov,700,1667443.89,4204453.86,24111851.57,27938221.96,1615975.0,00291315,False,False,False
592587,Staré Hutě,135,409239.65,148409.94,4379727.53,7487727.53,405482.65,00362476,False,False,False
592609,Starý Hrozenkov,784,2831247.31,3421356.89,48822535.22,80777022.85,2308935.0,00291331,False,False,False
592617,Strání,3341,3459961.71,11254250.8,103002102.59,119073203.59,3337139.0,00291340,False,False,False
592625,Stříbrnice,429,1727467.08,1966881.27,9915755.87,10075755.87,1727467.08,00542229,False,False,False
592633,Stupava,166,468331.05,939734.85,6508462.33,8668462.33,468331.05,00362484,False,False,False
592641,Suchá Loz,1176,2079411.0,5521045.46,42073876.5,46892774.5,2079411.0,00291374,False,False,False
592650,Sušice,668,1418244.27,2200038.76,18977029.12,25964977.12,1361874.14,00542261,False,False,False
592668,Svárov,222,734632.87,1236909.78,13851186.04,19191286.04,687408.94,00542237,False,False,False
592676,Šumice,1610,2691302.0,6075952.36,57537670.53,57537670.53,2621262.0,00291404,False,False,False
592692,Topolná,1582,2523632.46,2532297.5,40231736.91,86040025.14,2427884.21,00291421,False,False,False
592706,Traplice,1193,1619877.79,4908081.27,45546917.08,90545248.5,1535485.69,00291439,False,False,False
592714,Tučapy,256,371472.0,843534.17,4609981.12,4779981.12,371472.0,00362506,False,False,False
592722,Tupesy,1110,1671127.69,3459749.16,21854692.09,25559692.09,1593817.0,00542393,False,False,False
592731,Uherský Brod,16367,6512484.0,146243541.07,621554044.86,1349803566.06,6512484.0,00291463,True,True,False
592749,Uherský Ostroh,4209,3361439.08,24712510.76,192755243.14,265450881.14,3293717.0,00291480,False,True,False
592757,Újezdec,264,1075734.0,6530942.35,8365315.09,9765315.09,1070710.0,00542288,False,False,False
592773,Vápenice,190,858030.9,1316002.0,4666884.86,5466884.86,849630.9,00542334,False,False,False
592781,Vážany,430,659303.43,1283490.77,7591444.85,8011444.85,641633.43,00542318,False,False,False
592790,Velehrad,1130,2041459.74,2677710.16,61161395.3,80635782.3,1968785.74,00291536,False,False,False
592803,Veletiny,523,1350273.55,3518141.09,11965086.0,13540086.0,1275006.05,00542385,False,False,False
592820,Vlčnov,2956,2965843.21,5114720.04,112922121.34,128718402.83,2792809.89,00291561,False,False,False
592838,Vyškovec,180,974342.82,834268.13,4297591.0,4863091.0,974164.2,00542342,False,False,False
592846,Záhorovice,1034,1522103.0,4274405.3,22386227.97,22386227.97,1522103.0,00207381,False,False,False
592854,Zlámanec,335,1187096.0,1877422.74,24895521.59,31306521.59,1185099.0,00368687,False,False,False
592862,Zlechov,1624,1513976.49,4788173.03,33634887.23,41885887.23,1506464.49,00291609,False,False,False
592871,Žítková,183,517159.0,2614752.87,4442566.52,4442566.52,517159.0,00542351,False,False,False
592889,Vyškov,20645,10410916.72,174883236.66,777447186.24,1641233365.24,10126091.0,00292427,True,True,False
592897,Bohaté Málkovice,239,1116524.0,813439.61,25764617.54,25919617.54,1116524.0,00368750,False,False,False
592901,Bohdalice-Pavlovice,971,1582316.23,3205699.9,44058059.26,44952559.26,1495658.23,00291641,False,False,False
592919,Bošovice,1255,1685375.14,2221128.29,24423443.4,24423443.4,1636546.0,00291650,False,False,False
592927,Brankovice,909,1578541.0,10465560.18,33764959.24,37204441.24,1578541.0,00291668,False,False,False
592943,Bučovice,6891,2873567.0,54772858.79,214854549.68,440034659.74,2873567.0,00291676,True,True,False
592978,Dětkovice,279,1068873.0,1633562.69,6560924.75,7010924.75,1032343.0,00369721,False,False,False
592986,Dobročkovice,232,888153.8,789311.16,5711116.88,6307116.88,874127.0,00369811,False,False,False
592994,Dražovice,948,1696933.0,2251973.61,53907069.79,74557069.79,1690553.0,00291722,False,False,False
593001,Drnovice,2405,3702368.45,5663431.33,117367908.18,123887908.18,3583353.15,00291731,False,False,False
593010,Drysice,621,2422236.0,1258063.8,12878961.76,12878961.76,2366176.0,00372030,False,False,False
593028,Habrovany,928,1435738.0,1673892.13,25401141.52,26257202.67,1404101.0,00291757,False,False,False
593036,Hlubočany,546,1274312.1,1492522.96,13378052.54,13378052.54,1235477.0,00372072,False,False,False
593044,Hodějice,1074,1732886.0,1864242.06,19806079.3,19806079.3,1732886.0,00291773,False,False,False
593052,Hostěrádky-Rešov,843,1504659.03,2196241.61,15820486.79,15820486.79,1476044.0,00372081,False,False,False
593061,Hoštice-Heroltice,621,1377824.05,2348447.07,32533537.45,32828537.45,1372707.65,00368733,False,False,False
593079,Hrušky,784,1521820.0,3615406.58,28549930.81,30244930.81,1521820.0,00372102,False,False,False
593087,Hvězdlice,578,1132215.45,1687524.53,14527000.17,14527000.17,1078935.0,00291811,False,False,False
593095,Chvalkovice,288,823813.0,953075.81,6909918.19,7119918.19,807840.0,00372293,False,False,False
593117,Ivanovice na Hané,2978,2658702.62,14537623.34,89314259.78,158893499.78,2569850.0,00291846,False,True,False
593125,Ježkovice,390,1141219.0,544108.41,5358628.16,15338642.16,1130557.0,00372480,False,False,False
593141,Kobeřice u Brna,720,1129761.72,2203392.32,40080037.53,59182038.47,1129284.0,00368717,False,False,False
593150,Kojátky,370,1128297.86,1032267.83,10694269.39,11134269.39,1108597.86,42660564,False,False,False
593168,Komořany,767,1900857.45,2109015.11,44858697.47,78331481.47,1783605.16,00291897,False,False,False
593184,Kožušice,110,341101.0,730963.14,4836726.42,4836726.42,341101.0,00372498,False,False,False
593192,Krásensko,420,1269035.94,1535901.43,31682770.88,32800770.88,1253603.0,00291927,False,False,False
593214,Křenovice,2068,2879022.41,4788927.13,65737183.71,67202183.71,2773317.0,00291943,False,False,False
593222,Křižanovice,852,1414521.98,1260297.9,18588662.82,18838662.82,1376479.04,00542431,False,False,False
593231,Křižanovice u Vyškova,143,414734.01,2337667.88,4018458.85,4018458.85,394092.0,00375349,False,False,False
593249,Kučerov,496,1289208.0,4722626.52,13795638.89,16168731.92,1266288.0,00291978,False,False,False
593257,Letonice,1388,2893459.6,3219354.84,38351600.1,59804022.56,2778634.0,00291986,False,False,False
593265,Lovčičky,751,1530971.15,2478146.03,23250607.6,37096694.6,1530184.15,00291994,False,False,False
593273,Luleč,983,2475131.27,4402673.7,49321833.44,56321833.44,2398089.13,00373184,False,False,False
593281,Lysovice,300,996554.06,2837033.4,42921487.41,67021487.41,996554.06,00368768,False,False,False
593290,Malínky,150,414831.0,344037.34,4087188.85,4087188.85,414831.0,00373451,False,False,False
593320,Milešovice,716,1396722.06,3089448.85,17034993.86,17575793.86,1383427.25,00292052,False,False,False
593338,Milonice,362,1213969.0,2025431.2,8020753.51,8053569.51,1207968.0,00368652,False,False,False
593346,Moravské Málkovice,592,1599654.01,1636757.16,13459032.62,13459032.62,1553563.0,00292079,False,False,False
593354,Mouchnice,316,1271332.22,2076946.54,11466727.87,13760327.87,1205392.7,00373460,False,False,False
593371,Němčany,811,1745330.54,3887184.73,18469679.55,20469679.55,1655503.0,00292109,False,False,False
593389,Nemochovice,325,1276670.0,970231.89,8319712.34,8319712.34,1264247.0,00373508,False,False,False
593397,Nemojany,875,1743549.7,3466497.27,27293913.52,41376413.52,1673792.9,00292125,False,False,False
593401,Nemotice,428,1112112.86,1370819.02,10648074.67,11525074.67,1093730.19,00292133,False,False,False
593419,Nesovice,1121,2015716.72,3935990.81,23704554.45,26974554.45,2000268.0,00292141,False,False,False
593427,Nevojice,422,1231271.31,1433305.7,42682415.48,60268757.46,1201454.31,00292150,False,False,False
593435,Nížkovice,797,1458674.0,3064130.18,19417246.43,21107246.43,1415216.7,00292168,False,False,False
593443,Nové Sady,102,569009.0,515713.5,2427549.62,3039049.62,562452.0,00373532,False,False,False
593460,Orlovice,304,1436024.95,1422291.31,12234776.71,12323793.49,1390277.0,00373541,False,False,False
593478,Otnice,1585,2838489.0,3509162.34,42142696.38,95536696.38,2791234.0,00292206,False,False,False
593486,Podivice,163,438114.0,1167997.31,5490477.19,5490477.19,433874.0,00373559,False,False,False
593494,Prusy-Boškůvky,710,1429097.25,2048082.35,18511369.86,19635690.86,1364858.98,00292222,False,False,False
593508,Pustiměř,1928,2979302.86,3587947.96,62220689.4,141167689.4,2889841.0,00292231,False,False,False
593516,Račice-Pístovice,1351,3159134.9,3955674.84,26984181.52,26984181.52,3020381.1,00292249,False,False,False
593524,Radslavice,451,908196.0,2777134.87,9062032.39,9282032.39,908196.0,00373567,False,False,False
593532,Rašovice,694,1459810.16,2431434.27,27983460.45,28026460.45,1370094.0,00292265,False,False,False
593559,Rousínov,5962,3549839.01,24038929.17,255929593.62,523179285.2,3475317.85,00292281,False,True,False
593567,Ruprechtov,640,1523500.0,1447838.62,27064457.49,27064457.49,1485403.0,00292290,False,False,False
593583,Slavkov u Brna,7258,5656349.0,97887814.48,433766148.42,823812814.18,5553750.0,00292311,True,True,False
593591,Snovídky,338,1106221.0,944091.27,12183807.12,12757699.12,1043387.0,00373575,False,False,False
593605,Studnice,503,1240410.0,1376738.53,12172774.92,12172774.92,1202777.0,00292338,False,False,False
593613,Šaratice,1069,2349973.0,2991284.44,59961644.13,60736955.13,2310135.0,00292346,False,False,False
593621,Švábenice,1037,2767868.0,5479544.79,39141509.09,44436509.09,2720668.0,00292354,False,False,False
593630,Topolany,382,1182087.72,1094721.38,6362924.09,6362924.09,1163537.0,00368784,False,False,False
593648,Tučapy,658,1247199.3,1475830.77,15987173.39,15987173.39,1189961.0,00373583,False,False,False
593656,Vážany,434,1352637.36,1085102.15,18452839.49,20895526.41,1311339.0,00373591,False,False,False
593664,Vážany nad Litavou,766,1618555.5,2806654.5,18705431.94,18782774.94,1523244.0,00368725,False,False,False
593681,Velešovice,1225,1844040.21,3734532.6,26430027.54,97563586.54,1799653.17,00292419,False,False,False
593699,Zbýšov,727,1307719.73,2026571.1,11631017.16,12201017.16,1292922.0,00542440,False,False,False
593702,Zelená Hora,328,1282584.0,912090.7,5441210.83,5441210.83,1267343.0,00373605,False,False,False
593711,Znojmo,34172,11599895.46,260856713.14,1620875048.27,3393015305.5,11344722.0,00293881,True,True,False
593729,Bantice,292,531790.25,1156549.6,7491620.14,7838778.14,516660.0,00600113,False,False,False
593737,Běhařovice,375,1302460.94,1152155.27,21684851.2,25041110.82,1290409.9,00292478,False,False,False
593745,Bezkov,226,702920.49,792440.91,5193156.51,5245156.51,691500.0,00600121,False,False,False
593753,Bítov,142,501491.22,941238.4,4690505.67,4854105.67,442328.94,00292494,False,False,False
593761,Blanné,79,270995.0,1059536.55,4041365.05,15579665.05,268693.0,00600130,False,False,False
593770,Blížkovice,1215,2011057.7,4618456.52,76458897.88,89701897.88,1920369.0,00292516,False,False,False
593788,Bohutice,679,1382780.0,2550201.05,25953476.4,26503476.4,1325484.0,00637343,False,False,False
593796,Bojanovice,184,683846.0,1158166.99,8272764.69,9057764.69,680052.0,00600229,False,False,False
593800,Borotice,412,1056529.43,1278784.32,18727722.06,29609207.06,1041790.82,00637351,False,False,False
593818,Boskovštejn,175,366567.47,1151888.55,3342596.05,3342596.05,366351.47,00600237,False,False,False
593826,Božice,1613,3144894.4,9814379.32,84327945.35,96348945.35,3086287.0,00292567,False,False,False
593834,Branišovice,645,1698790.55,3399580.73,18977580.6,19303667.6,1663870.55,00637360,False,False,False
593842,Břežany,806,1067896.0,7959291.84,30038661.95,34616661.95,1067896.0,00292583,False,False,False
593851,Citonice,614,1449117.13,1422590.55,13703563.86,26753563.86,1410834.0,00292591,False,False,False
593869,Ctidružice,280,792264.0,2146407.35,10245723.06,10865723.06,792264.0,00600245,False,False,False
593877,Čejkovice,240,959146.36,1324393.0,9356790.77,9682790.77,959146.36,00637378,False,False,False
593885,Čermákovice,103,901644.0,1168736.46,4207704.76,4633954.76,900130.4,00600253,False,False,False
593893,Černín,163,538021.28,730052.79,7219848.87,7422648.87,526034.0,00600261,False,False,False
593907,Damnice,379,492907.66,869917.04,6235619.27,6488619.27,485136.0,00600270,False,False,False
593923,Dobelice,258,644669.08,879701.46,5391642.05,5537642.05,631928.56,00600288,False,False,False
593931,Dobřínsko,404,1497916.91,1312885.05,9812228.07,9952228.07,1393141.13,00600296,False,False,False
593958,Dolenice,136,555326.84,622940.03,2791640.1,3037106.65,537588.0,00600300,False,False,False
593966,Dolní Dubňany,473,963313.04,2071363.13,17024224.08,22845535.66,956096.0,00292699,False,False,False
593974,Dyjákovice,919,1907693.77,3445264.28,33637539.01,35252489.01,1866858.56,00292702,False,False,False
593982,Dyjákovičky,586,1060280.64,2538371.87,11442733.58,33881184.71,1048080.0,00600318,False,False,False
593991,Dyje,508,1700668.06,1841183.55,8694416.62,8694416.62,1670884.0,00600326,False,False,False
594008,Džbánice,135,442019.35,1114328.72,4380708.32,5316708.32,438180.41,00600334,False,False,False
594016,Grešlové Mýto,215,469449.64,1007306.27,4906832.85,5562832.85,459108.0,00637386,False,False,False
594024,Havraníky,306,644465.0,1329054.41,6468079.34,10577079.34,619992.0,00600342,False,False,False
594032,Hevlín,1449,3064580.91,11852812.69,86158531.15,148959531.15,2958085.91,00292761,False,False,False
594041,Hluboké Mašůvky,842,3112757.19,2053083.47,19417519.45,20909402.45,2922471.17,00292770,False,False,False
594059,Hnanice,357,816250.95,1495696.82,9581026.21,16766026.21,797370.0,00600351,False,False,False
594067,Hodonice,1758,2113457.6,5600135.59,44923739.15,180167763.21,2082649.0,00292788,False,False,False
594075,Horní Břečkov,263,1029034.89,844085.16,10504968.16,10504968.16,1024284.18,00600369,False,False,False
594083,Horní Dubňany,284,632859.0,2693550.47,11076708.59,11546708.59,608141.0,00292800,False,False,False
594091,Horní Dunajovice,652,1605559.11,1323220.66,23552933.68,23891943.68,1587981.0,00292818,False,False,False
594105,Horní Kounice,292,638323.35,1789413.69,10427221.56,10817221.56,610400.0,00600377,False,False,False
594113,Hostěradice,1678,2377442.55,8268275.95,56235479.35,87152565.43,2377442.55,00292834,False,False,False
594121,Hostim,396,1160590.87,1953739.75,12386670.32,12486670.32,1117765.07,00292842,False,False,False
594130,Hrabětice,882,2029216.53,2401802.57,28781738.44,33051738.44,1976702.48,00600385,False,False,False
594148,Hrádek,927,1785369.65,5003651.06,27004784.71,27160884.71,1651798.0,00292869,False,False,False
594156,Hrušovany nad Jevišovkou,3377,2388498.68,13951360.77,116524188.54,148324675.86,2099907.14,00292877,False,True,False
594164,Chvalatice,107,381280.9,972070.39,3862051.99,3862051.99,370778.0,00600393,False,False,False
594172,Chvalovice,694,3657594.09,7241326.5,228178927.59,930455392.35,3630468.29,00600407,False,False,False
594181,Jamolice,452,1333367.08,1279765.21,29673268.85,34970268.85,1303648.0,00292907,False,False,False
594199,Jaroslavice,1237,2155476.0,5579741.26,49426213.59,70426213.59,2072676.0,00292915,False,False,False
594202,Jevišovice,1159,1640061.4,5042252.14,30228776.21,43373776.21,1561011.0,00292923,False,False,False
594211,Jezeřany-Maršovice,795,1305393.0,2493417.74,18599946.99,19925946.99,1266904.0,00292931,False,False,False
594229,Jiřice u Miroslavi,460,1196926.0,2510957.56,16974698.13,17419698.13,1185322.0,00292940,False,False,False
594237,Kadov,149,766717.25,700867.44,6109266.11,6291266.11,730317.0,00637394,False,False,False
594253,Korolupy,157,281986.02,2335881.2,8297701.71,9285701.71,275290.02,00600423,False,False,False
594261,Kravsko,589,1304210.73,2130847.89,21439149.03,29538324.27,1176880.0,00292982,False,False,False
594270,Krhovice,631,1159154.6,1173963.97,20037893.33,20682893.33,1156099.0,00600431,False,False,False
594288,Křepice,118,404034.0,1408171.36,5249399.07,5699399.07,402864.0,00637408,False,False,False
594296,Kubšice,180,349895.8,991579.11,5456504.92,5571504.92,266823.0,00637416,False,False,False
594300,Kuchařovice,905,1419304.0,1897861.57,19300133.42,23093147.42,1406715.08,00600458,False,False,False
594318,Kyjovice,158,970255.85,1368270.26,5096441.72,5846441.72,966110.0,00600466,False,False,False
594326,Lančov,210,552980.0,1059719.22,5568641.79,5783641.79,552980.0,00600474,False,False,False
594334,Lechovice,567,1343646.61,1370405.47,12000652.14,16737512.14,1283869.61,00637424,False,False,False
594342,Lesná,258,1086174.05,1230273.42,11824291.57,14720291.57,1059158.05,00600482,False,False,False
594351,Lesonice,254,474051.53,1423426.98,13304404.57,13566404.57,439488.0,00600491,False,False,False
594369,Litobratřice,500,1313614.38,2952548.55,20679216.45,28125916.45,1291719.0,00600504,False,False,False
594377,Loděnice,616,1002104.8,3886367.11,24088287.6,46287307.6,953069.58,00293083,False,False,False
594385,Lubnice,58,357441.0,786108.47,6698384.75,7355850.75,350606.0,00636835,False,False,False
594393,Lukov,257,797558.0,1104691.89,13484579.61,16744579.61,795996.0,00636843,False,False,False
594407,Mackovice,383,1151810.96,1366793.48,17741086.6,22791086.6,1098211.0,00636851,False,False,False
594415,Mašovice,550,1301770.64,2072443.34,38526431.55,40716431.55,1248553.5,00293121,False,False,False
594423,Medlice,164,645649.59,813227.4,5182302.12,5358102.12,626280.0,00636860,False,False,False
594431,Mikulovice,651,1513900.0,1746441.49,28138605.33,30188605.33,1502197.0,00293148,False,False,False
594440,Milíčovice,198,1057296.11,1011779.3,8565482.99,9948482.99,1008146.17,00636878,False,False,False
594458,Miroslav,3054,3363336.64,14335447.6,156221179.36,514256897.63,3291603.2,00293164,False,True,False
594466,Miroslavské Knínice,347,835150.33,1335958.53,15158463.41,28485463.41,807343.0,00637432,False,False,False
594474,Morašice,221,418084.17,1384586.44,8591318.77,11346318.77,406279.17,00637441,False,False,False
594482,Moravský Krumlov,5667,6068103.97,55671959.27,245912469.16,460746143.84,5624664.0,00293199,True,True,False
594512,Našiměřice,201,424872.0,2061647.93,4971330.32,5266330.32,424872.0,00637459,False,False,False
594521,Němčičky,88,355602.27,647850.47,3484496.94,3574496.94,346742.83,00637467,False,False,False
594555,Olbramkostel,532,748403.0,2080249.98,10257518.37,19855518.37,748403.0,00636886,False,False,False
594563,Olbramovice,1163,1718048.92,5093999.82,38414805.43,61450072.43,1675784.42,00293270,False,False,False
594571,Oleksovice,662,1300176.06,1713019.73,14028766.29,14448766.29,1273299.21,00637475,False,False,False
594580,Onšov,77,871866.27,888166.14,4556598.15,5211598.15,854158.93,00636894,False,False,False
594598,Oslnovice,68,452952.25,794270.7,4072130.88,4118130.88,442104.0,00636908,False,False,False
594601,Pavlice,501,1211185.44,1875602.42,24424061.05,35944061.05,1130125.06,00293318,False,False,False
594610,Petrovice,385,1145220.23,1016920.62,8198453.82,15886453.82,1130833.07,00293326,False,False,False
594628,Plaveč,460,1336041.54,1651585.82,8366046.46,8476046.46,1296481.49,00637483,False,False,False
594636,Podhradí nad Dyjí,45,514928.89,578589.24,4464949.61,7035949.61,467525.0,00636924,False,False,False
594644,Podmolí,160,366240.0,1067763.63,7892393.35,9212393.35,366240.0,00637491,False,False,False
594652,Podmyče,109,454030.0,747404.65,5446462.02,5526462.02,438363.0,00637564,False,False,False
594679,Práče,805,1543864.49,2198340.78,20795430.1,25540160.1,1443339.4,00293385,False,False,False
594687,Pravice,371,1451588.73,1677493.39,11219834.75,11869834.75,1437671.73,00636932,False,False,False
594695,Prokopov,106,316794.0,385193.4,2380055.65,2380055.65,316794.0,00636941,False,False,False
594709,Prosiměřice,869,1645367.61,5803898.48,34720849.08,38027878.08,1513692.0,00293415,False,False,False
594725,Rešice,320,1484892.88,2366013.39,23179772.6,31684727.81,1385860.58,00636967,False,False,False
594733,Rozkoš,175,517950.39,1081059.07,6406718.39,9576718.39,512424.0,00636975,False,False,False
594741,Rudlice,103,486477.55,674582.13,1968855.02,8518855.02,458366.0,00636983,False,False,False
594750,Rybníky,446,1519330.67,1338044.93,13631695.74,15871720.74,1445736.85,00636991,False,False,False
594768,Skalice,515,1245939.0,987908.35,19752724.43,20487724.43,1245939.0,00293474,False,False,False
594776,Slatina,240,771517.77,1195054.77,9232090.24,9232090.24,712545.0,00637009,False,False,False
594784,Slup,536,1507193.43,3136040.42,16685753.63,33055953.63,1479092.95,00637017,False,False,False
594792,Stálky,111,935597.76,1123040.84,13064515.22,32009515.22,910758.0,00637572,False,False,False
594806,Starý Petřín,230,1088119.92,2051897.36,15736482.4,16551482.4,1045481.82,00293512,False,False,False
594814,Stošíkovice na Louce,326,1122296.71,1280753.23,6804331.28,8918331.28,1090298.1,00637581,False,False,False
594822,Strachotice,1032,860776.0,4894321.86,28207385.53,58642385.53,859990.0,00293521,False,False,False
594831,Střelice,172,702279.26,548778.91,4163247.26,4663247.26,677544.0,00637025,False,False,False
594849,Suchohrdly u Miroslavi,526,1140841.83,7381633.21,19184607.1,20454607.1,1053538.44,00637599,False,False,False
594865,Šafov,139,544773.7,1318256.06,6667578.78,11985006.15,536414.0,00637033,False,False,False
594873,Šanov,1716,2200124.97,3329543.31,103451195.83,106460639.83,2140796.97,00293571,False,False,False
594881,Šatov,1133,1924416.92,3954165.19,46784167.47,58505252.87,1791006.41,00293580,False,False,False
594890,Štítary,664,1254773.15,2655968.17,40396601.28,54746601.28,1238486.5,00293598,False,False,False
594903,Šumice,311,1008767.8,1618002.41,14613451.27,17539451.27,989397.32,00637602,False,False,False
594911,Šumná,625,1490188.0,3198509.7,39718034.33,39933034.33,1468299.68,00293610,False,False,False
594920,Tasovice,1420,1883187.1,2933655.49,79594869.84,92099869.84,1871981.35,00637611,False,False,False
594938,Tavíkovice,549,1045858.92,3609789.6,27221288.63,41434067.26,983304.0,00293636,False,False,False
594946,Těšetice,634,1377581.8,1805749.96,20660885.87,58359895.87,1348340.12,00637629,False,False,False
594954,Trnové Pole,114,432951.18,494321.22,3640166.22,3640166.22,400096.0,00637041,False,False,False
594962,Troskotovice,749,1551311.94,2310225.2,27816977.62,29009477.62,1551311.94,00637637,False,False,False
594971,Trstěnice,520,1276862.99,5035295.37,26344145.14,27578927.14,1262836.99,00293679,False,False,False
594989,Tulešice,201,850007.85,817977.31,14002817.39,14113817.39,850007.85,00637050,False,False,False
594997,Tvořihráz,421,719193.0,1121819.43,16989178.09,18035085.09,718753.0,00637068,False,False,False
595004,Uherčice,359,802449.98,3030141.38,12551859.61,15551859.61,788757.98,00293709,False,False,False
595012,Újezd,89,408831.96,582750.11,2445413.6,2495413.6,398940.0,00637645,False,False,False
595021,Únanov,1292,1866498.06,3377848.87,86684074.88,403782347.66,1810726.81,00293725,False,False,False
595039,Valtrovice,419,1611132.97,1159732.8,12503912.73,13473912.73,1485802.57,00637653,False,False,False
595047,Vedrovice,913,1576927.12,3927638.43,28857157.92,31757157.92,1486421.88,00293741,False,False,False
595055,Vémyslice,693,1346651.0,5128263.94,35988096.5,36775266.5,1325238.0,00293768,False,False,False
595063,Vevčice,67,369965.0,524013.31,1666367.95,1676252.95,367213.0,00637084,False,False,False
595071,Višňové,1076,3093907.54,5686007.65,44799650.1,45886666.58,3050028.0,00293784,False,False,False
595080,Vítonice,287,926132.14,1196243.45,5669570.78,5809570.78,926132.14,00637092,False,False,False
595098,Vranov nad Dyjí,791,1781350.03,6791839.07,31736423.95,50347737.95,1681260.35,00293806,False,True,False
595101,Vranovská Ves,294,611953.81,1275845.45,37595053.61,38405053.61,601656.0,00637114,False,False,False
595110,Vratěnín,273,1102559.24,1060288.57,14125460.03,15747460.03,1057707.45,00637122,False,False,False
595128,Vrbovec,1304,1895877.67,2752362.69,86242238.63,167228634.36,1863824.72,00293831,False,False,False
595136,Výrovice,174,340199.79,864088.65,7162954.27,10502954.27,340080.0,00637131,False,False,False
595144,Vysočany,89,388905.0,923131.74,2993517.97,3075517.97,386309.0,00637149,False,False,False
595152,Zálesí,154,505763.29,669236.1,4565655.54,4575655.54,489467.42,00637661,False,False,False
595161,Zblovice,37,402964.01,317141.66,1929086.96,1956086.96,382550.0,00637157,False,False,False
595179,Želetice,309,602065.0,1134327.17,41147417.23,81352417.23,602065.0,00637165,False,False,False
595187,Žerotice,350,1262924.01,1113790.28,14705135.65,18608135.65,1243586.01,00104051,False,False,False
595195,Žerůtky,282,822316.0,1409762.66,6973364.96,7578064.96,822316.0,00225606,False,False,False
595209,Žďár nad Sázavou,20404,7781405.47,182966216.61,1011477476.07,2132213521.68,7151439.0,00295841,True,True,False
595217,Baliny,134,418385.0,371038.37,3614429.58,6163671.58,418385.0,00842401,False,False,False
595241,Blažkov,268,458644.6,503985.67,5359908.15,5827408.15,444720.0,00599263,False,False,False
595250,Blízkov,341,1239376.0,1490650.97,10474380.11,11660380.11,1239376.0,00599271,False,False,False
595268,Bobrová,888,1657008.1,2946048.94,45501481.87,54039081.87,1636320.0,00293971,False,False,False
595276,Bobrůvka,244,911683.0,459893.08,6164056.14,7329056.14,911683.0,00545376,False,False,False
595284,Bohdalec,280,532632.0,773187.86,5363941.47,17681941.47,532632.0,00599280,False,False,False
595292,Bohdalov,1197,2746473.14,1675412.04,25065450.32,133094657.47,2562926.29,00294004,False,False,False
595306,Bohuňov,292,608296.0,770382.03,3667649.14,3898045.14,608296.0,00599298,False,False,False
595314,Borač,349,673616.0,1558143.15,7478841.25,7868841.25,673616.0,00294021,False,False,False
595322,Borovnice,189,369683.0,483433.87,4850975.23,5137218.23,360521.0,00599301,False,False,False
595331,Borovník,110,295920.0,370880.72,2255140.29,2285140.29,285920.0,00599310,False,False,False
595349,Březejc,157,502512.0,241543.91,7178147.52,48012247.52,502512.0,00842435,False,False,False
595357,Březí,213,416105.0,467800.37,3894600.99,3924600.99,399400.0,00489450,False,False,False
595365,Březí nad Oslavou,280,1045945.0,736587.17,7329985.64,7414985.64,1045945.0,00600539,False,False,False
595381,Březské,183,503954.0,672518.68,3349653.7,3349653.7,494547.0,00489468,False,False,False
595390,Budeč,182,1142584.0,702921.88,5174590.37,5174590.37,1142584.0,00600547,False,False,False
595403,Bukov,188,673620.0,447106.47,10150042.17,18261542.17,673620.0,00599328,False,False,False
595411,Bystřice nad Pernštejnem,7871,4862730.58,70740706.92,359973255.23,526861527.94,4614862.43,00294136,True,True,False
595420,Býšovec,176,423762.0,818429.05,3946513.14,3946513.14,423762.0,00599336,False,False,False
595438,Černá,308,1497844.0,445235.52,7240866.62,7240866.62,1496199.0,00545899,False,False,False
595446,Černvír,138,382116.0,589255.88,3543108.62,3685108.62,382116.0,00599344,False,False,False
595454,Dalečín,672,1338166.4,2041776.02,15462814.46,19638814.46,1324722.0,00294179,False,False,False
595462,Daňkovice,171,384260.0,362276.37,3864908.59,3914908.59,384260.0,00599352,False,False,False
595471,Dlouhé,256,1014647.0,297677.36,6817940.32,14497940.32,1011017.0,00599361,False,False,False
595489,Dobrá Voda,406,1200814.0,405292.02,24873093.54,25163093.54,1196226.0,00544175,False,False,False
595501,Dolní Heřmanice,584,1564120.0,906499.14,15440932.63,17935932.63,1545685.0,00842443,False,False,False
595519,Dolní Libochová,137,471250.0,427737.9,7353832.65,7453832.65,465264.0,00599379,False,False,False
595527,Dolní Loučky,1320,1890543.9,2561734.33,25862504.49,42362504.49,1833878.0,00294241,False,False,False
595535,Dolní Rožínka,583,1576443.38,2547906.2,21797194.73,21957194.73,1542825.81,00294233,False,False,False
595551,Doubravník,861,1483056.23,3354347.3,22690720.02,22809540.02,1429722.0,00294268,False,False,False
595560,Drahonín,112,356410.0,533260.65,4228881.68,4228881.68,353160.0,00375331,False,False,False
595578,Fryšava pod Žákovou horou,326,842568.0,1687206.03,11465465.59,11465465.59,842568.0,00294284,False,False,False
595586,Hamry nad Sázavou,1587,1783115.0,2390043.83,48616977.85,106616977.85,1783115.0,00543870,False,False,False
595594,Herálec,1331,2329179.8,3998966.0,101527149.48,121300591.08,2199707.0,00294306,False,False,False
595608,Heřmanov,232,1121040.53,1368604.61,22952487.76,25722718.09,1111210.53,00599387,False,False,False
595624,Hodíškov,156,544677.0,499093.91,5326035.92,5544035.92,519862.0,00560031,False,False,False
595641,Bory,765,1391066.05,2221944.99,62619765.57,84546281.92,1271979.0,00294055,False,False,False
595659,Horní Libochová,194,315915.0,224548.05,2667691.74,2667691.74,315915.0,00544213,False,False,False
595667,Horní Loučky,312,832191.57,1024834.42,8473170.23,10573170.23,819474.0,00599395,False,False,False
595675,Horní Radslavice,99,457937.0,649107.17,2755270.42,3251070.42,452585.0,00599409,False,False,False
595683,Horní Rožínka,86,312902.0,338590.98,2604529.06,2684529.06,312902.0,00599417,False,False,False
595705,Chlum-Korouhvice,39,317150.0,172564.63,2004154.29,3804154.29,317150.0,00599425,False,False,False
595713,Chlumek,157,477420.0,1061337.75,4205169.29,4205169.29,477420.0,00599433,False,False,False
595721,Chlumětín,231,330980.0,878150.69,7984639.23,8108129.23,328329.0,00531669,False,False,False
595730,Jabloňov,350,1072968.54,730793.53,8267334.95,9397334.95,1056709.0,00842460,False,False,False
595748,Javorek,104,296798.0,279948.61,3836875.37,5964875.37,296798.0,00599441,False,False,False
595756,Jámy,659,1255920.0,1031818.02,21520369.01,21703369.01,1237957.0,00842133,False,False,False
595772,Jimramov,1176,1634385.48,4204530.26,56746000.54,86459205.34,1612923.0,00294471,False,False,False
595802,Jívoví,288,570799.0,560160.19,5695748.98,5705748.98,570799.0,00544183,False,False,False
595811,Kadolec,163,655073.0,558301.56,4364799.75,4824799.75,655073.0,00599468,False,False,False
595829,Kadov,148,363272.0,1377030.01,5825322.64,6050322.64,362100.0,00599476,False,False,False
595837,Kaly,311,698148.0,1070484.19,9543467.56,12643467.56,698148.0,00543942,False,False,False
595845,Karlov,122,320550.0,362450.02,4972928.2,6422928.2,320550.0,00599484,False,False,False
595853,Kněževes,171,418560.0,571066.02,2875720.9,3015720.9,418560.0,00599492,False,False,False
595861,Koroužné,245,349850.0,1394677.15,4822781.59,20264381.59,349850.0,00545686,False,False,False
595870,Kotlasy,109,779658.0,302756.51,13836578.0,28929343.0,779658.0,00600521,False,False,False
595888,Kozlov,194,639226.0,285325.59,3337863.5,3337863.5,639226.0,00544191,False,False,False
595896,Krásné,121,1075884.0,296537.97,4266324.74,7469811.49,1075884.0,00599506,False,False,False
595900,Krásněves,278,330045.0,678015.03,4446766.03,4536730.0,330045.0,00545210,False,False,False
595918,Křižánky,399,645370.0,2955331.36,14124703.09,14621903.09,645370.0,00531677,False,False,False
595926,Křižanov,1827,2574418.0,6711959.06,61095343.77,68652089.12,2548932.0,00294616,False,False,False
595934,Křižínkov,224,451291.0,788525.11,5005205.11,5705205.11,448916.0,00842681,False,False,False
595951,Křoví,644,1820745.31,1595415.03,17398242.38,51257092.9,1811763.0,00545406,False,False,False
595969,Kuklík,193,696728.0,546898.38,8382193.56,15791193.56,696728.0,00599514,False,False,False
595977,Kundratice,185,499010.0,327675.78,5891440.93,6018440.93,499010.0,00544205,False,False,False
595985,Kuřimská Nová Ves,156,592381.99,722591.69,5416125.67,10089536.94,541512.0,00599522,False,False,False
595993,Kuřimské Jestřabí,178,505821.23,437755.34,4202175.73,4733375.73,498348.0,00599531,False,False,False
596001,Kyjov,52,306493.0,166948.53,870630.66,870630.66,306493.0,00599549,False,False,False
596019,Lavičky,708,1461100.0,579182.35,9457430.7,9457430.7,1459056.0,00842478,False,False,False
596035,Lhotka,228,488032.0,301376.27,3376278.85,3471278.85,483982.0,00842273,False,False,False
596051,Lísek,351,737848.49,904431.12,7182771.54,7322771.54,717007.0,00294730,False,False,False
596060,Líšná,49,291480.0,413840.82,1591036.5,1591036.5,291480.0,00599557,False,False,False
596078,Lubné,52,392400.0,184072.88,1571382.34,1580982.34,392400.0,00599565,False,False,False
596086,Malá Losenice,277,1054423.7,1109018.3,12204636.88,12411636.88,1036492.0,00545171,False,False,False
596094,Martinice,468,1055789.0,596829.94,8042363.98,8479863.98,1034177.0,00842494,False,False,False
596108,Matějov,201,488513.0,388577.02,9693658.86,9693658.86,466504.0,00600512,False,False,False
596116,Měřín,2011,2742246.14,11361408.68,65932232.93,95881232.93,2697896.14,00294799,False,False,False
596132,Mirošov,141,493849.0,831982.26,7410944.03,7650944.03,484664.0,00599590,False,False,False
596141,Moravec,693,1328107.0,1520424.13,16422067.58,16822067.58,1328107.0,00294829,False,False,False
596159,Moravecké Pavlovice,50,342101.9,343552.83,1597687.02,1834487.02,340862.0,00599603,False,False,False
596175,Nedvědice,1277,2280519.0,9625367.71,35124269.08,38974513.08,2173638.0,00294845,False,False,False
596183,Netín,376,672579.0,1379972.93,7095884.3,7095884.3,672579.0,00599611,False,False,False
596191,Níhov,262,783430.14,867429.14,6576110.07,11592601.4,771696.0,00842699,False,False,False
596205,Nížkov,964,1807850.89,2902111.28,40087019.87,75883965.07,1711333.0,00294870,False,False,False
596213,Nová Ves,157,502248.0,553647.92,3678683.13,3678683.13,502248.0,00599620,False,False,False
596221,Nová Ves u Nového Města na Moravě,675,1222131.0,1116856.64,14708212.08,17617212.08,1220966.0,00842630,False,False,False
596230,Nové Město na Moravě,9834,4538739.88,67661032.98,416037167.58,842520168.39,4467078.0,00294900,True,True,False
596248,Nové Sady,252,653467.0,544945.55,42480611.34,51259611.34,643701.0,00842168,False,False,False
596256,Nové Veselí,1356,1574150.0,6096033.7,63302232.1,118945269.4,1574150.0,00294926,False,False,False
596264,Nový Jimramov,61,311088.0,260953.5,2751713.01,3751713.01,311088.0,00599638,False,False,False
596272,Nyklovice,175,391070.0,296823.82,4852837.93,4852837.93,391070.0,00599646,False,False,False
596281,Obyčtov,454,499440.1,934952.51,12751005.27,16014130.27,491372.0,00546739,False,False,False
596302,Olší,355,348494.67,689001.86,18918034.99,27054170.59,343287.0,00294977,False,False,False
596329,Ořechov,350,1238179.0,1196300.62,15364322.05,17020322.05,1199553.0,00545775,False,False,False
596337,Oslavice,756,1307324.0,669249.27,14017746.56,37436746.56,1299456.0,00842524,False,False,False
596345,Osová Bítýška,962,2286391.8,3751942.43,66556162.1,94871162.1,2277112.0,00084409,False,False,False
596353,Osové,100,331742.0,318798.62,1847669.4,2056669.4,331742.0,00842532,False,False,False
596361,Ostrov nad Oslavou,1008,1864556.0,5749553.2,27022633.6,35404918.76,1864556.0,00295035,False,False,False
596370,Otín,334,1345839.0,2072912.99,9361215.68,11028215.68,1317233.0,00295043,False,False,False
596388,Pavlínov,277,489311.0,1457550.31,10902429.33,11427429.33,484550.0,00599654,False,False,False
596396,Pavlov,350,731832.32,1646757.39,12156752.47,13440752.47,711920.0,00544418,False,False,False
596400,Pernštejnské Jestřabí,212,413913.0,538204.22,32124520.12,59517197.06,404172.0,00599662,False,False,False
596418,Petráveč,299,1023284.0,614648.55,5094611.58,10094611.58,1019098.0,00842559,False,False,False
596434,Písečné,197,552862.0,714634.04,7212423.5,7292423.5,551005.0,00842206,False,False,False
596442,Počítky,238,379366.0,790312.8,3364030.4,3964030.4,379366.0,00842281,False,False,False
596451,Poděšín,260,554660.0,486091.71,6382493.95,6382493.95,523461.0,00545759,False,False,False
596469,Podolí,99,302980.0,108786.5,2239083.7,2239083.7,302980.0,00599689,False,False,False
596477,Pokojov,139,488690.0,634399.48,3291578.25,5591578.25,488690.0,00599697,False,False,False
596485,Polnička,801,2247394.35,1053573.47,62429221.8,74644722.24,2161064.15,00840670,False,False,False
596493,Prosetín,359,667772.53,2298527.33,7068988.33,14568988.33,660000.0,00295167,False,False,False
596507,Račice,48,251750.0,158198.77,1228444.24,1327444.24,251750.0,00599701,False,False,False
596515,Radenice,168,553127.12,527036.9,9585035.45,16253741.93,550500.72,00599719,False,False,False
596523,Radešín,122,530203.0,1012236.41,5236563.3,5426563.3,530203.0,00599727,False,False,False
596531,Radešínská Svratka,614,1211079.2,1563266.9,15515964.83,32325964.83,1185803.0,00295205,False,False,False
596540,Radňoves,99,322051.0,258089.07,8663946.43,13213946.43,322051.0,00599743,False,False,False
596558,Radňovice,341,1048611.0,1662890.31,7071202.11,14198802.11,1048611.0,00545422,False,False,False
596566,Radostín,156,347901.0,1281676.36,5981495.97,13321495.97,327000.0,00531847,False,False,False
596574,Radostín nad Oslavou,945,1548916.3,2405244.79,30729996.62,36049996.62,1548916.3,00295248,False,False,False
596582,Rojetín,84,362055.0,1342602.66,3634610.17,4684610.17,299942.0,00599751,False,False,False
596604,Rousměrov,102,632539.0,463394.99,5989217.55,8416217.55,631161.0,00599760,False,False,False
596612,Rovečné,593,1401635.0,1532307.46,28534296.44,31646680.03,1401635.0,00295281,False,False,False
596639,Rozseč,90,295202.0,230147.11,1757407.85,1813407.85,295202.0,00599778,False,False,False
596647,Rozsochy,671,1295164.0,1643755.69,27016810.72,32486810.72,1268490.0,00295311,False,False,False
596655,Rožná,821,1337666.44,5611211.57,24769197.34,26378036.34,1334066.44,00295329,False,False,False
596663,Ruda,416,1199918.0,1035191.92,32969773.65,98943773.65,1199918.0,00842567,False,False,False
596671,Rudolec,236,802608.0,776401.61,6019492.56,11160492.56,793375.0,00599786,False,False,False
596680,Řečice,462,1255532.0,589834.07,11121051.55,12714101.55,1255532.0,00295353,False,False,False
596698,Řikonín,60,240494.0,370240.46,1627897.34,1627897.34,240494.0,00599794,False,False,False
596701,Sázava,674,1387283.7,1124271.16,18995167.27,26026217.27,1381447.0,00374466,False,False,False
596710,Sejřek,172,490500.0,526608.47,6318820.23,48518820.23,490500.0,00599808,False,False,False
596728,Sirákov,269,442104.0,336644.31,5900057.12,6007857.12,442104.0,00545279,False,False,False
596736,Sklené,105,374183.0,11933155.45,14404874.2,14618020.13,372048.0,00842354,False,False,False
596744,Sklené nad Oslavou,238,332653.0,882824.95,6104742.79,6104742.79,331443.0,00295400,False,False,False
596752,Skorotice,129,355200.0,969922.98,6804879.89,6914879.89,355200.0,48895636,False,False,False
596761,Skřinářov,150,559506.0,567396.72,4584797.65,13289797.65,558516.0,00599824,False,False,False
596787,Sněžné,763,1620202.0,4874422.71,49739960.04,63554874.64,1613522.0,00295451,False,False,False
596795,Spělkov,33,328298.0,235694.89,1222977.74,1312977.74,328298.0,00599832,False,False,False
596809,Strachujov,127,379320.0,389251.53,3800694.6,4380694.6,379320.0,00599859,False,False,False
596817,Stránecká Zhoř,599,1391022.0,1226405.15,14629949.69,16454949.69,1391022.0,00599841,False,False,False
596825,Strážek,846,1416772.0,5691315.95,29348784.9,33320846.9,1416772.0,00295493,False,False,False
596833,Sulkovec,155,278617.0,320775.97,12855102.11,17138102.11,278617.0,00489476,False,False,False
596841,Světnov,449,1150752.0,2173216.44,17766740.04,23996740.04,1068344.0,00545031,False,False,False
596850,Sviny,118,518664.0,387713.03,4054859.31,4554859.31,507957.0,00599875,False,False,False
596868,Svratka,1367,2767429.0,2273983.85,38008924.9,63311484.9,2713499.0,00295531,False,False,False
596876,Škrdlovice,723,1103656.0,3081838.83,13649572.73,21717449.21,1098935.0,00295540,False,False,False
596884,Štěpánov nad Svratkou,716,1650118.0,3220311.11,28867176.85,29843047.85,1611517.0,00295558,False,False,False
596892,Tišnovská Nová Ves,102,455223.02,312844.06,3491320.63,3491320.63,449386.0,00599883,False,False,False
596906,Uhřínov,394,709515.0,1964187.06,12128914.12,19473914.12,709515.0,00842575,False,False,False
596914,Ujčov,461,1231165.79,1046621.55,23754078.68,31204078.68,1187079.79,00599891,False,False,False
596922,Újezd,285,491833.0,581769.25,10662483.64,47958901.98,448803.0,00600555,False,False,False
596931,Unčín,204,374436.0,282199.4,9645271.57,9926271.57,341388.0,00599905,False,False,False
596949,Vatín,304,1083765.23,958902.76,10150351.43,10360351.43,1083412.83,00842362,False,False,False
596957,Věcov,706,1750353.0,4326896.21,23856356.47,39594356.47,1744311.0,00295621,False,False,False
596965,Věchnov,332,1172692.22,829959.71,15283994.69,15643994.69,1172692.22,00842184,False,False,False
596973,Velká Bíteš,5482,3810488.0,28095482.68,338887578.83,663231234.86,3810488.0,00295647,False,True,False
596981,Velká Losenice,1217,1925679.0,2873600.66,48653525.56,79762425.56,1925679.0,00295655,False,False,False
596990,Velké Janovice,139,322416.0,1144222.08,2949104.26,3249104.26,322416.0,00840637,False,False,False
597007,Velké Meziříčí,11608,4738308.25,100312581.11,493867979.55,1123965124.8,4687737.0,00295671,True,True,False
597015,Vepřová,445,1332314.0,1925061.86,18399287.2,22583287.2,1319173.0,00374440,False,False,False
597031,Věstín,162,908739.0,667033.95,15026385.64,18026385.64,908739.0,00599913,False,False,False
597040,Věžná,237,415581.0,943709.32,7760301.48,7990301.48,415581.0,00599921,False,False,False
597058,Vídeň,461,1332726.0,788357.15,15600942.19,16660942.19,1295370.0,00842583,False,False,False
597066,Vidonín,170,435466.0,494445.83,7023047.21,7370221.86,435466.0,00295736,False,False,False
597074,Vír,659,2109671.0,1963511.72,24721892.27,33584721.37,2109671.0,00295744,False,False,False
597082,Vlkov,282,480036.0,728041.7,5116281.92,5116281.92,480036.0,00295752,False,False,False
597091,Vojnův Městec,803,1556524.73,2256644.64,36399217.53,139295417.53,1550594.73,00295761,False,False,False
597104,Vratislávka,89,305972.0,380454.95,3938115.47,4638115.47,305972.0,00599930,False,False,False
597112,Záblatí,280,585276.0,583895.22,5154448.28,5154448.28,585276.0,00599948,False,False,False
597121,Zadní Zhořec,149,351691.0,489100.37,2607182.11,2607182.11,350597.0,00599956,False,False,False
597139,Znětínek,213,329581.0,577876.28,2884085.73,3109665.73,328980.0,00599964,False,False,False
597147,Zubří,534,1356676.0,2082526.56,10240663.39,13690663.39,1356676.0,00842656,False,False,False
597155,Zvole,651,1358871.0,3146232.31,19968365.03,26899365.03,1334859.0,00295817,False,False,False
597163,Ždánice,230,1219508.0,458164.5,5283614.53,5283614.53,1217857.0,00842176,False,False,False
597171,Žďárec,377,821404.0,907663.6,12976095.03,13296095.03,814032.0,00295833,False,False,False
597180,Bruntál,15037,5966408.4,184253720.92,671943444.1,886050031.1,5928702.0,00295892,True,True,False
597198,Bílčice,225,1131282.71,1602961.29,10294986.09,11797694.09,1123206.71,00295868,False,False,False
597201,Bohušov,380,1268300.68,1435541.51,44386137.78,55420501.78,1196320.68,00295876,False,False,False
597210,Brantice,1403,2885046.56,7768606.66,85326548.26,123355900.26,2829237.58,00295884,False,False,False
597228,Břidličná,2874,3114470.51,13009938.66,133199728.22,150383927.22,3090432.51,00295906,False,False,False
597252,Dětřichov nad Bystřicí,397,1064440.9,3140828.35,19777988.46,20213888.46,1037457.0,00295931,False,False,False
597287,Dolní Moravice,366,1519628.0,3104535.01,23498816.24,44638816.24,1449766.0,00295957,False,False,False
597317,Dvorce,1241,1910190.18,4842127.88,48785608.07,55570355.07,1884250.21,00295973,False,False,False
597325,Heřmanovice,336,1724050.51,2415257.12,18889019.66,22390528.66,1700950.51,00295981,False,False,False
597341,Holčovice,733,1488370.01,4511581.93,50347924.66,52327603.66,1480957.01,00295990,False,False,False
597350,Horní Benešov,2205,2814822.0,12258509.75,130296505.34,152045493.77,2814822.0,00296007,False,True,False
597368,Horní Město,814,1499910.11,4703668.97,28516785.04,30486516.04,1485634.0,00296015,False,False,False
597392,Hošťálkovy,636,1418254.0,1138363.99,18251108.23,18471108.23,1385785.0,00296031,False,False,False
597414,Huzová,574,1434124.79,21188444.03,43910331.34,45490576.19,1402537.0,00296040,False,False,False
597431,Janov,256,1226557.9,1764576.98,8441325.56,8751325.56,1171163.9,00296066,False,False,False
597449,Jindřichov,1118,2882531.34,4729728.62,57406545.1,144584758.92,2815074.64,00296074,False,False,False
597457,Jiříkov,346,1163420.87,2747730.39,15398428.91,15978228.91,1163420.87,00296082,False,False,False
597473,Karlova Studánka,172,1468869.13,2680963.43,23497152.82,38123152.82,1432995.07,00296104,False,False,False
597481,Karlovice,961,2675728.87,3133891.56,69991754.36,96633259.05,2522683.99,00296112,False,False,False
597511,Krasov,355,877538.0,1731259.35,16217272.61,25537024.61,850626.0,00296121,False,False,False
597520,Krnov,22518,9042410.34,176867436.41,1083018677.43,2042178299.11,8625157.0,00296139,True,True,False
597538,Křišťanovice,227,1121591.85,1858972.94,7282305.84,16382305.84,1121591.85,00296147,False,False,False
597546,Leskovec nad Moravicí,443,1392539.0,3388151.93,14279993.72,15047493.72,1392539.0,00296155,False,False,False
597554,Lichnov,1060,1998813.57,4318218.96,36801888.46,42741888.46,1954713.57,00296163,False,False,False
597571,Liptaň,470,1152845.43,2289317.88,19684517.73,20245204.18,1152845.43,00296180,False,False,False
597589,Lomnice,479,1664831.51,2206934.72,16111565.3,17495562.3,1661091.84,00296198,False,False,False
597601,Malá Morávka,632,1688757.95,3139255.9,34347048.37,39419152.67,1597370.95,00296201,False,False,False
597635,Město Albrechtice,3375,3647450.73,25818900.46,235905966.2,364003244.83,3522927.21,00296228,False,True,False
597678,Moravský Beroun,2804,3504494.63,23112112.05,146751493.28,221253893.28,3404010.09,00296244,False,True,False
597686,Norberčany,251,1055065.0,2173416.98,10479445.75,10559445.75,1026312.0,00296252,False,False,False
597716,Osoblaha,1016,2308904.21,6756706.13,51321514.83,138125800.83,1866271.95,00296279,False,True,False
597724,Razová,503,1675501.0,2782965.89,64006918.78,106761243.78,1634419.0,00296287,False,False,False
597741,Roudno,208,437515.0,12037447.03,14992890.97,18763253.16,435588.0,00296295,False,False,False
597775,Rusín,129,1092105.7,2022464.42,13217396.36,17812173.04,1055293.7,00296309,False,False,False
597783,Rýmařov,7763,3829488.0,63334177.06,424500596.55,580621017.55,3829488.0,00296317,True,True,False
597791,Ryžoviště,581,1409101.04,2897086.73,23101984.31,24531809.31,1396705.04,00296325,False,False,False
597813,Slezské Rudoltice,495,1382250.18,2031936.18,32949630.09,41188790.09,1369850.18,00296333,False,False,False
597821,Sosnová,405,1436677.0,3310291.62,11359274.53,14623507.53,1376859.0,00296341,False,False,False
597872,Světlá Hora,1362,2695063.03,8929540.44,64694544.87,64834318.75,2695063.03,00296392,False,False,False
597881,Svobodné Heřmanice,552,1276622.0,6436801.29,16325020.19,163609444.41,1239733.0,00296384,False,False,False
597899,Široká Niva,552,1500315.0,3536779.84,46761312.1,47466167.1,1500315.0,00296406,False,False,False
597911,Třemešná,871,1349563.0,3421367.32,19297609.13,20606623.13,1277978.0,00296414,False,False,False
597937,Úvalno,983,1831574.64,3195343.35,32613307.55,37899830.55,1745620.37,00296422,False,False,False
597945,Václavov u Bruntálu,489,1474565.12,3159020.58,21676164.24,42250331.24,1412389.12,00296449,False,False,False
597961,Vrbno pod Pradědem,4714,3884732.5,38055302.76,219518560.33,381712101.15,3734829.0,00296457,False,True,False
597970,Vysoká,323,1245416.06,2202005.06,28830476.48,29280476.48,1187607.06,00296465,False,False,False
597988,Zátor,1147,2513152.02,4935606.63,101562753.87,101919977.87,2447990.02,00296473,False,False,False
597996,Zlaté Hory,3701,4533782.95,19321089.44,174881008.3,307740988.24,3845880.0,00296481,False,True,False
598003,Frýdek-Místek,53590,28273516.47,405795674.46,2004438176.33,14809026122.57,25109247.0,00296643,True,True,False
598011,Baška,4032,3842828.96,10731211.29,145832377.69,253865185.53,3674774.0,00296511,False,False,False
598020,Bílá,279,1443480.49,3077778.67,26858615.72,30564532.22,1414172.0,00577669,False,False,False
598038,Brušperk,4164,3264846.0,26543285.41,146365403.23,335650946.62,3224162.0,00296538,False,False,False
598046,Bruzovice,998,1436796.0,2101849.3,52907354.8,64907354.8,1436796.0,00296546,False,False,False
598062,Bystřice,5260,4174120.95,35036308.73,170116185.8,359087398.8,3948003.0,00296562,False,False,False
598071,Čeladná,2931,4249494.91,14053366.54,140616690.66,166500692.62,4013666.0,00296571,False,False,False
598089,Dobrá,3263,4311358.0,17043860.93,115084817.51,355881018.21,4057508.0,00296589,False,False,False
598101,Dolní Domaslavice,1472,2237751.45,5494475.05,53774418.71,80537505.81,2156812.0,00494241,False,False,False
598135,Fryčovice,2425,3114561.0,3869983.3,103442224.4,168818224.4,3114561.0,00296635,False,False,False
598143,Frýdlant nad Ostravicí,9835,3963768.0,98541032.43,409405308.36,857520953.36,3894571.5,00296651,True,True,False
598160,Hnojník,1493,3156471.29,7843638.7,59251989.19,72300417.12,3062617.0,00296678,False,False,False
598178,Horní Bludovice,2564,2807399.0,11330920.77,72574570.44,72878979.44,2807399.0,00296686,False,False,False
598232,Hrčava,249,345458.0,2146673.49,6854643.38,8391843.38,345458.0,00296732,False,False,False
598241,Pětikozly,90,470343.0,811852.39,1864675.67,1864675.67,470343.0,00509442,False,False,False
598259,Jablunkov,5257,3776185.93,67391599.89,265562243.23,724529674.62,3431923.0,00296759,True,True,False
598267,Modletice,595,2524097.0,3446353.02,47742884.94,48442266.94,2505101.0,00640158,False,False,False
598275,Kaňovice,374,1116584.0,1093074.86,4642027.32,4642027.32,1097067.0,00494267,False,False,False
598283,Sedlec,592,1778345.0,2425167.19,7290165.79,14653582.81,1760635.0,00640239,False,False,False
598291,Čakovičky,743,1472731.0,2636167.18,31623807.3,31623807.3,1472731.0,00640115,False,False,False
598305,Svémyslice,597,1634002.0,3416203.94,20511121.01,1947842657.72,1628576.0,00639672,False,False,False
598313,Trnová,613,1603522.0,2588533.94,24251752.98,24251752.98,1603522.0,00640701,False,False,False
598321,Kozlovice,3135,4365367.3,9114923.19,94907016.52,165137582.39,4318220.0,00296821,False,False,False
598330,Tušovice,100,591954.0,705323.73,2118444.03,2588444.03,588915.0,00663018,False,False,False
598348,Krmelín,2356,2027061.0,6117484.81,49927789.82,105408465.82,2018261.0,00296848,False,False,False
598356,Kunčice pod Ondřejníkem,2460,3142328.0,13403034.96,80282830.34,129389994.45,3103675.0,00296856,False,False,False
598364,Lhotka,601,1697616.5,4678280.72,20849239.41,21040707.41,1666963.5,00296864,False,False,False
598372,Ostrov,160,383555.0,343737.95,3774851.14,4299263.26,381763.0,00662925,False,False,False
598381,Dubenec,366,1355427.44,1107403.17,14892506.34,15969398.34,1350553.0,00662801,False,False,False
598399,Lučina,1618,4141725.57,2992364.64,64464990.92,67628522.39,3970867.0,00296899,False,False,False
598402,Háje,599,1158434.0,1735398.06,12380599.64,12380599.64,1158434.0,00662828,False,False,False
598411,Lhota u Příbramě,495,1313084.13,2106721.34,12509460.03,13243760.03,1276965.0,00662887,False,False,False
598429,Trhové Dušníky,726,1017951.0,892314.95,9855923.0,10195923.0,1017951.0,00663000,False,False,False
598437,Vševily,141,429830.0,389248.32,5112745.82,5780471.82,429830.0,00663034,False,False,False
598445,Morávka,1315,2340307.49,5606284.5,79018285.54,174174496.8,2268017.0,00296945,False,False,False
598453,Mosty u Jablunkova,3649,2981076.12,15954853.02,108234632.37,263110086.62,2912071.0,00296953,False,False,False
598461,Kňovice,335,385860.0,609790.94,4983157.58,5413157.58,385860.0,00473821,False,False,False
598470,Osečany,273,692045.0,659686.5,6527873.88,6657873.88,675445.0,00473871,False,False,False
598488,Radíč,237,1067230.0,1217504.66,6960950.61,7030950.61,1052280.0,00473898,False,False,False
598496,Šípy,157,499362.0,883939.0,8727598.98,8727598.98,499362.0,00639991,False,False,False
598500,Krty,124,413328.51,1789821.16,3668375.84,7538375.84,413328.51,00639907,False,False,False
598518,Žďár,127,488623.0,896857.55,4447978.55,4447978.55,488623.0,00640034,False,False,False
598526,Roztoky,1033,1643035.82,5263916.22,39268888.87,39605434.87,1634607.0,00639966,False,False,False
598542,Ostravice,2556,4194746.18,12083786.08,90013969.77,100853969.77,3160006.0,00297046,False,False,False
598551,Palkovice,3535,4133888.0,11312745.77,109744293.4,196661906.4,4128883.0,00297054,False,False,False
598569,Paskov,3883,2882379.78,19327127.69,194501756.4,605786803.8,2861455.0,00297062,False,False,False
598577,Přerubenice,87,339443.0,343879.33,1243198.33,1243198.33,339443.0,00639940,False,False,False
598585,Nezabudice,90,512300.0,547646.4,17662272.07,34967272.07,512300.0,00639931,False,False,False
598593,Heřmaň,213,525852.0,319523.82,3330784.92,3826583.7,525852.0,00581305,False,False,False
598607,Hlincová Hora,488,1150941.16,1243736.71,11544389.96,14044389.96,1124772.0,00581321,False,False,False
598615,Modrá Hůrka,102,580634.4,279730.52,3705208.23,10519508.2,527532.0,00581763,False,False,False
598623,Mojné,308,896123.0,2388947.69,25386400.58,28016400.58,896123.0,00665665,False,False,False
598631,Kamenný Malíkov,78,499827.0,518666.04,2024183.44,3529183.44,499827.0,00666459,False,False,False
598640,Vlčetínec,51,266880.0,247231.45,1742762.57,1832762.57,266880.0,00666572,False,False,False
598658,Horní Meziříčko,110,576997.0,380043.15,3515752.61,4055752.61,576997.0,00666408,False,False,False
598666,Zlátenka,45,424921.0,209633.8,2131633.52,2137273.52,424921.0,00511498,False,False,False
598674,Sedliště,1723,2604207.0,2992171.71,74329488.35,74395782.35,2577603.0,00297178,False,False,False
598691,Hukvaldy,2185,3108014.78,5869079.34,101459633.49,142979633.49,3061202.0,00297194,False,False,False
598704,Čížkov,141,475581.56,763594.12,1888808.97,2054808.97,450400.0,00511323,False,False,False
598712,Kojčice,353,718359.0,972700.31,9492269.17,10492269.17,718359.0,00511315,False,False,False
598721,Libkova Voda,272,542820.0,1249299.61,7778142.09,7813142.09,542820.0,00515957,False,False,False
598739,Stará Ves nad Ondřejnicí,2992,2549370.9,15331437.31,76892705.75,90434963.75,2500385.0,00297232,False,False,False
598747,Staré Hamry,544,1447463.0,6373852.44,38642277.14,38859513.25,1423153.0,00297241,False,False,False
598755,Putimov,283,555900.0,787987.17,6244530.17,7758248.0,555900.0,00515965,False,False,False
598763,Svépravice,115,408844.0,248979.85,4011338.32,4291338.32,408844.0,00515825,False,False,False
598771,Syrov,59,244118.0,185905.0,1744289.93,1744289.93,244118.0,00511501,False,False,False
598780,Borovany,207,444720.0,449623.63,7068491.63,7324991.63,444720.0,00511455,False,False,False
598798,Šenov,6639,4778827.28,27201256.27,155399159.28,222395344.28,4633224.0,00297291,False,False,False
598801,Květov,119,608436.0,497421.62,4622855.86,5067855.86,608436.0,00511480,False,False,False
598810,Třinec,33852,11214551.94,188225042.12,1303966332.81,3035979389.0,10800176.88,00297313,True,True,False
598828,Osek,148,484950.0,418684.74,3594022.2,3834022.2,484950.0,00511684,False,False,False
598836,Václavovice,2136,3178311.0,4996736.43,70983169.53,73884138.53,3084511.0,00297330,False,False,False
598844,Vlastec,234,515282.8,1253528.51,7322268.37,9069743.37,512976.0,00511773,False,False,False
598852,Vlksice,147,732122.0,663675.44,7162037.3,8602037.3,689646.0,00511994,False,False,False
598861,Žďár,252,1149780.71,623757.59,8104055.5,8404055.5,1144180.71,00512028,False,False,False
598879,Vratimov,7434,4505829.76,43395659.26,200261737.82,648457329.48,4236036.0,00297372,False,True,False
598887,Pivkovice,93,779038.0,187124.13,3283312.4,9130282.49,779038.0,00667765,False,False,False
598895,Bezdědovice,385,1110165.0,1137191.75,7965381.34,8295381.34,1110165.0,00476838,False,False,False
598909,Skály,77,531516.0,318991.79,3105854.6,3125854.6,531516.0,00667838,False,False,False
598917,Karviná,48937,13554884.37,315834805.8,1698867608.24,4396763250.7,12178659.37,00297534,True,True,False
598925,Albrechtice,3808,3165134.96,14647524.79,106366312.29,141404630.97,2686440.0,00297429,False,False,False
598933,Český Těšín,23075,9017543.0,156387155.74,770030104.68,1562001199.13,8936509.0,00297437,True,True,False
598941,Dětmarovice,4511,2056299.0,18128587.07,149581299.43,155297299.43,1915670.0,00297445,False,False,False
598950,Lažánky,112,329906.0,459993.42,2193616.77,2322616.77,329906.0,00667633,False,False,False
598968,Dolní Lutyně,5326,2415488.0,14525875.93,102027832.01,159099655.01,2303112.0,00297461,False,False,False
598976,Čenkov u Bechyně,61,316840.0,203339.11,1219857.72,1219857.72,316840.0,00512541,False,False,False
598992,Hodětín,93,439807.0,422734.15,5663991.19,5793991.19,425066.0,00512630,False,False,False
599000,Záhoří,69,318226.0,352443.81,2025664.92,2055664.92,318226.0,00667285,False,False,False
599026,Slapsko,126,988722.0,673080.34,3529407.13,3654407.13,969957.0,00667153,False,False,False
599034,Zhoř u Mladé Vožice,107,307380.0,465942.74,2216731.52,2216731.52,307380.0,00667307,False,False,False
599042,Slapy,511,1058704.0,1494849.33,10520831.62,10657011.32,1053699.0,00667161,False,False,False
599051,Bohumín,20315,7007719.2,132814374.3,1203993756.27,3380293285.67,6643560.0,00297569,True,True,False
599069,Orlová,27540,8095670.76,218784838.67,918915174.87,2633532048.67,7867490.93,00297577,True,True,False
599077,Petrovice u Karviné,4971,2530340.76,15691890.14,160582794.47,181600321.47,2499418.0,00297585,False,False,False
599085,Petřvald,7409,3757224.0,41789539.41,325801381.21,730704126.48,3750473.0,00297593,False,False,False
599107,Rychvald,7787,5731262.0,38734940.71,302368922.06,613268846.07,5623153.0,00297615,False,False,False
599115,Řípec,339,1265602.0,717496.52,8563522.28,8974022.28,1237138.0,00667137,False,False,False
599123,Ústrašice,404,1457693.0,1279359.83,29654125.9,36064125.9,1457693.0,00667218,False,False,False
599131,Nová Ves,149,428880.0,646063.4,5882994.24,6200946.91,428880.0,00572632,False,False,False
599140,Stonava,1748,2150999.07,12922887.79,105243621.96,111997032.96,2058688.37,00297658,False,False,False
599158,Těrlicko,4877,3495782.0,17962865.07,96762449.71,216877598.45,3383034.0,00297666,False,False,False
599166,Němčice,134,425771.0,590613.01,2875217.9,2935217.9,407316.0,00572489,False,False,False
599174,Močerady,78,599883.8,447679.76,5088314.46,7250314.46,559692.0,00572578,False,False,False
599182,Pařezov,221,526170.0,708181.73,2999672.14,2999672.14,526170.0,00572276,False,False,False
599191,Nový Jičín,23005,11087893.94,195973662.17,1067728537.93,2319440730.39,10851444.0,00298212,True,True,False
599204,Korkyně,141,488982.21,490723.44,6300246.88,7024746.88,478359.21,00662861,False,False,False
599212,Bartošovice,1725,1979457.0,4114882.48,78393106.52,201424589.19,1959494.0,00297721,False,False,False
599221,Popovičky,486,1149848.0,2295077.89,14690783.08,17490783.08,1135384.0,00640131,False,False,False
599239,Vokov,208,613296.0,2261428.33,4229893.08,4229893.08,604591.0,00511307,False,False,False
599247,Bílovec,7411,4518450.0,84955000.23,315037746.45,657200239.45,4515605.0,00297755,True,True,False
599255,Mezná,112,441786.0,594586.57,2245484.07,2245484.07,441786.0,00667030,False,False,False
599263,Sedlečko u Soběslavě,222,1175548.0,563443.49,7658525.47,7883525.47,1175548.0,00667145,False,False,False
599271,Zlukov,290,365954.0,518482.99,26395458.39,26396458.39,365954.0,00667315,False,False,False
599280,Komárov,128,389243.0,476957.13,4411010.35,4691010.35,389243.0,00512681,False,False,False
599298,Drahenice,156,441349.0,596314.33,4950481.49,6036481.49,441349.0,00662798,False,False,False
599301,Černíky,170,923242.0,508353.03,4531539.74,4531539.74,923242.0,00640620,False,False,False
599344,Frenštát pod Radhoštěm,10554,4859122.88,89405890.37,611560230.84,901854281.9,4571009.0,00297852,True,True,False
599352,Fulnek,5472,4550379.21,51576304.13,203987305.6,403318951.77,3915144.0,00297861,False,True,False
599361,Strojetice,140,513605.0,1042394.33,5037841.29,5162841.29,513605.0,00875791,False,False,False
599379,Stranný,119,580752.0,310874.84,2916369.59,3416369.59,580752.0,00875805,False,False,False
599387,Soutice,269,1161479.0,5275577.91,11577713.88,12032713.88,1160712.0,00875813,False,False,False
599395,Ostrov,71,515350.0,576904.82,3248998.16,3448998.16,498690.0,00875775,False,False,False
599409,Hodslavice,1692,2779251.64,4209478.08,45100563.22,48865200.22,2723245.64,00297917,False,False,False
599417,Železná,320,899708.0,1470258.16,6526022.99,10875866.89,899708.0,00875121,False,False,False
599425,Želenice,210,1217314.0,742001.74,5327989.19,5405989.19,1209503.0,00875520,False,False,False
599433,Svárov,616,1691175.54,4585168.29,43731159.58,51553092.58,1647465.54,00875481,False,False,False
599441,Stradonice,144,753271.0,2148689.89,18027768.17,27282287.97,752134.0,00875503,False,False,False
599450,Grunta,98,376634.0,425756.17,1958183.78,2058183.78,376634.0,00876224,False,False,False
599468,Jeseník nad Odrou,1920,3170722.0,10197232.92,69205482.61,186285825.61,3044439.0,00297976,False,False,False
599476,Církvice,187,1085892.0,921280.54,3945299.98,3945299.98,1085892.0,00876208,False,False,False
599484,Krychnov,107,519824.0,466666.61,2061888.46,2061888.46,519824.0,00876232,False,False,False
599492,Újezdec,139,539820.0,1307039.99,7469245.05,7769245.05,539820.0,00875830,False,False,False
599506,Jistebník,1766,2069630.0,8987830.4,35593658.26,66914158.26,2069630.0,00298018,False,False,False
599514,Březovice,355,1335357.25,684302.82,9926945.13,10126945.13,1313292.25,42717205,False,False,False
599522,Husí Lhota,161,1062108.0,856702.27,2571994.62,2731994.62,1062108.0,00876241,False,False,False
599531,Horní Slivno,374,564204.0,3121013.02,25321431.75,59693931.75,564204.0,00876267,False,False,False
599549,Klimkovice,4454,3148732.39,18640485.38,168046956.42,330432798.6,2708265.58,00298051,False,False,False
599557,Koryta,119,355845.0,3282683.36,4503493.95,14003503.53,355845.0,42716870,False,False,False
599565,Kopřivnice,21374,7870278.73,160061664.21,714926003.77,1179819088.77,7732125.0,00298077,True,True,False
599573,Sezemice,127,443467.0,1109500.44,3164438.59,6189438.59,443467.0,00876259,False,False,False
599581,Jiřice,317,988840.76,600202.4,21435002.36,30923502.36,988840.76,00876089,False,False,False
599590,Podmoky,205,779982.0,4016193.05,9948268.16,10361268.16,754354.0,00876003,False,False,False
599603,Lichnov,1595,2021609.0,4131404.73,38538554.6,69823675.6,1868269.0,00298115,False,False,False
599611,Vrbice,186,476601.0,1181615.47,7146881.18,7330699.18,476601.0,00876127,False,False,False
599620,Chleby,444,410712.0,1193864.18,6655336.51,6655336.51,410712.0,00876071,False,False,False
599638,Hrubý Jeseník,609,927018.46,1228058.63,28893948.52,34243948.52,869688.0,00876054,False,False,False
599646,Luboměř,396,1334510.63,975062.3,7367454.55,7629454.55,1310657.0,00298158,False,False,False
599654,Nový Dvůr,71,307924.0,675904.71,1894559.18,6914871.56,302148.0,00876097,False,False,False
599662,Oseček,173,494941.0,735140.08,3902209.55,4067209.55,492602.0,00876046,False,False,False
599671,Čilec,240,835051.0,1024955.05,3537694.26,3537694.26,835051.0,00875961,False,False,False
599689,Mořkov,2383,2804381.0,5882755.29,57802729.02,143638834.02,2804290.0,00298191,False,False,False
599697,Zbožíčko,269,615514.0,479226.27,5274338.95,5938821.95,604512.0,00875953,False,False,False
599701,Odry,7314,4783902.83,70404852.58,306119187.6,657821495.57,4755522.83,00298221,True,True,False
599719,Tehovec,671,1712506.0,2894369.39,24497132.96,24497132.96,1712506.0,43750648,False,False,False
599727,Karlík,494,675946.0,1708212.49,8012502.14,9298747.58,675946.0,44684967,False,False,False
599735,Březová-Oleško,1457,2572750.71,5764364.57,61396379.93,76660051.93,2572750.71,44684983,False,False,False
599743,Petřvald,1748,2367121.0,5682585.27,39497686.09,39647686.09,2367121.0,00298263,False,False,False
599751,Modřovice,105,334015.0,180286.23,2261190.57,2621190.57,334015.0,00875872,False,False,False
599760,Račice,170,521442.02,2694342.65,6513142.97,6513142.97,521442.02,16981901,False,False,False
599778,Závraty,65,261600.0,122541.6,1705426.72,4955238.72,261600.0,00581534,False,False,False
599808,Příbor,8298,3624188.0,49129166.14,253143268.65,629301153.7,3475521.4,00298328,False,True,False
599832,Sedlnice,1834,3034819.0,8544463.49,116331714.45,162965932.45,3034819.0,00298352,False,False,False
599867,Spálov,897,1121718.0,12286050.94,28048007.98,29253507.98,1088091.0,00298387,False,False,False
599905,Starý Jičín,2987,3345062.4,6944469.5,88510302.67,123021868.81,3220686.84,00298425,False,False,False
599921,Studénka,9302,3904165.26,52408161.19,326514688.19,685207388.55,3772201.0,00298441,False,True,False
599930,Suchdol nad Odrou,2850,2865199.0,8932817.36,76448962.79,92906540.79,2852273.0,00298450,False,False,False
599948,Štramberk,3470,3336396.0,16512743.69,124702059.3,247210205.34,3290477.0,00298468,False,False,False
599956,Tichá,2012,2816151.52,5468297.85,78198704.64,92398373.64,2660728.0,00298476,False,False,False
599964,Tísek,976,0.0,5955058.48,29965377.58,30317377.58,0.0,00298484,False,False,False
599999,Trojanovice,2758,2722638.0,11066961.38,220741471.93,442406965.08,2722638.0,00298514,False,False,False
