kod_obce,nazev,obyvatel_2026,obyvatel_2025,kraj,kraj_nuts,okres,okres_nuts,orp,kod_orp,vojensky_ujezd
554979,Abertamy (okr. Karlovy Vary),817,831,Karlovarský,CZ041,Karlovy Vary,CZ0412,Ostrov,4106,False
581291,Adamov (okr. Blansko),4564,4616,Jihomoravský,CZ064,Blansko,CZ0641,Blansko,6201,False
535826,Adamov (okr. České Budějovice),1025,1040,Jihočeský,CZ031,České Budějovice,CZ0311,České Budějovice,3102,False
531367,Adamov (okr. Kutná Hora),133,135,Středočeský,CZ020,Kutná Hora,CZ0205,Čáslav,2104,False
547786,Adršpach (okr. Náchod),491,482,Královéhradecký,CZ052,Náchod,CZ0523,Broumov,5201,False
576077,Albrechtice nad Orlicí (okr. Rychnov nad Kněžnou),1000,1014,Královéhradecký,CZ052,Rychnov nad Kněžnou,CZ0524,Kostelec nad Orlicí,5208,False
549258,Albrechtice nad Vltavou (okr. Písek),1009,1027,Jihočeský,CZ031,Písek,CZ0314,Písek,3108,False
598925,Albrechtice (okr. Karviná),3782,3808,Moravskoslezský,CZ080,Karviná,CZ0803,Havířov,8108,False
547981,Albrechtice (okr. Ústí nad Orlicí),448,436,Pardubický,CZ053,Ústí nad Orlicí,CZ0534,Lanškroun,5306,False
563528,Albrechtice v Jizerských horách (okr. Jablonec nad Nisou),335,344,Liberecký,CZ051,Jablonec nad Nisou,CZ0512,Tanvald,5108,False
568741,Albrechtičky (okr. Nový Jičín),693,694,Moravskoslezský,CZ080,Nový Jičín,CZ0804,Bílovec,8101,False
506761,Alojzov (okr. Prostějov),259,251,Olomoucký,CZ071,Prostějov,CZ0713,Prostějov,7108,False
551929,Andělská Hora (okr. Bruntál),355,357,Moravskoslezský,CZ080,Bruntál,CZ0801,Bruntál,8103,False
538001,Andělská Hora (okr. Karlovy Vary),408,402,Karlovarský,CZ041,Karlovy Vary,CZ0412,Karlovy Vary,4103,False
573426,Anenská Studánka (okr. Ústí nad Orlicí),193,193,Pardubický,CZ053,Ústí nad Orlicí,CZ0534,Lanškroun,5306,False
586030,Archlebov (okr. Hodonín),865,860,Jihomoravský,CZ064,Hodonín,CZ0645,Kyjov,6210,False
509388,Arneštovice (okr. Pelhřimov),92,85,Vysočina,CZ063,Pelhřimov,CZ0633,Pelhřimov,6110,False
586854,Arnolec (okr. Jihlava),200,196,Vysočina,CZ063,Jihlava,CZ0632,Jihlava,6105,False
562343,Arnoltice (okr. Děčín),414,421,Ústecký,CZ042,Děčín,CZ0421,Děčín,4202,False
554499,Aš (okr. Cheb),12683,12684,Karlovarský,CZ041,Cheb,CZ0411,Aš,4101,False
582794,Babice nad Svitavou (okr. Brno-venkov),1465,1462,Jihomoravský,CZ064,Brno-venkov,CZ0643,Šlapanice,6216,False
569828,Babice (okr. Hradec Králové),203,212,Královéhradecký,CZ052,Hradec Králové,CZ0521,Nový Bydžov,5212,False
552356,Babice (okr. Olomouc),457,458,Olomoucký,CZ071,Olomouc,CZ0712,Šternberk,7110,False
537241,Babice (okr. Prachatice),159,160,Jihočeský,CZ031,Prachatice,CZ0315,Prachatice,3109,False
538043,Babice (okr. Praha-východ),1529,1466,Středočeský,CZ020,Praha-východ,CZ0209,Říčany,2122,False
590274,Babice (okr. Třebíč),225,215,Vysočina,CZ063,Třebíč,CZ0634,Moravské Budějovice,6106,False
592013,Babice (okr. Uherské Hradiště),1861,1862,Zlínský,CZ072,Uherské Hradiště,CZ0722,Uherské Hradiště,7207,False
582808,Babice u Rosic (okr. Brno-venkov),798,798,Jihomoravský,CZ064,Brno-venkov,CZ0643,Rosice,6214,False
553433,Babylon (okr. Domažlice),377,388,Plzeňský,CZ032,Domažlice,CZ0321,Domažlice,3202,False
561118,Bácovice (okr. Pelhřimov),95,94,Vysočina,CZ063,Pelhřimov,CZ0633,Pelhřimov,6110,False
553701,Bačalky (okr. Jičín),170,166,Královéhradecký,CZ052,Jičín,CZ0522,Jičín,5207,False
576085,Bačetín (okr. Rychnov nad Kněžnou),391,390,Královéhradecký,CZ052,Rychnov nad Kněžnou,CZ0524,Dobruška,5202,False
590282,Bačice (okr. Třebíč),203,200,Vysočina,CZ063,Třebíč,CZ0634,Třebíč,6113,False
546194,Bačkov (okr. Havlíčkův Brod),113,113,Vysočina,CZ063,Havlíčkův Brod,CZ0631,Havlíčkův Brod,6102,False
544833,Bačkovice (okr. Třebíč),85,88,Vysočina,CZ063,Třebíč,CZ0634,Moravské Budějovice,6106,False
535427,Bakov nad Jizerou (okr. Mladá Boleslav),5355,5355,Středočeský,CZ020,Mladá Boleslav,CZ0207,Mladá Boleslav,2115,False
595217,Baliny (okr. Žďár nad Sázavou),138,134,Vysočina,CZ063,Žďár nad Sázavou,CZ0635,Velké Meziříčí,6114,False
563251,Balkova Lhota (okr. Tábor),147,149,Jihočeský,CZ031,Tábor,CZ0317,Tábor,3112,False
572560,Banín (okr. Svitavy),300,295,Pardubický,CZ053,Svitavy,CZ0533,Svitavy,5312,False
592021,Bánov (okr. Uherské Hradiště),2164,2178,Zlínský,CZ072,Uherské Hradiště,CZ0722,Uherský Brod,7208,False
562726,Báňovice (okr. Jindřichův Hradec),104,104,Jihočeský,CZ031,Jindřichův Hradec,CZ0313,Dačice,3104,False
593729,Bantice (okr. Znojmo),294,292,Jihomoravský,CZ064,Znojmo,CZ0647,Znojmo,6220,False
569836,Barchov (okr. Hradec Králové),289,289,Královéhradecký,CZ052,Hradec Králové,CZ0521,Nový Bydžov,5212,False
574724,Barchov (okr. Pardubice),338,340,Pardubický,CZ053,Pardubice,CZ0532,Pardubice,5309,False
533173,Barchovice (okr. Kolín),256,261,Středočeský,CZ020,Kolín,CZ0204,Kolín,2110,False
599212,Bartošovice (okr. Nový Jičín),1714,1725,Moravskoslezský,CZ080,Nový Jičín,CZ0804,Nový Jičín,8115,False
576093,Bartošovice v Orlických horách (okr. Rychnov nad Kněžnou),225,223,Královéhradecký,CZ052,Rychnov nad Kněžnou,CZ0524,Rychnov nad Kněžnou,5213,False
548260,Bartoušov (okr. Havlíčkův Brod),195,199,Vysočina,CZ063,Havlíčkův Brod,CZ0631,Havlíčkův Brod,6102,False
588300,Bařice-Velké Těšany (okr. Kroměříž),439,448,Zlínský,CZ072,Kroměříž,CZ0721,Kroměříž,7203,False
598011,Baška (okr. Frýdek-Místek),4056,4032,Moravskoslezský,CZ080,Frýdek-Místek,CZ0802,Frýdek-Místek,8106,False
572667,Bašnice (okr. Jičín),219,218,Královéhradecký,CZ052,Jičín,CZ0522,Hořice,5204,False
538051,Bašť (okr. Praha-východ),3071,3068,Středočeský,CZ020,Praha-východ,CZ0209,Brandýs nad Labem-Stará Boleslav,2103,False
586862,Batelov (okr. Jihlava),2458,2437,Vysočina,CZ063,Jihlava,CZ0632,Jihlava,6105,False
579041,Batňovice (okr. Trutnov),787,790,Královéhradecký,CZ052,Trutnov,CZ0525,Trutnov,5214,False
550809,Bavorov (okr. Strakonice),1672,1683,Jihočeský,CZ031,Strakonice,CZ0316,Vodňany,3117,False
584304,Bavory (okr. Břeclav),423,423,Jihomoravský,CZ064,Břeclav,CZ0644,Mikulov,6211,False
534421,Bavoryně (okr. Beroun),454,434,Středočeský,CZ020,Beroun,CZ0202,Beroun,2102,False
566756,Bdeněves (okr. Plzeň-sever),815,812,Plzeňský,CZ032,Plzeň-sever,CZ0325,Nýřany,3208,False
565423,Bdín (okr. Rakovník),69,69,Středočeský,CZ020,Rakovník,CZ020C,Rakovník,2121,False
572675,Běchary (okr. Jičín),276,266,Královéhradecký,CZ052,Jičín,CZ0522,Jičín,5207,False
564575,Bechlín (okr. Litoměřice),1334,1347,Ústecký,CZ042,Litoměřice,CZ0423,Roudnice nad Labem,4211,False
552054,Bechyně (okr. Tábor),4757,4815,Jihočeský,CZ031,Tábor,CZ0317,Tábor,3112,False
536156,Bečice (okr. České Budějovice),106,106,Jihočeský,CZ031,České Budějovice,CZ0311,Týn nad Vltavou,3115,False
563366,Bečice (okr. Tábor),80,79,Jihočeský,CZ031,Tábor,CZ0317,Tábor,3112,False
554995,Bečov nad Teplou (okr. Karlovy Vary),911,903,Karlovarský,CZ041,Karlovy Vary,CZ0412,Karlovy Vary,4103,False
567043,Bečov (okr. Most),1388,1389,Ústecký,CZ042,Most,CZ0425,Most,4209,False
533181,Bečváry (okr. Kolín),1068,1070,Středočeský,CZ020,Kolín,CZ0204,Kolín,2110,False
589268,Bedihošť (okr. Prostějov),1157,1153,Olomoucký,CZ071,Prostějov,CZ0713,Prostějov,7108,False
562548,Bednárec (okr. Jindřichův Hradec),115,117,Jihočeský,CZ031,Jindřichův Hradec,CZ0313,Jindřichův Hradec,3105,False
561053,Bednáreček (okr. Jindřichův Hradec),171,178,Jihočeský,CZ031,Jindřichův Hradec,CZ0313,Jindřichův Hradec,3105,False
581313,Bedřichov (okr. Blansko),260,251,Jihomoravský,CZ064,Blansko,CZ0641,Boskovice,6202,False
563536,Bedřichov (okr. Jablonec nad Nisou),389,401,Liberecký,CZ051,Jablonec nad Nisou,CZ0512,Jablonec nad Nisou,5103,False
541842,Běhařov (okr. Klatovy),191,185,Plzeňský,CZ032,Klatovy,CZ0322,Klatovy,3205,False
593737,Běhařovice (okr. Znojmo),369,375,Jihomoravský,CZ064,Znojmo,CZ0647,Znojmo,6220,False
553441,Bělá nad Radbuzou (okr. Domažlice),1733,1754,Plzeňský,CZ032,Domažlice,CZ0321,Domažlice,3202,False
572586,Bělá nad Svitavou (okr. Svitavy),476,477,Pardubický,CZ053,Svitavy,CZ0533,Svitavy,5312,False
573566,Bělá (okr. Havlíčkův Brod),221,224,Vysočina,CZ063,Havlíčkův Brod,CZ0631,Světlá nad Sázavou,6111,False
512974,Bělá (okr. Opava),648,654,Moravskoslezský,CZ080,Opava,CZ0805,Hlučín,8109,False
561126,Bělá (okr. Pelhřimov),60,57,Vysočina,CZ063,Pelhřimov,CZ0633,Pelhřimov,6110,False
576972,Bělá (okr. Semily),280,285,Liberecký,CZ051,Semily,CZ0514,Semily,5107,False
535443,Bělá pod Bezdězem (okr. Mladá Boleslav),4815,4804,Středočeský,CZ020,Mladá Boleslav,CZ0207,Mladá Boleslav,2115,False
523917,Bělá pod Pradědem (okr. Jeseník),1701,1710,Olomoucký,CZ071,Jeseník,CZ0711,Jeseník,7102,False
505391,Bělá u Jevíčka (okr. Svitavy),345,352,Pardubický,CZ053,Svitavy,CZ0533,Moravská Třebová,5308,False
550817,Bělčice (okr. Strakonice),1031,1024,Jihočeský,CZ031,Strakonice,CZ0316,Blatná,3101,False
569852,Běleč nad Orlicí (okr. Hradec Králové),414,418,Královéhradecký,CZ052,Hradec Králové,CZ0521,Hradec Králové,5205,False
581321,Běleč (okr. Brno-venkov),181,205,Jihomoravský,CZ064,Brno-venkov,CZ0643,Tišnov,6217,False
535010,Běleč (okr. Kladno),326,306,Středočeský,CZ020,Kladno,CZ0203,Kladno,2109,False
560448,Běleč (okr. Tábor),197,195,Jihočeský,CZ031,Tábor,CZ0317,Tábor,3112,False
500526,Bělkovice-Lašťany (okr. Olomouc),2315,2302,Olomoucký,CZ071,Olomouc,CZ0712,Olomouc,7107,False
532070,Běloky (okr. Kladno),181,184,Středočeský,CZ020,Kladno,CZ0203,Kladno,2109,False
512231,Bělotín (okr. Přerov),1883,1854,Olomoucký,CZ071,Přerov,CZ0714,Hranice,7101,False
588318,Bělov (okr. Zlín),323,322,Zlínský,CZ072,Zlín,CZ0724,Otrokovice,7205,False
533190,Bělušice (okr. Kolín),306,318,Středočeský,CZ020,Kolín,CZ0204,Kolín,2110,False
567051,Bělušice (okr. Most),227,229,Ústecký,CZ042,Most,CZ0425,Most,4209,False
535451,Benátky nad Jizerou (okr. Mladá Boleslav),7963,7879,Středočeský,CZ020,Mladá Boleslav,CZ0207,Mladá Boleslav,2115,False
569861,Benátky (okr. Hradec Králové),124,122,Královéhradecký,CZ052,Hradec Králové,CZ0521,Hradec Králové,5205,False
577774,Benátky (okr. Svitavy),409,403,Pardubický,CZ053,Svitavy,CZ0533,Litomyšl,5307,False
576981,Benecko (okr. Semily),1111,1129,Liberecký,CZ051,Semily,CZ0514,Jilemnice,5104,False
545406,Benešov nad Černou (okr. Český Krumlov),1366,1376,Jihočeský,CZ031,Český Krumlov,CZ0312,Kaplice,3106,False
562351,Benešov nad Ploučnicí (okr. Děčín),3485,3526,Ústecký,CZ042,Děčín,CZ0421,Děčín,4202,False
529303,Benešov (okr. Benešov),17025,17043,Středočeský,CZ020,Benešov,CZ0201,Benešov,2101,False
581330,Benešov (okr. Blansko),676,678,Jihomoravský,CZ064,Blansko,CZ0641,Boskovice,6202,False
576999,Benešov u Semil (okr. Semily),866,864,Liberecký,CZ051,Semily,CZ0514,Semily,5107,False
560723,Benešovice (okr. Tachov),281,255,Plzeňský,CZ032,Tachov,CZ0327,Stříbro,3213,False
590304,Benetice (okr. Třebíč),192,196,Vysočina,CZ063,Třebíč,CZ0634,Třebíč,6113,False
512281,Beňov (okr. Přerov),662,665,Olomoucký,CZ071,Přerov,CZ0714,Přerov,7109,False
531111,Bernardov (okr. Kutná Hora),165,165,Středočeský,CZ020,Kutná Hora,CZ0205,Kutná Hora,2112,False
568481,Bernartice nad Odrou (okr. Nový Jičín),1000,990,Moravskoslezský,CZ080,Nový Jičín,CZ0804,Nový Jičín,8115,False
532568,Bernartice (okr. Benešov),222,223,Středočeský,CZ020,Benešov,CZ0201,Vlašim,2125,False
524891,Bernartice (okr. Jeseník),820,846,Olomoucký,CZ071,Jeseník,CZ0711,Jeseník,7102,False
549266,Bernartice (okr. Písek),1402,1405,Jihočeský,CZ031,Písek,CZ0314,Milevsko,3107,False
579050,Bernartice (okr. Trutnov),902,900,Královéhradecký,CZ052,Trutnov,CZ0525,Trutnov,5214,False
531057,Beroun (okr. Beroun),21744,21521,Středočeský,CZ020,Beroun,CZ0202,Beroun,2102,False
537021,Běrunice (okr. Nymburk),890,871,Středočeský,CZ020,Nymburk,CZ0208,Poděbrady,2119,False
532088,Beřovice (okr. Kladno),417,419,Středočeský,CZ020,Kladno,CZ0203,Slaný,2124,False
545414,Besednice (okr. Český Krumlov),824,832,Jihočeský,CZ031,Český Krumlov,CZ0312,Kaplice,3106,False
553760,Běstovice (okr. Ústí nad Orlicí),436,440,Pardubický,CZ053,Ústí nad Orlicí,CZ0534,Vysoké Mýto,5314,False
571181,Běstvina (okr. Chrudim),555,570,Pardubický,CZ053,Chrudim,CZ0531,Chrudim,5304,False
555797,Běšiny (okr. Klatovy),815,817,Plzeňský,CZ032,Klatovy,CZ0322,Klatovy,3205,False
531073,Běštín (okr. Beroun),341,334,Středočeský,CZ020,Beroun,CZ0202,Hořovice,2108,False
574309,Bezděčí u Trnávky (okr. Svitavy),181,185,Pardubický,CZ053,Svitavy,CZ0533,Moravská Třebová,5308,False
598895,Bezdědovice (okr. Strakonice),383,385,Jihočeský,CZ031,Strakonice,CZ0316,Blatná,3101,False
573884,Bezděkov nad Metují (okr. Náchod),642,626,Královéhradecký,CZ052,Náchod,CZ0523,Náchod,5209,False
548430,Bezděkov (okr. Havlíčkův Brod),238,235,Vysočina,CZ063,Havlíčkův Brod,CZ0631,Chotěboř,6104,False
555801,Bezděkov (okr. Klatovy),962,964,Plzeňský,CZ032,Klatovy,CZ0322,Klatovy,3205,False
574741,Bezděkov (okr. Pardubice),352,334,Pardubický,CZ053,Pardubice,CZ0532,Pardubice,5309,False
541095,Bezděkov (okr. Rokycany),162,159,Plzeňský,CZ032,Rokycany,CZ0326,Rokycany,3211,False
529672,Bezděkov pod Třemšínem (okr. Příbram),168,163,Středočeský,CZ020,Příbram,CZ020B,Příbram,2120,False
561398,Bezděz (okr. Česká Lípa),355,350,Liberecký,CZ051,Česká Lípa,CZ0511,Česká Lípa,5101,False
560740,Bezdružice (okr. Tachov),924,931,Plzeňský,CZ032,Tachov,CZ0327,Stříbro,3213,False
593745,Bezkov (okr. Znojmo),229,226,Jihomoravský,CZ064,Znojmo,CZ0647,Znojmo,6220,False
588326,Bezměrov (okr. Kroměříž),544,537,Zlínský,CZ072,Kroměříž,CZ0721,Kroměříž,7203,False
535478,Bezno (okr. Mladá Boleslav),993,987,Středočeský,CZ020,Mladá Boleslav,CZ0207,Mladá Boleslav,2115,False
512401,Bezuchov (okr. Přerov),182,186,Olomoucký,CZ071,Přerov,CZ0714,Přerov,7109,False
558656,Bezvěrov (okr. Plzeň-sever),666,661,Plzeňský,CZ032,Plzeň-sever,CZ0325,Kralovice,3206,False
565750,Bílá Hlína (okr. Mladá Boleslav),127,121,Středočeský,CZ020,Mladá Boleslav,CZ0207,Mnichovo Hradiště,2116,False
500623,Bílá Lhota (okr. Olomouc),1146,1166,Olomoucký,CZ071,Olomouc,CZ0712,Litovel,7105,False
598020,Bílá (okr. Frýdek-Místek),278,279,Moravskoslezský,CZ080,Frýdek-Místek,CZ0802,Frýdlant nad Ostravicí,8107,False
563901,Bílá (okr. Liberec),951,957,Liberecký,CZ051,Liberec,CZ0513,Liberec,5105,False
579068,Bílá Třemešná (okr. Trutnov),1394,1366,Královéhradecký,CZ052,Trutnov,CZ0525,Dvůr Králové nad Labem,5203,False
525227,Bílá Voda (okr. Jeseník),336,336,Olomoucký,CZ071,Jeseník,CZ0711,Jeseník,7102,False
597198,Bílčice (okr. Bruntál),221,225,Moravskoslezský,CZ080,Bruntál,CZ0801,Bruntál,8103,False
533971,Bílé Podolí (okr. Kutná Hora),582,594,Středočeský,CZ020,Kutná Hora,CZ0205,Čáslav,2104,False
579076,Bílé Poličany (okr. Trutnov),164,167,Královéhradecký,CZ052,Trutnov,CZ0525,Dvůr Králové nad Labem,5203,False
562980,Bílence (okr. Chomutov),262,255,Ústecký,CZ042,Chomutov,CZ0422,Chomutov,4203,False
535125,Bílichov (okr. Kladno),215,213,Středočeský,CZ020,Kladno,CZ0203,Slaný,2124,False
567451,Bílina (okr. Teplice),14401,14497,Ústecký,CZ042,Teplice,CZ0426,Bílina,4201,False
530743,Bílkovice (okr. Benešov),220,225,Středočeský,CZ020,Benešov,CZ0201,Vlašim,2125,False
546984,Bílov (okr. Nový Jičín),620,606,Moravskoslezský,CZ080,Nový Jičín,CZ0804,Bílovec,8101,False
530239,Bílov (okr. Plzeň-sever),83,90,Plzeňský,CZ032,Plzeň-sever,CZ0325,Kralovice,3206,False
599247,Bílovec (okr. Nový Jičín),7349,7411,Moravskoslezský,CZ080,Nový Jičín,CZ0804,Bílovec,8101,False
582824,Bílovice nad Svitavou (okr. Brno-venkov),3690,3725,Jihomoravský,CZ064,Brno-venkov,CZ0643,Šlapanice,6216,False
592030,Bílovice (okr. Uherské Hradiště),1944,1935,Zlínský,CZ072,Uherské Hradiště,CZ0722,Uherské Hradiště,7207,False
589276,Bílovice-Lutotín (okr. Prostějov),518,513,Olomoucký,CZ071,Prostějov,CZ0713,Prostějov,7108,False
552062,Bílsko (okr. Olomouc),235,237,Olomoucký,CZ071,Olomouc,CZ0712,Litovel,7105,False
550833,Bílsko (okr. Strakonice),201,208,Jihočeský,CZ031,Strakonice,CZ0316,Vodňany,3117,False
548901,Bílsko u Hořic (okr. Jičín),118,118,Královéhradecký,CZ052,Jičín,CZ0522,Hořice,5204,False
586889,Bílý Kámen (okr. Jihlava),284,286,Vysočina,CZ063,Jihlava,CZ0632,Jihlava,6105,False
563919,Bílý Kostel nad Nisou (okr. Liberec),1097,1094,Liberecký,CZ051,Liberec,CZ0513,Liberec,5105,False
546631,Bílý Potok (okr. Liberec),693,697,Liberecký,CZ051,Liberec,CZ0513,Frýdlant,5102,False
576107,Bílý Újezd (okr. Rychnov nad Kněžnou),755,796,Královéhradecký,CZ052,Rychnov nad Kněžnou,CZ0524,Rychnov nad Kněžnou,5213,False
578088,Biřkov (okr. Klatovy),142,132,Plzeňský,CZ032,Klatovy,CZ0322,Klatovy,3205,False
582832,Biskoupky (okr. Brno-venkov),182,185,Jihomoravský,CZ064,Brno-venkov,CZ0643,Ivančice,6208,False
573949,Biskupice (okr. Chrudim),78,76,Pardubický,CZ053,Chrudim,CZ0531,Chrudim,5304,False
589284,Biskupice (okr. Prostějov),317,317,Olomoucký,CZ071,Prostějov,CZ0713,Prostějov,7108,False
572519,Biskupice (okr. Svitavy),476,472,Pardubický,CZ053,Svitavy,CZ0533,Moravská Třebová,5308,False
585076,Biskupice (okr. Zlín),685,695,Zlínský,CZ072,Zlín,CZ0724,Luhačovice,7204,False
590312,Biskupice-Pulkov (okr. Třebíč),256,257,Vysočina,CZ063,Třebíč,CZ0634,Třebíč,6113,False
535486,Bítouchov (okr. Mladá Boleslav),441,433,Středočeský,CZ020,Mladá Boleslav,CZ0207,Mladá Boleslav,2115,False
554936,Bítov (okr. Nový Jičín),488,492,Moravskoslezský,CZ080,Nový Jičín,CZ0804,Bílovec,8101,False
593753,Bítov (okr. Znojmo),141,142,Jihomoravský,CZ064,Znojmo,CZ0647,Znojmo,6220,False
505005,Bítovany (okr. Chrudim),457,441,Pardubický,CZ053,Chrudim,CZ0531,Chrudim,5304,False
586897,Bítovčice (okr. Jihlava),395,400,Vysočina,CZ063,Jihlava,CZ0632,Jihlava,6105,False
565997,Bitozeves (okr. Louny),534,519,Ústecký,CZ042,Louny,CZ0424,Žatec,4216,False
593761,Blanné (okr. Znojmo),77,79,Jihomoravský,CZ064,Znojmo,CZ0647,Znojmo,6220,False
581283,Blansko (okr. Blansko),19900,20002,Jihomoravský,CZ064,Blansko,CZ0641,Blansko,6201,False
561401,Blatce (okr. Česká Lípa),120,115,Liberecký,CZ051,Česká Lípa,CZ0511,Česká Lípa,5101,False
500801,Blatec (okr. Olomouc),645,655,Olomoucký,CZ071,Olomouc,CZ0712,Olomouc,7107,False
550850,Blatná (okr. Strakonice),6679,6669,Jihočeský,CZ031,Strakonice,CZ0316,Blatná,3101,False
558672,Blatnice (okr. Plzeň-sever),915,905,Plzeňský,CZ032,Plzeň-sever,CZ0325,Nýřany,3208,False
590321,Blatnice (okr. Třebíč),385,374,Vysočina,CZ063,Třebíč,CZ0634,Moravské Budějovice,6106,False
586048,Blatnice pod Svatým Antonínkem (okr. Hodonín),1870,1900,Jihomoravský,CZ064,Hodonín,CZ0645,Veselí nad Moravou,6218,False
586056,Blatnička (okr. Hodonín),440,428,Jihomoravský,CZ064,Hodonín,CZ0645,Veselí nad Moravou,6218,False
562998,Blatno (okr. Chomutov),627,613,Ústecký,CZ042,Chomutov,CZ0422,Chomutov,4203,False
566004,Blatno (okr. Louny),508,511,Ústecký,CZ042,Louny,CZ0424,Podbořany,4210,False
542318,Blazice (okr. Kroměříž),218,217,Zlínský,CZ072,Kroměříž,CZ0721,Bystřice pod Hostýnem,7201,False
561711,Blažejov (okr. Jindřichův Hradec),479,482,Jihočeský,CZ031,Jindřichův Hradec,CZ0313,Jindřichův Hradec,3105,False
532380,Blažejovice (okr. Benešov),113,102,Středočeský,CZ020,Benešov,CZ0201,Vlašim,2125,False
566012,Blažim (okr. Louny),290,295,Ústecký,CZ042,Louny,CZ0424,Žatec,4216,False
566764,Blažim (okr. Plzeň-sever),63,64,Plzeňský,CZ032,Plzeň-sever,CZ0325,Nýřany,3208,False
595241,Blažkov (okr. Žďár nad Sázavou),271,268,Vysočina,CZ063,Žďár nad Sázavou,CZ0635,Bystřice nad Pernštejnem,6101,False
582841,Blažovice (okr. Brno-venkov),1243,1248,Jihomoravský,CZ064,Brno-venkov,CZ0643,Šlapanice,6216,False
569879,Blešno (okr. Hradec Králové),444,436,Královéhradecký,CZ052,Hradec Králové,CZ0521,Hradec Králové,5205,False
532100,Blevice (okr. Kladno),294,289,Středočeský,CZ020,Kladno,CZ0203,Kladno,2109,False
595250,Blízkov (okr. Žďár nad Sázavou),342,341,Vysočina,CZ063,Žďár nad Sázavou,CZ0635,Velké Meziříčí,6114,False
553450,Blížejov (okr. Domažlice),1561,1598,Plzeňský,CZ032,Domažlice,CZ0321,Horšovský Týn,3204,False
561410,Blíževedly (okr. Česká Lípa),655,631,Liberecký,CZ051,Česká Lípa,CZ0511,Česká Lípa,5101,False
593770,Blížkovice (okr. Znojmo),1204,1215,Jihomoravský,CZ064,Znojmo,CZ0647,Znojmo,6220,False
557587,Blovice (okr. Plzeň-jih),4258,4207,Plzeňský,CZ032,Plzeň-jih,CZ0324,Blovice,3201,False
566021,Blšany (okr. Louny),1039,1046,Ústecký,CZ042,Louny,CZ0424,Podbořany,4210,False
542547,Blšany u Loun (okr. Louny),408,417,Ústecký,CZ042,Louny,CZ0424,Louny,4207,False
582859,Blučina (okr. Brno-venkov),2252,2277,Jihomoravský,CZ064,Brno-venkov,CZ0643,Židlochovice,6221,False
530964,Bludov (okr. Kutná Hora),25,25,Středočeský,CZ020,Kutná Hora,CZ0205,Kutná Hora,2112,False
525588,Bludov (okr. Šumperk),2972,2996,Olomoucký,CZ071,Šumperk,CZ0715,Šumperk,7111,False
537039,Bobnice (okr. Nymburk),882,878,Středočeský,CZ020,Nymburk,CZ0208,Nymburk,2118,False
595268,Bobrová (okr. Žďár nad Sázavou),904,888,Vysočina,CZ063,Žďár nad Sázavou,CZ0635,Nové Město na Moravě,6108,False
595276,Bobrůvka (okr. Žďár nad Sázavou),237,244,Vysočina,CZ063,Žďár nad Sázavou,CZ0635,Nové Město na Moravě,6108,False
511633,Bocanovice (okr. Frýdek-Místek),498,497,Moravskoslezský,CZ080,Frýdek-Místek,CZ0802,Jablunkov,8110,False
512532,Bochoř (okr. Přerov),962,994,Olomoucký,CZ071,Přerov,CZ0714,Přerov,7109,False
555029,Bochov (okr. Karlovy Vary),1876,1874,Karlovarský,CZ041,Karlovy Vary,CZ0412,Karlovy Vary,4103,False
590347,Bochovice (okr. Třebíč),153,149,Vysočina,CZ063,Třebíč,CZ0634,Třebíč,6113,False
572705,Boháňka (okr. Jičín),265,265,Královéhradecký,CZ052,Jičín,CZ0522,Hořice,5204,False
569887,Boharyně (okr. Hradec Králové),595,599,Královéhradecký,CZ052,Hradec Králové,CZ0521,Hradec Králové,5205,False
592897,Bohaté Málkovice (okr. Vyškov),236,239,Jihomoravský,CZ064,Vyškov,CZ0646,Bučovice,6205,False
561428,Bohatice (okr. Česká Lípa),253,247,Liberecký,CZ051,Česká Lípa,CZ0511,Česká Lípa,5101,False
595284,Bohdalec (okr. Žďár nad Sázavou),283,280,Vysočina,CZ063,Žďár nad Sázavou,CZ0635,Žďár nad Sázavou,6115,False
592901,Bohdalice-Pavlovice (okr. Vyškov),973,971,Jihomoravský,CZ064,Vyškov,CZ0646,Vyškov,6219,False
547549,Bohdalín (okr. Pelhřimov),187,188,Vysočina,CZ063,Pelhřimov,CZ0633,Pelhřimov,6110,False
595292,Bohdalov (okr. Žďár nad Sázavou),1180,1197,Vysočina,CZ063,Žďár nad Sázavou,CZ0635,Žďár nad Sázavou,6115,False
536253,Bohdalovice (okr. Český Krumlov),291,294,Jihočeský,CZ031,Český Krumlov,CZ0312,Český Krumlov,3103,False
533980,Bohdaneč (okr. Kutná Hora),443,452,Středočeský,CZ020,Kutná Hora,CZ0205,Kutná Hora,2112,False
576115,Bohdašín (okr. Rychnov nad Kněžnou),203,204,Královéhradecký,CZ052,Rychnov nad Kněžnou,CZ0524,Dobruška,5202,False
525804,Bohdíkov (okr. Šumperk),1262,1258,Olomoucký,CZ071,Šumperk,CZ0715,Šumperk,7111,False
564559,Bohostice (okr. Příbram),211,212,Středočeský,CZ020,Příbram,CZ020B,Příbram,2120,False
550116,Bohumilice (okr. Prachatice),317,320,Jihočeský,CZ031,Prachatice,CZ0315,Vimperk,3116,False
599051,Bohumín (okr. Karviná),20234,20315,Moravskoslezský,CZ080,Karviná,CZ0803,Bohumín,8102,False
537527,Bohunice (okr. Prachatice),43,44,Jihočeský,CZ031,Prachatice,CZ0315,Prachatice,3109,False
577812,Bohuňov (okr. Svitavy),124,124,Pardubický,CZ053,Svitavy,CZ0533,Svitavy,5312,False
595306,Bohuňov (okr. Žďár nad Sázavou),286,292,Vysočina,CZ063,Žďár nad Sázavou,CZ0635,Bystřice nad Pernštejnem,6101,False
500852,Bohuňovice (okr. Olomouc),2486,2534,Olomoucký,CZ071,Olomouc,CZ0712,Šternberk,7110,False
577821,Bohuňovice (okr. Svitavy),114,111,Pardubický,CZ053,Svitavy,CZ0533,Litomyšl,5307,False
557102,Bohuslavice nad Vláří (okr. Zlín),349,350,Zlínský,CZ072,Zlín,CZ0724,Luhačovice,7204,False
586901,Bohuslavice (okr. Jihlava),143,144,Vysočina,CZ063,Jihlava,CZ0632,Telč,6112,False
573892,Bohuslavice (okr. Náchod),1036,1027,Královéhradecký,CZ052,Náchod,CZ0523,Nové Město nad Metují,5211,False
506192,Bohuslavice (okr. Opava),1798,1786,Moravskoslezský,CZ080,Opava,CZ0805,Hlučín,8109,False
589292,Bohuslavice (okr. Prostějov),449,449,Olomoucký,CZ071,Prostějov,CZ0713,Konice,7103,False
525880,Bohuslavice (okr. Šumperk),490,498,Olomoucký,CZ071,Šumperk,CZ0715,Zábřeh,7113,False
585092,Bohuslavice u Zlína (okr. Zlín),734,742,Zlínský,CZ072,Zlín,CZ0724,Zlín,7213,False
569178,Bohuslávky (okr. Přerov),323,319,Olomoucký,CZ071,Přerov,CZ0714,Lipník nad Bečvou,7104,False
550400,Bohušice (okr. Třebíč),121,124,Vysočina,CZ063,Třebíč,CZ0634,Moravské Budějovice,6106,False
597201,Bohušov (okr. Bruntál),376,380,Moravskoslezský,CZ080,Bruntál,CZ0801,Krnov,8114,False
564591,Bohušovice nad Ohří (okr. Litoměřice),2393,2415,Ústecký,CZ042,Litoměřice,CZ0423,Litoměřice,4205,False
593788,Bohutice (okr. Znojmo),693,679,Jihomoravský,CZ064,Znojmo,CZ0647,Moravský Krumlov,6212,False
539953,Bohutín (okr. Příbram),2030,2063,Středočeský,CZ020,Příbram,CZ020B,Příbram,2120,False
525979,Bohutín (okr. Šumperk),764,775,Olomoucký,CZ071,Šumperk,CZ0715,Šumperk,7111,False
566471,Bohy (okr. Plzeň-sever),113,125,Plzeňský,CZ032,Plzeň-sever,CZ0325,Kralovice,3206,False
571202,Bojanov (okr. Chrudim),648,643,Pardubický,CZ053,Chrudim,CZ0531,Chrudim,5304,False
539104,Bojanovice (okr. Praha-západ),495,486,Středočeský,CZ020,Praha-západ,CZ020A,Černošice,2105,False
593796,Bojanovice (okr. Znojmo),184,184,Jihomoravský,CZ064,Znojmo,CZ0647,Znojmo,6220,False
568457,Bojiště (okr. Havlíčkův Brod),294,296,Vysočina,CZ063,Havlíčkův Brod,CZ0631,Světlá nad Sázavou,6111,False
592048,Bojkovice (okr. Uherské Hradiště),4395,4422,Zlínský,CZ072,Uherské Hradiště,CZ0722,Uherský Brod,7208,False
506214,Bolatice (okr. Opava),4508,4530,Moravskoslezský,CZ080,Opava,CZ0805,Kravaře,8113,False
563005,Boleboř (okr. Chomutov),357,351,Ústecký,CZ042,Chomutov,CZ0422,Chomutov,4203,False
576123,Bolehošť (okr. Rychnov nad Kněžnou),665,651,Královéhradecký,CZ052,Rychnov nad Kněžnou,CZ0524,Kostelec nad Orlicí,5208,False
584321,Boleradice (okr. Břeclav),949,957,Jihomoravský,CZ064,Břeclav,CZ0644,Hustopeče,6207,False
555835,Bolešiny (okr. Klatovy),796,794,Plzeňský,CZ032,Klatovy,CZ0322,Klatovy,3205,False
545422,Boletice (okr. Český Krumlov),0,0,Jihočeský,CZ031,Český Krumlov,CZ0312,Český Krumlov,3103,True
540463,Bolkov (okr. Plzeň-jih),59,58,Plzeňský,CZ032,Plzeň-jih,CZ0324,Přeštice,3210,False
573558,Boňkov (okr. Havlíčkův Brod),77,76,Vysočina,CZ063,Havlíčkův Brod,CZ0631,Havlíčkův Brod,6102,False
560758,Bor (okr. Tachov),4824,4889,Plzeňský,CZ032,Tachov,CZ0327,Tachov,3215,False
547867,Bor u Skutče (okr. Chrudim),132,134,Pardubický,CZ053,Chrudim,CZ0531,Chrudim,5304,False
595314,Borač (okr. Brno-venkov),346,349,Jihomoravský,CZ064,Brno-venkov,CZ0643,Tišnov,6217,False
568431,Bordovice (okr. Nový Jičín),671,669,Moravskoslezský,CZ080,Nový Jičín,CZ0804,Frenštát pod Radhoštěm,8105,False
535508,Boreč (okr. Mladá Boleslav),281,282,Středočeský,CZ020,Mladá Boleslav,CZ0207,Mladá Boleslav,2115,False
544272,Borek (okr. České Budějovice),1583,1585,Jihočeský,CZ031,České Budějovice,CZ0311,České Budějovice,3102,False
568465,Borek (okr. Havlíčkův Brod),122,123,Vysočina,CZ063,Havlíčkův Brod,CZ0631,Chotěboř,6104,False
548979,Borek (okr. Jičín),95,96,Královéhradecký,CZ052,Jičín,CZ0522,Hořice,5204,False
574783,Borek (okr. Pardubice),288,277,Pardubický,CZ053,Pardubice,CZ0532,Pardubice,5309,False
534684,Borek (okr. Praha-východ),349,336,Středočeský,CZ020,Praha-východ,CZ0209,Brandýs nad Labem-Stará Boleslav,2103,False
584339,Borkovany (okr. Břeclav),829,845,Jihomoravský,CZ064,Břeclav,CZ0644,Hustopeče,6207,False
552097,Borkovice (okr. Tábor),250,249,Jihočeský,CZ031,Tábor,CZ0317,Soběslav,3110,False
576131,Borohrádek (okr. Rychnov nad Kněžnou),2059,2062,Královéhradecký,CZ052,Rychnov nad Kněžnou,CZ0524,Kostelec nad Orlicí,5208,False
539970,Borotice (okr. Příbram),416,417,Středočeský,CZ020,Příbram,CZ020B,Dobříš,2107,False
593800,Borotice (okr. Znojmo),415,412,Jihomoravský,CZ064,Znojmo,CZ0647,Znojmo,6220,False
581356,Borotín (okr. Blansko),429,415,Jihomoravský,CZ064,Blansko,CZ0641,Boskovice,6202,False
552101,Borotín (okr. Tábor),724,723,Jihočeský,CZ031,Tábor,CZ0317,Tábor,3112,False
545902,Borová Lada (okr. Prachatice),279,281,Jihočeský,CZ031,Prachatice,CZ0315,Vimperk,3116,False
573906,Borová (okr. Náchod),215,220,Královéhradecký,CZ052,Náchod,CZ0523,Náchod,5209,False
577839,Borová (okr. Svitavy),1041,1045,Pardubický,CZ053,Svitavy,CZ0533,Polička,5310,False
544281,Borovany (okr. České Budějovice),4168,4184,Jihočeský,CZ031,České Budějovice,CZ0311,Trhové Sviny,3113,False
598780,Borovany (okr. Písek),212,207,Jihočeský,CZ031,Písek,CZ0314,Milevsko,3107,False
587184,Borovná (okr. Jihlava),86,84,Vysočina,CZ063,Jihlava,CZ0632,Telč,6112,False
532096,Borovnice (okr. Benešov),95,91,Středočeský,CZ020,Benešov,CZ0201,Vlašim,2125,False
535681,Borovnice (okr. České Budějovice),156,163,Jihočeský,CZ031,České Budějovice,CZ0311,České Budějovice,3102,False
576140,Borovnice (okr. Rychnov nad Kněžnou),404,410,Královéhradecký,CZ052,Rychnov nad Kněžnou,CZ0524,Kostelec nad Orlicí,5208,False
579092,Borovnice (okr. Trutnov),371,369,Královéhradecký,CZ052,Trutnov,CZ0525,Dvůr Králové nad Labem,5203,False
595322,Borovnice (okr. Žďár nad Sázavou),195,189,Vysočina,CZ063,Žďár nad Sázavou,CZ0635,Nové Město na Moravě,6108,False
548821,Borovnička (okr. Trutnov),231,220,Královéhradecký,CZ052,Trutnov,CZ0525,Dvůr Králové nad Labem,5203,False
595331,Borovník (okr. Brno-venkov),111,110,Jihomoravský,CZ064,Brno-venkov,CZ0643,Tišnov,6217,False
566705,Borovno (okr. Plzeň-jih),100,96,Plzeňský,CZ032,Plzeň-jih,CZ0324,Blovice,3201,False
542156,Borovy (okr. Plzeň-jih),217,221,Plzeňský,CZ032,Plzeň-jih,CZ0324,Přeštice,3210,False
592064,Boršice (okr. Uherské Hradiště),2186,2199,Zlínský,CZ072,Uherské Hradiště,CZ0722,Uherské Hradiště,7207,False
592056,Boršice u Blatnice (okr. Uherské Hradiště),815,805,Zlínský,CZ072,Uherské Hradiště,CZ0722,Uherské Hradiště,7207,False
544299,Boršov nad Vltavou (okr. České Budějovice),2143,2105,Jihočeský,CZ031,České Budějovice,CZ0311,České Budějovice,3102,False
586927,Boršov (okr. Jihlava),184,176,Vysočina,CZ063,Jihlava,CZ0632,Jihlava,6105,False
572632,Borušov (okr. Svitavy),178,170,Pardubický,CZ053,Svitavy,CZ0533,Moravská Třebová,5308,False
595641,Bory (okr. Žďár nad Sázavou),765,765,Vysočina,CZ063,Žďár nad Sázavou,CZ0635,Velké Meziříčí,6114,False
538086,Bořanovice (okr. Praha-východ),986,969,Středočeský,CZ020,Praha-východ,CZ0209,Brandýs nad Labem-Stará Boleslav,2103,False
549690,Bořenovice (okr. Kroměříž),205,198,Zlínský,CZ072,Kroměříž,CZ0721,Holešov,7202,False
584347,Bořetice (okr. Břeclav),1411,1386,Jihomoravský,CZ064,Břeclav,CZ0644,Hustopeče,6207,False
561240,Bořetice (okr. Pelhřimov),99,101,Vysočina,CZ063,Pelhřimov,CZ0633,Pelhřimov,6110,False
562742,Bořetín (okr. Jindřichův Hradec),103,98,Jihočeský,CZ031,Jindřichův Hradec,CZ0313,Jindřichův Hradec,3105,False
509418,Bořetín (okr. Pelhřimov),112,111,Vysočina,CZ063,Pelhřimov,CZ0633,Pelhřimov,6110,False
571229,Bořice (okr. Chrudim),199,193,Pardubický,CZ053,Chrudim,CZ0531,Chrudim,5304,False
567469,Bořislav (okr. Teplice),421,407,Ústecký,CZ042,Teplice,CZ0426,Teplice,4213,False
581364,Bořitov (okr. Blansko),1290,1302,Jihomoravský,CZ064,Blansko,CZ0641,Blansko,6201,False
535516,Boseň (okr. Mladá Boleslav),540,529,Středočeský,CZ020,Mladá Boleslav,CZ0207,Mnichovo Hradiště,2116,False
581372,Boskovice (okr. Blansko),12457,12508,Jihomoravský,CZ064,Blansko,CZ0641,Boskovice,6202,False
593818,Boskovštejn (okr. Znojmo),184,175,Jihomoravský,CZ064,Znojmo,CZ0647,Znojmo,6220,False
550124,Bošice (okr. Prachatice),381,378,Jihočeský,CZ031,Prachatice,CZ0315,Vimperk,3116,False
535401,Bošilec (okr. České Budějovice),226,220,Jihočeský,CZ031,České Budějovice,CZ0311,České Budějovice,3102,False
548006,Bošín (okr. Ústí nad Orlicí),101,102,Pardubický,CZ053,Ústí nad Orlicí,CZ0534,Vysoké Mýto,5314,False
592919,Bošovice (okr. Vyškov),1258,1255,Jihomoravský,CZ064,Vyškov,CZ0646,Slavkov u Brna,6215,False
562122,Boudy (okr. Písek),212,214,Jihočeský,CZ031,Písek,CZ0314,Písek,3108,False
589306,Bousín (okr. Prostějov),124,127,Olomoucký,CZ071,Prostějov,CZ0713,Prostějov,7108,False
571237,Bousov (okr. Chrudim),230,238,Pardubický,CZ053,Chrudim,CZ0531,Chrudim,5304,False
500861,Bouzov (okr. Olomouc),1508,1526,Olomoucký,CZ071,Olomouc,CZ0712,Litovel,7105,False
577006,Bozkov (okr. Semily),591,584,Liberecký,CZ051,Semily,CZ0514,Semily,5107,False
573914,Božanov (okr. Náchod),376,383,Královéhradecký,CZ052,Náchod,CZ0523,Broumov,5201,False
547581,Božejov (okr. Pelhřimov),624,624,Vysočina,CZ063,Pelhřimov,CZ0633,Pelhřimov,6110,False
549291,Božetice (okr. Písek),353,347,Jihočeský,CZ031,Písek,CZ0314,Milevsko,3107,False
506486,Boží Dar (okr. Karlovy Vary),250,255,Karlovarský,CZ041,Karlovy Vary,CZ0412,Ostrov,4106,False
593826,Božice (okr. Znojmo),1609,1613,Jihomoravský,CZ064,Znojmo,CZ0647,Znojmo,6220,False
555045,Božičany (okr. Karlovy Vary),589,588,Karlovarský,CZ041,Karlovy Vary,CZ0412,Karlovy Vary,4103,False
552127,Bradáčov (okr. Tábor),42,45,Jihočeský,CZ031,Tábor,CZ0317,Tábor,3112,False
549100,Brada-Rybníček (okr. Jičín),192,187,Královéhradecký,CZ052,Jičín,CZ0522,Jičín,5207,False
570788,Bradlec (okr. Mladá Boleslav),1453,1422,Středočeský,CZ020,Mladá Boleslav,CZ0207,Mladá Boleslav,2115,False
577014,Bradlecká Lhota (okr. Semily),236,229,Liberecký,CZ051,Semily,CZ0514,Semily,5107,False
530832,Brambory (okr. Kutná Hora),114,112,Středočeský,CZ020,Kutná Hora,CZ0205,Čáslav,2104,False
567060,Braňany (okr. Most),1205,1199,Ústecký,CZ042,Most,CZ0425,Most,4209,False
567078,Brandov (okr. Most),301,298,Ústecký,CZ042,Most,CZ0425,Litvínov,4206,False
538094,Brandýs nad Labem-Stará Boleslav (okr. Praha-východ),20926,20313,Středočeský,CZ020,Praha-východ,CZ0209,Brandýs nad Labem-Stará Boleslav,2103,False
579947,Brandýs nad Orlicí (okr. Ústí nad Orlicí),1293,1300,Pardubický,CZ053,Ústí nad Orlicí,CZ0534,Ústí nad Orlicí,5313,False
532118,Brandýsek (okr. Kladno),2299,2300,Středočeský,CZ020,Kladno,CZ0203,Kladno,2109,False
549304,Branice (okr. Písek),308,308,Jihočeský,CZ031,Písek,CZ0314,Milevsko,3107,False
582875,Braníškov (okr. Brno-venkov),216,210,Jihomoravský,CZ064,Brno-venkov,CZ0643,Tišnov,6217,False
551490,Branišov (okr. České Budějovice),278,276,Jihočeský,CZ031,České Budějovice,CZ0311,České Budějovice,3102,False
593834,Branišovice (okr. Brno-venkov),641,645,Jihomoravský,CZ064,Brno-venkov,CZ0643,Pohořelice,6213,False
554197,Branka u Opavy (okr. Opava),1063,1077,Moravskoslezský,CZ080,Opava,CZ0805,Opava,8117,False
592927,Brankovice (okr. Vyškov),904,909,Jihomoravský,CZ064,Vyškov,CZ0646,Bučovice,6205,False
541648,Branky (okr. Vsetín),1029,1027,Zlínský,CZ072,Vsetín,CZ0723,Valašské Meziříčí,7210,False
526169,Branná (okr. Šumperk),272,284,Olomoucký,CZ071,Šumperk,CZ0715,Šumperk,7111,False
541672,Branov (okr. Rakovník),196,196,Středočeský,CZ020,Rakovník,CZ020C,Rakovník,2121,False
590363,Bransouze (okr. Třebíč),210,213,Vysočina,CZ063,Třebíč,CZ0634,Třebíč,6113,False
597210,Brantice (okr. Bruntál),1401,1403,Moravskoslezský,CZ080,Bruntál,CZ0801,Krnov,8114,False
571946,Branžež (okr. Mladá Boleslav),272,280,Středočeský,CZ020,Mladá Boleslav,CZ0207,Mnichovo Hradiště,2116,False
532126,Braškov (okr. Kladno),1125,1126,Středočeský,CZ020,Kladno,CZ0203,Kladno,2109,False
582883,Bratčice (okr. Brno-venkov),681,693,Jihomoravský,CZ064,Brno-venkov,CZ0643,Židlochovice,6221,False
531286,Bratčice (okr. Kutná Hora),431,416,Středočeský,CZ020,Kutná Hora,CZ0205,Čáslav,2104,False
539988,Bratkovice (okr. Příbram),334,321,Středočeský,CZ020,Příbram,CZ020B,Příbram,2120,False
532142,Bratronice (okr. Kladno),1006,988,Středočeský,CZ020,Kladno,CZ0203,Kladno,2109,False
537063,Bratronice (okr. Strakonice),77,76,Jihočeský,CZ031,Strakonice,CZ0316,Blatná,3101,False
569437,Bratrušov (okr. Šumperk),642,630,Olomoucký,CZ071,Šumperk,CZ0715,Šumperk,7111,False
585106,Bratřejov (okr. Zlín),778,782,Zlínský,CZ072,Zlín,CZ0724,Vizovice,7211,False
547603,Bratřice (okr. Pelhřimov),156,163,Vysočina,CZ063,Pelhřimov,CZ0633,Pacov,6109,False
553107,Bratříkovice (okr. Opava),162,154,Moravskoslezský,CZ080,Opava,CZ0805,Opava,8117,False
571199,Bratřínov (okr. Praha-západ),211,206,Středočeský,CZ020,Praha-západ,CZ020A,Černošice,2105,False
556858,Bravantice (okr. Nový Jičín),1082,1029,Moravskoslezský,CZ080,Nový Jičín,CZ0804,Bílovec,8101,False
538108,Brázdim (okr. Praha-východ),720,711,Středočeský,CZ020,Praha-východ,CZ0209,Brandýs nad Labem-Stará Boleslav,2103,False
500101,Bražec (okr. Karlovy Vary),264,263,Karlovarský,CZ041,Karlovy Vary,CZ0412,Karlovy Vary,4103,False
545431,Brloh (okr. Český Krumlov),1044,1069,Jihočeský,CZ031,Český Krumlov,CZ0312,Český Krumlov,3103,False
574791,Brloh (okr. Pardubice),225,225,Pardubický,CZ053,Pardubice,CZ0532,Přelouč,5311,False
564613,Brňany (okr. Litoměřice),471,479,Ústecký,CZ042,Litoměřice,CZ0423,Litoměřice,4205,False
577863,Brněnec (okr. Svitavy),1221,1217,Pardubický,CZ053,Svitavy,CZ0533,Svitavy,5312,False
530727,Brníčko (okr. Šumperk),635,627,Olomoucký,CZ071,Šumperk,CZ0715,Zábřeh,7113,False
566136,Brnířov (okr. Domažlice),440,444,Plzeňský,CZ032,Domažlice,CZ0321,Domažlice,3202,False
561444,Brniště (okr. Česká Lípa),1323,1303,Liberecký,CZ051,Česká Lípa,CZ0511,Česká Lípa,5101,False
582786,Brno (okr. Brno-město),404296,402739,Jihomoravský,CZ064,Brno-město,CZ0642,Brno,6203,False
584355,Brod nad Dyjí (okr. Břeclav),555,557,Jihomoravský,CZ064,Břeclav,CZ0644,Mikulov,6211,False
541605,Brod nad Tichou (okr. Tachov),254,253,Plzeňský,CZ032,Tachov,CZ0327,Tachov,3215,False
535559,Brodce (okr. Mladá Boleslav),1137,1114,Středočeský,CZ020,Mladá Boleslav,CZ0207,Mladá Boleslav,2115,False
546895,Brodec (okr. Louny),92,86,Ústecký,CZ042,Louny,CZ0424,Louny,4207,False
589314,Brodek u Konice (okr. Prostějov),799,798,Olomoucký,CZ071,Prostějov,CZ0713,Konice,7103,False
589322,Brodek u Prostějova (okr. Prostějov),1450,1477,Olomoucký,CZ071,Prostějov,CZ0713,Prostějov,7108,False
512800,Brodek u Přerova (okr. Přerov),1843,1844,Olomoucký,CZ071,Přerov,CZ0714,Přerov,7109,False
566489,Brodeslavy (okr. Plzeň-sever),71,76,Plzeňský,CZ032,Plzeň-sever,CZ0325,Kralovice,3206,False
573922,Broumov (okr. Náchod),6998,7108,Královéhradecký,CZ052,Náchod,CZ0523,Broumov,5201,False
541401,Broumov (okr. Tachov),137,135,Plzeňský,CZ032,Tachov,CZ0327,Tachov,3215,False
531081,Broumy (okr. Beroun),990,990,Středočeský,CZ020,Beroun,CZ0202,Beroun,2102,False
564621,Brozany nad Ohří (okr. Litoměřice),1335,1326,Ústecký,CZ042,Litoměřice,CZ0423,Litoměřice,4205,False
586943,Brtnice (okr. Jihlava),3870,3817,Vysočina,CZ063,Jihlava,CZ0632,Jihlava,6105,False
590371,Brtnička (okr. Jihlava),97,98,Vysočina,CZ063,Jihlava,CZ0632,Jihlava,6105,False
581381,Brťov-Jeneč (okr. Blansko),349,357,Jihomoravský,CZ064,Blansko,CZ0641,Blansko,6201,False
581402,Brumov (okr. Brno-venkov),265,260,Jihomoravský,CZ064,Brno-venkov,CZ0643,Tišnov,6217,False
585114,Brumov-Bylnice (okr. Zlín),5372,5400,Zlínský,CZ072,Zlín,CZ0724,Valašské Klobouky,7209,False
584363,Brumovice (okr. Břeclav),995,1005,Jihomoravský,CZ064,Břeclav,CZ0644,Hustopeče,6207,False
506320,Brumovice (okr. Opava),1534,1542,Moravskoslezský,CZ080,Opava,CZ0805,Opava,8117,False
597180,Bruntál (okr. Bruntál),14791,15037,Moravskoslezský,CZ080,Bruntál,CZ0801,Bruntál,8103,False
588377,Brusné (okr. Kroměříž),392,390,Zlínský,CZ072,Kroměříž,CZ0721,Bystřice pod Hostýnem,7201,False
598038,Brušperk (okr. Frýdek-Místek),4157,4164,Moravskoslezský,CZ080,Frýdek-Místek,CZ0802,Frýdek-Místek,8106,False
598046,Bruzovice (okr. Frýdek-Místek),1008,998,Moravskoslezský,CZ080,Frýdek-Místek,CZ0802,Frýdek-Místek,8106,False
546755,Brzánky (okr. Litoměřice),90,91,Ústecký,CZ042,Litoměřice,CZ0423,Roudnice nad Labem,4211,False
573931,Brzice (okr. Náchod),250,241,Královéhradecký,CZ052,Náchod,CZ0523,Náchod,5209,False
586951,Brzkov (okr. Jihlava),366,352,Vysočina,CZ063,Jihlava,CZ0632,Jihlava,6105,False
559725,Břasy (okr. Rokycany),2314,2305,Plzeňský,CZ032,Rokycany,CZ0326,Rokycany,3211,False
584291,Břeclav (okr. Břeclav),24583,24538,Jihomoravský,CZ064,Břeclav,CZ0644,Břeclav,6204,False
536059,Břehov (okr. České Budějovice),178,177,Jihočeský,CZ031,České Budějovice,CZ0311,České Budějovice,3102,False
574805,Břehy (okr. Pardubice),1129,1133,Pardubický,CZ053,Pardubice,CZ0532,Přelouč,5311,False
588385,Břest (okr. Kroměříž),1008,988,Zlínský,CZ072,Kroměříž,CZ0721,Kroměříž,7203,False
592072,Břestek (okr. Uherské Hradiště),890,880,Zlínský,CZ072,Uherské Hradiště,CZ0722,Uherské Hradiště,7207,False
548278,Břevnice (okr. Havlíčkův Brod),168,162,Vysočina,CZ063,Havlíčkův Brod,CZ0631,Havlíčkův Brod,6102,False
595349,Březejc (okr. Žďár nad Sázavou),161,157,Vysočina,CZ063,Žďár nad Sázavou,CZ0635,Velké Meziříčí,6114,False
595365,Březí nad Oslavou (okr. Žďár nad Sázavou),280,280,Vysočina,CZ063,Žďár nad Sázavou,CZ0635,Žďár nad Sázavou,6115,False
584371,Březí (okr. Břeclav),1840,1822,Jihomoravský,CZ064,Břeclav,CZ0644,Mikulov,6211,False
564869,Březí (okr. Praha-východ),667,656,Středočeský,CZ020,Praha-východ,CZ0209,Říčany,2122,False
530018,Březí (okr. Strakonice),64,64,Jihočeský,CZ031,Strakonice,CZ0316,Blatná,3101,False
595357,Březí (okr. Žďár nad Sázavou),215,213,Vysočina,CZ063,Žďár nad Sázavou,CZ0635,Velké Meziříčí,6114,False
582891,Březina (okr. Brno-venkov),379,399,Jihomoravský,CZ064,Brno-venkov,CZ0643,Tišnov,6217,False
581429,Březina (okr. Brno-venkov),1158,1144,Jihomoravský,CZ064,Brno-venkov,CZ0643,Šlapanice,6216,False
549070,Březina (okr. Jičín),133,134,Královéhradecký,CZ052,Jičín,CZ0522,Jičín,5207,False
507733,Březina (okr. Jindřichův Hradec),127,128,Jihočeský,CZ031,Jindřichův Hradec,CZ0313,Jindřichův Hradec,3105,False
535567,Březina (okr. Mladá Boleslav),445,439,Středočeský,CZ020,Mladá Boleslav,CZ0207,Mnichovo Hradiště,2116,False
559733,Březina (okr. Rokycany),399,396,Plzeňský,CZ032,Rokycany,CZ0326,Rokycany,3211,False
577871,Březina (okr. Svitavy),318,324,Pardubický,CZ053,Svitavy,CZ0533,Moravská Třebová,5308,False
592935,Březina (okr. Vyškov),0,0,Jihomoravský,CZ064,Vyškov,CZ0646,Vyškov,6219,True
572250,Březinky (okr. Svitavy),125,123,Pardubický,CZ053,Svitavy,CZ0533,Moravská Třebová,5308,False
577898,Březiny (okr. Svitavy),138,140,Pardubický,CZ053,Svitavy,CZ0533,Polička,5310,False
540013,Březnice (okr. Příbram),3546,3577,Středočeský,CZ020,Příbram,CZ020B,Příbram,2120,False
552135,Březnice (okr. Tábor),267,256,Jihočeský,CZ031,Tábor,CZ0317,Tábor,3112,False
538744,Březnice (okr. Zlín),1470,1485,Zlínský,CZ072,Zlín,CZ0724,Zlín,7213,False
590380,Březník (okr. Třebíč),692,689,Vysočina,CZ063,Třebíč,CZ0634,Náměšť nad Oslavou,6107,False
563013,Březno (okr. Chomutov),1446,1443,Ústecký,CZ042,Chomutov,CZ0422,Chomutov,4203,False
535583,Březno (okr. Mladá Boleslav),1060,1080,Středočeský,CZ020,Mladá Boleslav,CZ0207,Mladá Boleslav,2115,False
592081,Březolupy (okr. Uherské Hradiště),1708,1715,Zlínský,CZ072,Uherské Hradiště,CZ0722,Uherské Hradiště,7207,False
505145,Březová nad Svitavou (okr. Svitavy),1578,1569,Pardubický,CZ053,Svitavy,CZ0533,Svitavy,5312,False
531090,Březová (okr. Beroun),338,340,Středočeský,CZ020,Beroun,CZ0202,Hořovice,2108,False
537870,Březová (okr. Karlovy Vary),714,719,Karlovarský,CZ041,Karlovy Vary,CZ0412,Karlovy Vary,4103,False
506451,Březová (okr. Opava),1410,1426,Moravskoslezský,CZ080,Opava,CZ0805,Vítkov,8122,False
560294,Březová (okr. Sokolov),2640,2664,Karlovarský,CZ041,Sokolov,CZ0413,Sokolov,4107,False
592099,Březová (okr. Uherské Hradiště),961,966,Zlínský,CZ072,Uherské Hradiště,CZ0722,Uherský Brod,7208,False
585131,Březová (okr. Zlín),504,504,Zlínský,CZ072,Zlín,CZ0724,Vizovice,7211,False
599735,Březová-Oleško (okr. Praha-západ),1475,1457,Středočeský,CZ020,Praha-západ,CZ020A,Černošice,2105,False
599514,Březovice (okr. Mladá Boleslav),345,355,Středočeský,CZ020,Mladá Boleslav,CZ0207,Mladá Boleslav,2115,False
595381,Březské (okr. Žďár nad Sázavou),186,183,Vysočina,CZ063,Žďár nad Sázavou,CZ0635,Velké Meziříčí,6114,False
589331,Březsko (okr. Prostějov),210,203,Olomoucký,CZ071,Prostějov,CZ0713,Konice,7103,False
585149,Březůvky (okr. Zlín),753,768,Zlínský,CZ072,Zlín,CZ0724,Zlín,7213,False
533211,Břežany I (okr. Kolín),315,315,Středočeský,CZ020,Kolín,CZ0204,Kolín,2110,False
533220,Břežany II (okr. Kolín),922,923,Středočeský,CZ020,Kolín,CZ0204,Český Brod,2106,False
541923,Břežany (okr. Klatovy),210,209,Plzeňský,CZ032,Klatovy,CZ0322,Horažďovice,3203,False
565041,Břežany (okr. Rakovník),122,123,Středočeský,CZ020,Rakovník,CZ020C,Rakovník,2121,False
593842,Břežany (okr. Znojmo),807,806,Jihomoravský,CZ064,Znojmo,CZ0647,Znojmo,6220,False
597228,Břidličná (okr. Bruntál),2843,2874,Moravskoslezský,CZ080,Bruntál,CZ0801,Rýmařov,8120,False
537047,Bříství (okr. Nymburk),392,396,Středočeský,CZ020,Nymburk,CZ0208,Lysá nad Labem,2113,False
548855,Bříšťany (okr. Jičín),249,249,Královéhradecký,CZ052,Jičín,CZ0522,Hořice,5204,False
564648,Bříza (okr. Litoměřice),437,441,Ústecký,CZ042,Litoměřice,CZ0423,Roudnice nad Labem,4211,False
566063,Břvany (okr. Louny),330,326,Ústecký,CZ042,Louny,CZ0424,Louny,4207,False
560308,Bublava (okr. Sokolov),409,406,Karlovarský,CZ041,Sokolov,CZ0413,Kraslice,4104,False
531103,Bubovice (okr. Beroun),578,581,Středočeský,CZ020,Beroun,CZ0202,Beroun,2102,False
592102,Buchlovice (okr. Uherské Hradiště),2376,2397,Zlínský,CZ072,Uherské Hradiště,CZ0722,Uherské Hradiště,7207,False
558699,Bučí (okr. Plzeň-sever),183,178,Plzeňský,CZ032,Plzeň-sever,CZ0325,Nýřany,3208,False
579963,Bučina (okr. Ústí nad Orlicí),252,253,Pardubický,CZ053,Ústí nad Orlicí,CZ0534,Vysoké Mýto,5314,False
592943,Bučovice (okr. Vyškov),6859,6891,Jihomoravský,CZ064,Vyškov,CZ0646,Bučovice,6205,False
548952,Budčeves (okr. Jičín),158,161,Královéhradecký,CZ052,Jičín,CZ0522,Jičín,5207,False
546020,Budeč (okr. Jindřichův Hradec),218,223,Jihočeský,CZ031,Jindřichův Hradec,CZ0313,Dačice,3104,False
595390,Budeč (okr. Žďár nad Sázavou),180,182,Vysočina,CZ063,Žďár nad Sázavou,CZ0635,Žďár nad Sázavou,6115,False
555894,Budětice (okr. Klatovy),301,296,Plzeňský,CZ032,Klatovy,CZ0322,Sušice,3214,False
589349,Budětsko (okr. Prostějov),421,413,Olomoucký,CZ071,Prostějov,CZ0713,Konice,7103,False
547638,Budíkov (okr. Pelhřimov),331,333,Vysočina,CZ063,Pelhřimov,CZ0633,Humpolec,6103,False
537055,Budiměřice (okr. Nymburk),652,656,Středočeský,CZ020,Nymburk,CZ0208,Nymburk,2118,False
577910,Budislav (okr. Svitavy),511,515,Pardubický,CZ053,Svitavy,CZ0533,Litomyšl,5307,False
552143,Budislav (okr. Tábor),379,370,Jihočeský,CZ031,Tábor,CZ0317,Soběslav,3110,False
546038,Budíškovice (okr. Jindřichův Hradec),735,736,Jihočeský,CZ031,Jindřichův Hradec,CZ0313,Dačice,3104,False
506460,Budišov nad Budišovkou (okr. Opava),2787,2801,Moravskoslezský,CZ080,Opava,CZ0805,Vítkov,8122,False
590401,Budišov (okr. Třebíč),1193,1197,Vysočina,CZ063,Třebíč,CZ0634,Třebíč,6113,False
568261,Budišovice (okr. Opava),811,804,Moravskoslezský,CZ080,Opava,CZ0805,Opava,8117,False
561576,Budkov (okr. Prachatice),100,91,Jihočeský,CZ031,Prachatice,CZ0315,Prachatice,3109,False
590410,Budkov (okr. Třebíč),343,356,Vysočina,CZ063,Třebíč,CZ0634,Moravské Budějovice,6106,False
564656,Budyně nad Ohří (okr. Litoměřice),2152,2159,Ústecký,CZ042,Litoměřice,CZ0423,Roudnice nad Labem,4211,False
560171,Budyně (okr. Strakonice),53,53,Jihočeský,CZ031,Strakonice,CZ0316,Vodňany,3117,False
545449,Bujanov (okr. Český Krumlov),623,626,Jihočeský,CZ031,Český Krumlov,CZ0312,Kaplice,3106,False
559741,Bujesily (okr. Rokycany),89,85,Plzeňský,CZ032,Rokycany,CZ0326,Rokycany,3211,False
537519,Buk (okr. Prachatice),313,317,Jihočeský,CZ031,Prachatice,CZ0315,Vimperk,3116,False
512826,Buk (okr. Přerov),385,372,Olomoucký,CZ071,Přerov,CZ0714,Přerov,7109,False
595403,Bukov (okr. Žďár nad Sázavou),180,188,Vysočina,CZ063,Žďár nad Sázavou,CZ0635,Bystřice nad Pernštejnem,6101,False
546372,Buková (okr. Plzeň-jih),253,248,Plzeňský,CZ032,Plzeň-jih,CZ0324,Přeštice,3210,False
589357,Buková (okr. Prostějov),278,288,Olomoucký,CZ071,Prostějov,CZ0713,Prostějov,7108,False
540021,Buková u Příbramě (okr. Příbram),459,457,Středočeský,CZ020,Příbram,CZ020B,Příbram,2120,False
532924,Bukovany (okr. Benešov),863,824,Středočeský,CZ020,Benešov,CZ0201,Benešov,2101,False
586072,Bukovany (okr. Hodonín),683,691,Jihomoravský,CZ064,Hodonín,CZ0645,Kyjov,6210,False
552402,Bukovany (okr. Olomouc),680,697,Olomoucký,CZ071,Olomouc,CZ0712,Olomouc,7107,False
564664,Bukovany (okr. Příbram),100,95,Středočeský,CZ020,Příbram,CZ020B,Příbram,2120,False
560316,Bukovany (okr. Sokolov),1476,1479,Karlovarský,CZ041,Sokolov,CZ0413,Sokolov,4107,False
511935,Bukovec (okr. Frýdek-Místek),1391,1375,Moravskoslezský,CZ080,Frýdek-Místek,CZ0802,Jablunkov,8110,False
553506,Bukovec (okr. Plzeň-jih),129,130,Plzeňský,CZ032,Plzeň-jih,CZ0324,Stod,3212,False
581437,Bukovice (okr. Brno-venkov),99,97,Jihomoravský,CZ064,Brno-venkov,CZ0643,Tišnov,6217,False
547751,Bukovice (okr. Náchod),375,398,Královéhradecký,CZ052,Náchod,CZ0523,Náchod,5209,False
574813,Bukovina nad Labem (okr. Pardubice),239,246,Pardubický,CZ053,Pardubice,CZ0532,Pardubice,5309,False
581445,Bukovina (okr. Blansko),474,468,Jihomoravský,CZ064,Blansko,CZ0641,Blansko,6201,False
577031,Bukovina u Čisté (okr. Semily),206,215,Liberecký,CZ051,Semily,CZ0514,Jilemnice,5104,False
574821,Bukovina u Přelouče (okr. Pardubice),89,86,Pardubický,CZ053,Pardubice,CZ0532,Přelouč,5311,False
581453,Bukovinka (okr. Blansko),655,651,Jihomoravský,CZ064,Blansko,CZ0641,Blansko,6201,False
574830,Bukovka (okr. Pardubice),401,408,Pardubický,CZ053,Pardubice,CZ0532,Pardubice,5309,False
530085,Bukovník (okr. Klatovy),67,70,Plzeňský,CZ032,Klatovy,CZ0322,Sušice,3214,False
535605,Bukovno (okr. Mladá Boleslav),815,804,Středočeský,CZ020,Mladá Boleslav,CZ0207,Mladá Boleslav,2115,False
573353,Bukvice (okr. Jičín),180,174,Královéhradecký,CZ052,Jičín,CZ0522,Jičín,5207,False
584380,Bulhary (okr. Břeclav),745,722,Jihomoravský,CZ064,Břeclav,CZ0644,Břeclav,6204,False
563935,Bulovka (okr. Liberec),894,916,Liberecký,CZ051,Liberec,CZ0513,Frýdlant,5102,False
561312,Buřenice (okr. Pelhřimov),221,224,Vysočina,CZ063,Pelhřimov,CZ0633,Pacov,6109,False
540048,Buš (okr. Praha-západ),339,340,Středočeský,CZ020,Praha-západ,CZ020A,Černošice,2105,False
550159,Bušanovice (okr. Prachatice),267,270,Jihočeský,CZ031,Prachatice,CZ0315,Prachatice,3109,False
532894,Bušín (okr. Šumperk),382,379,Olomoucký,CZ071,Šumperk,CZ0715,Šumperk,7111,False
559750,Bušovice (okr. Rokycany),660,650,Plzeňský,CZ032,Rokycany,CZ0326,Rokycany,3211,False
532169,Buštěhrad (okr. Kladno),4073,3995,Středočeský,CZ020,Kladno,CZ0203,Kladno,2109,False
549282,Butoves (okr. Jičín),296,290,Královéhradecký,CZ052,Jičín,CZ0522,Jičín,5207,False
529966,Buzice (okr. Strakonice),183,175,Jihočeský,CZ031,Strakonice,CZ0316,Blatná,3101,False
533238,Býchory (okr. Kolín),699,695,Středočeský,CZ020,Kolín,CZ0204,Kolín,2110,False
546780,Býčkovice (okr. Litoměřice),288,283,Ústecký,CZ042,Litoměřice,CZ0423,Litoměřice,4205,False
534714,Býkev (okr. Mělník),596,585,Středočeský,CZ020,Mělník,CZ0206,Mělník,2114,False
534145,Bykoš (okr. Beroun),256,248,Středočeský,CZ020,Beroun,CZ0202,Beroun,2102,False
581461,Býkovice (okr. Blansko),283,280,Jihomoravský,CZ064,Blansko,CZ0641,Blansko,6201,False
569607,Býkov-Láryšov (okr. Bruntál),169,168,Moravskoslezský,CZ080,Bruntál,CZ0801,Krnov,8114,False
571245,Bylany (okr. Chrudim),485,485,Pardubický,CZ053,Chrudim,CZ0531,Chrudim,5304,False
544647,Bynovec (okr. Děčín),346,339,Ústecký,CZ042,Děčín,CZ0421,Děčín,4202,False
577049,Bystrá nad Jizerou (okr. Semily),117,120,Liberecký,CZ051,Semily,CZ0514,Semily,5107,False
561801,Bystrá (okr. Pelhřimov),141,139,Vysočina,CZ063,Pelhřimov,CZ0633,Humpolec,6103,False
576166,Bystré (okr. Rychnov nad Kněžnou),269,271,Královéhradecký,CZ052,Rychnov nad Kněžnou,CZ0524,Dobruška,5202,False
577928,Bystré (okr. Svitavy),1561,1563,Pardubický,CZ053,Svitavy,CZ0533,Polička,5310,False
500879,Bystročice (okr. Olomouc),842,863,Olomoucký,CZ071,Olomouc,CZ0712,Olomouc,7107,False
547026,Bystrovany (okr. Olomouc),977,994,Olomoucký,CZ071,Olomouc,CZ0712,Olomouc,7107,False
567477,Bystřany (okr. Teplice),1946,1948,Ústecký,CZ042,Teplice,CZ0426,Teplice,4213,False
579971,Bystřec (okr. Ústí nad Orlicí),1148,1130,Pardubický,CZ053,Ústí nad Orlicí,CZ0534,Žamberk,5315,False
595411,Bystřice nad Pernštejnem (okr. Žďár nad Sázavou),7851,7871,Vysočina,CZ063,Žďár nad Sázavou,CZ0635,Bystřice nad Pernštejnem,6101,False
529451,Bystřice (okr. Benešov),4694,4698,Středočeský,CZ020,Benešov,CZ0201,Benešov,2101,False
598062,Bystřice (okr. Frýdek-Místek),5262,5260,Moravskoslezský,CZ080,Frýdek-Místek,CZ0802,Třinec,8121,False
572772,Bystřice (okr. Jičín),362,363,Královéhradecký,CZ052,Jičín,CZ0522,Jičín,5207,False
588393,Bystřice pod Hostýnem (okr. Kroměříž),7911,8002,Zlínský,CZ072,Kroměříž,CZ0721,Bystřice pod Hostýnem,7201,False
592111,Bystřice pod Lopeníkem (okr. Uherské Hradiště),857,864,Zlínský,CZ072,Uherské Hradiště,CZ0722,Uherský Brod,7208,False
541711,Bystřička (okr. Vsetín),1038,1036,Zlínský,CZ072,Vsetín,CZ0723,Vsetín,7212,False
534722,Byšice (okr. Mělník),1450,1448,Středočeský,CZ020,Mělník,CZ0206,Mělník,2114,False
512877,Býškovice (okr. Přerov),373,373,Olomoucký,CZ071,Přerov,CZ0714,Hranice,7101,False
595420,Býšovec (okr. Žďár nad Sázavou),171,176,Vysočina,CZ063,Žďár nad Sázavou,CZ0635,Bystřice nad Pernštejnem,6101,False
574848,Býšť (okr. Pardubice),1689,1669,Pardubický,CZ053,Pardubice,CZ0532,Holice,5303,False
576174,Byzhradec (okr. Rychnov nad Kněžnou),207,203,Královéhradecký,CZ052,Rychnov nad Kněžnou,CZ0524,Rychnov nad Kněžnou,5213,False
586081,Bzenec (okr. Hodonín),4525,4561,Jihomoravský,CZ064,Hodonín,CZ0645,Kyjov,6210,False
531120,Bzová (okr. Beroun),464,470,Středočeský,CZ020,Beroun,CZ0202,Hořovice,2108,False
567485,Bžany (okr. Teplice),916,918,Ústecký,CZ042,Teplice,CZ0426,Teplice,4213,False
560782,Cebiv (okr. Tachov),262,255,Plzeňský,CZ032,Tachov,CZ0327,Stříbro,3213,False
550906,Cehnice (okr. Strakonice),522,511,Jihočeský,CZ031,Strakonice,CZ0316,Strakonice,3111,False
586978,Cejle (okr. Jihlava),519,508,Vysočina,CZ063,Jihlava,CZ0632,Jihlava,6105,False
559768,Cekov (okr. Rokycany),187,179,Plzeňský,CZ032,Rokycany,CZ0326,Rokycany,3211,False
509191,Cep (okr. Jindřichův Hradec),205,199,Jihočeský,CZ031,Jindřichův Hradec,CZ0313,Třeboň,3114,False
572781,Cerekvice nad Bystřicí (okr. Jičín),805,787,Královéhradecký,CZ052,Jičín,CZ0522,Hořice,5204,False
577936,Cerekvice nad Loučnou (okr. Svitavy),889,883,Pardubický,CZ053,Svitavy,CZ0533,Litomyšl,5307,False
586986,Cerekvička-Rosice (okr. Jihlava),238,241,Vysočina,CZ063,Jihlava,CZ0632,Jihlava,6105,False
533246,Cerhenice (okr. Kolín),1955,1924,Středočeský,CZ020,Kolín,CZ0204,Kolín,2110,False
549321,Cerhonice (okr. Písek),145,143,Jihočeský,CZ031,Písek,CZ0314,Písek,3108,False
531138,Cerhovice (okr. Beroun),1209,1175,Středočeský,CZ020,Beroun,CZ0202,Hořovice,2108,False
588407,Cetechovice (okr. Kroměříž),201,203,Zlínský,CZ072,Kroměříž,CZ0721,Kroměříž,7203,False
563943,Cetenov (okr. Liberec),118,118,Liberecký,CZ051,Liberec,CZ0513,Liberec,5105,False
581470,Cetkovice (okr. Blansko),783,775,Jihomoravský,CZ064,Blansko,CZ0641,Boskovice,6202,False
547662,Cetoraz (okr. Pelhřimov),314,306,Vysočina,CZ063,Pelhřimov,CZ0633,Pacov,6109,False
564419,Cetyně (okr. Příbram),143,150,Středočeský,CZ020,Příbram,CZ020B,Příbram,2120,False
568007,Chabařovice (okr. Ústí nad Labem),2564,2545,Ústecký,CZ042,Ústí nad Labem,CZ0427,Ústí nad Labem,4214,False
534081,Chabeřice (okr. Kutná Hora),284,281,Středočeský,CZ020,Kutná Hora,CZ0205,Kutná Hora,2112,False
531251,Chaloupky (okr. Beroun),527,518,Středočeský,CZ020,Beroun,CZ0202,Hořovice,2108,False
556335,Chanovice (okr. Klatovy),788,795,Plzeňský,CZ032,Klatovy,CZ0322,Horažďovice,3203,False
565784,Charvatce (okr. Mladá Boleslav),392,380,Středočeský,CZ020,Mladá Boleslav,CZ0207,Mladá Boleslav,2115,False
568872,Charváty (okr. Olomouc),941,934,Olomoucký,CZ071,Olomouc,CZ0712,Olomouc,7107,False
532886,Chářovice (okr. Benešov),226,230,Středočeský,CZ020,Benešov,CZ0201,Benešov,2101,False
563081,Chbany (okr. Chomutov),650,646,Ústecký,CZ042,Chomutov,CZ0422,Kadaň,4204,False
554481,Cheb (okr. Cheb),32892,32808,Karlovarský,CZ041,Cheb,CZ0411,Cheb,4102,False
551139,Chelčice (okr. Strakonice),409,398,Jihočeský,CZ031,Strakonice,CZ0316,Vodňany,3117,False
559857,Cheznovice (okr. Rokycany),780,759,Plzeňský,CZ032,Rokycany,CZ0326,Rokycany,3211,False
512923,Chlebičov (okr. Opava),1188,1188,Moravskoslezský,CZ080,Opava,CZ0805,Opava,8117,False
532878,Chleby (okr. Benešov),52,49,Středočeský,CZ020,Benešov,CZ0201,Benešov,2101,False
599620,Chleby (okr. Nymburk),459,444,Středočeský,CZ020,Nymburk,CZ0208,Nymburk,2118,False
576310,Chleny (okr. Rychnov nad Kněžnou),201,205,Královéhradecký,CZ052,Rychnov nad Kněžnou,CZ0524,Kostelec nad Orlicí,5208,False
532045,Chlístov (okr. Benešov),459,463,Středočeský,CZ020,Benešov,CZ0201,Benešov,2101,False
556343,Chlistov (okr. Klatovy),135,133,Plzeňský,CZ032,Klatovy,CZ0322,Klatovy,3205,False
548791,Chlístov (okr. Rychnov nad Kněžnou),78,75,Královéhradecký,CZ052,Rychnov nad Kněžnou,CZ0524,Dobruška,5202,False
590703,Chlístov (okr. Třebíč),306,301,Vysočina,CZ063,Třebíč,CZ0634,Třebíč,6113,False
534099,Chlístovice (okr. Kutná Hora),779,774,Středočeský,CZ020,Kutná Hora,CZ0205,Kutná Hora,2112,False
529770,Chlum (okr. Benešov),124,123,Středočeský,CZ020,Benešov,CZ0201,Vlašim,2125,False
561614,Chlum (okr. Česká Lípa),280,279,Liberecký,CZ051,Česká Lípa,CZ0511,Česká Lípa,5101,False
557773,Chlum (okr. Plzeň-jih),240,240,Plzeňský,CZ032,Plzeň-jih,CZ0324,Blovice,3201,False
540803,Chlum (okr. Rokycany),50,49,Plzeňský,CZ032,Rokycany,CZ0326,Rokycany,3211,False
529982,Chlum (okr. Strakonice),200,202,Jihočeský,CZ031,Strakonice,CZ0316,Blatná,3101,False
590711,Chlum (okr. Třebíč),140,148,Vysočina,CZ063,Třebíč,CZ0634,Třebíč,6113,False
560375,Chlum Svaté Maří (okr. Sokolov),314,317,Karlovarský,CZ041,Sokolov,CZ0413,Sokolov,4107,False
546461,Chlum u Třeboně (okr. Jindřichův Hradec),1815,1816,Jihočeský,CZ031,Jindřichův Hradec,CZ0313,Třeboň,3114,False
550248,Chlumany (okr. Prachatice),373,374,Jihočeský,CZ031,Prachatice,CZ0315,Prachatice,3109,False
566233,Chlumčany (okr. Louny),591,595,Ústecký,CZ042,Louny,CZ0424,Louny,4207,False
557781,Chlumčany (okr. Plzeň-jih),2419,2442,Plzeňský,CZ032,Plzeň-jih,CZ0324,Přeštice,3210,False
570109,Chlumec nad Cidlinou (okr. Hradec Králové),5606,5609,Královéhradecký,CZ052,Hradec Králové,CZ0521,Hradec Králové,5205,False
536229,Chlumec (okr. Český Krumlov),111,110,Jihočeský,CZ031,Český Krumlov,CZ0312,Český Krumlov,3103,False
568015,Chlumec (okr. Ústí nad Labem),4228,4257,Ústecký,CZ042,Ústí nad Labem,CZ0427,Ústí nad Labem,4214,False
595713,Chlumek (okr. Žďár nad Sázavou),160,157,Vysočina,CZ063,Žďár nad Sázavou,CZ0635,Velké Meziříčí,6114,False
595721,Chlumětín (okr. Žďár nad Sázavou),229,231,Vysočina,CZ063,Žďár nad Sázavou,CZ0635,Žďár nad Sázavou,6115,False
534820,Chlumín (okr. Mělník),482,490,Středočeský,CZ020,Mělník,CZ0206,Neratovice,2117,False
595705,Chlum-Korouhvice (okr. Žďár nad Sázavou),40,39,Vysočina,CZ063,Žďár nad Sázavou,CZ0635,Bystřice nad Pernštejnem,6101,False
540307,Chlumy (okr. Plzeň-jih),100,103,Plzeňský,CZ032,Plzeň-jih,CZ0324,Nepomuk,3207,False
534455,Chlustina (okr. Beroun),254,266,Středočeský,CZ020,Beroun,CZ0202,Hořovice,2108,False
572730,Chmelík (okr. Svitavy),199,206,Pardubický,CZ053,Svitavy,CZ0533,Litomyšl,5307,False
529788,Chmelná (okr. Benešov),164,164,Středočeský,CZ020,Benešov,CZ0201,Vlašim,2125,False
536903,Chobot (okr. Strakonice),39,39,Jihočeský,CZ031,Strakonice,CZ0316,Blatná,3101,False
580350,Choceň (okr. Ústí nad Orlicí),8700,8641,Pardubický,CZ053,Ústí nad Orlicí,CZ0534,Vysoké Mýto,5314,False
557803,Chocenice (okr. Plzeň-jih),650,633,Plzeňský,CZ032,Plzeň-jih,CZ0324,Blovice,3201,False
529796,Chocerady (okr. Benešov),1444,1383,Středočeský,CZ020,Benešov,CZ0201,Benešov,2101,False
535923,Chocnějovice (okr. Mladá Boleslav),431,426,Středočeský,CZ020,Mladá Boleslav,CZ0207,Mnichovo Hradiště,2116,False
553727,Chocomyšl (okr. Domažlice),114,113,Plzeňský,CZ032,Domažlice,CZ0321,Domažlice,3202,False
534447,Chodouň (okr. Beroun),720,715,Středočeský,CZ020,Beroun,CZ0202,Beroun,2102,False
564923,Chodouny (okr. Litoměřice),715,727,Ústecký,CZ042,Litoměřice,CZ0423,Roudnice nad Labem,4211,False
553735,Chodov (okr. Domažlice),752,769,Plzeňský,CZ032,Domažlice,CZ0321,Domažlice,3202,False
578011,Chodov (okr. Karlovy Vary),129,131,Karlovarský,CZ041,Karlovy Vary,CZ0412,Karlovy Vary,4103,False
560383,Chodov (okr. Sokolov),12451,12609,Karlovarský,CZ041,Sokolov,CZ0413,Sokolov,4107,False
560901,Chodová Planá (okr. Tachov),2004,1990,Plzeňský,CZ032,Tachov,CZ0327,Tachov,3215,False
564931,Chodovlice (okr. Litoměřice),162,158,Ústecký,CZ042,Litoměřice,CZ0423,Lovosice,4208,False
553743,Chodská Lhota (okr. Domažlice),394,396,Plzeňský,CZ032,Domažlice,CZ0321,Domažlice,3202,False
560910,Chodský Újezd (okr. Tachov),834,812,Plzeňský,CZ032,Tachov,CZ0327,Tachov,3215,False
549355,Cholenice (okr. Jičín),211,214,Královéhradecký,CZ052,Jičín,CZ0522,Jičín,5207,False
502839,Cholina (okr. Olomouc),721,719,Olomoucký,CZ071,Olomouc,CZ0712,Litovel,7105,False
575054,Choltice (okr. Pardubice),1244,1243,Pardubický,CZ053,Pardubice,CZ0532,Přelouč,5311,False
541141,Chomle (okr. Rokycany),79,81,Plzeňský,CZ032,Rokycany,CZ0326,Rokycany,3211,False
572969,Chomutice (okr. Jičín),592,597,Královéhradecký,CZ052,Jičín,CZ0522,Hořice,5204,False
562971,Chomutov (okr. Chomutov),46560,46771,Ústecký,CZ042,Chomutov,CZ0422,Chomutov,4203,False
588504,Chomýž (okr. Kroměříž),359,358,Zlínský,CZ072,Kroměříž,CZ0721,Bystřice pod Hostýnem,7201,False
532606,Choratice (okr. Benešov),62,64,Středočeský,CZ020,Benešov,CZ0201,Benešov,2101,False
578096,Chornice (okr. Svitavy),846,861,Pardubický,CZ053,Svitavy,CZ0533,Moravská Třebová,5308,False
534838,Chorušice (okr. Mělník),567,556,Středočeský,CZ020,Mělník,CZ0206,Mělník,2114,False
542831,Choryně (okr. Vsetín),752,754,Zlínský,CZ072,Vsetín,CZ0723,Valašské Meziříčí,7210,False
537217,Choťánky (okr. Nymburk),534,487,Středočeský,CZ020,Nymburk,CZ0208,Poděbrady,2119,False
568759,Chotěboř (okr. Havlíčkův Brod),9076,9092,Vysočina,CZ063,Havlíčkův Brod,CZ0631,Chotěboř,6104,False
550477,Chotěbudice (okr. Třebíč),106,104,Vysočina,CZ063,Třebíč,CZ0634,Moravské Budějovice,6106,False
555291,Chotěbuz (okr. Karviná),1412,1411,Moravskoslezský,CZ080,Karviná,CZ0803,Český Těšín,8104,False
549037,Choteč (okr. Jičín),213,219,Královéhradecký,CZ052,Jičín,CZ0522,Jičín,5207,False
575062,Choteč (okr. Pardubice),359,357,Pardubický,CZ053,Pardubice,CZ0532,Pardubice,5309,False
539287,Choteč (okr. Praha-západ),367,370,Středočeský,CZ020,Praha-západ,CZ020A,Černošice,2105,False
552453,Chotěmice (okr. Tábor),120,123,Jihočeský,CZ031,Tábor,CZ0317,Soběslav,3110,False
578100,Chotěnov (okr. Svitavy),138,134,Pardubický,CZ053,Svitavy,CZ0533,Litomyšl,5307,False
537225,Chotěšice (okr. Nymburk),321,325,Středočeský,CZ020,Nymburk,CZ0208,Poděbrady,2119,False
564940,Chotěšov (okr. Litoměřice),508,508,Ústecký,CZ042,Litoměřice,CZ0423,Lovosice,4208,False
557838,Chotěšov (okr. Plzeň-jih),3051,3048,Plzeňský,CZ032,Plzeň-jih,CZ0324,Stod,3212,False
535931,Chotětov (okr. Mladá Boleslav),1439,1444,Středočeský,CZ020,Mladá Boleslav,CZ0207,Mladá Boleslav,2115,False
579319,Chotěvice (okr. Trutnov),1046,1034,Královéhradecký,CZ052,Trutnov,CZ0525,Trutnov,5214,False
558940,Chotíkov (okr. Plzeň-sever),1307,1290,Plzeňský,CZ032,Plzeň-sever,CZ0325,Nýřany,3208,False
540323,Chotilsko (okr. Příbram),598,602,Středočeský,CZ020,Příbram,CZ020B,Dobříš,2107,False
564958,Chotiměř (okr. Litoměřice),282,283,Ústecký,CZ042,Litoměřice,CZ0423,Lovosice,4208,False
564966,Chotiněves (okr. Litoměřice),200,204,Ústecký,CZ042,Litoměřice,CZ0423,Litoměřice,4205,False
561622,Chotovice (okr. Česká Lípa),190,186,Liberecký,CZ051,Česká Lípa,CZ0511,Nový Bor,5106,False
534994,Choťovice (okr. Kolín),257,255,Středočeský,CZ020,Kolín,CZ0204,Kolín,2110,False
578118,Chotovice (okr. Svitavy),153,160,Pardubický,CZ053,Svitavy,CZ0533,Litomyšl,5307,False
552461,Chotoviny (okr. Tábor),1909,1912,Jihočeský,CZ031,Tábor,CZ0317,Tábor,3112,False
534102,Chotusice (okr. Kutná Hora),821,825,Středočeský,CZ020,Kutná Hora,CZ0205,Čáslav,2104,False
533343,Chotutice (okr. Kolín),500,491,Středočeský,CZ020,Kolín,CZ0204,Kolín,2110,False
535907,Chotýčany (okr. České Budějovice),262,262,Jihočeský,CZ031,České Budějovice,CZ0311,České Budějovice,3102,False
564109,Chotyně (okr. Liberec),1092,1077,Liberecký,CZ051,Liberec,CZ0513,Liberec,5105,False
529818,Chotýšany (okr. Benešov),670,670,Středočeský,CZ020,Benešov,CZ0201,Benešov,2101,False
552470,Choustník (okr. Tábor),479,484,Jihočeský,CZ031,Tábor,CZ0317,Tábor,3112,False
579327,Choustníkovo Hradiště (okr. Trutnov),624,635,Královéhradecký,CZ052,Trutnov,CZ0525,Dvůr Králové nad Labem,5203,False
566241,Chožov (okr. Louny),563,582,Ústecký,CZ042,Louny,CZ0424,Louny,4207,False
546429,Chraberce (okr. Louny),125,119,Ústecký,CZ042,Louny,CZ0424,Louny,4207,False
571539,Chrast (okr. Chrudim),3181,3150,Pardubický,CZ053,Chrudim,CZ0531,Chrudim,5304,False
537233,Chrást (okr. Nymburk),538,522,Středočeský,CZ020,Nymburk,CZ0208,Nymburk,2118,False
558966,Chrást (okr. Plzeň-město),1912,1925,Plzeňský,CZ032,Plzeň-město,CZ0323,Plzeň,3209,False
564249,Chrást (okr. Příbram),223,223,Středočeský,CZ020,Příbram,CZ020B,Příbram,2120,False
564117,Chrastava (okr. Liberec),6349,6315,Liberecký,CZ051,Liberec,CZ0513,Liberec,5105,False
578126,Chrastavec (okr. Svitavy),236,239,Pardubický,CZ053,Svitavy,CZ0533,Svitavy,5312,False
553751,Chrastavice (okr. Domažlice),362,370,Plzeňský,CZ032,Domažlice,CZ0321,Domažlice,3202,False
532037,Chrášťany (okr. Benešov),262,254,Středočeský,CZ020,Benešov,CZ0201,Benešov,2101,False
544591,Chrášťany (okr. České Budějovice),721,721,Jihočeský,CZ031,České Budějovice,CZ0311,Týn nad Vltavou,3115,False
533351,Chrášťany (okr. Kolín),795,764,Středočeský,CZ020,Kolín,CZ0204,Český Brod,2106,False
539295,Chrášťany (okr. Praha-západ),1257,1180,Středočeský,CZ020,Praha-západ,CZ020A,Černošice,2105,False
541818,Chrášťany (okr. Rakovník),688,691,Středočeský,CZ020,Rakovník,CZ020C,Rakovník,2121,False
540358,Chraštice (okr. Příbram),251,255,Středočeský,CZ020,Příbram,CZ020B,Příbram,2120,False
551155,Chrášťovice (okr. Strakonice),270,271,Jihočeský,CZ031,Strakonice,CZ0316,Strakonice,3111,False
563145,Chrbonín (okr. Tábor),165,163,Jihočeský,CZ031,Tábor,CZ0317,Tábor,3112,False
550264,Chroboly (okr. Prachatice),599,601,Jihočeský,CZ031,Prachatice,CZ0315,Prachatice,3109,False
569305,Chromeč (okr. Šumperk),552,554,Olomoucký,CZ071,Šumperk,CZ0715,Šumperk,7111,False
588512,Chropyně (okr. Kroměříž),4582,4642,Zlínský,CZ072,Kroměříž,CZ0721,Kroměříž,7203,False
534706,Chroustov (okr. Nymburk),196,197,Středočeský,CZ020,Nymburk,CZ0208,Poděbrady,2119,False
571547,Chroustovice (okr. Chrudim),1292,1264,Pardubický,CZ053,Chrudim,CZ0531,Chrudim,5304,False
568767,Chrtníč (okr. Havlíčkův Brod),117,119,Vysočina,CZ063,Havlíčkův Brod,CZ0631,Havlíčkův Brod,6102,False
572764,Chrtníky (okr. Pardubice),112,113,Pardubický,CZ053,Pardubice,CZ0532,Přelouč,5311,False
581534,Chrudichromy (okr. Blansko),214,220,Jihomoravský,CZ064,Blansko,CZ0641,Boskovice,6202,False
571164,Chrudim (okr. Chrudim),23562,23564,Pardubický,CZ053,Chrudim,CZ0531,Chrudim,5304,False
533670,Chrustenice (okr. Beroun),1078,1083,Středočeský,CZ020,Beroun,CZ0202,Beroun,2102,False
532398,Chržín (okr. Kladno),315,309,Středočeský,CZ020,Kladno,CZ0203,Slaný,2124,False
573574,Chřenovice (okr. Havlíčkův Brod),149,146,Vysočina,CZ063,Havlíčkův Brod,CZ0631,Světlá nad Sázavou,6111,False
562530,Chřibská (okr. Děčín),1316,1333,Ústecký,CZ042,Děčín,CZ0421,Varnsdorf,4215,False
558974,Chříč (okr. Plzeň-sever),239,242,Plzeňský,CZ032,Plzeň-sever,CZ0325,Kralovice,3206,False
507334,Chuchelná (okr. Opava),1283,1276,Moravskoslezský,CZ080,Opava,CZ0805,Kravaře,8113,False
577154,Chuchelna (okr. Semily),976,990,Liberecký,CZ051,Semily,CZ0514,Semily,5107,False
583111,Chudčice (okr. Brno-venkov),1014,1008,Jihomoravský,CZ064,Brno-venkov,CZ0643,Kuřim,6209,False
556378,Chudenice (okr. Klatovy),777,759,Plzeňský,CZ032,Klatovy,CZ0322,Klatovy,3205,False
556386,Chudenín (okr. Klatovy),660,666,Plzeňský,CZ032,Klatovy,CZ0322,Klatovy,3205,False
568023,Chuderov (okr. Ústí nad Labem),1199,1171,Ústecký,CZ042,Ústí nad Labem,CZ0427,Ústí nad Labem,4214,False
570125,Chudeřice (okr. Hradec Králové),274,271,Královéhradecký,CZ052,Hradec Králové,CZ0521,Hradec Králové,5205,False
571849,Chudíř (okr. Mladá Boleslav),244,247,Středočeský,CZ020,Mladá Boleslav,CZ0207,Mladá Boleslav,2115,False
546810,Chudoslavice (okr. Litoměřice),180,176,Ústecký,CZ042,Litoměřice,CZ0423,Litoměřice,4205,False
594164,Chvalatice (okr. Znojmo),109,107,Jihomoravský,CZ064,Znojmo,CZ0647,Znojmo,6220,False
506737,Chvalčov (okr. Kroměříž),1597,1610,Zlínský,CZ072,Kroměříž,CZ0721,Bystřice pod Hostýnem,7201,False
579335,Chvaleč (okr. Trutnov),629,627,Královéhradecký,CZ052,Trutnov,CZ0525,Trutnov,5214,False
557846,Chválenice (okr. Plzeň-město),762,782,Plzeňský,CZ032,Plzeň-město,CZ0323,Plzeň,3209,False
575071,Chvaletice (okr. Pardubice),2897,2925,Pardubický,CZ053,Pardubice,CZ0532,Přelouč,5311,False
569909,Chvalíkovice (okr. Opava),685,686,Moravskoslezský,CZ080,Opava,CZ0805,Opava,8117,False
574112,Chvalkovice (okr. Náchod),818,809,Královéhradecký,CZ052,Náchod,CZ0523,Jaroměř,5206,False
593095,Chvalkovice (okr. Vyškov),282,288,Jihomoravský,CZ064,Vyškov,CZ0646,Bučovice,6205,False
588547,Chvalnov-Lísky (okr. Kroměříž),239,231,Zlínský,CZ072,Kroměříž,CZ0721,Kroměříž,7203,False
537420,Chvalovice (okr. Prachatice),174,170,Jihočeský,CZ031,Prachatice,CZ0315,Prachatice,3109,False
594172,Chvalovice (okr. Znojmo),686,694,Jihomoravský,CZ064,Znojmo,CZ0647,Znojmo,6220,False
545546,Chvalšiny (okr. Český Krumlov),1211,1233,Jihočeský,CZ031,Český Krumlov,CZ0312,Český Krumlov,3103,False
534846,Chvatěruby (okr. Mělník),608,585,Středočeský,CZ020,Mělník,CZ0206,Kralupy nad Vltavou,2111,False
575089,Chvojenec (okr. Pardubice),805,850,Pardubický,CZ053,Pardubice,CZ0532,Holice,5303,False
549223,Chyjice (okr. Jičín),184,184,Královéhradecký,CZ052,Jičín,CZ0522,Jičín,5207,False
531294,Chyňava (okr. Beroun),1906,1898,Středočeský,CZ020,Beroun,CZ0202,Beroun,2102,False
539309,Chýně (okr. Praha-západ),5168,4965,Středočeský,CZ020,Praha-západ,CZ020A,Černošice,2105,False
513431,Chýnice (okr. Praha-západ),436,436,Středočeský,CZ020,Praha-západ,CZ020A,Černošice,2105,False
552496,Chýnov (okr. Tábor),2563,2568,Jihočeský,CZ031,Tábor,CZ0317,Tábor,3112,False
561339,Chýstovice (okr. Pelhřimov),44,45,Vysočina,CZ063,Pelhřimov,CZ0633,Pelhřimov,6110,False
555207,Chyše (okr. Karlovy Vary),586,583,Karlovarský,CZ041,Karlovy Vary,CZ0412,Karlovy Vary,4103,False
549452,Chyšky (okr. Písek),1054,1061,Jihočeský,CZ031,Písek,CZ0314,Milevsko,3107,False
561321,Chyšná (okr. Pelhřimov),124,122,Vysočina,CZ063,Pelhřimov,CZ0633,Pelhřimov,6110,False
575097,Chýšť (okr. Pardubice),202,204,Pardubický,CZ053,Pardubice,CZ0532,Pardubice,5309,False
590428,Cidlina (okr. Třebíč),97,94,Vysočina,CZ063,Třebíč,CZ0634,Moravské Budějovice,6106,False
588016,Cikháj (okr. Žďár nad Sázavou),101,104,Vysočina,CZ063,Žďár nad Sázavou,CZ0635,Žďár nad Sázavou,6115,False
599476,Církvice (okr. Kolín),188,187,Středočeský,CZ020,Kolín,CZ0204,Kolín,2110,False
533998,Církvice (okr. Kutná Hora),1350,1312,Středočeský,CZ020,Kutná Hora,CZ0205,Kutná Hora,2112,False
569135,Císařov (okr. Přerov),319,323,Olomoucký,CZ071,Přerov,CZ0714,Přerov,7109,False
560324,Citice (okr. Sokolov),838,851,Karlovarský,CZ041,Sokolov,CZ0413,Sokolov,4107,False
542571,Cítoliby (okr. Louny),1093,1077,Ústecký,CZ042,Louny,CZ0424,Louny,4207,False
593851,Citonice (okr. Znojmo),605,614,Jihomoravský,CZ064,Znojmo,CZ0647,Znojmo,6220,False
534731,Cítov (okr. Mělník),1320,1296,Středočeský,CZ020,Mělník,CZ0206,Mělník,2114,False
512982,Citov (okr. Přerov),520,533,Olomoucký,CZ071,Přerov,CZ0714,Přerov,7109,False
546054,Cizkrajov (okr. Jindřichův Hradec),513,523,Jihočeský,CZ031,Jindřichův Hradec,CZ0313,Dačice,3104,False
579980,Cotkytle (okr. Ústí nad Orlicí),385,382,Pardubický,CZ053,Ústí nad Orlicí,CZ0534,Lanškroun,5306,False
554162,Crhov (okr. Blansko),170,170,Jihomoravský,CZ064,Blansko,CZ0641,Boskovice,6202,False
571253,Ctětín (okr. Chrudim),261,261,Pardubický,CZ053,Chrudim,CZ0531,Chrudim,5304,False
532690,Ctiboř (okr. Benešov),176,179,Středočeský,CZ020,Benešov,CZ0201,Vlašim,2125,False
579459,Ctiboř (okr. Tachov),322,324,Plzeňský,CZ032,Tachov,CZ0327,Tachov,3215,False
593869,Ctidružice (okr. Znojmo),284,280,Jihomoravský,CZ064,Znojmo,CZ0647,Znojmo,6220,False
570991,Ctiměřice (okr. Mladá Boleslav),143,145,Středočeský,CZ020,Mladá Boleslav,CZ0207,Mladá Boleslav,2115,False
564672,Ctiněves (okr. Litoměřice),398,386,Ústecký,CZ042,Litoměřice,CZ0423,Roudnice nad Labem,4211,False
561479,Cvikov (okr. Česká Lípa),4520,4534,Liberecký,CZ051,Česká Lípa,CZ0511,Nový Bor,5106,False
550272,Cvrčovice (okr. Brno-venkov),676,673,Jihomoravský,CZ064,Brno-venkov,CZ0643,Pohořelice,6213,False
532185,Cvrčovice (okr. Kladno),793,774,Středočeský,CZ020,Kladno,CZ0203,Kladno,2109,False
568490,Čachotín (okr. Havlíčkův Brod),166,169,Vysočina,CZ063,Havlíčkův Brod,CZ0631,Chotěboř,6104,False
535621,Čachovice (okr. Mladá Boleslav),880,882,Středočeský,CZ020,Mladá Boleslav,CZ0207,Mladá Boleslav,2115,False
555941,Čachrov (okr. Klatovy),485,505,Plzeňský,CZ032,Klatovy,CZ0322,Klatovy,3205,False
529478,Čakov (okr. Benešov),135,131,Středočeský,CZ020,Benešov,CZ0201,Benešov,2101,False
535541,Čakov (okr. České Budějovice),303,303,Jihočeský,CZ031,České Budějovice,CZ0311,České Budějovice,3102,False
552003,Čaková (okr. Bruntál),348,340,Moravskoslezský,CZ080,Bruntál,CZ0801,Krnov,8114,False
598291,Čakovičky (okr. Mělník),737,743,Středočeský,CZ020,Mělník,CZ0206,Neratovice,2117,False
571270,Čankovice (okr. Chrudim),511,454,Pardubický,CZ053,Chrudim,CZ0531,Chrudim,5304,False
534005,Čáslav (okr. Kutná Hora),10387,10399,Středočeský,CZ020,Kutná Hora,CZ0205,Čáslav,2104,False
590436,Čáslavice (okr. Třebíč),560,564,Vysočina,CZ063,Třebíč,CZ0634,Třebíč,6113,False
547689,Čáslavsko (okr. Pelhřimov),107,107,Vysočina,CZ063,Pelhřimov,CZ0633,Pacov,6109,False
560804,Částkov (okr. Tachov),344,352,Plzeňský,CZ032,Tachov,CZ0327,Tachov,3215,False
592137,Částkov (okr. Uherské Hradiště),374,381,Zlínský,CZ072,Uherské Hradiště,CZ0722,Uherské Hradiště,7207,False
553964,Častohostice (okr. Třebíč),193,196,Vysočina,CZ063,Třebíč,CZ0634,Moravské Budějovice,6106,False
576182,Častolovice (okr. Rychnov nad Kněžnou),1671,1686,Královéhradecký,CZ052,Rychnov nad Kněžnou,CZ0524,Kostelec nad Orlicí,5208,False
547719,Častrov (okr. Pelhřimov),630,628,Vysočina,CZ063,Pelhřimov,CZ0633,Pelhřimov,6110,False
572799,Časy (okr. Pardubice),230,228,Pardubický,CZ053,Pardubice,CZ0532,Pardubice,5309,False
569119,Čavisov (okr. Ostrava-město),512,507,Moravskoslezský,CZ080,Ostrava-město,CZ0806,Ostrava,8119,False
582913,Čebín (okr. Brno-venkov),1948,1978,Jihomoravský,CZ064,Brno-venkov,CZ0643,Kuřim,6209,False
590444,Čechočovice (okr. Třebíč),350,346,Vysočina,CZ063,Třebíč,CZ0634,Třebíč,6113,False
529486,Čechtice (okr. Benešov),1448,1430,Středočeský,CZ020,Benešov,CZ0201,Vlašim,2125,False
590452,Čechtín (okr. Třebíč),308,312,Vysočina,CZ063,Třebíč,CZ0634,Třebíč,6113,False
552771,Čechy (okr. Přerov),329,332,Olomoucký,CZ071,Přerov,CZ0714,Přerov,7109,False
589381,Čechy pod Kosířem (okr. Prostějov),1135,1129,Olomoucký,CZ071,Prostějov,CZ0713,Prostějov,7108,False
534749,Čečelice (okr. Mělník),696,701,Středočeský,CZ020,Mělník,CZ0206,Mělník,2114,False
510068,Čečelovice (okr. Strakonice),185,192,Jihočeský,CZ031,Strakonice,CZ0316,Blatná,3101,False
548375,Čečkovice (okr. Havlíčkův Brod),89,90,Vysočina,CZ063,Havlíčkův Brod,CZ0631,Chotěboř,6104,False
566080,Čečovice (okr. Plzeň-jih),101,101,Plzeňský,CZ032,Plzeň-jih,CZ0324,Stod,3212,False
589365,Čehovice (okr. Prostějov),519,523,Olomoucký,CZ071,Prostějov,CZ0713,Prostějov,7108,False
586099,Čejč (okr. Hodonín),1259,1252,Jihomoravský,CZ064,Hodonín,CZ0645,Hodonín,6206,False
550922,Čejetice (okr. Strakonice),946,937,Jihočeský,CZ031,Strakonice,CZ0316,Strakonice,3111,False
544329,Čejkovice (okr. České Budějovice),397,402,Jihočeský,CZ031,České Budějovice,CZ0311,České Budějovice,3102,False
586102,Čejkovice (okr. Hodonín),2360,2359,Jihomoravský,CZ064,Hodonín,CZ0645,Hodonín,6206,False
529524,Čejkovice (okr. Kutná Hora),28,28,Středočeský,CZ020,Kutná Hora,CZ0205,Čáslav,2104,False
593877,Čejkovice (okr. Znojmo),252,240,Jihomoravský,CZ064,Znojmo,CZ0647,Znojmo,6220,False
547735,Čejov (okr. Pelhřimov),647,635,Vysočina,CZ063,Pelhřimov,CZ0633,Humpolec,6103,False
598071,Čeladná (okr. Frýdek-Místek),2978,2931,Moravskoslezský,CZ080,Frýdek-Místek,CZ0802,Frýdlant nad Ostravicí,8107,False
538132,Čelákovice (okr. Praha-východ),12507,12474,Středočeský,CZ020,Praha-východ,CZ0209,Brandýs nad Labem-Stará Boleslav,2103,False
589390,Čelčice (okr. Prostějov),514,514,Olomoucký,CZ071,Prostějov,CZ0713,Prostějov,7108,False
589403,Čelechovice na Hané (okr. Prostějov),1342,1329,Olomoucký,CZ071,Prostějov,CZ0713,Prostějov,7108,False
513059,Čelechovice (okr. Přerov),131,130,Olomoucký,CZ071,Přerov,CZ0714,Přerov,7109,False
529826,Čelistná (okr. Pelhřimov),88,92,Vysočina,CZ063,Pelhřimov,CZ0633,Pelhřimov,6110,False
586111,Čeložnice (okr. Hodonín),413,413,Jihomoravský,CZ064,Hodonín,CZ0645,Kyjov,6210,False
558711,Čeminy (okr. Plzeň-sever),343,365,Plzeňský,CZ032,Plzeň-sever,CZ0325,Nýřany,3208,False
540072,Čenkov (okr. Příbram),403,379,Středočeský,CZ020,Příbram,CZ020B,Příbram,2120,False
598976,Čenkov u Bechyně (okr. České Budějovice),62,61,Jihočeský,CZ031,České Budějovice,CZ0311,Týn nad Vltavou,3115,False
579998,Čenkovice (okr. Ústí nad Orlicí),182,186,Pardubický,CZ053,Ústí nad Orlicí,CZ0534,Lanškroun,5306,False
574856,Čeperka (okr. Pardubice),1191,1192,Pardubický,CZ053,Pardubice,CZ0532,Pardubice,5309,False
574864,Čepí (okr. Pardubice),475,472,Pardubický,CZ053,Pardubice,CZ0532,Pardubice,5309,False
550949,Čepřovice (okr. Strakonice),217,211,Jihočeský,CZ031,Strakonice,CZ0316,Strakonice,3111,False
530581,Čeradice (okr. Louny),303,304,Ústecký,CZ042,Louny,CZ0424,Žatec,4216,False
529516,Čerčany (okr. Benešov),3175,3133,Středočeský,CZ020,Benešov,CZ0201,Benešov,2101,False
593885,Čermákovice (okr. Znojmo),107,103,Jihomoravský,CZ064,Znojmo,CZ0647,Moravský Krumlov,6212,False
576191,Čermná nad Orlicí (okr. Rychnov nad Kněžnou),1099,1085,Královéhradecký,CZ052,Rychnov nad Kněžnou,CZ0524,Kostelec nad Orlicí,5208,False
553514,Čermná (okr. Domažlice),270,262,Plzeňský,CZ032,Domažlice,CZ0321,Horšovský Týn,3204,False
579106,Čermná (okr. Trutnov),427,417,Královéhradecký,CZ052,Trutnov,CZ0525,Vrchlabí,5215,False
569950,Čermná ve Slezsku (okr. Opava),369,389,Moravskoslezský,CZ080,Opava,CZ0805,Vítkov,8122,False
581496,Černá Hora (okr. Blansko),2124,2110,Jihomoravský,CZ064,Blansko,CZ0641,Blansko,6201,False
595438,Černá (okr. Žďár nad Sázavou),308,308,Vysočina,CZ063,Žďár nad Sázavou,CZ0635,Velké Meziříčí,6114,False
572896,Černá u Bohdanče (okr. Pardubice),733,710,Pardubický,CZ053,Pardubice,CZ0532,Pardubice,5309,False
545457,Černá v Pošumaví (okr. Český Krumlov),828,856,Jihočeský,CZ031,Český Krumlov,CZ0312,Český Krumlov,3103,False
533491,Černá Voda (okr. Jeseník),536,539,Olomoucký,CZ071,Jeseník,CZ0711,Jeseník,7102,False
538019,Černava (okr. Karlovy Vary),308,308,Karlovarský,CZ041,Karlovy Vary,CZ0412,Karlovy Vary,4103,False
542628,Černčice (okr. Louny),1311,1335,Ústecký,CZ042,Louny,CZ0424,Louny,4207,False
573957,Černčice (okr. Náchod),471,472,Královéhradecký,CZ052,Náchod,CZ0523,Nové Město nad Metují,5211,False
533254,Černé Voděrady (okr. Praha-východ),385,374,Středočeský,CZ020,Praha-východ,CZ0209,Říčany,2122,False
546852,Černěves (okr. Litoměřice),238,239,Ústecký,CZ042,Litoměřice,CZ0423,Roudnice nad Labem,4211,False
587001,Černíč (okr. Jihlava),121,125,Vysočina,CZ063,Jihlava,CZ0632,Telč,6112,False
553531,Černíkov (okr. Klatovy),370,375,Plzeňský,CZ032,Klatovy,CZ0322,Klatovy,3205,False
566632,Černíkovice (okr. Plzeň-sever),96,88,Plzeňský,CZ032,Plzeň-sever,CZ0325,Kralovice,3206,False
576204,Černíkovice (okr. Rychnov nad Kněžnou),809,816,Královéhradecký,CZ052,Rychnov nad Kněžnou,CZ0524,Rychnov nad Kněžnou,5213,False
599301,Černíky (okr. Kolín),171,170,Středočeský,CZ020,Kolín,CZ0204,Český Brod,2106,False
569917,Černilov (okr. Hradec Králové),2488,2469,Královéhradecký,CZ052,Hradec Králové,CZ0521,Hradec Králové,5205,False
593893,Černín (okr. Znojmo),173,163,Jihomoravský,CZ064,Znojmo,CZ0647,Znojmo,6220,False
534013,Černíny (okr. Kutná Hora),444,426,Středočeský,CZ020,Kutná Hora,CZ0205,Kutná Hora,2112,False
564699,Černiv (okr. Litoměřice),233,155,Ústecký,CZ042,Litoměřice,CZ0423,Lovosice,4208,False
539121,Černolice (okr. Praha-západ),591,576,Středočeský,CZ020,Praha-západ,CZ020A,Černošice,2105,False
539139,Černošice (okr. Praha-západ),7781,7712,Středočeský,CZ020,Praha-západ,CZ020A,Černošice,2105,False
560812,Černošín (okr. Tachov),1193,1196,Plzeňský,CZ032,Tachov,CZ0327,Stříbro,3213,False
513067,Černotín (okr. Přerov),816,796,Olomoucký,CZ071,Přerov,CZ0714,Hranice,7101,False
542423,Černouček (okr. Litoměřice),343,327,Ústecký,CZ042,Litoměřice,CZ0423,Roudnice nad Labem,4211,False
545996,Černousy (okr. Liberec),312,312,Liberecký,CZ051,Liberec,CZ0513,Frýdlant,5102,False
561142,Černov (okr. Pelhřimov),141,141,Vysočina,CZ063,Pelhřimov,CZ0633,Pelhřimov,6110,False
581500,Černovice (okr. Blansko),371,375,Jihomoravský,CZ064,Blansko,CZ0641,Boskovice,6202,False
563021,Černovice (okr. Chomutov),694,682,Ústecký,CZ042,Chomutov,CZ0422,Chomutov,4203,False
547760,Černovice (okr. Pelhřimov),1782,1769,Vysočina,CZ063,Pelhřimov,CZ0633,Pelhřimov,6110,False
566098,Černovice (okr. Plzeň-jih),138,141,Plzeňský,CZ032,Plzeň-jih,CZ0324,Stod,3212,False
530328,Čerňovice (okr. Plzeň-sever),201,198,Plzeňský,CZ032,Plzeň-sever,CZ0325,Nýřany,3208,False
569925,Černožice (okr. Hradec Králové),1080,1097,Královéhradecký,CZ052,Hradec Králové,CZ0521,Hradec Králové,5205,False
532207,Černuc (okr. Kladno),1021,1012,Středočeský,CZ020,Kladno,CZ0203,Slaný,2124,False
595446,Černvír (okr. Brno-venkov),142,138,Jihomoravský,CZ064,Brno-venkov,CZ0643,Tišnov,6217,False
579114,Černý Důl (okr. Trutnov),674,672,Královéhradecký,CZ052,Trutnov,CZ0525,Vrchlabí,5215,False
563722,Černýšovice (okr. Tábor),81,80,Jihočeský,CZ031,Tábor,CZ0317,Tábor,3112,False
505099,Červená Hora (okr. Náchod),194,190,Královéhradecký,CZ052,Náchod,CZ0523,Náchod,5209,False
590461,Červená Lhota (okr. Třebíč),178,185,Vysočina,CZ063,Třebíč,CZ0634,Třebíč,6113,False
547778,Červená Řečice (okr. Pelhřimov),1026,1024,Vysočina,CZ063,Pelhřimov,CZ0633,Pelhřimov,6110,False
548995,Červená Třemešná (okr. Jičín),186,184,Královéhradecký,CZ052,Jičín,CZ0522,Hořice,5204,False
580015,Červená Voda (okr. Ústí nad Orlicí),2927,2954,Pardubický,CZ053,Ústí nad Orlicí,CZ0534,Králíky,5305,False
534021,Červené Janovice (okr. Kutná Hora),656,652,Středočeský,CZ020,Kutná Hora,CZ0205,Kutná Hora,2112,False
533262,Červené Pečky (okr. Kolín),2098,2016,Středočeský,CZ020,Kolín,CZ0204,Kolín,2110,False
542172,Červené Poříčí (okr. Klatovy),235,234,Plzeňský,CZ032,Klatovy,CZ0322,Klatovy,3205,False
552186,Červenka (okr. Olomouc),1468,1445,Olomoucký,CZ071,Olomouc,CZ0712,Litovel,7105,False
509116,Červený Hrádek (okr. Jindřichův Hradec),197,196,Jihočeský,CZ031,Jindřichův Hradec,CZ0313,Dačice,3104,False
573965,Červený Kostelec (okr. Náchod),8202,8262,Královéhradecký,CZ052,Náchod,CZ0523,Náchod,5209,False
529532,Červený Újezd (okr. Benešov),350,344,Středočeský,CZ020,Benešov,CZ0201,Votice,2126,False
532215,Červený Újezd (okr. Praha-západ),1650,1654,Středočeský,CZ020,Praha-západ,CZ020A,Černošice,2105,False
568503,Česká Bělá (okr. Havlíčkův Brod),1136,1143,Vysočina,CZ063,Havlíčkův Brod,CZ0631,Havlíčkův Brod,6102,False
558745,Česká Bříza (okr. Plzeň-sever),579,576,Plzeňský,CZ032,Plzeň-sever,CZ0325,Nýřany,3208,False
573973,Česká Čermná (okr. Náchod),505,502,Královéhradecký,CZ052,Náchod,CZ0523,Náchod,5209,False
562394,Česká Kamenice (okr. Děčín),4984,5037,Ústecký,CZ042,Děčín,CZ0421,Děčín,4202,False
553549,Česká Kubice (okr. Domažlice),989,993,Plzeňský,CZ032,Domažlice,CZ0321,Domažlice,3202,False
561380,Česká Lípa (okr. Česká Lípa),36364,36815,Liberecký,CZ051,Česká Lípa,CZ0511,Česká Lípa,5101,False
573981,Česká Metuje (okr. Náchod),301,306,Královéhradecký,CZ052,Náchod,CZ0523,Náchod,5209,False
582921,Česká (okr. Brno-venkov),1001,1010,Jihomoravský,CZ064,Brno-venkov,CZ0643,Kuřim,6209,False
580023,Česká Rybná (okr. Ústí nad Orlicí),371,378,Pardubický,CZ053,Ústí nad Orlicí,CZ0534,Žamberk,5315,False
573990,Česká Skalice (okr. Náchod),4970,5020,Královéhradecký,CZ052,Náchod,CZ0523,Náchod,5209,False
580031,Česká Třebová (okr. Ústí nad Orlicí),14982,15010,Pardubický,CZ053,Ústí nad Orlicí,CZ0534,Česká Třebová,5301,False
569356,Česká Ves (okr. Jeseník),2258,2303,Olomoucký,CZ071,Jeseník,CZ0711,Jeseník,7102,False
544256,České Budějovice (okr. České Budějovice),97128,97231,Jihočeský,CZ031,České Budějovice,CZ0311,České Budějovice,3102,False
580040,České Heřmanice (okr. Ústí nad Orlicí),606,611,Pardubický,CZ053,Ústí nad Orlicí,CZ0534,Vysoké Mýto,5314,False
571296,České Lhotice (okr. Chrudim),119,123,Pardubický,CZ053,Chrudim,CZ0531,Chrudim,5304,False
580058,České Libchavy (okr. Ústí nad Orlicí),660,657,Pardubický,CZ053,Ústí nad Orlicí,CZ0534,Ústí nad Orlicí,5313,False
576212,České Meziříčí (okr. Rychnov nad Kněžnou),2044,2027,Královéhradecký,CZ052,Rychnov nad Kněžnou,CZ0524,Dobruška,5202,False
580066,České Petrovice (okr. Ústí nad Orlicí),157,152,Pardubický,CZ053,Ústí nad Orlicí,CZ0534,Žamberk,5315,False
546089,České Velenice (okr. Jindřichův Hradec),3687,3607,Jihočeský,CZ031,Jindřichův Hradec,CZ0313,Třeboň,3114,False
533271,Český Brod (okr. Kolín),7355,7487,Středočeský,CZ020,Kolín,CZ0204,Český Brod,2106,False
563960,Český Dub (okr. Liberec),2901,2882,Liberecký,CZ051,Liberec,CZ0513,Liberec,5105,False
567108,Český Jiřetín (okr. Most),110,107,Ústecký,CZ042,Most,CZ0425,Litvínov,4206,False
545392,Český Krumlov (okr. Český Krumlov),12658,12797,Jihočeský,CZ031,Český Krumlov,CZ0312,Český Krumlov,3103,False
546097,Český Rudolec (okr. Jindřichův Hradec),862,871,Jihočeský,CZ031,Jindřichův Hradec,CZ0313,Dačice,3104,False
529541,Český Šternberk (okr. Benešov),179,184,Středočeský,CZ020,Benešov,CZ0201,Benešov,2101,False
598933,Český Těšín (okr. Karviná),22870,23075,Moravskoslezský,CZ080,Karviná,CZ0803,Český Těšín,8104,False
576221,Čestice (okr. Rychnov nad Kněžnou),581,574,Královéhradecký,CZ052,Rychnov nad Kněžnou,CZ0524,Kostelec nad Orlicí,5208,False
550957,Čestice (okr. Strakonice),887,907,Jihočeský,CZ031,Strakonice,CZ0316,Strakonice,3111,False
534030,Čestín (okr. Kutná Hora),471,470,Středočeský,CZ020,Kutná Hora,CZ0205,Kutná Hora,2112,False
538141,Čestlice (okr. Praha-východ),778,762,Středočeský,CZ020,Praha-východ,CZ0209,Říčany,2122,False
572811,Češov (okr. Jičín),246,247,Královéhradecký,CZ052,Jičín,CZ0522,Jičín,5207,False
506621,Čichalov (okr. Karlovy Vary),158,164,Karlovarský,CZ041,Karlovy Vary,CZ0412,Karlovy Vary,4103,False
590487,Číchov (okr. Třebíč),218,223,Vysočina,CZ063,Třebíč,CZ0634,Třebíč,6113,False
550965,Číčenice (okr. Strakonice),486,476,Jihočeský,CZ031,Strakonice,CZ0316,Vodňany,3117,False
539147,Číčovice (okr. Praha-západ),335,332,Středočeský,CZ020,Praha-západ,CZ020A,Černošice,2105,False
590479,Číhalín (okr. Třebíč),238,240,Vysočina,CZ063,Třebíč,CZ0634,Třebíč,6113,False
542024,Číhaň (okr. Klatovy),222,221,Plzeňský,CZ032,Klatovy,CZ0322,Klatovy,3205,False
568520,Číhošť (okr. Havlíčkův Brod),341,348,Vysočina,CZ063,Havlíčkův Brod,CZ0631,Světlá nad Sázavou,6111,False
590495,Čikov (okr. Třebíč),190,195,Vysočina,CZ063,Třebíč,CZ0634,Náměšť nad Oslavou,6107,False
540927,Čilá (okr. Rokycany),20,19,Plzeňský,CZ032,Rokycany,CZ0326,Rokycany,3211,False
599671,Čilec (okr. Nymburk),243,240,Středočeský,CZ020,Nymburk,CZ0208,Nymburk,2118,False
540081,Čím (okr. Příbram),405,391,Středočeský,CZ020,Příbram,CZ020B,Dobříš,2107,False
549339,Čimelice (okr. Písek),1018,1017,Jihočeský,CZ031,Písek,CZ0314,Písek,3108,False
546101,Číměř (okr. Jindřichův Hradec),679,678,Jihočeský,CZ031,Jindřichův Hradec,CZ0313,Jindřichův Hradec,3105,False
590509,Číměř (okr. Třebíč),238,230,Vysočina,CZ063,Třebíč,CZ0634,Třebíč,6113,False
578495,Čímice (okr. Klatovy),164,162,Plzeňský,CZ032,Klatovy,CZ0322,Sušice,3214,False
537080,Činěves (okr. Nymburk),503,518,Středočeský,CZ020,Nymburk,CZ0208,Poděbrady,2119,False
539155,Čisovice (okr. Praha-západ),1182,1182,Středočeský,CZ020,Praha-západ,CZ020A,Černošice,2105,False
535630,Čistá (okr. Mladá Boleslav),886,888,Středočeský,CZ020,Mladá Boleslav,CZ0207,Mladá Boleslav,2115,False
541699,Čistá (okr. Rakovník),907,902,Středočeský,CZ020,Rakovník,CZ020C,Rakovník,2121,False
577944,Čistá (okr. Svitavy),1067,1055,Pardubický,CZ053,Svitavy,CZ0533,Litomyšl,5307,False
577057,Čistá u Horek (okr. Semily),591,593,Liberecký,CZ051,Semily,CZ0514,Jilemnice,5104,False
569933,Čistěves (okr. Hradec Králové),197,191,Královéhradecký,CZ052,Hradec Králové,CZ0521,Hradec Králové,5205,False
557641,Čižice (okr. Plzeň-jih),560,558,Plzeňský,CZ032,Plzeň-jih,CZ0324,Přeštice,3210,False
598704,Čížkov (okr. Pelhřimov),142,141,Vysočina,CZ063,Pelhřimov,CZ0633,Pelhřimov,6110,False
557650,Čížkov (okr. Plzeň-jih),676,668,Plzeňský,CZ032,Plzeň-jih,CZ0324,Nepomuk,3207,False
564711,Čížkovice (okr. Litoměřice),1512,1511,Ústecký,CZ042,Litoměřice,CZ0423,Lovosice,4208,False
551503,Čížkrajice (okr. České Budějovice),296,291,Jihočeský,CZ031,České Budějovice,CZ0311,Trhové Sviny,3113,False
587117,Čížov (okr. Jihlava),294,297,Vysočina,CZ063,Jihlava,CZ0632,Jihlava,6105,False
549347,Čížová (okr. Písek),1388,1366,Jihočeský,CZ031,Písek,CZ0314,Písek,3108,False
550167,Čkyně (okr. Prachatice),1553,1553,Jihočeský,CZ031,Prachatice,CZ0315,Vimperk,3116,False
561703,Člunek (okr. Jindřichův Hradec),486,485,Jihočeský,CZ031,Jindřichův Hradec,CZ0313,Jindřichův Hradec,3105,False
578568,Čmelíny (okr. Plzeň-jih),128,127,Plzeňský,CZ032,Plzeň-jih,CZ0324,Nepomuk,3207,False
544531,Čtveřín (okr. Liberec),601,611,Liberecký,CZ051,Liberec,CZ0513,Turnov,5109,False
529567,Čtyřkoly (okr. Benešov),823,800,Středočeský,CZ020,Benešov,CZ0201,Benešov,2101,False
582930,Čučice (okr. Brno-venkov),450,452,Jihomoravský,CZ064,Brno-venkov,CZ0643,Ivančice,6208,False
546127,Dačice (okr. Jindřichův Hradec),7118,7157,Jihočeský,CZ031,Jindřichův Hradec,CZ0313,Dačice,3104,False
595454,Dalečín (okr. Žďár nad Sázavou),659,672,Vysočina,CZ063,Žďár nad Sázavou,CZ0635,Bystřice nad Pernštejnem,6101,False
540099,Daleké Dušníky (okr. Příbram),443,442,Středočeský,CZ020,Příbram,CZ020B,Dobříš,2107,False
530425,Dalešice (okr. Jablonec nad Nisou),225,225,Liberecký,CZ051,Jablonec nad Nisou,CZ0512,Jablonec nad Nisou,5103,False
590517,Dalešice (okr. Třebíč),567,570,Vysočina,CZ063,Třebíč,CZ0634,Třebíč,6113,False
537918,Dalovice (okr. Karlovy Vary),1992,1964,Karlovarský,CZ041,Karlovy Vary,CZ0412,Karlovy Vary,4103,False
570818,Dalovice (okr. Mladá Boleslav),273,268,Středočeský,CZ020,Mladá Boleslav,CZ0207,Mladá Boleslav,2115,False
586129,Dambořice (okr. Hodonín),1566,1545,Jihomoravský,CZ064,Hodonín,CZ0645,Kyjov,6210,False
593907,Damnice (okr. Znojmo),390,379,Jihomoravský,CZ064,Znojmo,CZ0647,Moravský Krumlov,6212,False
580074,Damníkov (okr. Ústí nad Orlicí),698,699,Pardubický,CZ053,Ústí nad Orlicí,CZ0534,Lanškroun,5306,False
595462,Daňkovice (okr. Žďár nad Sázavou),177,171,Vysočina,CZ063,Žďár nad Sázavou,CZ0635,Nové Město na Moravě,6108,False
568228,Darkovice (okr. Opava),1362,1363,Moravskoslezský,CZ080,Opava,CZ0805,Hlučín,8109,False
552445,Daskabát (okr. Olomouc),627,624,Olomoucký,CZ071,Olomouc,CZ0712,Olomouc,7107,False
560332,Dasnice (okr. Sokolov),249,246,Karlovarský,CZ041,Sokolov,CZ0413,Sokolov,4107,False
535249,Dasný (okr. České Budějovice),357,353,Jihočeský,CZ031,České Budějovice,CZ0311,České Budějovice,3102,False
574899,Dašice (okr. Pardubice),2773,2692,Pardubický,CZ053,Pardubice,CZ0532,Pardubice,5309,False
539163,Davle (okr. Praha-západ),1911,1891,Středočeský,CZ020,Praha-západ,CZ020A,Černošice,2105,False
582948,Deblín (okr. Brno-venkov),1131,1132,Jihomoravský,CZ064,Brno-venkov,CZ0643,Tišnov,6217,False
564729,Děčany (okr. Litoměřice),380,380,Ústecký,CZ042,Litoměřice,CZ0423,Lovosice,4208,False
562335,Děčín (okr. Děčín),46003,46376,Ústecký,CZ042,Děčín,CZ0421,Děčín,4202,False
590525,Dědice (okr. Třebíč),144,143,Vysočina,CZ063,Třebíč,CZ0634,Moravské Budějovice,6106,False
571300,Dědová (okr. Chrudim),133,125,Pardubický,CZ053,Chrudim,CZ0531,Hlinsko,5302,False
561924,Dehtáře (okr. Pelhřimov),123,121,Vysočina,CZ063,Pelhřimov,CZ0633,Pelhřimov,6110,False
568236,Děhylov (okr. Opava),723,745,Moravskoslezský,CZ080,Opava,CZ0805,Hlučín,8109,False
532746,Děkanovice (okr. Benešov),65,62,Středočeský,CZ020,Benešov,CZ0201,Vlašim,2125,False
565181,Děkov (okr. Rakovník),247,245,Středočeský,CZ020,Rakovník,CZ020C,Rakovník,2121,False
538116,Děpoltovice (okr. Karlovy Vary),466,465,Karlovarský,CZ041,Karlovy Vary,CZ0412,Karlovy Vary,4103,False
563552,Desná (okr. Jablonec nad Nisou),2986,2999,Liberecký,CZ051,Jablonec nad Nisou,CZ0512,Tanvald,5108,False
572357,Desná (okr. Svitavy),376,371,Pardubický,CZ053,Svitavy,CZ0533,Litomyšl,5307,False
556041,Dešenice (okr. Klatovy),696,717,Plzeňský,CZ032,Klatovy,CZ0322,Klatovy,3205,False
546143,Dešná (okr. Jindřichův Hradec),592,584,Jihočeský,CZ031,Jindřichův Hradec,CZ0313,Dačice,3104,False
585157,Dešná (okr. Zlín),208,206,Zlínský,CZ072,Zlín,CZ0724,Vizovice,7211,False
590533,Dešov (okr. Třebíč),473,454,Vysočina,CZ063,Třebíč,CZ0634,Moravské Budějovice,6106,False
581518,Deštná (okr. Blansko),218,215,Jihomoravský,CZ064,Blansko,CZ0641,Boskovice,6202,False
546151,Deštná (okr. Jindřichův Hradec),738,754,Jihočeský,CZ031,Jindřichův Hradec,CZ0313,Jindřichův Hradec,3105,False
576247,Deštné v Orlických horách (okr. Rychnov nad Kněžnou),529,550,Královéhradecký,CZ052,Rychnov nad Kněžnou,CZ0524,Dobruška,5202,False
566128,Deštnice (okr. Louny),254,246,Ústecký,CZ042,Louny,CZ0424,Žatec,4216,False
572829,Dětenice (okr. Jičín),759,747,Královéhradecký,CZ052,Jičín,CZ0522,Jičín,5207,False
589420,Dětkovice (okr. Prostějov),535,541,Olomoucký,CZ071,Prostějov,CZ0713,Prostějov,7108,False
592978,Dětkovice (okr. Vyškov),285,279,Jihomoravský,CZ064,Vyškov,CZ0646,Vyškov,6219,False
598941,Dětmarovice (okr. Karviná),4512,4511,Moravskoslezský,CZ080,Karviná,CZ0803,Karviná,8111,False
597252,Dětřichov nad Bystřicí (okr. Bruntál),404,397,Moravskoslezský,CZ080,Bruntál,CZ0801,Bruntál,8103,False
546607,Dětřichov (okr. Liberec),731,741,Liberecký,CZ051,Liberec,CZ0513,Frýdlant,5102,False
577961,Dětřichov (okr. Svitavy),391,408,Pardubický,CZ053,Svitavy,CZ0533,Svitavy,5312,False
572683,Dětřichov u Moravské Třebové (okr. Svitavy),185,183,Pardubický,CZ053,Svitavy,CZ0533,Moravská Třebová,5308,False
549118,Dílce (okr. Jičín),59,64,Královéhradecký,CZ052,Jičín,CZ0522,Jičín,5207,False
553557,Díly (okr. Domažlice),379,378,Plzeňský,CZ032,Domažlice,CZ0321,Domažlice,3202,False
552208,Dírná (okr. Tábor),427,424,Jihočeský,CZ031,Tábor,CZ0317,Soběslav,3110,False
584401,Diváky (okr. Břeclav),507,505,Jihomoravský,CZ064,Břeclav,CZ0644,Hustopeče,6207,False
551864,Dívčí Hrad (okr. Bruntál),305,313,Moravskoslezský,CZ080,Bruntál,CZ0801,Krnov,8114,False
529753,Dívčí Kopy (okr. Jindřichův Hradec),65,66,Jihočeský,CZ031,Jindřichův Hradec,CZ0313,Jindřichův Hradec,3105,False
544361,Dívčice (okr. České Budějovice),627,626,Jihočeský,CZ031,České Budějovice,CZ0311,České Budějovice,3102,False
569941,Divec (okr. Hradec Králové),272,272,Královéhradecký,CZ052,Hradec Králové,CZ0521,Hradec Králové,5205,False
529621,Divišov (okr. Benešov),1849,1831,Středočeský,CZ020,Benešov,CZ0201,Benešov,2101,False
564737,Dlažkovice (okr. Litoměřice),128,131,Ústecký,CZ042,Litoměřice,CZ0423,Lovosice,4208,False
556068,Dlažov (okr. Klatovy),488,485,Plzeňský,CZ032,Klatovy,CZ0322,Klatovy,3205,False
587010,Dlouhá Brtnice (okr. Jihlava),380,378,Vysočina,CZ063,Jihlava,CZ0632,Jihlava,6105,False
581526,Dlouhá Lhota (okr. Blansko),137,137,Jihomoravský,CZ064,Blansko,CZ0641,Blansko,6201,False
535656,Dlouhá Lhota (okr. Mladá Boleslav),492,491,Středočeský,CZ020,Mladá Boleslav,CZ0207,Mladá Boleslav,2115,False
513504,Dlouhá Lhota (okr. Příbram),458,464,Středočeský,CZ020,Příbram,CZ020B,Příbram,2120,False
563650,Dlouhá Lhota (okr. Tábor),173,164,Jihočeský,CZ031,Tábor,CZ0317,Tábor,3112,False
501476,Dlouhá Loučka (okr. Olomouc),1983,1974,Olomoucký,CZ071,Olomouc,CZ0712,Uničov,7112,False
577987,Dlouhá Loučka (okr. Svitavy),588,564,Pardubický,CZ053,Svitavy,CZ0533,Moravská Třebová,5308,False
551708,Dlouhá Stráň (okr. Bruntál),110,103,Moravskoslezský,CZ080,Bruntál,CZ0801,Bruntál,8103,False
548014,Dlouhá Třebová (okr. Ústí nad Orlicí),1298,1310,Pardubický,CZ053,Ústí nad Orlicí,CZ0534,Ústí nad Orlicí,5313,False
568538,Dlouhá Ves (okr. Havlíčkův Brod),435,429,Vysočina,CZ063,Havlíčkův Brod,CZ0631,Havlíčkův Brod,6102,False
556076,Dlouhá Ves (okr. Klatovy),867,875,Plzeňský,CZ032,Klatovy,CZ0322,Sušice,3214,False
595471,Dlouhé (okr. Žďár nad Sázavou),257,256,Vysočina,CZ063,Žďár nad Sázavou,CZ0635,Nové Město na Moravě,6108,False
533688,Dlouhomilov (okr. Šumperk),454,463,Olomoucký,CZ071,Šumperk,CZ0715,Šumperk,7111,False
548031,Dlouhoňovice (okr. Ústí nad Orlicí),845,823,Pardubický,CZ053,Ústí nad Orlicí,CZ0534,Žamberk,5315,False
537098,Dlouhopolsko (okr. Nymburk),238,249,Středočeský,CZ020,Nymburk,CZ0208,Poděbrady,2119,False
530468,Dlouhý Most (okr. Liberec),990,1006,Liberecký,CZ051,Liberec,CZ0513,Liberec,5105,False
560839,Dlouhý Újezd (okr. Tachov),394,400,Plzeňský,CZ032,Tachov,CZ0327,Tachov,3215,False
557668,Dnešice (okr. Plzeň-jih),890,898,Plzeňský,CZ032,Plzeň-jih,CZ0324,Stod,3212,False
593923,Dobelice (okr. Znojmo),256,258,Jihomoravský,CZ064,Znojmo,CZ0647,Moravský Krumlov,6212,False
549363,Dobev (okr. Písek),1178,1150,Jihočeský,CZ031,Písek,CZ0314,Písek,3108,False
562408,Dobkovice (okr. Děčín),645,647,Ústecký,CZ042,Děčín,CZ0421,Děčín,4202,False
598089,Dobrá (okr. Frýdek-Místek),3268,3263,Moravskoslezský,CZ080,Frýdek-Místek,CZ0802,Frýdek-Místek,8106,False
561932,Dobrá Voda (okr. Pelhřimov),209,202,Vysočina,CZ063,Pelhřimov,CZ0633,Pelhřimov,6110,False
595489,Dobrá Voda (okr. Žďár nad Sázavou),408,406,Vysočina,CZ063,Žďár nad Sázavou,CZ0635,Velké Meziříčí,6114,False
535206,Dobrá Voda u Českých Budějovic (okr. České Budějovice),2625,2652,Jihočeský,CZ031,České Budějovice,CZ0311,České Budějovice,3102,False
572837,Dobrá Voda u Hořic (okr. Jičín),603,610,Královéhradecký,CZ052,Jičín,CZ0522,Hořice,5204,False
561762,Dobrá Voda u Pacova (okr. Pelhřimov),108,108,Vysočina,CZ063,Pelhřimov,CZ0633,Pacov,6109,False
552542,Dobratice (okr. Frýdek-Místek),1383,1393,Moravskoslezský,CZ080,Frýdek-Místek,CZ0802,Frýdek-Místek,8106,False
513105,Dobrčice (okr. Přerov),233,232,Olomoucký,CZ071,Přerov,CZ0714,Přerov,7109,False
576263,Dobré (okr. Rychnov nad Kněžnou),880,876,Královéhradecký,CZ052,Rychnov nad Kněžnou,CZ0524,Dobruška,5202,False
584410,Dobré Pole (okr. Břeclav),448,445,Jihomoravský,CZ064,Břeclav,CZ0644,Mikulov,6211,False
585165,Dobrkovice (okr. Zlín),257,247,Zlínský,CZ072,Zlín,CZ0724,Zlín,7213,False
545783,Dobrná (okr. Děčín),450,441,Ústecký,CZ042,Děčín,CZ0421,Děčín,4202,False
589438,Dobrochov (okr. Prostějov),364,363,Olomoucký,CZ071,Prostějov,CZ0713,Prostějov,7108,False
592986,Dobročkovice (okr. Vyškov),237,232,Jihomoravský,CZ064,Vyškov,CZ0646,Bučovice,6205,False
565008,Dobročovice (okr. Praha-východ),327,333,Středočeský,CZ020,Praha-východ,CZ0209,Brandýs nad Labem-Stará Boleslav,2103,False
562416,Dobrohošť (okr. Jindřichův Hradec),45,45,Jihočeský,CZ031,Jindřichův Hradec,CZ0313,Dačice,3104,False
546861,Dobroměřice (okr. Louny),1395,1407,Ústecký,CZ042,Louny,CZ0424,Louny,4207,False
589446,Dobromilice (okr. Prostějov),783,797,Olomoucký,CZ071,Prostějov,CZ0713,Prostějov,7108,False
552224,Dobronice u Bechyně (okr. Tábor),123,113,Jihočeský,CZ031,Tábor,CZ0317,Tábor,3112,False
587028,Dobronín (okr. Jihlava),1851,1883,Vysočina,CZ063,Jihlava,CZ0632,Jihlava,6105,False
569895,Dobroslavice (okr. Opava),802,795,Moravskoslezský,CZ080,Opava,CZ0805,Hlučín,8109,False
587036,Dobroutov (okr. Jihlava),310,312,Vysočina,CZ063,Jihlava,CZ0632,Jihlava,6105,False
535672,Dobrovice (okr. Mladá Boleslav),3643,3671,Středočeský,CZ020,Mladá Boleslav,CZ0207,Mladá Boleslav,2115,False
529559,Dobrovítov (okr. Kutná Hora),133,131,Středočeský,CZ020,Kutná Hora,CZ0205,Čáslav,2104,False
539171,Dobrovíz (okr. Praha-západ),570,577,Středočeský,CZ020,Praha-západ,CZ020A,Černošice,2105,False
530123,Dobršín (okr. Klatovy),104,106,Plzeňský,CZ032,Klatovy,CZ0322,Sušice,3214,False
576271,Dobruška (okr. Rychnov nad Kněžnou),6445,6532,Královéhradecký,CZ052,Rychnov nad Kněžnou,CZ0524,Dobruška,5202,False
557676,Dobřany (okr. Plzeň-jih),6483,6504,Plzeňský,CZ032,Plzeň-jih,CZ0324,Stod,3212,False
576280,Dobřany (okr. Rychnov nad Kněžnou),139,129,Královéhradecký,CZ052,Rychnov nad Kněžnou,CZ0524,Dobruška,5202,False
538167,Dobřejovice (okr. Praha-východ),1356,1339,Středočeský,CZ020,Praha-východ,CZ0209,Říčany,2122,False
531570,Dobřeň (okr. Mělník),164,169,Středočeský,CZ020,Mělník,CZ0206,Mělník,2114,False
569968,Dobřenice (okr. Hradec Králové),545,569,Královéhradecký,CZ052,Hradec Králové,CZ0521,Hradec Králové,5205,False
533289,Dobřichov (okr. Kolín),788,778,Středočeský,CZ020,Kolín,CZ0204,Kolín,2110,False
539198,Dobřichovice (okr. Praha-západ),3821,3772,Středočeský,CZ020,Praha-západ,CZ020A,Černošice,2105,False
558770,Dobříč (okr. Plzeň-sever),427,420,Plzeňský,CZ032,Plzeň-sever,CZ0325,Kralovice,3206,False
539180,Dobříč (okr. Praha-západ),461,453,Středočeský,CZ020,Praha-západ,CZ020A,Černošice,2105,False
580091,Dobříkov (okr. Ústí nad Orlicí),590,580,Pardubický,CZ053,Ústí nad Orlicí,CZ0534,Vysoké Mýto,5314,False
564745,Dobříň (okr. Litoměřice),554,558,Ústecký,CZ042,Litoměřice,CZ0423,Roudnice nad Labem,4211,False
593931,Dobřínsko (okr. Znojmo),396,404,Jihomoravský,CZ064,Znojmo,CZ0647,Moravský Krumlov,6212,False
540111,Dobříš (okr. Příbram),8882,8870,Středočeský,CZ020,Příbram,CZ020B,Dobříš,2107,False
559776,Dobřív (okr. Rokycany),1351,1357,Plzeňský,CZ032,Rokycany,CZ0326,Rokycany,3211,False
536199,Dobšice (okr. České Budějovice),141,139,Jihočeský,CZ031,České Budějovice,CZ0311,Týn nad Vltavou,3115,False
537101,Dobšice (okr. Nymburk),257,257,Středočeský,CZ020,Nymburk,CZ0208,Poděbrady,2119,False
546941,Dobšice (okr. Znojmo),2225,2272,Jihomoravský,CZ064,Znojmo,CZ0647,Znojmo,6220,False
571989,Dobšín (okr. Mladá Boleslav),310,298,Středočeský,CZ020,Mladá Boleslav,CZ0207,Mladá Boleslav,2115,False
569976,Dohalice (okr. Hradec Králové),450,439,Královéhradecký,CZ052,Hradec Králové,CZ0521,Hradec Králové,5205,False
564753,Doksany (okr. Litoměřice),445,458,Ústecký,CZ042,Litoměřice,CZ0423,Roudnice nad Labem,4211,False
561495,Doksy (okr. Česká Lípa),5121,5115,Liberecký,CZ051,Česká Lípa,CZ0511,Česká Lípa,5101,False
532223,Doksy (okr. Kladno),1734,1736,Středočeský,CZ020,Kladno,CZ0203,Kladno,2109,False
553646,Dolánky nad Ohří (okr. Litoměřice),301,284,Ústecký,CZ042,Litoměřice,CZ0423,Litoměřice,4205,False
539201,Dolany nad Vltavou (okr. Mělník),939,938,Středočeský,CZ020,Mělník,CZ0206,Kralupy nad Vltavou,2111,False
513130,Dolany (okr. Kladno),328,297,Středočeský,CZ020,Kladno,CZ0203,Kladno,2109,False
556106,Dolany (okr. Klatovy),973,979,Plzeňský,CZ032,Klatovy,CZ0322,Klatovy,3205,False
574015,Dolany (okr. Náchod),721,736,Královéhradecký,CZ052,Náchod,CZ0523,Jaroměř,5206,False
501646,Dolany (okr. Olomouc),2876,2961,Olomoucký,CZ071,Olomouc,CZ0712,Olomouc,7107,False
574902,Dolany (okr. Pardubice),437,434,Pardubický,CZ053,Pardubice,CZ0532,Pardubice,5309,False
558788,Dolany (okr. Plzeň-sever),288,290,Plzeňský,CZ032,Plzeň-sever,CZ0325,Nýřany,3208,False
539945,Dolce (okr. Plzeň-jih),300,293,Plzeňský,CZ032,Plzeň-jih,CZ0324,Přeštice,3210,False
593958,Dolenice (okr. Znojmo),137,136,Jihomoravský,CZ064,Znojmo,CZ0647,Moravský Krumlov,6212,False
541800,Dolní Bečva (okr. Vsetín),1919,1929,Zlínský,CZ072,Vsetín,CZ0723,Rožnov pod Radhoštěm,7206,False
558796,Dolní Bělá (okr. Plzeň-sever),461,450,Plzeňský,CZ032,Plzeň-sever,CZ0325,Kralovice,3206,False
506702,Dolní Benešov (okr. Opava),3824,3869,Moravskoslezský,CZ080,Opava,CZ0805,Hlučín,8109,False
534765,Dolní Beřkovice (okr. Mělník),1580,1573,Středočeský,CZ020,Mělník,CZ0206,Mělník,2114,False
505030,Dolní Bezděkov (okr. Chrudim),271,282,Pardubický,CZ053,Chrudim,CZ0531,Chrudim,5304,False
586137,Dolní Bojanovice (okr. Hodonín),3050,3076,Jihomoravský,CZ064,Hodonín,CZ0645,Hodonín,6206,False
535702,Dolní Bousov (okr. Mladá Boleslav),3059,3011,Středočeský,CZ020,Mladá Boleslav,CZ0207,Mladá Boleslav,2115,False
579122,Dolní Branná (okr. Trutnov),1017,1031,Královéhradecký,CZ052,Trutnov,CZ0525,Vrchlabí,5215,False
554863,Dolní Brusnice (okr. Trutnov),377,376,Královéhradecký,CZ052,Trutnov,CZ0525,Dvůr Králové nad Labem,5203,False
539210,Dolní Břežany (okr. Praha-západ),4806,4735,Středočeský,CZ020,Praha-západ,CZ020A,Černošice,2105,False
544388,Dolní Bukovsko (okr. České Budějovice),1731,1712,Jihočeský,CZ031,České Budějovice,CZ0311,Týn nad Vltavou,3115,False
587044,Dolní Cerekev (okr. Jihlava),1245,1233,Vysočina,CZ063,Jihlava,CZ0632,Jihlava,6105,False
533297,Dolní Chvatliny (okr. Kolín),534,504,Středočeský,CZ020,Kolín,CZ0204,Kolín,2110,False
580112,Dolní Čermná (okr. Ústí nad Orlicí),1326,1352,Pardubický,CZ053,Ústí nad Orlicí,CZ0534,Lanškroun,5306,False
580121,Dolní Dobrouč (okr. Ústí nad Orlicí),2553,2597,Pardubický,CZ053,Ústí nad Orlicí,CZ0534,Ústí nad Orlicí,5313,False
598101,Dolní Domaslavice (okr. Frýdek-Místek),1467,1472,Moravskoslezský,CZ080,Frýdek-Místek,CZ0802,Frýdek-Místek,8106,False
593966,Dolní Dubňany (okr. Znojmo),486,473,Jihomoravský,CZ064,Znojmo,CZ0647,Moravský Krumlov,6212,False
584428,Dolní Dunajovice (okr. Břeclav),1730,1715,Jihomoravský,CZ064,Břeclav,CZ0644,Mikulov,6211,False
545465,Dolní Dvořiště (okr. Český Krumlov),1408,1388,Jihočeský,CZ031,Český Krumlov,CZ0312,Kaplice,3106,False
579149,Dolní Dvůr (okr. Trutnov),260,255,Královéhradecký,CZ052,Trutnov,CZ0525,Vrchlabí,5215,False
545856,Dolní Habartice (okr. Děčín),603,614,Ústecký,CZ042,Děčín,CZ0421,Děčín,4202,False
540129,Dolní Hbity (okr. Příbram),912,919,Středočeský,CZ020,Příbram,CZ020B,Příbram,2120,False
595501,Dolní Heřmanice (okr. Žďár nad Sázavou),590,584,Vysočina,CZ063,Žďár nad Sázavou,CZ0635,Velké Meziříčí,6114,False
552241,Dolní Hořice (okr. Tábor),859,857,Jihočeský,CZ031,Tábor,CZ0317,Tábor,3112,False
560529,Dolní Hrachovice (okr. Tábor),130,128,Jihočeský,CZ031,Tábor,CZ0317,Tábor,3112,False
558800,Dolní Hradiště (okr. Plzeň-sever),74,68,Plzeňský,CZ032,Plzeň-sever,CZ0325,Kralovice,3206,False
579157,Dolní Kalná (okr. Trutnov),699,691,Královéhradecký,CZ052,Trutnov,CZ0525,Vrchlabí,5215,False
582956,Dolní Kounice (okr. Brno-venkov),2635,2571,Jihomoravský,CZ064,Brno-venkov,CZ0643,Ivančice,6208,False
529648,Dolní Kralovice (okr. Benešov),931,907,Středočeský,CZ020,Benešov,CZ0201,Vlašim,2125,False
568597,Dolní Krupá (okr. Havlíčkův Brod),443,437,Vysočina,CZ063,Havlíčkův Brod,CZ0631,Havlíčkův Brod,6102,False
535711,Dolní Krupá (okr. Mladá Boleslav),248,244,Středočeský,CZ020,Mladá Boleslav,CZ0207,Mnichovo Hradiště,2116,False
579165,Dolní Lánov (okr. Trutnov),839,824,Královéhradecký,CZ052,Trutnov,CZ0525,Vrchlabí,5215,False
587664,Dolní Lažany (okr. Třebíč),156,159,Vysočina,CZ063,Třebíč,CZ0634,Moravské Budějovice,6106,False
506711,Dolní Lhota (okr. Ostrava-město),1527,1535,Moravskoslezský,CZ080,Ostrava-město,CZ0806,Ostrava,8119,False
585173,Dolní Lhota (okr. Zlín),702,709,Zlínský,CZ072,Zlín,CZ0724,Luhačovice,7204,False
595519,Dolní Libochová (okr. Žďár nad Sázavou),137,137,Vysočina,CZ063,Žďár nad Sázavou,CZ0635,Velké Meziříčí,6114,False
549088,Dolní Lochov (okr. Jičín),58,54,Královéhradecký,CZ052,Jičín,CZ0522,Jičín,5207,False
511951,Dolní Lomná (okr. Frýdek-Místek),914,911,Moravskoslezský,CZ080,Frýdek-Místek,CZ0802,Jablunkov,8110,False
595527,Dolní Loučky (okr. Brno-venkov),1301,1320,Jihomoravský,CZ064,Brno-venkov,CZ0643,Tišnov,6217,False
557684,Dolní Lukavice (okr. Plzeň-jih),1085,1091,Plzeňský,CZ032,Plzeň-jih,CZ0324,Přeštice,3210,False
598968,Dolní Lutyně (okr. Karviná),5350,5326,Moravskoslezský,CZ080,Karviná,CZ0803,Bohumín,8102,False
568601,Dolní Město (okr. Havlíčkův Brod),965,956,Vysočina,CZ063,Havlíčkův Brod,CZ0631,Světlá nad Sázavou,6111,False
580163,Dolní Morava (okr. Ústí nad Orlicí),457,409,Pardubický,CZ053,Ústí nad Orlicí,CZ0534,Králíky,5305,False
597287,Dolní Moravice (okr. Bruntál),369,366,Moravskoslezský,CZ080,Bruntál,CZ0801,Rýmařov,8120,False
592145,Dolní Němčí (okr. Uherské Hradiště),2847,2866,Zlínský,CZ072,Uherské Hradiště,CZ0722,Uherský Brod,7208,False
569259,Dolní Nětčice (okr. Přerov),260,260,Olomoucký,CZ071,Přerov,CZ0714,Lipník nad Bečvou,7104,False
560341,Dolní Nivy (okr. Sokolov),368,360,Karlovarský,CZ041,Sokolov,CZ0413,Sokolov,4107,False
562301,Dolní Novosedly (okr. Písek),274,266,Jihočeský,CZ031,Písek,CZ0314,Písek,3108,False
579173,Dolní Olešnice (okr. Trutnov),370,372,Královéhradecký,CZ052,Trutnov,CZ0525,Trutnov,5214,False
562467,Dolní Pěna (okr. Jindřichův Hradec),446,440,Jihočeský,CZ031,Jindřichův Hradec,CZ0313,Jindřichův Hradec,3105,False
562432,Dolní Podluží (okr. Děčín),1162,1153,Ústecký,CZ042,Děčín,CZ0421,Varnsdorf,4215,False
531260,Dolní Pohleď (okr. Kutná Hora),126,127,Středočeský,CZ020,Kutná Hora,CZ0205,Kutná Hora,2112,False
562441,Dolní Poustevna (okr. Děčín),1673,1668,Ústecký,CZ042,Děčín,CZ0421,Rumburk,4212,False
569984,Dolní Přím (okr. Hradec Králové),773,763,Královéhradecký,CZ052,Hradec Králové,CZ0521,Hradec Králové,5205,False
574023,Dolní Radechová (okr. Náchod),765,758,Královéhradecký,CZ052,Náchod,CZ0523,Náchod,5209,False
574911,Dolní Roveň (okr. Pardubice),2148,2123,Pardubický,CZ053,Pardubice,CZ0532,Holice,5303,False
595535,Dolní Rožínka (okr. Žďár nad Sázavou),583,583,Vysočina,CZ063,Žďár nad Sázavou,CZ0635,Bystřice nad Pernštejnem,6101,False
538591,Dolní Rychnov (okr. Sokolov),1280,1282,Karlovarský,CZ041,Sokolov,CZ0413,Sokolov,4107,False
563994,Dolní Řasnice (okr. Liberec),574,575,Liberecký,CZ051,Liberec,CZ0513,Frýdlant,5102,False
574929,Dolní Ředice (okr. Pardubice),1116,1070,Pardubický,CZ053,Pardubice,CZ0532,Holice,5303,False
535729,Dolní Slivno (okr. Mladá Boleslav),399,391,Středočeský,CZ020,Mladá Boleslav,CZ0207,Mladá Boleslav,2115,False
548448,Dolní Sokolovec (okr. Havlíčkův Brod),74,81,Vysočina,CZ063,Havlíčkův Brod,CZ0631,Chotěboř,6104,False
570940,Dolní Stakory (okr. Mladá Boleslav),324,329,Středočeský,CZ020,Mladá Boleslav,CZ0207,Mladá Boleslav,2115,False
553379,Dolní Studénky (okr. Šumperk),1425,1421,Olomoucký,CZ071,Šumperk,CZ0715,Šumperk,7111,False
552984,Dolní Těšice (okr. Přerov),66,63,Olomoucký,CZ071,Přerov,CZ0714,Hranice,7101,False
552607,Dolní Tošanovice (okr. Frýdek-Místek),434,428,Moravskoslezský,CZ080,Frýdek-Místek,CZ0802,Frýdek-Místek,8106,False
545473,Dolní Třebonín (okr. Český Krumlov),1356,1348,Jihočeský,CZ031,Český Krumlov,CZ0312,Český Krumlov,3103,False
513199,Dolní Újezd (okr. Přerov),1224,1255,Olomoucký,CZ071,Přerov,CZ0714,Lipník nad Bečvou,7104,False
577995,Dolní Újezd (okr. Svitavy),1958,1957,Pardubický,CZ053,Svitavy,CZ0533,Litomyšl,5307,False
584436,Dolní Věstonice (okr. Břeclav),308,306,Jihomoravský,CZ064,Břeclav,CZ0644,Mikulov,6211,False
590550,Dolní Vilémovice (okr. Třebíč),436,425,Vysočina,CZ063,Třebíč,CZ0634,Třebíč,6113,False
587061,Dolní Vilímeč (okr. Jihlava),96,97,Vysočina,CZ063,Jihlava,CZ0632,Telč,6112,False
567931,Dolní Zálezly (okr. Ústí nad Labem),565,559,Ústecký,CZ042,Ústí nad Labem,CZ0427,Ústí nad Labem,4214,False
531987,Dolní Zimoř (okr. Mělník),103,104,Středočeský,CZ020,Mělník,CZ0206,Mělník,2114,False
554502,Dolní Žandov (okr. Cheb),1186,1174,Karlovarský,CZ041,Cheb,CZ0411,Cheb,4102,False
562602,Dolní Žďár (okr. Jindřichův Hradec),164,167,Jihočeský,CZ031,Jindřichův Hradec,CZ0313,Jindřichův Hradec,3105,False
553051,Dolní Životice (okr. Opava),1030,1045,Moravskoslezský,CZ080,Opava,CZ0805,Opava,8117,False
568392,Doloplazy (okr. Olomouc),1307,1338,Olomoucký,CZ071,Olomouc,CZ0712,Olomouc,7107,False
589454,Doloplazy (okr. Prostějov),516,523,Olomoucký,CZ071,Prostějov,CZ0713,Prostějov,7108,False
590568,Domamil (okr. Třebíč),313,315,Vysočina,CZ063,Třebíč,CZ0634,Moravské Budějovice,6106,False
586145,Domanín (okr. Hodonín),1017,1022,Jihomoravský,CZ064,Hodonín,CZ0645,Kyjov,6210,False
562840,Domanín (okr. Jindřichův Hradec),453,437,Jihočeský,CZ031,Jindřichův Hradec,CZ0313,Třeboň,3114,False
513181,Dománovice (okr. Kolín),114,111,Středočeský,CZ020,Kolín,CZ0204,Kolín,2110,False
563048,Domašín (okr. Chomutov),194,188,Ústecký,CZ042,Chomutov,CZ0422,Kadaň,4204,False
545279,Domašov nad Bystřicí (okr. Olomouc),487,485,Olomoucký,CZ071,Olomouc,CZ0712,Šternberk,7110,False
582964,Domašov (okr. Brno-venkov),720,709,Jihomoravský,CZ064,Brno-venkov,CZ0643,Rosice,6214,False
552313,Domašov u Šternberka (okr. Olomouc),345,354,Olomoucký,CZ071,Olomouc,CZ0712,Šternberk,7110,False
513211,Domaželice (okr. Přerov),531,531,Olomoucký,CZ071,Přerov,CZ0714,Přerov,7109,False
553425,Domažlice (okr. Domažlice),10973,11133,Plzeňský,CZ032,Domažlice,CZ0321,Domažlice,3202,False
578517,Domoraz (okr. Klatovy),54,53,Plzeňský,CZ032,Klatovy,CZ0322,Sušice,3214,False
535745,Domousnice (okr. Mladá Boleslav),307,303,Středočeský,CZ020,Mladá Boleslav,CZ0207,Mladá Boleslav,2115,False
566152,Domoušice (okr. Louny),625,632,Ústecký,CZ042,Louny,CZ0424,Louny,4207,False
507610,Doňov (okr. Jindřichův Hradec),75,74,Jihočeský,CZ031,Jindřichův Hradec,CZ0313,Jindřichův Hradec,3105,False
564885,Doubek (okr. Praha-východ),480,476,Středočeský,CZ020,Praha-východ,CZ0209,Říčany,2122,False
530417,Doubice (okr. Děčín),102,97,Ústecký,CZ042,Děčín,CZ0421,Rumburk,4212,False
568864,Doubrava (okr. Karviná),1125,1146,Moravskoslezský,CZ080,Karviná,CZ0803,Orlová,8118,False
533301,Doubravčice (okr. Kolín),1415,1426,Středočeský,CZ020,Kolín,CZ0204,Český Brod,2106,False
581542,Doubravice nad Svitavou (okr. Blansko),1294,1333,Jihomoravský,CZ064,Blansko,CZ0641,Blansko,6201,False
535664,Doubravice (okr. České Budějovice),337,335,Jihočeský,CZ031,České Budějovice,CZ0311,České Budějovice,3102,False
550981,Doubravice (okr. Strakonice),251,253,Jihočeský,CZ031,Strakonice,CZ0316,Strakonice,3111,False
579181,Doubravice (okr. Trutnov),394,388,Královéhradecký,CZ052,Trutnov,CZ0525,Dvůr Králové nad Labem,5203,False
571067,Doubravička (okr. Mladá Boleslav),163,159,Středočeský,CZ020,Mladá Boleslav,CZ0207,Mladá Boleslav,2115,False
595551,Doubravník (okr. Brno-venkov),842,861,Jihomoravský,CZ064,Brno-venkov,CZ0643,Tišnov,6217,False
585181,Doubravy (okr. Zlín),601,604,Zlínský,CZ072,Zlín,CZ0724,Zlín,7213,False
576301,Doudleby nad Orlicí (okr. Rychnov nad Kněžnou),1791,1787,Královéhradecký,CZ052,Rychnov nad Kněžnou,CZ0524,Kostelec nad Orlicí,5208,False
544400,Doudleby (okr. České Budějovice),456,464,Jihočeský,CZ031,České Budějovice,CZ0311,České Budějovice,3102,False
587079,Doupě (okr. Jihlava),112,105,Vysočina,CZ063,Jihlava,CZ0632,Telč,6112,False
500127,Doupovské Hradiště (okr. Karlovy Vary),172,163,Karlovarský,CZ041,Karlovy Vary,CZ0412,Ostrov,4106,False
560219,Drachkov (okr. Strakonice),196,196,Jihočeský,CZ031,Strakonice,CZ0316,Strakonice,3111,False
552275,Dráchov (okr. Tábor),229,222,Jihočeský,CZ031,Tábor,CZ0317,Soběslav,3110,False
501751,Drahanovice (okr. Olomouc),1811,1810,Olomoucký,CZ071,Olomouc,CZ0712,Olomouc,7107,False
589462,Drahany (okr. Prostějov),538,523,Olomoucký,CZ071,Prostějov,CZ0713,Prostějov,7108,False
531146,Drahelčice (okr. Praha-západ),1667,1626,Středočeský,CZ020,Praha-západ,CZ020A,Černošice,2105,False
599298,Drahenice (okr. Příbram),150,156,Středočeský,CZ020,Příbram,CZ020B,Příbram,2120,False
540251,Drahkov (okr. Plzeň-jih),137,133,Plzeňský,CZ032,Plzeň-jih,CZ0324,Blovice,3201,False
540145,Drahlín (okr. Příbram),578,573,Středočeský,CZ020,Příbram,CZ020B,Příbram,2120,False
532151,Drahňovice (okr. Benešov),103,111,Středočeský,CZ020,Benešov,CZ0201,Benešov,2101,False
564681,Drahobudice (okr. Kolín),238,247,Středočeský,CZ020,Kolín,CZ0204,Kolín,2110,False
564770,Drahobuz (okr. Litoměřice),287,296,Ústecký,CZ042,Litoměřice,CZ0423,Litoměřice,4205,False
551015,Drahonice (okr. Strakonice),400,413,Jihočeský,CZ031,Strakonice,CZ0316,Vodňany,3117,False
595560,Drahonín (okr. Brno-venkov),110,112,Jihomoravský,CZ064,Brno-venkov,CZ0643,Tišnov,6217,False
530379,Drahoňův Újezd (okr. Rokycany),131,134,Plzeňský,CZ032,Rokycany,CZ0326,Rokycany,3211,False
535958,Drahotěšice (okr. České Budějovice),335,334,Jihočeský,CZ031,České Budějovice,CZ0311,České Budějovice,3102,False
553573,Drahotín (okr. Domažlice),195,207,Plzeňský,CZ032,Domažlice,CZ0321,Domažlice,3202,False
529711,Drahouš (okr. Rakovník),79,78,Středočeský,CZ020,Rakovník,CZ020C,Rakovník,2121,False
563765,Drahov (okr. Tábor),149,149,Jihočeský,CZ031,Tábor,CZ0317,Soběslav,3110,False
582972,Drásov (okr. Brno-venkov),2101,2103,Jihomoravský,CZ064,Brno-venkov,CZ0643,Tišnov,6217,False
540153,Drásov (okr. Příbram),436,432,Středočeský,CZ020,Příbram,CZ020B,Příbram,2120,False
578665,Dražeň (okr. Plzeň-sever),179,170,Plzeňský,CZ032,Plzeň-sever,CZ0325,Kralovice,3206,False
553581,Draženov (okr. Domažlice),476,470,Plzeňský,CZ032,Domažlice,CZ0321,Domažlice,3202,False
552283,Dražice (okr. Tábor),859,846,Jihočeský,CZ031,Tábor,CZ0317,Tábor,3112,False
549371,Dražíč (okr. České Budějovice),283,283,Jihočeský,CZ031,České Budějovice,CZ0311,Týn nad Vltavou,3115,False
552291,Dražičky (okr. Tábor),178,173,Jihočeský,CZ031,Tábor,CZ0317,Tábor,3112,False
551023,Drážov (okr. Strakonice),233,228,Jihočeský,CZ031,Strakonice,CZ0316,Strakonice,3111,False
566683,Dražovice (okr. Klatovy),167,167,Plzeňský,CZ032,Klatovy,CZ0322,Sušice,3214,False
592994,Dražovice (okr. Vyškov),965,948,Jihomoravský,CZ064,Vyškov,CZ0646,Bučovice,6205,False
586153,Dražůvky (okr. Hodonín),260,257,Jihomoravský,CZ064,Hodonín,CZ0645,Kyjov,6210,False
540170,Drevníky (okr. Příbram),414,402,Středočeský,CZ020,Příbram,CZ020B,Dobříš,2107,False
563307,Drhovice (okr. Tábor),227,225,Jihočeský,CZ031,Tábor,CZ0317,Tábor,3112,False
549380,Drhovle (okr. Písek),661,667,Jihočeský,CZ031,Písek,CZ0314,Písek,3108,False
540188,Drhovy (okr. Příbram),314,302,Středočeský,CZ020,Příbram,CZ020B,Dobříš,2107,False
554511,Drmoul (okr. Cheb),1046,1014,Karlovarský,CZ041,Cheb,CZ0411,Mariánské Lázně,4105,False
512991,Drnek (okr. Kladno),185,186,Středočeský,CZ020,Kladno,CZ0203,Slaný,2124,False
584444,Drnholec (okr. Břeclav),1817,1826,Jihomoravský,CZ064,Břeclav,CZ0644,Mikulov,6211,False
581551,Drnovice (okr. Blansko),1395,1377,Jihomoravský,CZ064,Blansko,CZ0641,Boskovice,6202,False
593001,Drnovice (okr. Vyškov),2403,2405,Jihomoravský,CZ064,Vyškov,CZ0646,Vyškov,6219,False
585190,Drnovice (okr. Zlín),457,449,Zlínský,CZ072,Zlín,CZ0724,Valašské Klobouky,7209,False
531341,Drobovice (okr. Kutná Hora),384,394,Středočeský,CZ020,Kutná Hora,CZ0205,Čáslav,2104,False
560243,Droužetice (okr. Strakonice),132,130,Jihočeský,CZ031,Strakonice,CZ0316,Strakonice,3111,False
563056,Droužkovice (okr. Chomutov),836,857,Ústecký,CZ042,Chomutov,CZ0422,Chomutov,4203,False
531154,Drozdov (okr. Beroun),807,814,Středočeský,CZ020,Beroun,CZ0202,Hořovice,2108,False
570141,Drozdov (okr. Šumperk),360,355,Olomoucký,CZ071,Šumperk,CZ0715,Zábřeh,7113,False
537187,Drslavice (okr. Prachatice),90,96,Jihočeský,CZ031,Prachatice,CZ0315,Prachatice,3109,False
592153,Drslavice (okr. Uherské Hradiště),518,512,Zlínský,CZ072,Uherské Hradiště,CZ0722,Uherský Brod,7208,False
568619,Druhanov (okr. Havlíčkův Brod),159,159,Vysočina,CZ063,Havlíčkův Brod,CZ0631,Světlá nad Sázavou,6111,False
560987,Drunče (okr. Jindřichův Hradec),52,56,Jihočeský,CZ031,Jindřichův Hradec,CZ0313,Jindřichův Hradec,3105,False
558834,Druztová (okr. Plzeň-sever),786,791,Plzeňský,CZ032,Plzeň-sever,CZ0325,Nýřany,3208,False
532274,Družec (okr. Kladno),1057,1074,Středočeský,CZ020,Kladno,CZ0203,Kladno,2109,False
593010,Drysice (okr. Vyškov),611,621,Jihomoravský,CZ064,Vyškov,CZ0646,Vyškov,6219,False
563561,Držkov (okr. Jablonec nad Nisou),581,580,Liberecký,CZ051,Jablonec nad Nisou,CZ0512,Železný Brod,5110,False
585203,Držková (okr. Zlín),370,364,Zlínský,CZ072,Zlín,CZ0724,Zlín,7213,False
558419,Držovice (okr. Prostějov),1726,1676,Olomoucký,CZ071,Prostějov,CZ0713,Prostějov,7108,False
504301,Dřenice (okr. Chrudim),413,415,Pardubický,CZ053,Chrudim,CZ0531,Chrudim,5304,False
551040,Dřešín (okr. Strakonice),321,328,Jihočeský,CZ031,Strakonice,CZ0316,Strakonice,3111,False
532282,Dřetovice (okr. Kladno),467,453,Středočeský,CZ020,Kladno,CZ0203,Kladno,2109,False
538191,Dřevčice (okr. Praha-východ),764,756,Středočeský,CZ020,Praha-východ,CZ0209,Brandýs nad Labem-Stará Boleslav,2103,False
573337,Dřevěnice (okr. Jičín),295,295,Královéhradecký,CZ052,Jičín,CZ0522,Jičín,5207,False
589489,Dřevnovice (okr. Prostějov),458,460,Olomoucký,CZ071,Prostějov,CZ0713,Prostějov,7108,False
513229,Dřevohostice (okr. Přerov),1427,1460,Olomoucký,CZ071,Přerov,CZ0714,Přerov,7109,False
532291,Dřínov (okr. Kladno),332,335,Středočeský,CZ020,Kladno,CZ0203,Slaný,2124,False
588431,Dřínov (okr. Kroměříž),435,434,Zlínský,CZ072,Kroměříž,CZ0721,Kroměříž,7203,False
534773,Dřínov (okr. Mělník),515,504,Středočeský,CZ020,Mělník,CZ0206,Kralupy nad Vltavou,2111,False
534781,Dřísy (okr. Praha-východ),1111,1108,Středočeský,CZ020,Praha-východ,CZ0209,Brandýs nad Labem-Stará Boleslav,2103,False
574953,Dříteč (okr. Pardubice),666,655,Pardubický,CZ053,Pardubice,CZ0532,Pardubice,5309,False
544426,Dříteň (okr. České Budějovice),1734,1711,Jihočeský,CZ031,České Budějovice,CZ0311,České Budějovice,3102,False
501794,Dub nad Moravou (okr. Olomouc),1619,1632,Olomoucký,CZ071,Olomouc,CZ0712,Olomouc,7107,False
550183,Dub (okr. Prachatice),425,425,Jihočeský,CZ031,Prachatice,CZ0315,Prachatice,3109,False
561533,Dubá (okr. Česká Lípa),1682,1672,Liberecký,CZ051,Česká Lípa,CZ0511,Česká Lípa,5101,False
572977,Dubany (okr. Pardubice),349,330,Pardubický,CZ053,Pardubice,CZ0532,Pardubice,5309,False
552071,Dubčany (okr. Olomouc),275,281,Olomoucký,CZ071,Olomouc,CZ0712,Litovel,7105,False
598381,Dubenec (okr. Příbram),347,366,Středočeský,CZ020,Příbram,CZ020B,Příbram,2120,False
579190,Dubenec (okr. Trutnov),682,686,Královéhradecký,CZ052,Trutnov,CZ0525,Dvůr Králové nad Labem,5203,False
567507,Dubí (okr. Teplice),8148,8114,Ústecký,CZ042,Teplice,CZ0426,Teplice,4213,False
534927,Dubicko (okr. Šumperk),1131,1121,Olomoucký,CZ071,Šumperk,CZ0715,Zábřeh,7113,False
535788,Dubičné (okr. České Budějovice),417,418,Jihočeský,CZ031,České Budějovice,CZ0311,České Budějovice,3102,False
540218,Dublovice (okr. Příbram),1094,1070,Středočeský,CZ020,Příbram,CZ020B,Sedlčany,2123,False
586161,Dubňany (okr. Hodonín),6179,6202,Jihomoravský,CZ064,Hodonín,CZ0645,Hodonín,6206,False
544442,Dubné (okr. České Budějovice),1763,1747,Jihočeský,CZ031,České Budějovice,CZ0311,České Budějovice,3102,False
561541,Dubnice (okr. Česká Lípa),659,640,Liberecký,CZ051,Česká Lípa,CZ0511,Česká Lípa,5101,False
564508,Dubno (okr. Příbram),373,366,Středočeský,CZ020,Příbram,CZ020B,Příbram,2120,False
551546,Dubovice (okr. Pelhřimov),79,80,Vysočina,CZ063,Pelhřimov,CZ0633,Pelhřimov,6110,False
567515,Duchcov (okr. Teplice),8718,8695,Ústecký,CZ042,Teplice,CZ0426,Teplice,4213,False
587087,Dudín (okr. Jihlava),204,198,Vysočina,CZ063,Jihlava,CZ0632,Jihlava,6105,False
590576,Dukovany (okr. Třebíč),853,854,Vysočina,CZ063,Třebíč,CZ0634,Třebíč,6113,False
529869,Důl (okr. Pelhřimov),53,51,Vysočina,CZ063,Pelhřimov,CZ0633,Pacov,6109,False
562815,Dunajovice (okr. Jindřichův Hradec),225,228,Jihočeský,CZ031,Jindřichův Hradec,CZ0313,Třeboň,3114,False
532843,Dunice (okr. Benešov),65,66,Středočeský,CZ020,Benešov,CZ0201,Vlašim,2125,False
587095,Dušejov (okr. Jihlava),465,478,Vysočina,CZ063,Jihlava,CZ0632,Jihlava,6105,False
564818,Dušníky (okr. Litoměřice),439,450,Ústecký,CZ042,Litoměřice,CZ0423,Roudnice nad Labem,4211,False
504955,Dvakačovice (okr. Chrudim),139,210,Pardubický,CZ053,Chrudim,CZ0531,Chrudim,5304,False
597317,Dvorce (okr. Bruntál),1212,1241,Moravskoslezský,CZ080,Bruntál,CZ0801,Bruntál,8103,False
506729,Dvorce (okr. Jihlava),203,209,Vysočina,CZ063,Jihlava,CZ0632,Jihlava,6105,False
509141,Dvory nad Lužnicí (okr. Jindřichův Hradec),365,388,Jihočeský,CZ031,Jindřichův Hradec,CZ0313,Třeboň,3114,False
537110,Dvory (okr. Nymburk),619,598,Středočeský,CZ020,Nymburk,CZ0208,Nymburk,2118,False
537144,Dvory (okr. Prachatice),99,93,Jihočeský,CZ031,Prachatice,CZ0315,Prachatice,3109,False
579203,Dvůr Králové nad Labem (okr. Trutnov),15316,15322,Královéhradecký,CZ052,Trutnov,CZ0525,Dvůr Králové nad Labem,5203,False
593974,Dyjákovice (okr. Znojmo),932,919,Jihomoravský,CZ064,Znojmo,CZ0647,Znojmo,6220,False
593982,Dyjákovičky (okr. Znojmo),587,586,Jihomoravský,CZ064,Znojmo,CZ0647,Znojmo,6220,False
593991,Dyje (okr. Znojmo),509,508,Jihomoravský,CZ064,Znojmo,CZ0647,Znojmo,6220,False
587109,Dyjice (okr. Jihlava),138,137,Vysočina,CZ063,Jihlava,CZ0632,Telč,6112,False
537128,Dymokury (okr. Nymburk),919,908,Středočeský,CZ020,Nymburk,CZ0208,Poděbrady,2119,False
544451,Dynín (okr. České Budějovice),386,380,Jihočeský,CZ031,České Budějovice,CZ0311,České Budějovice,3102,False
558851,Dýšina (okr. Plzeň-město),1941,2112,Plzeňský,CZ032,Plzeň-město,CZ0323,Plzeň,3209,False
589497,Dzbel (okr. Prostějov),247,244,Olomoucký,CZ071,Prostějov,CZ0713,Konice,7103,False
594008,Džbánice (okr. Znojmo),135,135,Jihomoravský,CZ064,Znojmo,CZ0647,Moravský Krumlov,6212,False
580210,Džbánov (okr. Ústí nad Orlicí),377,373,Pardubický,CZ053,Ústí nad Orlicí,CZ0534,Vysoké Mýto,5314,False
559792,Ejpovice (okr. Rokycany),828,807,Plzeňský,CZ032,Rokycany,CZ0326,Rokycany,3211,False
560855,Erpužice (okr. Tachov),350,348,Plzeňský,CZ032,Tachov,CZ0327,Stříbro,3213,False
561754,Eš (okr. Pelhřimov),62,65,Vysočina,CZ063,Pelhřimov,CZ0633,Pacov,6109,False
564834,Evaň (okr. Litoměřice),291,294,Ústecký,CZ042,Litoměřice,CZ0423,Lovosice,4208,False
531162,Felbabka (okr. Beroun),312,302,Středočeský,CZ020,Beroun,CZ0202,Hořovice,2108,False
562637,Frahelž (okr. Jindřichův Hradec),155,157,Jihočeský,CZ031,Jindřichův Hradec,CZ0313,Třeboň,3114,False
542644,Francova Lhota (okr. Vsetín),1463,1465,Zlínský,CZ072,Vsetín,CZ0723,Vsetín,7212,False
545899,Františkov nad Ploučnicí (okr. Děčín),392,401,Ústecký,CZ042,Děčín,CZ0421,Děčín,4202,False
554529,Františkovy Lázně (okr. Cheb),5648,5607,Karlovarský,CZ041,Cheb,CZ0411,Cheb,4102,False
599344,Frenštát pod Radhoštěm (okr. Nový Jičín),10495,10554,Moravskoslezský,CZ080,Nový Jičín,CZ0804,Frenštát pod Radhoštěm,8105,False
598135,Fryčovice (okr. Frýdek-Místek),2431,2425,Moravskoslezský,CZ080,Frýdek-Místek,CZ0802,Frýdek-Místek,8106,False
598003,Frýdek-Místek (okr. Frýdek-Místek),53164,53590,Moravskoslezský,CZ080,Frýdek-Místek,CZ0802,Frýdek-Místek,8106,False
598143,Frýdlant nad Ostravicí (okr. Frýdek-Místek),9839,9835,Moravskoslezský,CZ080,Frýdek-Místek,CZ0802,Frýdlant nad Ostravicí,8107,False
564028,Frýdlant (okr. Liberec),7332,7379,Liberecký,CZ051,Liberec,CZ0513,Frýdlant,5102,False
563579,Frýdštejn (okr. Jablonec nad Nisou),853,850,Liberecký,CZ051,Jablonec nad Nisou,CZ0512,Jablonec nad Nisou,5103,False
545481,Frymburk (okr. Český Krumlov),1347,1355,Jihočeský,CZ031,Český Krumlov,CZ0312,Český Krumlov,3103,False
578525,Frymburk (okr. Klatovy),102,107,Plzeňský,CZ032,Klatovy,CZ0322,Sušice,3214,False
595578,Fryšava pod Žákovou horou (okr. Žďár nad Sázavou),324,326,Vysočina,CZ063,Žďár nad Sázavou,CZ0635,Nové Město na Moravě,6108,False
585211,Fryšták (okr. Zlín),3826,3834,Zlínský,CZ072,Zlín,CZ0724,Zlín,7213,False
599352,Fulnek (okr. Nový Jičín),5436,5472,Moravskoslezský,CZ080,Nový Jičín,CZ0804,Odry,8116,False
568635,Golčův Jeníkov (okr. Havlíčkův Brod),2835,2821,Vysočina,CZ063,Havlíčkův Brod,CZ0631,Havlíčkův Brod,6102,False
594016,Grešlové Mýto (okr. Znojmo),221,215,Jihomoravský,CZ064,Znojmo,CZ0647,Znojmo,6220,False
574325,Gruna (okr. Svitavy),246,254,Pardubický,CZ053,Svitavy,CZ0533,Moravská Třebová,5308,False
599450,Grunta (okr. Kolín),97,98,Středočeský,CZ020,Kolín,CZ0204,Kolín,2110,False
501841,Grygov (okr. Olomouc),1532,1548,Olomoucký,CZ071,Olomouc,CZ0712,Olomouc,7107,False
569194,Grymov (okr. Přerov),164,162,Olomoucký,CZ071,Přerov,CZ0714,Přerov,7109,False
564036,Habartice (okr. Liberec),467,472,Liberecký,CZ051,Liberec,CZ0513,Frýdlant,5102,False
560359,Habartov (okr. Sokolov),4614,4691,Karlovarský,CZ041,Sokolov,CZ0413,Sokolov,4107,False
567957,Habrovany (okr. Ústí nad Labem),221,226,Ústecký,CZ042,Ústí nad Labem,CZ0427,Ústí nad Labem,4214,False
593028,Habrovany (okr. Vyškov),933,928,Jihomoravský,CZ064,Vyškov,CZ0646,Vyškov,6219,False
581569,Habrůvka (okr. Blansko),424,417,Jihomoravský,CZ064,Blansko,CZ0641,Blansko,6201,False
568651,Habry (okr. Havlíčkův Brod),1319,1309,Vysočina,CZ063,Havlíčkův Brod,CZ0631,Havlíčkův Brod,6102,False
535575,Habří (okr. České Budějovice),126,126,Jihočeský,CZ031,České Budějovice,CZ0311,České Budějovice,3102,False
569992,Habřina (okr. Hradec Králové),316,315,Královéhradecký,CZ052,Hradec Králové,CZ0521,Hradec Králové,5205,False
549967,Hačky (okr. Prostějov),104,112,Olomoucký,CZ071,Prostějov,CZ0713,Konice,7103,False
562696,Hadravova Rosička (okr. Jindřichův Hradec),53,53,Jihočeský,CZ031,Jindřichův Hradec,CZ0313,Jindřichův Hradec,3105,False
567523,Háj u Duchcova (okr. Teplice),1371,1353,Ústecký,CZ042,Teplice,CZ0426,Teplice,4213,False
506753,Háj ve Slezsku (okr. Opava),3241,3239,Moravskoslezský,CZ080,Opava,CZ0805,Opava,8117,False
582999,Hajany (okr. Brno-venkov),715,713,Jihomoravský,CZ064,Brno-venkov,CZ0643,Šlapanice,6216,False
551597,Hajany (okr. Strakonice),182,173,Jihočeský,CZ031,Strakonice,CZ0316,Blatná,3101,False
577073,Háje nad Jizerou (okr. Semily),677,667,Liberecký,CZ051,Semily,CZ0514,Semily,5107,False
598402,Háje (okr. Příbram),613,599,Středočeský,CZ020,Příbram,CZ020B,Příbram,2120,False
538159,Hájek (okr. Karlovy Vary),643,641,Karlovarský,CZ041,Karlovy Vary,CZ0412,Ostrov,4106,False
561690,Hájek (okr. Strakonice),43,46,Jihočeský,CZ031,Strakonice,CZ0316,Vodňany,3117,False
579211,Hajnice (okr. Trutnov),1071,1082,Královéhradecký,CZ052,Trutnov,CZ0525,Trutnov,5214,False
562807,Halámky (okr. Jindřichův Hradec),160,154,Jihočeský,CZ031,Jindřichův Hradec,CZ0313,Třeboň,3114,False
542679,Halenkov (okr. Vsetín),2354,2348,Zlínský,CZ072,Vsetín,CZ0723,Vsetín,7212,False
585220,Halenkovice (okr. Zlín),2038,2029,Zlínský,CZ072,Zlín,CZ0724,Otrokovice,7205,False
585238,Haluzice (okr. Zlín),85,82,Zlínský,CZ072,Zlín,CZ0724,Valašské Klobouky,7209,False
560863,Halže (okr. Tachov),1092,1084,Plzeňský,CZ032,Tachov,CZ0327,Tachov,3215,False
544337,Hamr na Jezeře (okr. Česká Lípa),473,471,Liberecký,CZ051,Česká Lípa,CZ0511,Česká Lípa,5101,False
562386,Hamr (okr. Jindřichův Hradec),346,345,Jihočeský,CZ031,Jindřichův Hradec,CZ0313,Třeboň,3114,False
595586,Hamry nad Sázavou (okr. Žďár nad Sázavou),1568,1587,Vysočina,CZ063,Žďár nad Sázavou,CZ0635,Žďár nad Sázavou,6115,False
571377,Hamry (okr. Chrudim),235,226,Pardubický,CZ053,Chrudim,CZ0531,Hlinsko,5302,False
578240,Hamry (okr. Klatovy),108,117,Plzeňský,CZ032,Klatovy,CZ0322,Klatovy,3205,False
552178,Haňovice (okr. Olomouc),505,496,Olomoucký,CZ071,Olomouc,CZ0712,Litovel,7105,False
535532,Hanušovice (okr. Šumperk),2837,2889,Olomoucký,CZ071,Šumperk,CZ0715,Šumperk,7111,False
577081,Harrachov (okr. Jablonec nad Nisou),1361,1388,Liberecký,CZ051,Jablonec nad Nisou,CZ0512,Tanvald,5108,False
572284,Hartinkov (okr. Svitavy),54,54,Pardubický,CZ053,Svitavy,CZ0533,Moravská Třebová,5308,False
536075,Hartmanice (okr. České Budějovice),194,194,Jihočeský,CZ031,České Budějovice,CZ0311,Týn nad Vltavou,3115,False
556181,Hartmanice (okr. Klatovy),929,922,Plzeňský,CZ032,Klatovy,CZ0322,Sušice,3214,False
578037,Hartmanice (okr. Svitavy),249,259,Pardubický,CZ053,Svitavy,CZ0533,Polička,5310,False
590584,Hartvíkovice (okr. Třebíč),571,573,Vysočina,CZ063,Třebíč,CZ0634,Náměšť nad Oslavou,6107,False
563625,Haškovcova Lhota (okr. Tábor),74,74,Jihočeský,CZ031,Tábor,CZ0317,Tábor,3112,False
568210,Hať (okr. Opava),2566,2558,Moravskoslezský,CZ080,Opava,CZ0805,Hlučín,8109,False
546291,Hatín (okr. Jindřichův Hradec),258,250,Jihočeský,CZ031,Jindřichův Hradec,CZ0313,Jindřichův Hradec,3105,False
555088,Havířov (okr. Karviná),67998,68674,Moravskoslezský,CZ080,Karviná,CZ0803,Havířov,8108,False
568660,Havlíčkova Borová (okr. Havlíčkův Brod),983,976,Vysočina,CZ063,Havlíčkův Brod,CZ0631,Havlíčkův Brod,6102,False
568414,Havlíčkův Brod (okr. Havlíčkův Brod),23368,23791,Vysočina,CZ063,Havlíčkův Brod,CZ0631,Havlíčkův Brod,6102,False
579220,Havlovice (okr. Trutnov),1009,1012,Královéhradecký,CZ052,Trutnov,CZ0525,Trutnov,5214,False
567141,Havraň (okr. Most),643,634,Ústecký,CZ042,Most,CZ0425,Most,4209,False
594024,Havraníky (okr. Znojmo),303,306,Jihomoravský,CZ064,Znojmo,CZ0647,Znojmo,6220,False
554545,Hazlov (okr. Cheb),1507,1522,Karlovarský,CZ041,Cheb,CZ0411,Aš,4101,False
541796,Hejná (okr. Klatovy),153,156,Plzeňský,CZ032,Klatovy,CZ0322,Horažďovice,3203,False
564044,Hejnice (okr. Liberec),2726,2751,Liberecký,CZ051,Liberec,CZ0513,Frýdlant,5102,False
580228,Hejnice (okr. Ústí nad Orlicí),214,215,Pardubický,CZ053,Ústí nad Orlicí,CZ0534,Žamberk,5315,False
574031,Hejtmánkovice (okr. Náchod),583,582,Královéhradecký,CZ052,Náchod,CZ0523,Broumov,5201,False
548049,Helvíkovice (okr. Ústí nad Orlicí),574,570,Pardubický,CZ053,Ústí nad Orlicí,CZ0534,Žamberk,5315,False
568678,Herálec (okr. Havlíčkův Brod),1158,1152,Vysočina,CZ063,Havlíčkův Brod,CZ0631,Havlíčkův Brod,6102,False
595594,Herálec (okr. Žďár nad Sázavou),1344,1331,Vysočina,CZ063,Žďár nad Sázavou,CZ0635,Žďár nad Sázavou,6115,False
590592,Heraltice (okr. Třebíč),383,387,Vysočina,CZ063,Třebíč,CZ0634,Třebíč,6113,False
564915,Herink (okr. Praha-východ),1215,1167,Středočeský,CZ020,Praha-východ,CZ0209,Říčany,2122,False
583014,Heroltice (okr. Brno-venkov),242,239,Jihomoravský,CZ064,Brno-venkov,CZ0643,Tišnov,6217,False
550213,Heršpice (okr. Vyškov),953,924,Jihomoravský,CZ064,Vyškov,CZ0646,Slavkov u Brna,6215,False
598593,Heřmaň (okr. České Budějovice),211,213,Jihočeský,CZ031,České Budějovice,CZ0311,České Budějovice,3102,False
549398,Heřmaň (okr. Písek),322,321,Jihočeský,CZ031,Písek,CZ0314,Písek,3108,False
546305,Heřmaneč (okr. Jindřichův Hradec),97,90,Jihočeský,CZ031,Jindřichův Hradec,CZ0313,Dačice,3104,False
548596,Heřmanice (okr. Havlíčkův Brod),55,56,Vysočina,CZ063,Havlíčkův Brod,CZ0631,Chotěboř,6104,False
544353,Heřmanice (okr. Liberec),286,283,Liberecký,CZ051,Liberec,CZ0513,Frýdlant,5102,False
574040,Heřmanice (okr. Náchod),426,425,Královéhradecký,CZ052,Náchod,CZ0523,Jaroměř,5206,False
568562,Heřmanice u Oder (okr. Nový Jičín),358,359,Moravskoslezský,CZ080,Nový Jičín,CZ0804,Odry,8116,False
529702,Heřmaničky (okr. Benešov),735,743,Středočeský,CZ020,Benešov,CZ0201,Votice,2126,False
574058,Heřmánkovice (okr. Náchod),490,477,Královéhradecký,CZ052,Náchod,CZ0523,Broumov,5201,False
568571,Heřmánky (okr. Nový Jičín),175,188,Moravskoslezský,CZ080,Nový Jičín,CZ0804,Odry,8116,False
562483,Heřmanov (okr. Děčín),499,487,Ústecký,CZ042,Děčín,CZ0421,Děčín,4202,False
595608,Heřmanov (okr. Žďár nad Sázavou),233,232,Vysočina,CZ063,Žďár nad Sázavou,CZ0635,Velké Meziříčí,6114,False
558869,Heřmanova Huť (okr. Plzeň-sever),1949,1929,Plzeňský,CZ032,Plzeň-sever,CZ0325,Nýřany,3208,False
597325,Heřmanovice (okr. Bruntál),328,336,Moravskoslezský,CZ080,Bruntál,CZ0801,Krnov,8114,False
571385,Heřmanův Městec (okr. Chrudim),4933,4964,Pardubický,CZ053,Chrudim,CZ0531,Chrudim,5304,False
594032,Hevlín (okr. Znojmo),1464,1449,Jihomoravský,CZ064,Znojmo,CZ0647,Znojmo,6220,False
569666,Hladké Životice (okr. Nový Jičín),1045,1038,Moravskoslezský,CZ080,Nový Jičín,CZ0804,Nový Jičín,8115,False
587125,Hladov (okr. Jihlava),173,174,Vysočina,CZ063,Jihlava,CZ0632,Jihlava,6105,False
560481,Hlasivo (okr. Tábor),133,135,Jihočeský,CZ031,Tábor,CZ0317,Tábor,3112,False
531171,Hlásná Třebaň (okr. Beroun),1272,1242,Středočeský,CZ020,Beroun,CZ0202,Beroun,2102,False
552330,Hlásnice (okr. Olomouc),259,260,Olomoucký,CZ071,Olomouc,CZ0712,Šternberk,7110,False
535851,Hlavatce (okr. České Budějovice),146,150,Jihočeský,CZ031,České Budějovice,CZ0311,České Budějovice,3102,False
552321,Hlavatce (okr. Tábor),432,427,Jihočeský,CZ031,Tábor,CZ0317,Soběslav,3110,False
574961,Hlavečník (okr. Pardubice),288,285,Pardubický,CZ053,Pardubice,CZ0532,Přelouč,5311,False
565989,Hlavenec (okr. Praha-východ),414,481,Středočeský,CZ020,Praha-východ,CZ0209,Brandýs nad Labem-Stará Boleslav,2103,False
564052,Hlavice (okr. Liberec),218,221,Liberecký,CZ051,Liberec,CZ0513,Liberec,5105,False
553093,Hlavnice (okr. Opava),684,679,Moravskoslezský,CZ080,Opava,CZ0805,Opava,8117,False
556203,Hlavňovice (okr. Klatovy),488,495,Plzeňský,CZ032,Klatovy,CZ0322,Sušice,3214,False
583022,Hlína (okr. Brno-venkov),317,315,Jihomoravský,CZ064,Brno-venkov,CZ0643,Ivančice,6208,False
566390,Hlince (okr. Plzeň-sever),94,95,Plzeňský,CZ032,Plzeň-sever,CZ0325,Kralovice,3206,False
598607,Hlincová Hora (okr. České Budějovice),493,488,Jihočeský,CZ031,České Budějovice,CZ0311,České Budějovice,3102,False
551872,Hlinka (okr. Bruntál),216,208,Moravskoslezský,CZ080,Bruntál,CZ0801,Krnov,8114,False
564842,Hlinná (okr. Litoměřice),293,291,Ústecký,CZ042,Litoměřice,CZ0423,Litoměřice,4205,False
571393,Hlinsko (okr. Chrudim),9504,9563,Pardubický,CZ053,Chrudim,CZ0531,Hlinsko,5302,False
569267,Hlinsko (okr. Přerov),231,226,Olomoucký,CZ071,Přerov,CZ0714,Lipník nad Bečvou,7104,False
531197,Hlízov (okr. Kutná Hora),680,668,Středočeský,CZ020,Kutná Hora,CZ0205,Kutná Hora,2112,False
553620,Hlohová (okr. Domažlice),314,294,Plzeňský,CZ032,Domažlice,CZ0321,Horšovský Týn,3204,False
566641,Hlohovčice (okr. Domažlice),174,173,Plzeňský,CZ032,Domažlice,CZ0321,Horšovský Týn,3204,False
584452,Hlohovec (okr. Břeclav),1318,1336,Jihomoravský,CZ064,Břeclav,CZ0644,Břeclav,6204,False
559806,Hlohovice (okr. Rokycany),350,365,Plzeňský,CZ032,Rokycany,CZ0326,Rokycany,3211,False
593036,Hlubočany (okr. Vyškov),553,546,Jihomoravský,CZ064,Vyškov,CZ0646,Vyškov,6219,False
568368,Hlubočec (okr. Opava),565,574,Moravskoslezský,CZ080,Opava,CZ0805,Opava,8117,False
502146,Hlubočky (okr. Olomouc),4176,4207,Olomoucký,CZ071,Olomouc,CZ0712,Olomouc,7107,False
544485,Hluboká nad Vltavou (okr. České Budějovice),5679,5626,Jihočeský,CZ031,České Budějovice,CZ0311,České Budějovice,3102,False
571407,Hluboká (okr. Chrudim),189,187,Pardubický,CZ053,Chrudim,CZ0531,Chrudim,5304,False
581577,Hluboké Dvory (okr. Brno-venkov),103,107,Jihomoravský,CZ064,Brno-venkov,CZ0643,Tišnov,6217,False
594041,Hluboké Mašůvky (okr. Znojmo),847,842,Jihomoravský,CZ064,Znojmo,CZ0647,Znojmo,6220,False
590614,Hluboké (okr. Třebíč),210,213,Vysočina,CZ063,Třebíč,CZ0634,Náměšť nad Oslavou,6107,False
540242,Hluboš (okr. Příbram),692,699,Středočeský,CZ020,Příbram,CZ020B,Příbram,2120,False
564605,Hlubyně (okr. Příbram),146,144,Středočeský,CZ020,Příbram,CZ020B,Příbram,2120,False
589501,Hluchov (okr. Prostějov),335,337,Olomoucký,CZ071,Prostějov,CZ0713,Prostějov,7108,False
507016,Hlučín (okr. Opava),13245,13352,Moravskoslezský,CZ080,Opava,CZ0805,Hlučín,8109,False
592170,Hluk (okr. Uherské Hradiště),4242,4254,Zlínský,CZ072,Uherské Hradiště,CZ0722,Uherské Hradiště,7207,False
536628,Hlupín (okr. Strakonice),89,95,Jihočeský,CZ031,Strakonice,CZ0316,Strakonice,3111,False
570001,Hlušice (okr. Hradec Králové),745,742,Královéhradecký,CZ052,Hradec Králové,CZ0521,Nový Bydžov,5212,False
552020,Hlušovice (okr. Olomouc),1077,1089,Olomoucký,CZ071,Olomouc,CZ0712,Olomouc,7107,False
542083,Hnačov (okr. Klatovy),83,86,Plzeňský,CZ032,Klatovy,CZ0322,Klatovy,3205,False
594059,Hnanice (okr. Znojmo),355,357,Jihomoravský,CZ064,Znojmo,CZ0647,Znojmo,6220,False
580261,Hnátnice (okr. Ústí nad Orlicí),812,814,Pardubický,CZ053,Ústí nad Orlicí,CZ0534,Ústí nad Orlicí,5313,False
570010,Hněvčeves (okr. Hradec Králové),177,179,Královéhradecký,CZ052,Hradec Králové,CZ0521,Hradec Králové,5205,False
568694,Hněvkovice (okr. Havlíčkův Brod),676,669,Vysočina,CZ063,Havlíčkův Brod,CZ0631,Světlá nad Sázavou,6111,False
530221,Hněvnice (okr. Plzeň-sever),127,124,Plzeňský,CZ032,Plzeň-sever,CZ0325,Nýřany,3208,False
507105,Hněvošice (okr. Opava),987,1002,Moravskoslezský,CZ080,Opava,CZ0805,Opava,8117,False
502235,Hněvotín (okr. Olomouc),1842,1903,Olomoucký,CZ071,Olomouc,CZ0712,Olomouc,7107,False
502405,Hnojice (okr. Olomouc),659,646,Olomoucký,CZ071,Olomouc,CZ0712,Šternberk,7110,False
598160,Hnojník (okr. Frýdek-Místek),1477,1493,Moravskoslezský,CZ080,Frýdek-Místek,CZ0802,Třinec,8121,False
513075,Hobšovice (okr. Kladno),349,356,Středočeský,CZ020,Kladno,CZ0203,Slaný,2124,False
593044,Hodějice (okr. Vyškov),1135,1074,Jihomoravský,CZ064,Vyškov,CZ0646,Slavkov u Brna,6215,False
598992,Hodětín (okr. Tábor),90,93,Jihočeský,CZ031,Tábor,CZ0317,Tábor,3112,False
587141,Hodice (okr. Jihlava),701,711,Vysočina,CZ063,Jihlava,CZ0632,Jihlava,6105,False
595624,Hodíškov (okr. Žďár nad Sázavou),147,156,Vysočina,CZ063,Žďár nad Sázavou,CZ0635,Žďár nad Sázavou,6115,False
564061,Hodkovice nad Mohelkou (okr. Liberec),3024,2994,Liberecký,CZ051,Liberec,CZ0513,Liberec,5105,False
562904,Hodonice (okr. Tábor),131,134,Jihočeský,CZ031,Tábor,CZ0317,Tábor,3112,False
594067,Hodonice (okr. Znojmo),1764,1758,Jihomoravský,CZ064,Znojmo,CZ0647,Znojmo,6220,False
581593,Hodonín (okr. Blansko),197,191,Jihomoravský,CZ064,Blansko,CZ0641,Boskovice,6202,False
547794,Hodonín (okr. Chrudim),82,82,Pardubický,CZ053,Chrudim,CZ0531,Chrudim,5304,False
586021,Hodonín (okr. Hodonín),23344,23517,Jihomoravský,CZ064,Hodonín,CZ0645,Hodonín,6206,False
590622,Hodov (okr. Třebíč),313,311,Vysočina,CZ063,Třebíč,CZ0634,Třebíč,6113,False
599409,Hodslavice (okr. Nový Jičín),1692,1692,Moravskoslezský,CZ080,Nový Jičín,CZ0804,Nový Jičín,8115,False
547883,Hojanovice (okr. Pelhřimov),108,102,Vysočina,CZ063,Pelhřimov,CZ0633,Humpolec,6103,False
587150,Hojkov (okr. Jihlava),161,164,Vysočina,CZ063,Jihlava,CZ0632,Jihlava,6105,False
561096,Hojovice (okr. Pelhřimov),84,85,Vysočina,CZ063,Pelhřimov,CZ0633,Pelhřimov,6110,False
561584,Holany (okr. Česká Lípa),550,566,Liberecký,CZ051,Česká Lípa,CZ0511,Česká Lípa,5101,False
583031,Holasice (okr. Brno-venkov),1422,1402,Jihomoravský,CZ064,Brno-venkov,CZ0643,Židlochovice,6221,False
507113,Holasovice (okr. Opava),1372,1374,Moravskoslezský,CZ080,Opava,CZ0805,Opava,8117,False
597341,Holčovice (okr. Bruntál),723,733,Moravskoslezský,CZ080,Bruntál,CZ0801,Krnov,8114,False
566187,Holedeč (okr. Louny),673,650,Ústecký,CZ042,Louny,CZ0424,Žatec,4216,False
577111,Holenice (okr. Semily),100,98,Liberecký,CZ051,Semily,CZ0514,Turnov,5109,False
588458,Holešov (okr. Kroměříž),11544,11616,Zlínský,CZ072,Kroměříž,CZ0721,Holešov,7202,False
571440,Holetín (okr. Chrudim),805,800,Pardubický,CZ053,Chrudim,CZ0531,Hlinsko,5302,False
574988,Holice (okr. Pardubice),6783,6761,Pardubický,CZ053,Pardubice,CZ0532,Holice,5303,False
572900,Holín (okr. Jičín),624,637,Královéhradecký,CZ052,Jičín,CZ0522,Jičín,5207,False
570028,Holohlavy (okr. Hradec Králové),916,910,Královéhradecký,CZ052,Hradec Králové,CZ0521,Hradec Králové,5205,False
573019,Holotín (okr. Pardubice),67,59,Pardubický,CZ053,Pardubice,CZ0532,Přelouč,5311,False
559814,Holoubkov (okr. Rokycany),1454,1448,Plzeňský,CZ032,Rokycany,CZ0326,Rokycany,3211,False
572918,Holovousy (okr. Jičín),559,565,Královéhradecký,CZ052,Jičín,CZ0522,Hořice,5204,False
566730,Holovousy (okr. Plzeň-sever),60,59,Plzeňský,CZ032,Plzeň-sever,CZ0325,Kralovice,3206,False
581615,Holštejn (okr. Blansko),163,165,Jihomoravský,CZ064,Blansko,CZ0641,Blansko,6201,False
539228,Holubice (okr. Praha-západ),2200,2176,Středočeský,CZ020,Praha-západ,CZ020A,Černošice,2105,False
550825,Holubice (okr. Vyškov),1929,1839,Jihomoravský,CZ064,Vyškov,CZ0646,Slavkov u Brna,6215,False
545490,Holubov (okr. Český Krumlov),1100,1089,Jihočeský,CZ031,Český Krumlov,CZ0312,Český Krumlov,3103,False
553654,Holýšov (okr. Plzeň-jih),5436,5647,Plzeňský,CZ032,Plzeň-jih,CZ0324,Stod,3212,False
544493,Homole (okr. České Budějovice),1727,1685,Jihočeský,CZ031,České Budějovice,CZ0311,České Budějovice,3102,False
567973,Homole u Panny (okr. Ústí nad Labem),393,402,Ústecký,CZ042,Ústí nad Labem,CZ0427,Ústí nad Labem,4214,False
571458,Honbice (okr. Chrudim),166,172,Pardubický,CZ053,Chrudim,CZ0531,Chrudim,5304,False
542342,Honětice (okr. Kroměříž),82,80,Zlínský,CZ072,Kroměříž,CZ0721,Kroměříž,7203,False
540668,Honezovice (okr. Plzeň-jih),294,279,Plzeňský,CZ032,Plzeň-jih,CZ0324,Stod,3212,False
567167,Hora Svaté Kateřiny (okr. Most),476,479,Ústecký,CZ042,Most,CZ0425,Litvínov,4206,False
563064,Hora Svatého Šebestiána (okr. Chomutov),339,360,Ústecký,CZ042,Chomutov,CZ0422,Chomutov,4203,False
566276,Hora Svatého Václava (okr. Domažlice),63,65,Plzeňský,CZ032,Domažlice,CZ0321,Domažlice,3202,False
556254,Horažďovice (okr. Klatovy),5056,5103,Plzeňský,CZ032,Klatovy,CZ0322,Horažďovice,3203,False
564257,Horčápsko (okr. Příbram),86,86,Středočeský,CZ020,Příbram,CZ020B,Příbram,2120,False
531430,Horka I (okr. Kutná Hora),408,408,Středočeský,CZ020,Kutná Hora,CZ0205,Čáslav,2104,False
534056,Horka II (okr. Kutná Hora),415,412,Středočeský,CZ020,Kutná Hora,CZ0205,Kutná Hora,2112,False
502545,Horka nad Moravou (okr. Olomouc),2659,2679,Olomoucký,CZ071,Olomouc,CZ0712,Olomouc,7107,False
571466,Horka (okr. Chrudim),445,435,Pardubický,CZ053,Chrudim,CZ0531,Chrudim,5304,False
574201,Horka u Staré Paky (okr. Semily),233,232,Liberecký,CZ051,Semily,CZ0514,Jilemnice,5104,False
535818,Horky nad Jizerou (okr. Mladá Boleslav),623,624,Středočeský,CZ020,Mladá Boleslav,CZ0207,Mladá Boleslav,2115,False
531359,Horky (okr. Kutná Hora),383,395,Středočeský,CZ020,Kutná Hora,CZ0205,Čáslav,2104,False
578053,Horky (okr. Svitavy),146,148,Pardubický,CZ053,Svitavy,CZ0533,Litomyšl,5307,False
542687,Horní Bečva (okr. Vsetín),2435,2438,Zlínský,CZ072,Vsetín,CZ0723,Rožnov pod Radhoštěm,7206,False
558877,Horní Bělá (okr. Plzeň-sever),585,593,Plzeňský,CZ032,Plzeň-sever,CZ0325,Kralovice,3206,False
597350,Horní Benešov (okr. Bruntál),2214,2205,Moravskoslezský,CZ080,Bruntál,CZ0801,Bruntál,8103,False
564851,Horní Beřkovice (okr. Litoměřice),997,989,Ústecký,CZ042,Litoměřice,CZ0423,Roudnice nad Labem,4211,False
532312,Horní Bezděkov (okr. Kladno),731,729,Středočeský,CZ020,Kladno,CZ0203,Kladno,2109,False
555169,Horní Blatná (okr. Karlovy Vary),350,365,Karlovarský,CZ041,Karlovy Vary,CZ0412,Ostrov,4106,False
598178,Horní Bludovice (okr. Karviná),2582,2564,Moravskoslezský,CZ080,Karviná,CZ0803,Havířov,8108,False
584461,Horní Bojanovice (okr. Břeclav),657,657,Jihomoravský,CZ064,Břeclav,CZ0644,Hustopeče,6207,False
571474,Horní Bradlo (okr. Chrudim),420,423,Pardubický,CZ053,Chrudim,CZ0531,Chrudim,5304,False
577120,Horní Branná (okr. Semily),1868,1854,Liberecký,CZ051,Semily,CZ0514,Jilemnice,5104,False
579238,Horní Brusnice (okr. Trutnov),456,447,Královéhradecký,CZ052,Trutnov,CZ0525,Dvůr Králové nad Labem,5203,False
594075,Horní Břečkov (okr. Znojmo),265,263,Jihomoravský,CZ064,Znojmo,CZ0647,Znojmo,6220,False
558885,Horní Bříza (okr. Plzeň-sever),4041,4066,Plzeňský,CZ032,Plzeň-sever,CZ0325,Nýřany,3208,False
535834,Horní Bukovina (okr. Mladá Boleslav),292,279,Středočeský,CZ020,Mladá Boleslav,CZ0207,Mnichovo Hradiště,2116,False
547913,Horní Cerekev (okr. Pelhřimov),1872,1871,Vysočina,CZ063,Pelhřimov,CZ0633,Pelhřimov,6110,False
580279,Horní Čermná (okr. Ústí nad Orlicí),1004,986,Pardubický,CZ053,Ústí nad Orlicí,CZ0534,Lanškroun,5306,False
512192,Horní Domaslavice (okr. Frýdek-Místek),1109,1074,Moravskoslezský,CZ080,Frýdek-Místek,CZ0802,Frýdek-Místek,8106,False
587168,Horní Dubenky (okr. Jihlava),544,544,Vysočina,CZ063,Jihlava,CZ0632,Jihlava,6105,False
594083,Horní Dubňany (okr. Znojmo),285,284,Jihomoravský,CZ064,Znojmo,CZ0647,Moravský Krumlov,6212,False
594091,Horní Dunajovice (okr. Znojmo),675,652,Jihomoravský,CZ064,Znojmo,CZ0647,Znojmo,6220,False
545503,Horní Dvořiště (okr. Český Krumlov),458,440,Jihočeský,CZ031,Český Krumlov,CZ0312,Kaplice,3106,False
545929,Horní Habartice (okr. Děčín),454,453,Ústecký,CZ042,Děčín,CZ0421,Děčín,4202,False
590631,Horní Heřmanice (okr. Třebíč),139,142,Vysočina,CZ063,Třebíč,CZ0634,Třebíč,6113,False
580295,Horní Heřmanice (okr. Ústí nad Orlicí),457,452,Pardubický,CZ053,Ústí nad Orlicí,CZ0534,Lanškroun,5306,False
574996,Horní Jelení (okr. Pardubice),2149,2119,Pardubický,CZ053,Pardubice,CZ0532,Holice,5303,False
567175,Horní Jiřetín (okr. Most),2153,2176,Ústecký,CZ042,Most,CZ0425,Litvínov,4206,False
579254,Horní Kalná (okr. Trutnov),370,373,Královéhradecký,CZ052,Trutnov,CZ0525,Vrchlabí,5215,False
553662,Horní Kamenice (okr. Plzeň-jih),251,254,Plzeňský,CZ032,Plzeň-jih,CZ0324,Stod,3212,False
536105,Horní Kněžeklady (okr. České Budějovice),115,110,Jihočeský,CZ031,České Budějovice,CZ0311,Týn nad Vltavou,3115,False
594105,Horní Kounice (okr. Znojmo),305,292,Jihomoravský,CZ064,Znojmo,CZ0647,Moravský Krumlov,6212,False
541290,Horní Kozolupy (okr. Tachov),255,248,Plzeňský,CZ032,Tachov,CZ0327,Stříbro,3213,False
568708,Horní Krupá (okr. Havlíčkův Brod),609,618,Vysočina,CZ063,Havlíčkův Brod,CZ0631,Havlíčkův Brod,6102,False
533327,Horní Kruty (okr. Kolín),499,493,Středočeský,CZ020,Kolín,CZ0204,Kolín,2110,False
588474,Horní Lapač (okr. Kroměříž),280,284,Zlínský,CZ072,Kroměříž,CZ0721,Holešov,7202,False
569500,Horní Lhota (okr. Ostrava-město),856,858,Moravskoslezský,CZ080,Ostrava-město,CZ0806,Ostrava,8119,False
585246,Horní Lhota (okr. Zlín),608,608,Zlínský,CZ072,Zlín,CZ0724,Luhačovice,7204,False
561592,Horní Libchava (okr. Česká Lípa),867,872,Liberecký,CZ051,Česká Lípa,CZ0511,Česká Lípa,5101,False
595659,Horní Libochová (okr. Žďár nad Sázavou),202,194,Vysočina,CZ063,Žďár nad Sázavou,CZ0635,Velké Meziříčí,6114,False
542725,Horní Lideč (okr. Vsetín),1317,1314,Zlínský,CZ072,Vsetín,CZ0723,Vsetín,7212,False
569798,Horní Loděnice (okr. Olomouc),337,339,Olomoucký,CZ071,Olomouc,CZ0712,Šternberk,7110,False
511986,Horní Lomná (okr. Frýdek-Místek),381,382,Moravskoslezský,CZ080,Frýdek-Místek,CZ0802,Jablunkov,8110,False
595667,Horní Loučky (okr. Brno-venkov),314,312,Jihomoravský,CZ064,Brno-venkov,CZ0643,Tišnov,6217,False
539821,Horní Lukavice (okr. Plzeň-jih),507,509,Plzeňský,CZ032,Plzeň-jih,CZ0324,Přeštice,3210,False
579262,Horní Maršov (okr. Trutnov),934,925,Královéhradecký,CZ052,Trutnov,CZ0525,Trutnov,5214,False
597368,Horní Město (okr. Bruntál),825,814,Moravskoslezský,CZ080,Bruntál,CZ0801,Rýmařov,8120,False
598658,Horní Meziříčko (okr. Jindřichův Hradec),109,110,Jihočeský,CZ031,Jindřichův Hradec,CZ0313,Dačice,3104,False
513491,Horní Moštěnice (okr. Přerov),1676,1676,Olomoucký,CZ071,Přerov,CZ0714,Přerov,7109,False
587206,Horní Myslová (okr. Jihlava),91,91,Vysočina,CZ063,Jihlava,CZ0632,Telč,6112,False
592188,Horní Němčí (okr. Uherské Hradiště),807,809,Zlínský,CZ072,Uherské Hradiště,CZ0722,Uherský Brod,7208,False
562785,Horní Němčice (okr. Jindřichův Hradec),95,85,Jihočeský,CZ031,Jindřichův Hradec,CZ0313,Dačice,3104,False
569275,Horní Nětčice (okr. Přerov),229,232,Olomoucký,CZ071,Přerov,CZ0714,Lipník nad Bečvou,7104,False
579271,Horní Olešnice (okr. Trutnov),304,307,Královéhradecký,CZ052,Trutnov,CZ0525,Trutnov,5214,False
548243,Horní Paseka (okr. Havlíčkův Brod),66,67,Vysočina,CZ063,Havlíčkův Brod,CZ0631,Světlá nad Sázavou,6111,False
546364,Horní Pěna (okr. Jindřichův Hradec),589,582,Jihočeský,CZ031,Jindřichův Hradec,CZ0313,Jindřichův Hradec,3105,False
545511,Horní Planá (okr. Český Krumlov),1933,1943,Jihočeský,CZ031,Český Krumlov,CZ0312,Český Krumlov,3103,False
534790,Horní Počaply (okr. Mělník),1225,1220,Středočeský,CZ020,Mělník,CZ0206,Mělník,2114,False
562505,Horní Podluží (okr. Děčín),821,825,Ústecký,CZ042,Děčín,CZ0421,Varnsdorf,4215,False
561606,Horní Police (okr. Česká Lípa),724,732,Liberecký,CZ051,Česká Lípa,CZ0511,Česká Lípa,5101,False
581631,Horní Poříčí (okr. Blansko),258,264,Jihomoravský,CZ064,Blansko,CZ0641,Boskovice,6202,False
536881,Horní Poříčí (okr. Strakonice),306,307,Jihočeský,CZ031,Strakonice,CZ0316,Strakonice,3111,False
574066,Horní Radechová (okr. Náchod),527,530,Královéhradecký,CZ052,Náchod,CZ0523,Náchod,5209,False
546381,Horní Radouň (okr. Jindřichův Hradec),269,262,Jihočeský,CZ031,Jindřichův Hradec,CZ0313,Jindřichův Hradec,3105,False
595675,Horní Radslavice (okr. Žďár nad Sázavou),101,99,Vysočina,CZ063,Žďár nad Sázavou,CZ0635,Velké Meziříčí,6114,False
551589,Horní Rápotice (okr. Pelhřimov),182,174,Vysočina,CZ063,Pelhřimov,CZ0633,Humpolec,6103,False
595683,Horní Rožínka (okr. Žďár nad Sázavou),85,86,Vysočina,CZ063,Žďár nad Sázavou,CZ0635,Bystřice nad Pernštejnem,6101,False
564079,Horní Řasnice (okr. Liberec),230,230,Liberecký,CZ051,Liberec,CZ0513,Frýdlant,5102,False
575011,Horní Ředice (okr. Pardubice),1063,1071,Pardubický,CZ053,Pardubice,CZ0532,Holice,5303,False
546763,Horní Řepčice (okr. Litoměřice),109,98,Ústecký,CZ042,Litoměřice,CZ0423,Litoměřice,4205,False
561061,Horní Skrýchov (okr. Jindřichův Hradec),261,260,Jihočeský,CZ031,Jindřichův Hradec,CZ0313,Jindřichův Hradec,3105,False
562319,Horní Slatina (okr. Jindřichův Hradec),132,135,Jihočeský,CZ031,Jindřichův Hradec,CZ0313,Dačice,3104,False
560367,Horní Slavkov (okr. Sokolov),5071,5309,Karlovarský,CZ041,Sokolov,CZ0413,Sokolov,4107,False
599531,Horní Slivno (okr. Mladá Boleslav),395,374,Středočeský,CZ020,Mladá Boleslav,CZ0207,Mladá Boleslav,2115,False
550612,Horní Smrčné (okr. Třebíč),55,54,Vysočina,CZ063,Třebíč,CZ0634,Třebíč,6113,False
513695,Horní Smržov (okr. Blansko),123,127,Jihomoravský,CZ064,Blansko,CZ0641,Boskovice,6202,False
544515,Horní Stropnice (okr. České Budějovice),1485,1492,Jihočeský,CZ031,České Budějovice,CZ0311,Trhové Sviny,3113,False
535770,Horní Studénky (okr. Šumperk),350,346,Olomoucký,CZ071,Šumperk,CZ0715,Zábřeh,7113,False
552739,Horní Suchá (okr. Karviná),4341,4320,Moravskoslezský,CZ080,Karviná,CZ0803,Havířov,8108,False
589519,Horní Štěpánov (okr. Prostějov),869,894,Olomoucký,CZ071,Prostějov,CZ0713,Konice,7103,False
552968,Horní Těšice (okr. Přerov),159,151,Olomoucký,CZ071,Přerov,CZ0714,Hranice,7101,False
552631,Horní Tošanovice (okr. Frýdek-Místek),742,708,Moravskoslezský,CZ080,Frýdek-Místek,CZ0802,Frýdek-Místek,8106,False
580333,Horní Třešňovec (okr. Ústí nad Orlicí),645,641,Pardubický,CZ053,Ústí nad Orlicí,CZ0534,Lanškroun,5306,False
569542,Horní Újezd (okr. Přerov),445,424,Olomoucký,CZ071,Přerov,CZ0714,Hranice,7101,False
572365,Horní Újezd (okr. Svitavy),431,436,Pardubický,CZ053,Svitavy,CZ0533,Litomyšl,5307,False
590649,Horní Újezd (okr. Třebíč),247,251,Vysočina,CZ063,Třebíč,CZ0634,Třebíč,6113,False
547930,Horní Ves (okr. Pelhřimov),337,342,Vysočina,CZ063,Pelhřimov,CZ0633,Pelhřimov,6110,False
584479,Horní Věstonice (okr. Břeclav),526,528,Jihomoravský,CZ064,Břeclav,CZ0644,Mikulov,6211,False
590657,Horní Vilémovice (okr. Třebíč),76,77,Vysočina,CZ063,Třebíč,CZ0634,Třebíč,6113,False
550205,Horní Vltavice (okr. Prachatice),350,354,Jihočeský,CZ031,Prachatice,CZ0315,Vimperk,3116,False
551805,Horní Životice (okr. Bruntál),337,337,Moravskoslezský,CZ080,Bruntál,CZ0801,Bruntál,8103,False
590665,Hornice (okr. Třebíč),68,67,Vysočina,CZ063,Třebíč,CZ0634,Moravské Budějovice,6106,False
536369,Hornosín (okr. Strakonice),62,67,Jihočeský,CZ031,Strakonice,CZ0316,Blatná,3101,False
539236,Horoměřice (okr. Praha-západ),5586,5496,Středočeský,CZ020,Praha-západ,CZ020A,Černošice,2105,False
561525,Horosedly (okr. Písek),165,162,Jihočeský,CZ031,Písek,CZ0314,Písek,3108,False
538221,Horoušany (okr. Praha-východ),2155,2088,Středočeský,CZ020,Praha-východ,CZ0209,Brandýs nad Labem-Stará Boleslav,2103,False
542091,Horská Kvilda (okr. Klatovy),69,68,Plzeňský,CZ032,Klatovy,CZ0322,Sušice,3214,False
557722,Horšice (okr. Plzeň-jih),428,425,Plzeňský,CZ032,Plzeň-jih,CZ0324,Přeštice,3210,False
553671,Horšovský Týn (okr. Domažlice),5098,5046,Plzeňský,CZ032,Domažlice,CZ0321,Horšovský Týn,3204,False
531481,Horušice (okr. Kutná Hora),165,165,Středočeský,CZ020,Kutná Hora,CZ0205,Čáslav,2104,False
551651,Hory (okr. Karlovy Vary),502,459,Karlovarský,CZ041,Karlovy Vary,CZ0412,Karlovy Vary,4103,False
534854,Hořany (okr. Nymburk),166,167,Středočeský,CZ020,Nymburk,CZ0208,Nymburk,2118,False
537152,Hořátev (okr. Nymburk),796,799,Středočeský,CZ020,Nymburk,CZ0208,Nymburk,2118,False
547531,Hořenice (okr. Náchod),152,147,Královéhradecký,CZ052,Náchod,CZ0523,Jaroměř,5206,False
547948,Hořepník (okr. Pelhřimov),629,627,Vysočina,CZ063,Pelhřimov,CZ0633,Pelhřimov,6110,False
541729,Hořesedly (okr. Rakovník),428,424,Středočeský,CZ020,Rakovník,CZ020C,Rakovník,2121,False
532321,Hořešovice (okr. Kladno),260,262,Středočeský,CZ020,Kladno,CZ0203,Slaný,2124,False
535150,Hořešovičky (okr. Kladno),148,136,Středočeský,CZ020,Kladno,CZ0203,Slaný,2124,False
545520,Hořice na Šumavě (okr. Český Krumlov),913,910,Jihočeský,CZ031,Český Krumlov,CZ0312,Český Krumlov,3103,False
572926,Hořice (okr. Jičín),8427,8476,Královéhradecký,CZ052,Jičín,CZ0522,Hořice,5204,False
547956,Hořice (okr. Pelhřimov),206,200,Vysočina,CZ063,Pelhřimov,CZ0633,Humpolec,6103,False
574074,Hořičky (okr. Náchod),585,581,Královéhradecký,CZ052,Náchod,CZ0523,Náchod,5209,False
534803,Hořín (okr. Mělník),939,939,Středočeský,CZ020,Mělník,CZ0206,Mělník,2114,False
570044,Hořiněves (okr. Hradec Králové),715,713,Královéhradecký,CZ052,Hradec Králové,CZ0521,Hradec Králové,5205,False
531189,Hořovice (okr. Beroun),8245,8055,Středočeský,CZ020,Beroun,CZ0202,Hořovice,2108,False
541737,Hořovičky (okr. Rakovník),491,486,Středočeský,CZ020,Rakovník,CZ020C,Rakovník,2121,False
544523,Hosín (okr. České Budějovice),970,978,Jihočeský,CZ031,České Budějovice,CZ0311,České Budějovice,3102,False
551104,Hoslovice (okr. Strakonice),187,172,Jihočeský,CZ031,Strakonice,CZ0316,Strakonice,3111,False
532339,Hospozín (okr. Kladno),587,588,Středočeský,CZ020,Kladno,CZ0203,Slaný,2124,False
546402,Hospříz (okr. Jindřichův Hradec),457,449,Jihočeský,CZ031,Jindřichův Hradec,CZ0313,Jindřichův Hradec,3105,False
568511,Hostašovice (okr. Nový Jičín),807,796,Moravskoslezský,CZ080,Nový Jičín,CZ0804,Nový Jičín,8115,False
592196,Hostějov (okr. Uherské Hradiště),42,41,Zlínský,CZ072,Uherské Hradiště,CZ0722,Uherské Hradiště,7207,False
583057,Hostěnice (okr. Brno-venkov),834,833,Jihomoravský,CZ064,Brno-venkov,CZ0643,Šlapanice,6216,False
594113,Hostěradice (okr. Znojmo),1671,1678,Jihomoravský,CZ064,Znojmo,CZ0647,Moravský Krumlov,6212,False
593052,Hostěrádky-Rešov (okr. Vyškov),828,843,Jihomoravský,CZ064,Vyškov,CZ0646,Slavkov u Brna,6215,False
587192,Hostětice (okr. Jihlava),151,153,Vysočina,CZ063,Jihlava,CZ0632,Telč,6112,False
550736,Hostětín (okr. Uherské Hradiště),216,214,Zlínský,CZ072,Uherské Hradiště,CZ0722,Uherský Brod,7208,False
594121,Hostim (okr. Znojmo),384,396,Jihomoravský,CZ064,Znojmo,CZ0647,Znojmo,6220,False
531499,Hostín (okr. Mělník),309,307,Středočeský,CZ020,Mělník,CZ0206,Mělník,2114,False
531928,Hostín u Vojkovic (okr. Mělník),328,334,Středočeský,CZ020,Mělník,CZ0206,Kralupy nad Vltavou,2111,False
579297,Hostinné (okr. Trutnov),4082,4151,Královéhradecký,CZ052,Trutnov,CZ0525,Vrchlabí,5215,False
585254,Hostišová (okr. Zlín),570,571,Zlínský,CZ072,Zlín,CZ0724,Zlín,7213,False
539244,Hostivice (okr. Praha-západ),9266,9179,Středočeský,CZ020,Praha-západ,CZ020A,Černošice,2105,False
531201,Hostomice (okr. Beroun),1961,1935,Středočeský,CZ020,Beroun,CZ0202,Hořovice,2108,False
567531,Hostomice (okr. Teplice),1203,1208,Ústecký,CZ042,Teplice,CZ0426,Bílina,4201,False
553689,Hostouň (okr. Domažlice),1224,1213,Plzeňský,CZ032,Domažlice,CZ0321,Domažlice,3202,False
532347,Hostouň (okr. Kladno),1645,1619,Středočeský,CZ020,Kladno,CZ0203,Kladno,2109,False
534064,Hostovlice (okr. Kutná Hora),250,247,Středočeský,CZ020,Kutná Hora,CZ0205,Čáslav,2104,False
535524,Hosty (okr. České Budějovice),167,166,Jihočeský,CZ031,České Budějovice,CZ0311,Týn nad Vltavou,3115,False
542750,Hošťálková (okr. Vsetín),2289,2283,Zlínský,CZ072,Vsetín,CZ0723,Vsetín,7212,False
597392,Hošťálkovy (okr. Bruntál),633,636,Moravskoslezský,CZ080,Bruntál,CZ0801,Krnov,8114,False
571482,Hošťalovice (okr. Chrudim),145,142,Pardubický,CZ053,Chrudim,CZ0531,Chrudim,5304,False
535885,Hoštejn (okr. Šumperk),433,435,Olomoucký,CZ071,Šumperk,CZ0715,Zábřeh,7113,False
588482,Hoštice (okr. Kroměříž),153,157,Zlínský,CZ072,Kroměříž,CZ0721,Kroměříž,7203,False
551121,Hoštice (okr. Strakonice),156,145,Jihočeský,CZ031,Strakonice,CZ0316,Strakonice,3111,False
593061,Hoštice-Heroltice (okr. Vyškov),617,621,Jihomoravský,CZ064,Vyškov,CZ0646,Vyškov,6219,False
564877,Hoštka (okr. Litoměřice),1764,1768,Ústecký,CZ042,Litoměřice,CZ0423,Litoměřice,4205,False
560898,Hošťka (okr. Tachov),457,456,Plzeňský,CZ032,Tachov,CZ0327,Tachov,3215,False
542768,Hovězí (okr. Vsetín),2329,2355,Zlínský,CZ072,Vsetín,CZ0723,Vsetín,7212,False
586170,Hovorany (okr. Hodonín),2155,2153,Jihomoravský,CZ064,Hodonín,CZ0645,Kyjov,6210,False
538230,Hovorčovice (okr. Praha-východ),2657,2571,Středočeský,CZ020,Praha-východ,CZ0209,Brandýs nad Labem-Stará Boleslav,2103,False
553387,Hraběšice (okr. Šumperk),205,207,Olomoucký,CZ071,Šumperk,CZ0715,Šumperk,7111,False
531413,Hraběšín (okr. Kutná Hora),113,110,Středočeský,CZ020,Kutná Hora,CZ0205,Čáslav,2104,False
594130,Hrabětice (okr. Znojmo),912,882,Jihomoravský,CZ064,Znojmo,CZ0647,Znojmo,6220,False
536091,Hrabišín (okr. Šumperk),876,862,Olomoucký,CZ071,Šumperk,CZ0715,Šumperk,7111,False
553221,Hrabová (okr. Šumperk),713,707,Olomoucký,CZ071,Šumperk,CZ0715,Zábřeh,7113,False
513636,Hrabůvka (okr. Přerov),334,338,Olomoucký,CZ071,Přerov,CZ0714,Hranice,7101,False
507261,Hrabyně (okr. Opava),1083,1098,Moravskoslezský,CZ080,Opava,CZ0805,Opava,8117,False
550221,Hracholusky (okr. Prachatice),487,479,Jihočeský,CZ031,Prachatice,CZ0315,Prachatice,3109,False
565202,Hracholusky (okr. Rakovník),73,79,Středočeský,CZ020,Rakovník,CZ020C,Rakovník,2121,False
562831,Hrachoviště (okr. Jindřichův Hradec),84,80,Jihočeský,CZ031,Jindřichův Hradec,CZ0313,Třeboň,3114,False
535460,Hradce (okr. České Budějovice),116,112,Jihočeský,CZ031,České Budějovice,CZ0311,České Budějovice,3102,False
583065,Hradčany (okr. Brno-venkov),677,676,Jihomoravský,CZ064,Brno-venkov,CZ0643,Tišnov,6217,False
537161,Hradčany (okr. Nymburk),291,283,Středočeský,CZ020,Nymburk,CZ0208,Poděbrady,2119,False
513733,Hradčany (okr. Přerov),339,342,Olomoucký,CZ071,Přerov,CZ0714,Přerov,7109,False
589527,Hradčany-Kobeřice (okr. Prostějov),408,398,Olomoucký,CZ071,Prostějov,CZ0713,Prostějov,7108,False
592200,Hradčovice (okr. Uherské Hradiště),1003,1009,Zlínský,CZ072,Uherské Hradiště,CZ0722,Uherský Brod,7208,False
569810,Hradec Králové (okr. Hradec Králové),93534,94311,Královéhradecký,CZ052,Hradec Králové,CZ0521,Hradec Králové,5205,False
507270,Hradec nad Moravicí (okr. Opava),5444,5459,Moravskoslezský,CZ080,Opava,CZ0805,Opava,8117,False
572691,Hradec nad Svitavou (okr. Svitavy),1663,1669,Pardubický,CZ053,Svitavy,CZ0533,Svitavy,5312,False
568724,Hradec (okr. Havlíčkův Brod),312,293,Vysočina,CZ063,Havlíčkův Brod,CZ0631,Světlá nad Sázavou,6111,False
557731,Hradec (okr. Plzeň-jih),618,620,Plzeňský,CZ032,Plzeň-jih,CZ0324,Stod,3212,False
553301,Hradec-Nová Ves (okr. Jeseník),390,386,Olomoucký,CZ071,Jeseník,CZ0711,Jeseník,7102,False
532355,Hradečno (okr. Kladno),562,546,Středočeský,CZ020,Kladno,CZ0203,Kladno,2109,False
564095,Hrádek nad Nisou (okr. Liberec),8009,8001,Liberecký,CZ051,Liberec,CZ0513,Liberec,5105,False
512176,Hrádek (okr. Frýdek-Místek),1908,1917,Moravskoslezský,CZ080,Frýdek-Místek,CZ0802,Jablunkov,8110,False
570052,Hrádek (okr. Hradec Králové),184,184,Královéhradecký,CZ052,Hradec Králové,CZ0521,Hradec Králové,5205,False
556301,Hrádek (okr. Klatovy),1328,1347,Plzeňský,CZ032,Klatovy,CZ0322,Sušice,3214,False
559822,Hrádek (okr. Rokycany),2705,2754,Plzeňský,CZ032,Rokycany,CZ0326,Rokycany,3211,False
547972,Hrádek (okr. Ústí nad Orlicí),95,100,Pardubický,CZ053,Ústí nad Orlicí,CZ0534,Ústí nad Orlicí,5313,False
594148,Hrádek (okr. Znojmo),992,927,Jihomoravský,CZ064,Znojmo,CZ0647,Znojmo,6220,False
556319,Hradešice (okr. Klatovy),426,428,Plzeňský,CZ032,Klatovy,CZ0322,Horažďovice,3203,False
564800,Hradešín (okr. Kolín),601,584,Středočeský,CZ020,Kolín,CZ0204,Český Brod,2106,False
532932,Hradiště (okr. Benešov),34,35,Středočeský,CZ020,Benešov,CZ0201,Vlašim,2125,False
566179,Hradiště (okr. Domažlice),190,191,Plzeňský,CZ032,Domažlice,CZ0321,Domažlice,3202,False
555177,Hradiště (okr. Karlovy Vary),0,0,Karlovarský,CZ041,Karlovy Vary,CZ0412,Karlovy Vary,4103,True
557749,Hradiště (okr. Plzeň-jih),219,214,Plzeňský,CZ032,Plzeň-jih,CZ0324,Nepomuk,3207,False
541001,Hradiště (okr. Rokycany),46,49,Plzeňský,CZ032,Rokycany,CZ0326,Rokycany,3211,False
537179,Hradištko (okr. Nymburk),948,896,Středočeský,CZ020,Nymburk,CZ0208,Nymburk,2118,False
539252,Hradištko (okr. Praha-západ),2543,2499,Středočeský,CZ020,Praha-západ,CZ020A,Černošice,2105,False
554553,Hranice (okr. Cheb),2070,2070,Karlovarský,CZ041,Cheb,CZ0411,Aš,4101,False
544540,Hranice (okr. České Budějovice),213,209,Jihočeský,CZ031,České Budějovice,CZ0311,Trhové Sviny,3113,False
513750,Hranice (okr. Přerov),17910,17969,Olomoucký,CZ071,Přerov,CZ0714,Hranice,7101,False
546976,Hraničné Petrovice (okr. Olomouc),136,141,Olomoucký,CZ071,Olomouc,CZ0712,Šternberk,7110,False
549410,Hrazany (okr. Písek),291,288,Jihočeský,CZ031,Písek,CZ0314,Milevsko,3107,False
598232,Hrčava (okr. Frýdek-Místek),244,249,Moravskoslezský,CZ080,Frýdek-Místek,CZ0802,Jablunkov,8110,False
544558,Hrdějovice (okr. České Budějovice),1517,1506,Jihočeský,CZ031,České Budějovice,CZ0311,České Budějovice,3102,False
589535,Hrdibořice (okr. Prostějov),205,209,Olomoucký,CZ071,Prostějov,CZ0713,Prostějov,7108,False
532363,Hrdlív (okr. Kladno),531,512,Středočeský,CZ020,Kladno,CZ0203,Slaný,2124,False
535869,Hrdlořezy (okr. Mladá Boleslav),741,753,Středočeský,CZ020,Mladá Boleslav,CZ0207,Mladá Boleslav,2115,False
549428,Hrejkovice (okr. Písek),481,507,Jihočeský,CZ031,Písek,CZ0314,Milevsko,3107,False
567558,Hrob (okr. Teplice),1987,1990,Ústecký,CZ042,Teplice,CZ0426,Teplice,4213,False
564893,Hrobce (okr. Litoměřice),741,728,Ústecký,CZ042,Litoměřice,CZ0423,Roudnice nad Labem,4211,False
567566,Hrobčice (okr. Teplice),1102,1110,Ústecký,CZ042,Teplice,CZ0426,Bílina,4201,False
575046,Hrobice (okr. Pardubice),273,272,Pardubický,CZ053,Pardubice,CZ0532,Pardubice,5309,False
585262,Hrobice (okr. Zlín),463,469,Zlínský,CZ072,Zlín,CZ0724,Vizovice,7211,False
571491,Hrochův Týnec (okr. Chrudim),2187,2307,Pardubický,CZ053,Chrudim,CZ0531,Chrudim,5304,False
558915,Hromnice (okr. Plzeň-sever),1349,1338,Plzeňský,CZ032,Plzeň-sever,CZ0325,Nýřany,3208,False
574082,Hronov (okr. Náchod),6063,6094,Královéhradecký,CZ052,Náchod,CZ0523,Náchod,5209,False
590673,Hrotovice (okr. Třebíč),1779,1784,Vysočina,CZ063,Třebíč,CZ0634,Třebíč,6113,False
571504,Hroubovice (okr. Chrudim),343,338,Pardubický,CZ053,Chrudim,CZ0531,Chrudim,5304,False
550639,Hroznatín (okr. Třebíč),108,111,Vysočina,CZ063,Třebíč,CZ0634,Třebíč,6113,False
555185,Hroznětín (okr. Karlovy Vary),2179,2162,Karlovarský,CZ041,Karlovy Vary,CZ0412,Ostrov,4106,False
586188,Hroznová Lhota (okr. Hodonín),1153,1146,Jihomoravský,CZ064,Hodonín,CZ0645,Veselí nad Moravou,6218,False
577146,Hrubá Skála (okr. Semily),600,617,Liberecký,CZ051,Semily,CZ0514,Turnov,5109,False
586196,Hrubá Vrbka (okr. Hodonín),601,621,Jihomoravský,CZ064,Hodonín,CZ0645,Veselí nad Moravou,6218,False
589543,Hrubčice (okr. Prostějov),873,855,Olomoucký,CZ071,Prostějov,CZ0713,Prostějov,7108,False
599638,Hrubý Jeseník (okr. Nymburk),605,609,Středočeský,CZ020,Nymburk,CZ0208,Nymburk,2118,False
538248,Hrusice (okr. Praha-východ),964,927,Středočeský,CZ020,Praha-východ,CZ0209,Říčany,2122,False
543543,Hruška (okr. Prostějov),249,258,Olomoucký,CZ071,Prostějov,CZ0713,Prostějov,7108,False
584487,Hrušky (okr. Břeclav),1652,1654,Jihomoravský,CZ064,Břeclav,CZ0644,Břeclav,6204,False
593079,Hrušky (okr. Vyškov),784,784,Jihomoravský,CZ064,Vyškov,CZ0646,Slavkov u Brna,6215,False
565733,Hrušov (okr. Mladá Boleslav),223,234,Středočeský,CZ020,Mladá Boleslav,CZ0207,Mladá Boleslav,2115,False
580341,Hrušová (okr. Ústí nad Orlicí),397,406,Pardubický,CZ053,Ústí nad Orlicí,CZ0534,Vysoké Mýto,5314,False
594156,Hrušovany nad Jevišovkou (okr. Znojmo),3354,3377,Jihomoravský,CZ064,Znojmo,CZ0647,Znojmo,6220,False
563072,Hrušovany (okr. Chomutov),514,536,Ústecký,CZ042,Chomutov,CZ0422,Chomutov,4203,False
583081,Hrušovany u Brna (okr. Brno-venkov),3545,3518,Jihomoravský,CZ064,Brno-venkov,CZ0643,Židlochovice,6221,False
590681,Hrutov (okr. Jihlava),98,100,Vysočina,CZ063,Jihlava,CZ0632,Jihlava,6105,False
532371,Hřebeč (okr. Kladno),2156,2159,Středočeský,CZ020,Kladno,CZ0203,Kladno,2109,False
541761,Hřebečníky (okr. Rakovník),244,248,Středočeský,CZ020,Rakovník,CZ020C,Rakovník,2121,False
531219,Hředle (okr. Beroun),406,399,Středočeský,CZ020,Beroun,CZ0202,Hořovice,2108,False
541770,Hředle (okr. Rakovník),570,575,Středočeský,CZ020,Rakovník,CZ020C,Rakovník,2121,False
562513,Hřensko (okr. Děčín),251,247,Ústecký,CZ042,Děčín,CZ0421,Děčín,4202,False
548642,Hřibiny-Ledská (okr. Rychnov nad Kněžnou),404,391,Královéhradecký,CZ052,Rychnov nad Kněžnou,CZ0524,Kostelec nad Orlicí,5208,False
579301,Hřibojedy (okr. Trutnov),227,234,Královéhradecký,CZ052,Trutnov,CZ0525,Dvůr Králové nad Labem,5203,False
540285,Hřiměždice (okr. Příbram),423,390,Středočeský,CZ020,Příbram,CZ020B,Dobříš,2107,False
546445,Hříšice (okr. Jindřichův Hradec),327,329,Jihočeský,CZ031,Jindřichův Hradec,CZ0313,Dačice,3104,False
566195,Hříškov (okr. Louny),395,391,Ústecký,CZ042,Louny,CZ0424,Louny,4207,False
566217,Hřivice (okr. Louny),629,631,Ústecký,CZ042,Louny,CZ0424,Louny,4207,False
585271,Hřivínův Újezd (okr. Zlín),514,519,Zlínský,CZ072,Zlín,CZ0724,Zlín,7213,False
587222,Hubenov (okr. Jihlava),145,143,Vysočina,CZ063,Jihlava,CZ0632,Jihlava,6105,False
513580,Hudčice (okr. Příbram),266,265,Středočeský,CZ020,Příbram,CZ020B,Příbram,2120,False
531227,Hudlice (okr. Beroun),1266,1255,Středočeský,CZ020,Beroun,CZ0202,Beroun,2102,False
598691,Hukvaldy (okr. Frýdek-Místek),2198,2185,Moravskoslezský,CZ080,Frýdek-Místek,CZ0802,Frýdek-Místek,8106,False
529737,Hulice (okr. Benešov),271,277,Středočeský,CZ020,Benešov,CZ0201,Vlašim,2125,False
588491,Hulín (okr. Kroměříž),6377,6414,Zlínský,CZ072,Kroměříž,CZ0721,Kroměříž,7203,False
570087,Humburky (okr. Hradec Králové),398,408,Královéhradecký,CZ052,Hradec Králové,CZ0521,Nový Bydžov,5212,False
547999,Humpolec (okr. Pelhřimov),11487,11522,Vysočina,CZ063,Pelhřimov,CZ0633,Humpolec,6103,False
562521,Huntířov (okr. Děčín),828,815,Ústecký,CZ042,Děčín,CZ0421,Děčín,4202,False
559849,Hůrky (okr. Rokycany),230,230,Plzeňský,CZ032,Rokycany,CZ0326,Rokycany,3211,False
530646,Hurtova Lhota (okr. Havlíčkův Brod),254,248,Vysočina,CZ063,Havlíčkův Brod,CZ0631,Havlíčkův Brod,6102,False
535753,Hůry (okr. České Budějovice),607,610,Jihočeský,CZ031,České Budějovice,CZ0311,České Budějovice,3102,False
599522,Husí Lhota (okr. Mladá Boleslav),162,161,Středočeský,CZ020,Mladá Boleslav,CZ0207,Mladá Boleslav,2115,False
550230,Husinec (okr. Prachatice),1389,1405,Jihočeský,CZ031,Prachatice,CZ0315,Prachatice,3109,False
538256,Husinec (okr. Praha-východ),1578,1573,Středočeský,CZ020,Praha-východ,CZ0209,Brandýs nad Labem-Stará Boleslav,2103,False
542784,Huslenky (okr. Vsetín),2159,2174,Zlínský,CZ072,Vsetín,CZ0723,Vsetín,7212,False
513768,Hustopeče nad Bečvou (okr. Přerov),1705,1751,Olomoucký,CZ071,Přerov,CZ0714,Hranice,7101,False
584495,Hustopeče (okr. Břeclav),6391,6388,Jihomoravský,CZ064,Břeclav,CZ0644,Hustopeče,6207,False
592218,Huštěnovice (okr. Uherské Hradiště),1031,998,Zlínský,CZ072,Uherské Hradiště,CZ0722,Uherské Hradiště,7207,False
542814,Hutisko-Solanec (okr. Vsetín),1947,1974,Zlínský,CZ072,Vsetín,CZ0723,Rožnov pod Radhoštěm,7206,False
597414,Huzová (okr. Olomouc),591,574,Olomoucký,CZ071,Olomouc,CZ0712,Šternberk,7110,False
593087,Hvězdlice (okr. Vyškov),576,578,Jihomoravský,CZ064,Vyškov,CZ0646,Vyškov,6219,False
529745,Hvězdonice (okr. Benešov),351,343,Středočeský,CZ020,Benešov,CZ0201,Benešov,2101,False
590690,Hvězdoňovice (okr. Třebíč),109,108,Vysočina,CZ063,Třebíč,CZ0634,Třebíč,6113,False
558931,Hvozd (okr. Plzeň-sever),261,264,Plzeňský,CZ032,Plzeň-sever,CZ0325,Kralovice,3206,False
589560,Hvozd (okr. Prostějov),653,655,Olomoucký,CZ071,Prostějov,CZ0713,Konice,7103,False
565334,Hvozd (okr. Rakovník),179,175,Středočeský,CZ020,Rakovník,CZ020C,Rakovník,2121,False
531235,Hvozdec (okr. Beroun),261,266,Středočeský,CZ020,Beroun,CZ0202,Hořovice,2108,False
583090,Hvozdec (okr. Brno-venkov),350,354,Jihomoravský,CZ064,Brno-venkov,CZ0643,Kuřim,6209,False
535613,Hvozdec (okr. České Budějovice),147,141,Jihočeský,CZ031,České Budějovice,CZ0311,České Budějovice,3102,False
585289,Hvozdná (okr. Zlín),1302,1304,Zlínský,CZ072,Zlín,CZ0724,Zlín,7213,False
573621,Hvozdnice (okr. Hradec Králové),352,329,Královéhradecký,CZ052,Hradec Králové,CZ0521,Hradec Králové,5205,False
539261,Hvozdnice (okr. Praha-západ),586,588,Středočeský,CZ020,Praha-západ,CZ020A,Černošice,2105,False
566331,Hvožďany (okr. Domažlice),37,38,Plzeňský,CZ032,Domažlice,CZ0321,Domažlice,3202,False
540315,Hvožďany (okr. Příbram),795,796,Středočeský,CZ020,Příbram,CZ020B,Příbram,2120,False
550281,Hybrálec (okr. Jihlava),486,483,Vysočina,CZ063,Jihlava,CZ0632,Jihlava,6105,False
574163,Hynčice (okr. Náchod),186,189,Královéhradecký,CZ052,Náchod,CZ0523,Broumov,5201,False
536113,Hynčina (okr. Šumperk),203,199,Olomoucký,CZ071,Šumperk,CZ0715,Zábřeh,7113,False
531243,Hýskov (okr. Beroun),2253,2259,Středočeský,CZ020,Beroun,CZ0202,Beroun,2102,False
586200,Hýsly (okr. Hodonín),404,410,Jihomoravský,CZ064,Hodonín,CZ0645,Kyjov,6210,False
584517,Ivaň (okr. Brno-venkov),756,754,Jihomoravský,CZ064,Brno-venkov,CZ0643,Pohořelice,6213,False
589578,Ivaň (okr. Prostějov),466,465,Olomoucký,CZ071,Prostějov,CZ0713,Prostějov,7108,False
583120,Ivančice (okr. Brno-venkov),9905,9898,Jihomoravský,CZ064,Brno-venkov,CZ0643,Ivančice,6208,False
593117,Ivanovice na Hané (okr. Vyškov),2996,2978,Jihomoravský,CZ064,Vyškov,CZ0646,Vyškov,6219,False
535966,Jabkenice (okr. Mladá Boleslav),495,499,Středočeský,CZ020,Mladá Boleslav,CZ0207,Mladá Boleslav,2115,False
581666,Jabloňany (okr. Blansko),408,417,Jihomoravský,CZ064,Blansko,CZ0641,Boskovice,6202,False
577162,Jablonec nad Jizerou (okr. Semily),1592,1609,Liberecký,CZ051,Semily,CZ0514,Jilemnice,5104,False
563510,Jablonec nad Nisou (okr. Jablonec nad Nisou),46206,46209,Liberecký,CZ051,Jablonec nad Nisou,CZ0512,Jablonec nad Nisou,5103,False
540374,Jablonná (okr. Příbram),419,419,Středočeský,CZ020,Příbram,CZ020B,Příbram,2120,False
580376,Jablonné nad Orlicí (okr. Ústí nad Orlicí),3085,3078,Pardubický,CZ053,Ústí nad Orlicí,CZ0534,Žamberk,5315,False
561631,Jablonné v Podještědí (okr. Liberec),3672,3704,Liberecký,CZ051,Liberec,CZ0513,Liberec,5105,False
595730,Jabloňov (okr. Žďár nad Sázavou),352,350,Vysočina,CZ063,Žďár nad Sázavou,CZ0635,Velké Meziříčí,6114,False
542865,Jablůnka (okr. Vsetín),2067,2063,Zlínský,CZ072,Vsetín,CZ0723,Vsetín,7212,False
598259,Jablunkov (okr. Frýdek-Místek),5225,5257,Moravskoslezský,CZ080,Frýdek-Místek,CZ0802,Jablunkov,8110,False
555215,Jáchymov (okr. Karlovy Vary),2248,2304,Karlovarský,CZ041,Karlovy Vary,CZ0412,Ostrov,4106,False
548782,Jahodov (okr. Rychnov nad Kněžnou),98,100,Královéhradecký,CZ052,Rychnov nad Kněžnou,CZ0524,Rychnov nad Kněžnou,5213,False
507377,Jakartovice (okr. Opava),1063,1052,Moravskoslezský,CZ080,Opava,CZ0805,Opava,8117,False
554065,Jakubčovice nad Odrou (okr. Nový Jičín),628,627,Moravskoslezský,CZ080,Nový Jičín,CZ0804,Odry,8116,False
590746,Jakubov u Moravských Budějovic (okr. Třebíč),698,678,Vysočina,CZ063,Třebíč,CZ0634,Moravské Budějovice,6106,False
553344,Jakubovice (okr. Šumperk),204,210,Olomoucký,CZ071,Šumperk,CZ0715,Šumperk,7111,False
592226,Jalubí (okr. Uherské Hradiště),1813,1821,Zlínský,CZ072,Uherské Hradiště,CZ0722,Uherské Hradiště,7207,False
580392,Jamné nad Orlicí (okr. Ústí nad Orlicí),738,722,Pardubický,CZ053,Ústí nad Orlicí,CZ0534,Žamberk,5315,False
587249,Jamné (okr. Jihlava),576,583,Vysočina,CZ063,Jihlava,CZ0632,Jihlava,6105,False
594181,Jamolice (okr. Znojmo),449,452,Jihomoravský,CZ064,Znojmo,CZ0647,Moravský Krumlov,6212,False
595756,Jámy (okr. Žďár nad Sázavou),655,659,Vysočina,CZ063,Žďár nad Sázavou,CZ0635,Žďár nad Sázavou,6115,False
529842,Jankov (okr. Benešov),919,914,Středočeský,CZ020,Benešov,CZ0201,Votice,2126,False
544612,Jankov (okr. České Budějovice),393,391,Jihočeský,CZ031,České Budějovice,CZ0311,České Budějovice,3102,False
561461,Jankov (okr. Pelhřimov),47,44,Vysočina,CZ063,Pelhřimov,CZ0633,Pelhřimov,6110,False
588555,Jankovice (okr. Kroměříž),413,417,Zlínský,CZ072,Kroměříž,CZ0721,Holešov,7202,False
575101,Jankovice (okr. Pardubice),362,350,Pardubický,CZ053,Pardubice,CZ0532,Přelouč,5311,False
592234,Jankovice (okr. Uherské Hradiště),440,454,Zlínský,CZ072,Uherské Hradiště,CZ0722,Uherské Hradiště,7207,False
553212,Janoušov (okr. Šumperk),53,53,Olomoucký,CZ071,Šumperk,CZ0715,Šumperk,7111,False
563595,Janov nad Nisou (okr. Jablonec nad Nisou),1488,1531,Liberecký,CZ051,Jablonec nad Nisou,CZ0512,Jablonec nad Nisou,5103,False
597431,Janov (okr. Bruntál),258,256,Moravskoslezský,CZ080,Bruntál,CZ0801,Krnov,8114,False
544680,Janov (okr. Děčín),324,338,Ústecký,CZ042,Děčín,CZ0421,Děčín,4202,False
565270,Janov (okr. Rakovník),149,152,Středočeský,CZ020,Rakovník,CZ020C,Rakovník,2121,False
576328,Janov (okr. Rychnov nad Kněžnou),117,115,Královéhradecký,CZ052,Rychnov nad Kněžnou,CZ0524,Dobruška,5202,False
578134,Janov (okr. Svitavy),1041,1006,Pardubický,CZ053,Svitavy,CZ0533,Litomyšl,5307,False
570346,Janová (okr. Vsetín),757,764,Zlínský,CZ072,Vsetín,CZ0723,Vsetín,7212,False
556394,Janovice nad Úhlavou (okr. Klatovy),2455,2464,Plzeňský,CZ032,Klatovy,CZ0322,Klatovy,3205,False
507423,Janovice (okr. Frýdek-Místek),2052,2010,Moravskoslezský,CZ080,Frýdek-Místek,CZ0802,Frýdlant nad Ostravicí,8107,False
561657,Janovice v Podještědí (okr. Liberec),90,92,Liberecký,CZ051,Liberec,CZ0513,Liberec,5105,False
530395,Janská (okr. Děčín),212,225,Ústecký,CZ042,Děčín,CZ0421,Děčín,4202,False
579351,Janské Lázně (okr. Trutnov),647,658,Královéhradecký,CZ052,Trutnov,CZ0525,Trutnov,5214,False
546658,Janův Důl (okr. Liberec),180,175,Liberecký,CZ051,Liberec,CZ0513,Liberec,5105,False
578142,Janůvky (okr. Svitavy),62,62,Pardubický,CZ053,Svitavy,CZ0533,Moravská Třebová,5308,False
542903,Jarcová (okr. Vsetín),848,848,Zlínský,CZ072,Vsetín,CZ0723,Valašské Meziříčí,7210,False
588563,Jarohněvice (okr. Kroměříž),320,314,Zlínský,CZ072,Kroměříž,CZ0721,Kroměříž,7203,False
574121,Jaroměř (okr. Náchod),12487,12483,Královéhradecký,CZ052,Náchod,CZ0523,Jaroměř,5206,False
590754,Jaroměřice nad Rokytnou (okr. Třebíč),4044,4087,Vysočina,CZ063,Třebíč,CZ0634,Třebíč,6113,False
578151,Jaroměřice (okr. Svitavy),1177,1182,Pardubický,CZ053,Svitavy,CZ0533,Moravská Třebová,5308,False
575119,Jaroslav (okr. Pardubice),269,261,Pardubický,CZ053,Pardubice,CZ0532,Holice,5303,False
594199,Jaroslavice (okr. Znojmo),1244,1237,Jihomoravský,CZ064,Znojmo,CZ0647,Znojmo,6220,False
546500,Jarošov nad Nežárkou (okr. Jindřichův Hradec),1078,1087,Jihočeský,CZ031,Jindřichův Hradec,CZ0313,Jindřichův Hradec,3105,False
578169,Jarošov (okr. Svitavy),197,188,Pardubický,CZ053,Svitavy,CZ0533,Litomyšl,5307,False
578541,Jarov (okr. Plzeň-jih),224,220,Plzeňský,CZ032,Plzeň-jih,CZ0324,Blovice,3201,False
558982,Jarov (okr. Plzeň-sever),145,145,Plzeňský,CZ032,Plzeň-sever,CZ0325,Kralovice,3206,False
532401,Jarpice (okr. Kladno),315,316,Středočeský,CZ020,Kladno,CZ0203,Slaný,2124,False
590762,Jasenice (okr. Třebíč),196,187,Vysočina,CZ063,Třebíč,CZ0634,Náměšť nad Oslavou,6107,False
574139,Jasenná (okr. Náchod),722,731,Královéhradecký,CZ052,Náchod,CZ0523,Jaroměř,5206,False
585301,Jasenná (okr. Zlín),956,948,Zlínský,CZ072,Zlín,CZ0724,Vizovice,7211,False
541869,Javor (okr. Klatovy),82,81,Plzeňský,CZ032,Klatovy,CZ0322,Klatovy,3205,False
595748,Javorek (okr. Žďár nad Sázavou),107,104,Vysočina,CZ063,Žďár nad Sázavou,CZ0635,Nové Město na Moravě,6108,False
576336,Javornice (okr. Rychnov nad Kněžnou),1122,1118,Královéhradecký,CZ052,Rychnov nad Kněžnou,CZ0524,Rychnov nad Kněžnou,5213,False
529851,Javorník (okr. Benešov),153,147,Středočeský,CZ020,Benešov,CZ0201,Vlašim,2125,False
586218,Javorník (okr. Hodonín),654,661,Jihomoravský,CZ064,Hodonín,CZ0645,Veselí nad Moravou,6218,False
536148,Javorník (okr. Jeseník),2544,2574,Olomoucký,CZ071,Jeseník,CZ0711,Jeseník,7102,False
572713,Javorník (okr. Svitavy),428,432,Pardubický,CZ053,Svitavy,CZ0533,Svitavy,5312,False
580406,Javorník (okr. Ústí nad Orlicí),243,245,Pardubický,CZ053,Ústí nad Orlicí,CZ0534,Vysoké Mýto,5314,False
583154,Javůrek (okr. Brno-venkov),354,356,Jihomoravský,CZ064,Brno-venkov,CZ0643,Rosice,6214,False
568783,Jedlá (okr. Havlíčkův Brod),84,85,Vysočina,CZ063,Havlíčkův Brod,CZ0631,Světlá nad Sázavou,6111,False
562963,Jedlany (okr. Tábor),72,75,Jihočeský,CZ031,Tábor,CZ0317,Tábor,3112,False
536288,Jedlí (okr. Šumperk),662,658,Olomoucký,CZ071,Šumperk,CZ0715,Zábřeh,7113,False
578185,Jedlová (okr. Svitavy),1106,1082,Pardubický,CZ053,Svitavy,CZ0533,Polička,5310,False
532410,Jedomělice (okr. Kladno),455,450,Středočeský,CZ020,Kladno,CZ0203,Slaný,2124,False
575127,Jedousov (okr. Pardubice),171,172,Pardubický,CZ053,Pardubice,CZ0532,Přelouč,5311,False
581682,Jedovnice (okr. Blansko),2947,2999,Jihomoravský,CZ064,Blansko,CZ0641,Blansko,6201,False
580414,Jehnědí (okr. Ústí nad Orlicí),330,334,Pardubický,CZ053,Ústí nad Orlicí,CZ0534,Ústí nad Orlicí,5313,False
590789,Jemnice (okr. Třebíč),3979,3964,Vysočina,CZ063,Třebíč,CZ0634,Moravské Budějovice,6106,False
532428,Jemníky (okr. Kladno),298,302,Středočeský,CZ020,Kladno,CZ0203,Slaný,2124,False
505528,Jenčice (okr. Litoměřice),347,343,Ústecký,CZ042,Litoměřice,CZ0423,Lovosice,4208,False
539317,Jeneč (okr. Praha-západ),1353,1315,Středočeský,CZ020,Praha-západ,CZ020A,Černošice,2105,False
547816,Jeníkov (okr. Chrudim),459,455,Pardubický,CZ053,Chrudim,CZ0531,Hlinsko,5302,False
567582,Jeníkov (okr. Teplice),860,857,Ústecký,CZ042,Teplice,CZ0426,Teplice,4213,False
570133,Jeníkovice (okr. Hradec Králové),528,519,Královéhradecký,CZ052,Hradec Králové,CZ0521,Hradec Králové,5205,False
575135,Jeníkovice (okr. Pardubice),242,243,Pardubický,CZ053,Pardubice,CZ0532,Přelouč,5311,False
537926,Jenišov (okr. Karlovy Vary),1116,1124,Karlovarský,CZ041,Karlovy Vary,CZ0412,Karlovy Vary,4103,False
571563,Jenišovice (okr. Chrudim),431,430,Pardubický,CZ053,Chrudim,CZ0531,Chrudim,5304,False
563609,Jenišovice (okr. Jablonec nad Nisou),1306,1296,Liberecký,CZ051,Jablonec nad Nisou,CZ0512,Turnov,5109,False
538264,Jenštejn (okr. Praha-východ),1526,1535,Středočeský,CZ020,Praha-východ,CZ0209,Brandýs nad Labem-Stará Boleslav,2103,False
587265,Jersín (okr. Jihlava),197,198,Vysočina,CZ063,Jihlava,CZ0632,Jihlava,6105,False
572993,Jeřice (okr. Jičín),383,397,Královéhradecký,CZ052,Jičín,CZ0522,Hořice,5204,False
568805,Jeřišno (okr. Havlíčkův Brod),269,273,Vysočina,CZ063,Havlíčkův Brod,CZ0631,Chotěboř,6104,False
530484,Jeřmanice (okr. Liberec),686,678,Liberecký,CZ051,Liberec,CZ0513,Liberec,5105,False
589586,Jesenec (okr. Prostějov),284,290,Olomoucký,CZ071,Prostějov,CZ0713,Konice,7103,False
539325,Jesenice (okr. Praha-západ),10625,10460,Středočeský,CZ020,Praha-západ,CZ020A,Černošice,2105,False
540391,Jesenice (okr. Příbram),556,562,Středočeský,CZ020,Příbram,CZ020B,Sedlčany,2123,False
541834,Jesenice (okr. Rakovník),1638,1632,Středočeský,CZ020,Rakovník,CZ020C,Rakovník,2121,False
599468,Jeseník nad Odrou (okr. Nový Jičín),1919,1920,Moravskoslezský,CZ080,Nový Jičín,CZ0804,Nový Jičín,8115,False
536385,Jeseník (okr. Jeseník),10324,10456,Olomoucký,CZ071,Jeseník,CZ0711,Jeseník,7102,False
577171,Jesenný (okr. Semily),511,512,Liberecký,CZ051,Semily,CZ0514,Semily,5107,False
533360,Jestřabí Lhota (okr. Kolín),552,534,Středočeský,CZ020,Kolín,CZ0204,Kolín,2110,False
585319,Jestřabí (okr. Zlín),272,275,Zlínský,CZ072,Zlín,CZ0724,Valašské Klobouky,7209,False
577189,Jestřabí v Krkonoších (okr. Semily),238,251,Liberecký,CZ051,Semily,CZ0514,Jilemnice,5104,False
561665,Jestřebí (okr. Česká Lípa),857,839,Liberecký,CZ051,Česká Lípa,CZ0511,Česká Lípa,5101,False
574147,Jestřebí (okr. Náchod),173,170,Královéhradecký,CZ052,Náchod,CZ0523,Nové Město nad Metují,5211,False
536393,Jestřebí (okr. Šumperk),701,681,Olomoucký,CZ071,Šumperk,CZ0715,Zábřeh,7113,False
532134,Ješetice (okr. Benešov),129,124,Středočeský,CZ020,Benešov,CZ0201,Votice,2126,False
549479,Jetětice (okr. Písek),373,345,Jihočeský,CZ031,Písek,CZ0314,Milevsko,3107,False
574155,Jetřichov (okr. Náchod),426,437,Královéhradecký,CZ052,Náchod,CZ0523,Broumov,5201,False
562556,Jetřichovice (okr. Děčín),384,395,Ústecký,CZ042,Děčín,CZ0421,Děčín,4202,False
533378,Jevany (okr. Praha-východ),856,845,Středočeský,CZ020,Praha-východ,CZ0209,Říčany,2122,False
578193,Jevíčko (okr. Svitavy),2837,2822,Pardubický,CZ053,Svitavy,CZ0533,Moravská Třebová,5308,False
531871,Jeviněves (okr. Mělník),279,272,Středočeský,CZ020,Mělník,CZ0206,Mělník,2114,False
594202,Jevišovice (okr. Znojmo),1156,1159,Jihomoravský,CZ064,Znojmo,CZ0647,Znojmo,6220,False
584525,Jevišovka (okr. Břeclav),662,688,Jihomoravský,CZ064,Břeclav,CZ0644,Mikulov,6211,False
575143,Jezbořice (okr. Pardubice),397,406,Pardubický,CZ053,Pardubice,CZ0532,Pardubice,5309,False
547191,Jezdkovice (okr. Opava),236,237,Moravskoslezský,CZ080,Opava,CZ0805,Opava,8117,False
587273,Jezdovice (okr. Jihlava),268,260,Vysočina,CZ063,Jihlava,CZ0632,Jihlava,6105,False
556998,Jezernice (okr. Přerov),662,661,Olomoucký,CZ071,Přerov,CZ0714,Lipník nad Bečvou,7104,False
594211,Jezeřany-Maršovice (okr. Znojmo),782,795,Jihomoravský,CZ064,Znojmo,CZ0647,Moravský Krumlov,6212,False
587281,Ježená (okr. Jihlava),121,123,Vysočina,CZ063,Jihlava,CZ0632,Jihlava,6105,False
593125,Ježkovice (okr. Vyškov),393,390,Jihomoravský,CZ064,Vyškov,CZ0646,Vyškov,6219,False
586226,Ježov (okr. Hodonín),703,707,Jihomoravský,CZ064,Hodonín,CZ0645,Kyjov,6210,False
548073,Ježov (okr. Pelhřimov),69,69,Vysočina,CZ063,Pelhřimov,CZ0633,Humpolec,6103,False
541753,Ježovy (okr. Klatovy),207,215,Plzeňský,CZ032,Klatovy,CZ0322,Klatovy,3205,False
562084,Jickovice (okr. Písek),136,135,Jihočeský,CZ031,Písek,CZ0314,Milevsko,3107,False
572659,Jičín (okr. Jičín),16052,16101,Královéhradecký,CZ052,Jičín,CZ0522,Jičín,5207,False
573001,Jičíněves (okr. Jičín),661,661,Královéhradecký,CZ052,Jičín,CZ0522,Jičín,5207,False
586846,Jihlava (okr. Jihlava),53686,54624,Vysočina,CZ063,Jihlava,CZ0632,Jihlava,6105,False
587290,Jihlávka (okr. Jihlava),222,232,Vysočina,CZ063,Jihlava,CZ0632,Jihlava,6105,False
537250,Jíkev (okr. Nymburk),349,355,Středočeský,CZ020,Nymburk,CZ0208,Nymburk,2118,False
548413,Jilem (okr. Havlíčkův Brod),155,161,Vysočina,CZ063,Havlíčkův Brod,CZ0631,Chotěboř,6104,False
562769,Jilem (okr. Jindřichův Hradec),136,133,Jihočeský,CZ031,Jindřichův Hradec,CZ0313,Jindřichův Hradec,3105,False
577197,Jilemnice (okr. Semily),5312,5377,Liberecký,CZ051,Semily,CZ0514,Jilemnice,5104,False
562564,Jílové (okr. Děčín),4891,4932,Ústecký,CZ042,Děčín,CZ0421,Děčín,4202,False
563617,Jílové u Držkova (okr. Jablonec nad Nisou),233,233,Liberecký,CZ051,Jablonec nad Nisou,CZ0512,Železný Brod,5110,False
539333,Jílové u Prahy (okr. Praha-západ),5301,5262,Středočeský,CZ020,Praha-západ,CZ020A,Černošice,2105,False
544639,Jílovice (okr. České Budějovice),1120,1111,Jihočeský,CZ031,České Budějovice,CZ0311,Trhové Sviny,3113,False
576352,Jílovice (okr. Hradec Králové),308,301,Královéhradecký,CZ052,Hradec Králové,CZ0521,Hradec Králové,5205,False
539341,Jíloviště (okr. Praha-západ),689,712,Středočeský,CZ020,Praha-západ,CZ020A,Černošice,2105,False
546011,Jimlín (okr. Louny),887,880,Ústecký,CZ042,Louny,CZ0424,Louny,4207,False
595772,Jimramov (okr. Žďár nad Sázavou),1168,1176,Vysočina,CZ063,Žďár nad Sázavou,CZ0635,Nové Město na Moravě,6108,False
583171,Jinačovice (okr. Brno-venkov),792,805,Jihomoravský,CZ064,Brno-venkov,CZ0643,Kuřim,6209,False
540404,Jince (okr. Příbram),2468,2524,Středočeský,CZ020,Příbram,CZ020B,Příbram,2120,False
597449,Jindřichov (okr. Bruntál),1126,1118,Moravskoslezský,CZ080,Bruntál,CZ0801,Krnov,8114,False
513873,Jindřichov (okr. Přerov),491,495,Olomoucký,CZ071,Přerov,CZ0714,Hranice,7101,False
536521,Jindřichov (okr. Šumperk),1087,1091,Olomoucký,CZ071,Šumperk,CZ0715,Šumperk,7111,False
587303,Jindřichovice (okr. Jihlava),87,92,Vysočina,CZ063,Jihlava,CZ0632,Telč,6112,False
560413,Jindřichovice (okr. Sokolov),543,533,Karlovarský,CZ041,Sokolov,CZ0413,Kraslice,4104,False
564133,Jindřichovice pod Smrkem (okr. Liberec),619,618,Liberecký,CZ051,Liberec,CZ0513,Frýdlant,5102,False
545881,Jindřichův Hradec (okr. Jindřichův Hradec),20369,20540,Jihočeský,CZ031,Jindřichův Hradec,CZ0313,Jindřichův Hradec,3105,False
551163,Jinín (okr. Strakonice),208,221,Jihočeský,CZ031,Strakonice,CZ0316,Strakonice,3111,False
539350,Jinočany (okr. Praha-západ),2427,2350,Středočeský,CZ020,Praha-západ,CZ020A,Černošice,2105,False
549151,Jinolice (okr. Jičín),186,196,Královéhradecký,CZ052,Jičín,CZ0522,Jičín,5207,False
590797,Jinošov (okr. Třebíč),278,273,Vysočina,CZ063,Třebíč,CZ0634,Náměšť nad Oslavou,6107,False
550591,Jiratice (okr. Třebíč),79,82,Vysočina,CZ063,Třebíč,CZ0634,Moravské Budějovice,6106,False
563099,Jirkov (okr. Chomutov),19067,19240,Ústecký,CZ042,Chomutov,CZ0422,Chomutov,4203,False
538272,Jirny (okr. Praha-východ),3280,3253,Středočeský,CZ020,Praha-východ,CZ0209,Brandýs nad Labem-Stará Boleslav,2103,False
546585,Jiřetín pod Bukovou (okr. Jablonec nad Nisou),431,444,Liberecký,CZ051,Jablonec nad Nisou,CZ0512,Tanvald,5108,False
562572,Jiřetín pod Jedlovou (okr. Děčín),638,659,Ústecký,CZ042,Děčín,CZ0421,Varnsdorf,4215,False
599581,Jiřice (okr. Nymburk),325,317,Středočeský,CZ020,Nymburk,CZ0208,Lysá nad Labem,2113,False
548081,Jiřice (okr. Pelhřimov),948,942,Vysočina,CZ063,Pelhřimov,CZ0633,Humpolec,6103,False
594229,Jiřice u Miroslavi (okr. Znojmo),472,460,Jihomoravský,CZ064,Znojmo,CZ0647,Moravský Krumlov,6212,False
550841,Jiřice u Moravských Budějovic (okr. Znojmo),59,54,Jihomoravský,CZ064,Znojmo,CZ0647,Znojmo,6220,False
597457,Jiříkov (okr. Bruntál),352,346,Moravskoslezský,CZ080,Bruntál,CZ0801,Rýmařov,8120,False
562581,Jiříkov (okr. Děčín),3472,3507,Ústecký,CZ042,Děčín,CZ0421,Rumburk,4212,False
583189,Jiříkovice (okr. Brno-venkov),987,982,Jihomoravský,CZ064,Brno-venkov,CZ0643,Šlapanice,6216,False
552534,Jistebnice (okr. Tábor),2121,2132,Jihočeský,CZ031,Tábor,CZ0317,Tábor,3112,False
599506,Jistebník (okr. Nový Jičín),1814,1766,Moravskoslezský,CZ080,Nový Jičín,CZ0804,Bílovec,8101,False
546216,Jitkov (okr. Havlíčkův Brod),251,246,Vysočina,CZ063,Havlíčkův Brod,CZ0631,Chotěboř,6104,False
531308,Jivina (okr. Beroun),201,201,Středočeský,CZ020,Beroun,CZ0202,Hořovice,2108,False
535974,Jivina (okr. Mladá Boleslav),500,503,Středočeský,CZ020,Mladá Boleslav,CZ0207,Mnichovo Hradiště,2116,False
579378,Jívka (okr. Trutnov),605,607,Královéhradecký,CZ052,Trutnov,CZ0525,Trutnov,5214,False
535761,Jivno (okr. České Budějovice),423,425,Jihočeský,CZ031,České Budějovice,CZ0311,České Budějovice,3102,False
503142,Jívová (okr. Olomouc),644,632,Olomoucký,CZ071,Olomouc,CZ0712,Šternberk,7110,False
595802,Jívoví (okr. Žďár nad Sázavou),291,288,Vysočina,CZ063,Žďár nad Sázavou,CZ0635,Velké Meziříčí,6114,False
537268,Jizbice (okr. Nymburk),395,391,Středočeský,CZ020,Nymburk,CZ0208,Nymburk,2118,False
566039,Jizerní Vtelno (okr. Mladá Boleslav),366,360,Středočeský,CZ020,Mladá Boleslav,CZ0207,Mladá Boleslav,2115,False
586234,Josefov (okr. Hodonín),453,445,Jihomoravský,CZ064,Hodonín,CZ0645,Hodonín,6206,False
511587,Josefov (okr. Sokolov),442,421,Karlovarský,CZ041,Sokolov,CZ0413,Sokolov,4107,False
563633,Josefův Důl (okr. Jablonec nad Nisou),860,907,Liberecký,CZ051,Jablonec nad Nisou,CZ0512,Jablonec nad Nisou,5103,False
529613,Josefův Důl (okr. Mladá Boleslav),441,443,Středočeský,CZ020,Mladá Boleslav,CZ0207,Mladá Boleslav,2115,False
549312,Kacákova Lhota (okr. Jičín),182,175,Královéhradecký,CZ052,Jičín,CZ0522,Jičín,5207,False
577201,Kacanovy (okr. Semily),234,232,Liberecký,CZ051,Semily,CZ0514,Turnov,5109,False
558991,Kaceřov (okr. Plzeň-sever),163,157,Plzeňský,CZ032,Plzeň-sever,CZ0325,Nýřany,3208,False
560421,Kaceřov (okr. Sokolov),404,416,Karlovarský,CZ041,Sokolov,CZ0413,Sokolov,4107,False
534129,Kácov (okr. Kutná Hora),812,792,Středočeský,CZ020,Kutná Hora,CZ0205,Kutná Hora,2112,False
532444,Kačice (okr. Kladno),1236,1226,Středočeský,CZ020,Kladno,CZ0203,Kladno,2109,False
562491,Kačlehy (okr. Jindřichův Hradec),113,117,Jihočeský,CZ031,Jindřichův Hradec,CZ0313,Jindřichův Hradec,3105,False
563102,Kadaň (okr. Chomutov),18088,18090,Ústecký,CZ042,Chomutov,CZ0422,Kadaň,4204,False
531774,Kadlín (okr. Mělník),149,149,Středočeský,CZ020,Mělník,CZ0206,Mělník,2114,False
595811,Kadolec (okr. Žďár nad Sázavou),168,163,Vysočina,CZ063,Žďár nad Sázavou,CZ0635,Velké Meziříčí,6114,False
551180,Kadov (okr. Strakonice),388,374,Jihočeský,CZ031,Strakonice,CZ0316,Blatná,3101,False
594237,Kadov (okr. Znojmo),144,149,Jihomoravský,CZ064,Znojmo,CZ0647,Moravský Krumlov,6212,False
595829,Kadov (okr. Žďár nad Sázavou),149,148,Vysočina,CZ063,Žďár nad Sázavou,CZ0635,Nové Město na Moravě,6108,False
545554,Kájov (okr. Český Krumlov),1971,1971,Jihočeský,CZ031,Český Krumlov,CZ0312,Český Krumlov,3103,False
579017,Kakejcov (okr. Rokycany),106,109,Plzeňský,CZ032,Rokycany,CZ0326,Rokycany,3211,False
563111,Kalek (okr. Chomutov),251,254,Ústecký,CZ042,Chomutov,CZ0422,Chomutov,4203,False
536946,Kalenice (okr. Strakonice),81,82,Jihočeský,CZ031,Strakonice,CZ0316,Strakonice,3111,False
587320,Kalhov (okr. Jihlava),123,123,Vysočina,CZ063,Jihlava,CZ0632,Jihlava,6105,False
587338,Kaliště (okr. Jihlava),175,170,Vysočina,CZ063,Jihlava,CZ0632,Jihlava,6105,False
548090,Kaliště (okr. Pelhřimov),398,390,Vysočina,CZ063,Pelhřimov,CZ0633,Humpolec,6103,False
538281,Kaliště (okr. Praha-východ),384,389,Středočeský,CZ020,Praha-východ,CZ0209,Říčany,2122,False
565440,Kalivody (okr. Rakovník),123,114,Středočeský,CZ020,Rakovník,CZ020C,Rakovník,2121,False
595837,Kaly (okr. Brno-venkov),312,311,Jihomoravský,CZ064,Brno-venkov,CZ0643,Tišnov,6217,False
531031,Kamberk (okr. Benešov),174,176,Středočeský,CZ020,Benešov,CZ0201,Vlašim,2125,False
546453,Kámen (okr. Děčín),259,253,Ústecký,CZ042,Děčín,CZ0421,Děčín,4202,False
568821,Kámen (okr. Havlíčkův Brod),457,464,Vysočina,CZ063,Havlíčkův Brod,CZ0631,Havlíčkův Brod,6102,False
548103,Kámen (okr. Pelhřimov),270,268,Vysočina,CZ063,Pelhřimov,CZ0633,Pacov,6109,False
566811,Kamenec (okr. Rokycany),81,80,Plzeňský,CZ032,Rokycany,CZ0326,Rokycany,3211,False
578207,Kamenec u Poličky (okr. Svitavy),598,597,Pardubický,CZ053,Svitavy,CZ0533,Polička,5310,False
548111,Kamenice nad Lipou (okr. Pelhřimov),3687,3651,Vysočina,CZ063,Pelhřimov,CZ0633,Pelhřimov,6110,False
587346,Kamenice (okr. Jihlava),1973,1994,Vysočina,CZ063,Jihlava,CZ0632,Jihlava,6105,False
538299,Kamenice (okr. Praha-východ),5307,5187,Středočeský,CZ020,Praha-východ,CZ0209,Říčany,2122,False
561681,Kamenický Šenov (okr. Česká Lípa),3791,3811,Liberecký,CZ051,Česká Lípa,CZ0511,Nový Bor,5106,False
571571,Kameničky (okr. Chrudim),780,782,Pardubický,CZ053,Chrudim,CZ0531,Hlinsko,5302,False
580422,Kameničná (okr. Ústí nad Orlicí),338,340,Pardubický,CZ053,Ústí nad Orlicí,CZ0534,Žamberk,5315,False
578215,Kamenná Horka (okr. Svitavy),371,357,Pardubický,CZ053,Svitavy,CZ0533,Svitavy,5312,False
568848,Kamenná Lhota (okr. Havlíčkův Brod),253,277,Vysočina,CZ063,Havlíčkův Brod,CZ0631,Světlá nad Sázavou,6111,False
535982,Kamenná (okr. České Budějovice),341,342,Jihočeský,CZ031,České Budějovice,CZ0311,Trhové Sviny,3113,False
587362,Kamenná (okr. Jihlava),191,185,Vysočina,CZ063,Jihlava,CZ0632,Jihlava,6105,False
536571,Kamenná (okr. Šumperk),475,485,Olomoucký,CZ071,Šumperk,CZ0715,Zábřeh,7113,False
590801,Kamenná (okr. Třebíč),221,224,Vysočina,CZ063,Třebíč,CZ0634,Třebíč,6113,False
537276,Kamenné Zboží (okr. Nymburk),508,512,Středočeský,CZ020,Nymburk,CZ0208,Nymburk,2118,False
532452,Kamenné Žehrovice (okr. Kladno),1636,1616,Středočeský,CZ020,Kladno,CZ0203,Kladno,2109,False
598631,Kamenný Malíkov (okr. Jindřichův Hradec),78,78,Jihočeský,CZ031,Jindřichův Hradec,CZ0313,Jindřichův Hradec,3105,False
513032,Kamenný Most (okr. Kladno),429,416,Středočeský,CZ020,Kladno,CZ0203,Slaný,2124,False
539368,Kamenný Přívoz (okr. Praha-západ),1612,1598,Středočeský,CZ020,Praha-západ,CZ020A,Černošice,2105,False
544663,Kamenný Újezd (okr. České Budějovice),2697,2694,Jihočeský,CZ031,České Budějovice,CZ0311,České Budějovice,3102,False
541150,Kamenný Újezd (okr. Rokycany),983,975,Plzeňský,CZ032,Rokycany,CZ0326,Rokycany,3211,False
540439,Kamýk nad Vltavou (okr. Příbram),1010,990,Středočeský,CZ020,Příbram,CZ020B,Příbram,2120,False
546771,Kamýk (okr. Litoměřice),225,214,Ústecký,CZ042,Litoměřice,CZ0423,Litoměřice,4205,False
583197,Kanice (okr. Brno-venkov),1116,1120,Jihomoravský,CZ064,Brno-venkov,CZ0643,Šlapanice,6216,False
566144,Kanice (okr. Domažlice),196,197,Plzeňský,CZ032,Domažlice,CZ0321,Domažlice,3202,False
553778,Kaničky (okr. Domažlice),31,31,Plzeňský,CZ032,Domažlice,CZ0321,Domažlice,3202,False
531651,Kanina (okr. Mělník),109,108,Středočeský,CZ020,Mělník,CZ0206,Mělník,2114,False
598275,Kaňovice (okr. Frýdek-Místek),380,374,Moravskoslezský,CZ080,Frýdek-Místek,CZ0802,Frýdek-Místek,8106,False
585327,Kaňovice (okr. Zlín),302,303,Zlínský,CZ072,Zlín,CZ0724,Zlín,7213,False
545562,Kaplice (okr. Český Krumlov),7547,7531,Jihočeský,CZ031,Český Krumlov,CZ0312,Kaplice,3106,False
570150,Káranice (okr. Hradec Králové),212,216,Královéhradecký,CZ052,Hradec Králové,CZ0521,Hradec Králové,5205,False
564974,Káraný (okr. Praha-východ),884,844,Středočeský,CZ020,Praha-východ,CZ0209,Brandýs nad Labem-Stará Boleslav,2103,False
546542,Kardašova Řečice (okr. Jindřichův Hradec),2227,2221,Jihočeský,CZ031,Jindřichův Hradec,CZ0313,Jindřichův Hradec,3105,False
572748,Karle (okr. Svitavy),421,427,Pardubický,CZ053,Svitavy,CZ0533,Svitavy,5312,False
599727,Karlík (okr. Praha-západ),482,494,Středočeský,CZ020,Praha-západ,CZ020A,Černošice,2105,False
586242,Karlín (okr. Hodonín),186,189,Jihomoravský,CZ064,Hodonín,CZ0645,Hodonín,6206,False
595845,Karlov (okr. Žďár nad Sázavou),123,122,Vysočina,CZ063,Žďár nad Sázavou,CZ0635,Žďár nad Sázavou,6115,False
597473,Karlova Studánka (okr. Bruntál),170,172,Moravskoslezský,CZ080,Bruntál,CZ0801,Bruntál,8103,False
565288,Karlova Ves (okr. Rakovník),120,124,Středočeský,CZ020,Rakovník,CZ020C,Rakovník,2121,False
597481,Karlovice (okr. Bruntál),963,961,Moravskoslezský,CZ080,Bruntál,CZ0801,Bruntál,8103,False
577219,Karlovice (okr. Semily),885,895,Liberecký,CZ051,Semily,CZ0514,Turnov,5109,False
587052,Karlovice (okr. Zlín),229,231,Zlínský,CZ072,Zlín,CZ0724,Zlín,7213,False
554961,Karlovy Vary (okr. Karlovy Vary),48788,49073,Karlovarský,CZ041,Karlovy Vary,CZ0412,Karlovy Vary,4103,False
531316,Karlštejn (okr. Beroun),833,824,Středočeský,CZ020,Beroun,CZ0202,Beroun,2102,False
587354,Karolín (okr. Kroměříž),260,258,Zlínský,CZ072,Kroměříž,CZ0721,Kroměříž,7203,False
542911,Karolinka (okr. Vsetín),2340,2373,Zlínský,CZ072,Vsetín,CZ0723,Vsetín,7212,False
598917,Karviná (okr. Karviná),48684,48937,Moravskoslezský,CZ080,Karviná,CZ0803,Karviná,8111,False
559903,Kařez (okr. Rokycany),746,733,Plzeňský,CZ032,Rokycany,CZ0326,Rokycany,3211,False
530361,Kařízek (okr. Rokycany),54,51,Plzeňský,CZ032,Rokycany,CZ0326,Rokycany,3211,False
575151,Kasalice (okr. Pardubice),219,220,Pardubický,CZ053,Pardubice,CZ0532,Pardubice,5309,False
557862,Kasejovice (okr. Plzeň-jih),1368,1441,Plzeňský,CZ032,Plzeň-jih,CZ0324,Nepomuk,3207,False
585343,Kašava (okr. Zlín),1016,1030,Zlínský,CZ072,Zlín,CZ0724,Zlín,7213,False
550256,Kašnice (okr. Břeclav),226,220,Jihomoravský,CZ064,Břeclav,CZ0644,Hustopeče,6207,False
556432,Kašperské Hory (okr. Klatovy),1369,1367,Plzeňský,CZ032,Klatovy,CZ0322,Sušice,3214,False
568643,Kateřinice (okr. Nový Jičín),699,697,Moravskoslezský,CZ080,Nový Jičín,CZ0804,Kopřivnice,8112,False
542946,Kateřinice (okr. Vsetín),1084,1083,Zlínský,CZ072,Vsetín,CZ0723,Vsetín,7212,False
587907,Katov (okr. Brno-venkov),273,277,Jihomoravský,CZ064,Brno-venkov,CZ0643,Tišnov,6217,False
530042,Katov (okr. Tábor),70,69,Jihočeský,CZ031,Tábor,CZ0317,Soběslav,3110,False
551201,Katovice (okr. Strakonice),1336,1331,Jihočeský,CZ031,Strakonice,CZ0316,Strakonice,3111,False
536008,Katusice (okr. Mladá Boleslav),853,842,Středočeský,CZ020,Mladá Boleslav,CZ0207,Mladá Boleslav,2115,False
559008,Kaznějov (okr. Plzeň-sever),3087,3085,Plzeňský,CZ032,Plzeň-sever,CZ0325,Kralovice,3206,False
513415,Kbel (okr. Kolín),219,216,Středočeský,CZ020,Kolín,CZ0204,Kolín,2110,False
557871,Kbel (okr. Plzeň-jih),286,285,Plzeňský,CZ032,Plzeň-jih,CZ0324,Přeštice,3210,False
538183,Kbelany (okr. Plzeň-sever),127,130,Plzeňský,CZ032,Plzeň-sever,CZ0325,Nýřany,3208,False
549169,Kbelnice (okr. Jičín),228,233,Královéhradecký,CZ052,Jičín,CZ0522,Jičín,5207,False
590819,Kdousov (okr. Třebíč),117,116,Vysočina,CZ063,Třebíč,CZ0634,Moravské Budějovice,6106,False
553786,Kdyně (okr. Domažlice),5132,5153,Plzeňský,CZ032,Domažlice,CZ0321,Domažlice,3202,False
565016,Keblice (okr. Litoměřice),376,377,Ústecký,CZ042,Litoměřice,CZ0423,Lovosice,4208,False
529907,Keblov (okr. Benešov),188,188,Středočeský,CZ020,Benešov,CZ0201,Vlašim,2125,False
541826,Kejnice (okr. Klatovy),100,100,Plzeňský,CZ032,Klatovy,CZ0322,Horažďovice,3203,False
548120,Kejžlice (okr. Pelhřimov),483,471,Vysočina,CZ063,Pelhřimov,CZ0633,Humpolec,6103,False
542989,Kelč (okr. Vsetín),2700,2673,Zlínský,CZ072,Vsetín,CZ0723,Valašské Meziříčí,7210,False
586251,Kelčany (okr. Hodonín),241,252,Jihomoravský,CZ064,Hodonín,CZ0645,Kyjov,6210,False
592251,Kelníky (okr. Zlín),161,160,Zlínský,CZ072,Zlín,CZ0724,Zlín,7213,False
549487,Kestřany (okr. Písek),727,726,Jihočeský,CZ031,Písek,CZ0314,Písek,3108,False
583201,Ketkovice (okr. Brno-venkov),633,638,Jihomoravský,CZ064,Brno-venkov,CZ0643,Ivančice,6208,False
559911,Klabava (okr. Rokycany),530,507,Plzeňský,CZ032,Rokycany,CZ0326,Rokycany,3211,False
590827,Kladeruby nad Oslavou (okr. Třebíč),211,203,Vysočina,CZ063,Třebíč,CZ0634,Náměšť nad Oslavou,6107,False
542997,Kladeruby (okr. Vsetín),488,484,Zlínský,CZ072,Vsetín,CZ0723,Valašské Meziříčí,7210,False
589594,Kladky (okr. Prostějov),352,347,Olomoucký,CZ071,Prostějov,CZ0713,Konice,7103,False
569283,Kladníky (okr. Přerov),153,151,Olomoucký,CZ071,Přerov,CZ0714,Lipník nad Bečvou,7104,False
571580,Kladno (okr. Chrudim),235,232,Pardubický,CZ053,Chrudim,CZ0531,Hlinsko,5302,False
532053,Kladno (okr. Kladno),69728,69664,Středočeský,CZ020,Kladno,CZ0203,Kladno,2109,False
575178,Kladruby nad Labem (okr. Pardubice),651,637,Pardubický,CZ053,Pardubice,CZ0532,Přelouč,5311,False
533084,Kladruby (okr. Benešov),291,288,Středočeský,CZ020,Benešov,CZ0201,Vlašim,2125,False
559920,Kladruby (okr. Rokycany),152,161,Plzeňský,CZ032,Rokycany,CZ0326,Rokycany,3211,False
560405,Kladruby (okr. Strakonice),129,130,Jihočeský,CZ031,Strakonice,CZ0316,Strakonice,3111,False
560928,Kladruby (okr. Tachov),1668,1682,Plzeňský,CZ032,Tachov,CZ0327,Stříbro,3213,False
567604,Kladruby (okr. Teplice),463,443,Ústecký,CZ042,Teplice,CZ0426,Teplice,4213,False
570168,Klamoš (okr. Hradec Králové),393,398,Královéhradecký,CZ052,Hradec Králové,CZ0521,Hradec Králové,5205,False
565024,Klapý (okr. Litoměřice),482,466,Ústecký,CZ042,Litoměřice,CZ0423,Lovosice,4208,False
536024,Klášter Hradiště nad Jizerou (okr. Mladá Boleslav),1026,1020,Středočeský,CZ020,Mladá Boleslav,CZ0207,Mnichovo Hradiště,2116,False
557897,Klášter (okr. Plzeň-jih),215,214,Plzeňský,CZ032,Plzeň-jih,CZ0324,Nepomuk,3207,False
563129,Klášterec nad Ohří (okr. Chomutov),13980,14068,Ústecký,CZ042,Chomutov,CZ0422,Kadaň,4204,False
580431,Klášterec nad Orlicí (okr. Ústí nad Orlicí),904,923,Pardubický,CZ053,Ústí nad Orlicí,CZ0534,Žamberk,5315,False
571687,Klášterní Skalice (okr. Kolín),130,131,Středočeský,CZ020,Kolín,CZ0204,Kolín,2110,False
579386,Klášterská Lhota (okr. Trutnov),232,237,Královéhradecký,CZ052,Trutnov,CZ0525,Vrchlabí,5215,False
587371,Klatovec (okr. Jihlava),75,73,Vysočina,CZ063,Jihlava,CZ0632,Telč,6112,False
555771,Klatovy (okr. Klatovy),22921,22763,Plzeňský,CZ032,Klatovy,CZ0322,Klatovy,3205,False
562688,Klec (okr. Jindřichův Hradec),154,155,Jihočeský,CZ031,Jindřichův Hradec,CZ0313,Třeboň,3114,False
538311,Klecany (okr. Praha-východ),3997,3938,Středočeský,CZ020,Praha-východ,CZ0209,Brandýs nad Labem-Stará Boleslav,2103,False
553794,Klenčí pod Čerchovem (okr. Domažlice),1409,1432,Plzeňský,CZ032,Domažlice,CZ0321,Domažlice,3202,False
565032,Kleneč (okr. Litoměřice),593,596,Ústecký,CZ042,Litoměřice,CZ0423,Roudnice nad Labem,4211,False
541851,Klenová (okr. Klatovy),105,108,Plzeňský,CZ032,Klatovy,CZ0322,Klatovy,3205,False
589608,Klenovice na Hané (okr. Prostějov),813,823,Olomoucký,CZ071,Prostějov,CZ0713,Prostějov,7108,False
563986,Klenovice (okr. Tábor),704,700,Jihočeský,CZ031,Tábor,CZ0317,Soběslav,3110,False
584541,Klentnice (okr. Břeclav),465,471,Jihomoravský,CZ064,Břeclav,CZ0644,Mikulov,6211,False
573787,Klešice (okr. Chrudim),433,433,Pardubický,CZ053,Chrudim,CZ0531,Chrudim,5304,False
538329,Klíčany (okr. Praha-východ),665,626,Středočeský,CZ020,Praha-východ,CZ0209,Brandýs nad Labem-Stará Boleslav,2103,False
599549,Klimkovice (okr. Ostrava-město),4396,4454,Moravskoslezský,CZ080,Ostrava-město,CZ0806,Ostrava,8119,False
571211,Klínec (okr. Praha-západ),828,826,Středočeský,CZ020,Praha-západ,CZ020A,Černošice,2105,False
567191,Klíny (okr. Most),181,183,Ústecký,CZ042,Most,CZ0425,Litvínov,4206,False
584550,Klobouky u Brna (okr. Břeclav),2471,2476,Jihomoravský,CZ064,Břeclav,CZ0644,Hustopeče,6207,False
532461,Klobuky (okr. Kladno),1034,1018,Středočeský,CZ020,Kladno,CZ0203,Slaný,2124,False
514047,Klokočí (okr. Přerov),252,257,Olomoucký,CZ071,Přerov,CZ0714,Hranice,7101,False
577227,Klokočí (okr. Semily),211,209,Liberecký,CZ051,Semily,CZ0514,Turnov,5109,False
513628,Klokočná (okr. Praha-východ),312,290,Středočeský,CZ020,Praha-východ,CZ0209,Říčany,2122,False
568856,Klokočov (okr. Havlíčkův Brod),112,109,Vysočina,CZ063,Havlíčkův Brod,CZ0631,Chotěboř,6104,False
536687,Klopina (okr. Šumperk),626,626,Olomoucký,CZ071,Šumperk,CZ0715,Mohelnice,7106,False
589616,Klopotovice (okr. Prostějov),306,302,Olomoucký,CZ071,Prostějov,CZ0713,Prostějov,7108,False
540447,Klučenice (okr. Příbram),481,480,Středočeský,CZ020,Příbram,CZ020B,Sedlčany,2123,False
533386,Klučov (okr. Kolín),1104,1116,Středočeský,CZ020,Kolín,CZ0204,Český Brod,2106,False
590835,Klučov (okr. Třebíč),175,173,Vysočina,CZ063,Třebíč,CZ0634,Třebíč,6113,False
534137,Kluky (okr. Kutná Hora),557,550,Středočeský,CZ020,Kutná Hora,CZ0205,Čáslav,2104,False
571075,Kluky (okr. Mladá Boleslav),71,73,Středočeský,CZ020,Mladá Boleslav,CZ0207,Mladá Boleslav,2115,False
549495,Kluky (okr. Písek),618,615,Jihočeský,CZ031,Písek,CZ0314,Písek,3108,False
534897,Kly (okr. Mělník),1807,1770,Středočeský,CZ020,Mělník,CZ0206,Mělník,2114,False
532479,Kmetiněves (okr. Kladno),304,304,Středočeský,CZ020,Kladno,CZ0203,Slaný,2124,False
586269,Kněždub (okr. Hodonín),1044,1038,Jihomoravský,CZ064,Hodonín,CZ0645,Veselí nad Moravou,6218,False
581721,Kněževes (okr. Blansko),176,178,Jihomoravský,CZ064,Blansko,CZ0641,Boskovice,6202,False
539384,Kněževes (okr. Praha-západ),653,649,Středočeský,CZ020,Praha-západ,CZ020A,Černošice,2105,False
541877,Kněževes (okr. Rakovník),1025,1003,Středočeský,CZ020,Rakovník,CZ020C,Rakovník,2121,False
595853,Kněževes (okr. Žďár nad Sázavou),171,171,Vysočina,CZ063,Žďár nad Sázavou,CZ0635,Žďár nad Sázavou,6115,False
574007,Kněžice (okr. Chrudim),139,141,Pardubický,CZ053,Chrudim,CZ0531,Chrudim,5304,False
590843,Kněžice (okr. Jihlava),1386,1407,Vysočina,CZ063,Jihlava,CZ0632,Jihlava,6105,False
537292,Kněžice (okr. Nymburk),565,564,Středočeský,CZ020,Nymburk,CZ0208,Poděbrady,2119,False
551481,Kněžičky (okr. Nymburk),197,189,Středočeský,CZ020,Nymburk,CZ0208,Poděbrady,2119,False
536041,Kněžmost (okr. Mladá Boleslav),2346,2331,Středočeský,CZ020,Mladá Boleslav,CZ0207,Mnichovo Hradiště,2116,False
573043,Kněžnice (okr. Jičín),271,269,Královéhradecký,CZ052,Jičín,CZ0522,Jičín,5207,False
592269,Kněžpole (okr. Uherské Hradiště),1039,1055,Zlínský,CZ072,Uherské Hradiště,CZ0722,Uherské Hradiště,7207,False
581739,Knínice (okr. Blansko),979,979,Jihomoravský,CZ064,Blansko,CZ0641,Boskovice,6202,False
587389,Knínice (okr. Jihlava),192,195,Vysočina,CZ063,Jihlava,CZ0632,Telč,6112,False
598461,Kňovice (okr. Příbram),334,335,Středočeský,CZ020,Příbram,CZ020B,Sedlčany,2123,False
532487,Knovíz (okr. Kladno),604,591,Středočeský,CZ020,Kladno,CZ0203,Slaný,2124,False
548286,Knyk (okr. Havlíčkův Brod),439,434,Vysočina,CZ063,Havlíčkův Brod,CZ0631,Havlíčkův Brod,6102,False
548146,Koberovice (okr. Pelhřimov),181,175,Vysočina,CZ063,Pelhřimov,CZ0633,Humpolec,6103,False
563641,Koberovy (okr. Jablonec nad Nisou),998,1007,Liberecký,CZ051,Jablonec nad Nisou,CZ0512,Železný Brod,5110,False
507504,Kobeřice (okr. Opava),3194,3197,Moravskoslezský,CZ080,Opava,CZ0805,Kravaře,8113,False
593141,Kobeřice u Brna (okr. Vyškov),735,720,Jihomoravský,CZ064,Vyškov,CZ0646,Slavkov u Brna,6215,False
557218,Kobylá nad Vidnavkou (okr. Jeseník),353,367,Olomoucký,CZ071,Jeseník,CZ0711,Jeseník,7102,False
584568,Kobylí (okr. Břeclav),1961,1983,Jihomoravský,CZ064,Břeclav,CZ0644,Hustopeče,6207,False
573710,Kobylice (okr. Hradec Králové),260,259,Královéhradecký,CZ052,Hradec Králové,CZ0521,Nový Bydžov,5212,False
583219,Kobylnice (okr. Brno-venkov),1261,1258,Jihomoravský,CZ064,Brno-venkov,CZ0643,Šlapanice,6216,False
531405,Kobylnice (okr. Kutná Hora),224,216,Středočeský,CZ020,Kutná Hora,CZ0205,Kutná Hora,2112,False
571172,Kobylnice (okr. Mladá Boleslav),168,169,Středočeský,CZ020,Mladá Boleslav,CZ0207,Mladá Boleslav,2115,False
564141,Kobyly (okr. Liberec),381,386,Liberecký,CZ051,Liberec,CZ0513,Turnov,5109,False
579394,Kocbeře (okr. Trutnov),517,519,Královéhradecký,CZ052,Trutnov,CZ0525,Dvůr Králové nad Labem,5203,False
536601,Kocelovice (okr. Strakonice),159,162,Jihočeský,CZ031,Strakonice,CZ0316,Blatná,3101,False
536067,Kochánky (okr. Mladá Boleslav),516,515,Středočeský,CZ020,Mladá Boleslav,CZ0207,Mladá Boleslav,2115,False
548529,Kochánov (okr. Havlíčkův Brod),181,183,Vysočina,CZ063,Havlíčkův Brod,CZ0631,Havlíčkův Brod,6102,False
578231,Koclířov (okr. Svitavy),740,726,Pardubický,CZ053,Svitavy,CZ0533,Svitavy,5312,False
571610,Kočí (okr. Chrudim),727,739,Pardubický,CZ053,Chrudim,CZ0531,Chrudim,5304,False
578771,Kočín (okr. Plzeň-sever),105,116,Plzeňský,CZ032,Plzeň-sever,CZ0325,Kralovice,3206,False
541559,Kočov (okr. Tachov),225,220,Plzeňský,CZ032,Tachov,CZ0327,Tachov,3215,False
579408,Kohoutov (okr. Trutnov),310,304,Královéhradecký,CZ052,Trutnov,CZ0525,Dvůr Králové nad Labem,5203,False
590851,Kojatice (okr. Třebíč),231,247,Vysočina,CZ063,Třebíč,CZ0634,Moravské Budějovice,6106,False
510645,Kojatín (okr. Třebíč),87,92,Vysočina,CZ063,Třebíč,CZ0634,Třebíč,6113,False
593150,Kojátky (okr. Vyškov),360,370,Jihomoravský,CZ064,Vyškov,CZ0646,Bučovice,6205,False
598712,Kojčice (okr. Pelhřimov),354,353,Vysočina,CZ063,Pelhřimov,CZ0633,Pelhřimov,6110,False
538345,Kojetice (okr. Mělník),1050,1027,Středočeský,CZ020,Mělník,CZ0206,Neratovice,2117,False
590860,Kojetice (okr. Třebíč),463,460,Vysočina,CZ063,Třebíč,CZ0634,Třebíč,6113,False
568881,Kojetín (okr. Havlíčkův Brod),194,174,Vysočina,CZ063,Havlíčkův Brod,CZ0631,Havlíčkův Brod,6102,False
514055,Kojetín (okr. Přerov),5721,5748,Olomoucký,CZ071,Přerov,CZ0714,Přerov,7109,False
575194,Kojice (okr. Pardubice),442,443,Pardubický,CZ053,Pardubice,CZ0532,Přelouč,5311,False
541494,Kokašice (okr. Tachov),282,272,Plzeňský,CZ032,Tachov,CZ0327,Stříbro,3213,False
514152,Kokory (okr. Přerov),1064,1087,Olomoucký,CZ071,Přerov,CZ0714,Přerov,7109,False
534901,Kokořín (okr. Mělník),405,399,Středočeský,CZ020,Mělník,CZ0206,Mělník,2114,False
537306,Kolaje (okr. Nymburk),85,87,Středočeský,CZ020,Nymburk,CZ0208,Poděbrady,2119,False
580465,Koldín (okr. Ústí nad Orlicí),368,366,Pardubický,CZ053,Ústí nad Orlicí,CZ0534,Vysoké Mýto,5314,False
532495,Koleč (okr. Kladno),624,614,Středočeský,CZ020,Kladno,CZ0203,Kladno,2109,False
565199,Kolešov (okr. Rakovník),154,154,Středočeský,CZ020,Rakovník,CZ020C,Rakovník,2121,False
541893,Kolešovice (okr. Rakovník),840,833,Středočeský,CZ020,Rakovník,CZ020C,Rakovník,2121,False
533165,Kolín (okr. Kolín),33392,33444,Středočeský,CZ020,Kolín,CZ0204,Kolín,2110,False
556467,Kolinec (okr. Klatovy),1427,1438,Plzeňský,CZ032,Klatovy,CZ0322,Sušice,3214,False
570974,Kolomuty (okr. Mladá Boleslav),460,453,Středočeský,CZ020,Mladá Boleslav,CZ0207,Mladá Boleslav,2115,False
555258,Kolová (okr. Karlovy Vary),952,924,Karlovarský,CZ041,Karlovy Vary,CZ0412,Karlovy Vary,4103,False
553816,Koloveč (okr. Domažlice),1011,1030,Plzeňský,CZ032,Domažlice,CZ0321,Domažlice,3202,False
536733,Kolšov (okr. Šumperk),701,709,Olomoucký,CZ071,Šumperk,CZ0715,Zábřeh,7113,False
588598,Komárno (okr. Kroměříž),254,262,Zlínský,CZ072,Kroměříž,CZ0721,Bystřice pod Hostýnem,7201,False
531324,Komárov (okr. Beroun),2439,2426,Středočeský,CZ020,Beroun,CZ0202,Hořovice,2108,False
547123,Komárov (okr. Olomouc),224,221,Olomoucký,CZ071,Olomouc,CZ0712,Šternberk,7110,False
599280,Komárov (okr. Tábor),129,128,Jihočeský,CZ031,Tábor,CZ0317,Soběslav,3110,False
549436,Komárov (okr. Zlín),312,313,Zlínský,CZ072,Zlín,CZ0724,Otrokovice,7205,False
590878,Komárovice (okr. Třebíč),113,121,Vysočina,CZ063,Třebíč,CZ0634,Moravské Budějovice,6106,False
535877,Komařice (okr. České Budějovice),364,366,Jihočeský,CZ031,České Budějovice,CZ0311,České Budějovice,3102,False
592277,Komňa (okr. Uherské Hradiště),499,510,Zlínský,CZ072,Uherské Hradiště,CZ0722,Uherský Brod,7208,False
507237,Komorní Lhotka (okr. Frýdek-Místek),1517,1515,Moravskoslezský,CZ080,Frýdek-Místek,CZ0802,Třinec,8121,False
548162,Komorovice (okr. Pelhřimov),202,213,Vysočina,CZ063,Pelhřimov,CZ0633,Humpolec,6103,False
593168,Komořany (okr. Vyškov),781,767,Jihomoravský,CZ064,Vyškov,CZ0646,Vyškov,6219,False
533394,Konárovice (okr. Kolín),1029,974,Středočeský,CZ020,Kolín,CZ0204,Kolín,2110,False
529931,Kondrac (okr. Benešov),535,529,Středočeský,CZ020,Benešov,CZ0201,Vlašim,2125,False
573051,Konecchlumí (okr. Jičín),424,421,Královéhradecký,CZ052,Jičín,CZ0522,Jičín,5207,False
531332,Koněprusy (okr. Beroun),263,256,Středočeský,CZ020,Beroun,CZ0202,Beroun,2102,False
590886,Koněšín (okr. Třebíč),510,507,Vysočina,CZ063,Třebíč,CZ0634,Třebíč,6113,False
531553,Konětopy (okr. Praha-východ),344,345,Středočeský,CZ020,Praha-východ,CZ0209,Brandýs nad Labem-Stará Boleslav,2103,False
589624,Konice (okr. Prostějov),2620,2664,Olomoucký,CZ071,Prostějov,CZ0713,Konice,7103,False
564761,Konojedy (okr. Praha-východ),290,290,Středočeský,CZ020,Praha-východ,CZ0209,Říčany,2122,False
560952,Konstantinovy Lázně (okr. Tachov),908,909,Plzeňský,CZ032,Tachov,CZ0327,Stříbro,3213,False
573060,Kopidlno (okr. Jičín),2135,2157,Královéhradecký,CZ052,Jičín,CZ0522,Jičín,5207,False
559024,Kopidlo (okr. Plzeň-sever),140,148,Plzeňský,CZ032,Plzeň-sever,CZ0325,Kralovice,3206,False
553247,Kopřivná (okr. Šumperk),305,286,Olomoucký,CZ071,Šumperk,CZ0715,Šumperk,7111,False
599565,Kopřivnice (okr. Nový Jičín),21245,21374,Moravskoslezský,CZ080,Nový Jičín,CZ0804,Kopřivnice,8112,False
599204,Korkyně (okr. Příbram),143,141,Středočeský,CZ020,Příbram,CZ020B,Dobříš,2107,False
579033,Kornatice (okr. Rokycany),294,287,Plzeňský,CZ032,Rokycany,CZ0326,Rokycany,3211,False
533793,Korno (okr. Beroun),119,123,Středočeský,CZ020,Beroun,CZ0202,Beroun,2102,False
594253,Korolupy (okr. Znojmo),155,157,Jihomoravský,CZ064,Znojmo,CZ0647,Znojmo,6220,False
578258,Korouhev (okr. Svitavy),810,799,Pardubický,CZ053,Svitavy,CZ0533,Polička,5310,False
595861,Koroužné (okr. Žďár nad Sázavou),247,245,Vysočina,CZ063,Žďár nad Sázavou,CZ0635,Bystřice nad Pernštejnem,6101,False
567221,Korozluky (okr. Most),273,265,Ústecký,CZ042,Most,CZ0425,Most,4209,False
578266,Koruna (okr. Svitavy),167,164,Pardubický,CZ053,Svitavy,CZ0533,Moravská Třebová,5308,False
588601,Koryčany (okr. Kroměříž),2744,2732,Zlínský,CZ072,Kroměříž,CZ0721,Kroměříž,7203,False
599557,Koryta (okr. Mladá Boleslav),109,119,Středočeský,CZ020,Mladá Boleslav,CZ0207,Mnichovo Hradiště,2116,False
559032,Koryta (okr. Plzeň-sever),121,123,Plzeňský,CZ032,Plzeň-sever,CZ0325,Kralovice,3206,False
592285,Korytná (okr. Uherské Hradiště),894,902,Zlínský,CZ072,Uherské Hradiště,CZ0722,Uherský Brod,7208,False
581755,Kořenec (okr. Blansko),381,374,Jihomoravský,CZ064,Blansko,CZ0641,Boskovice,6202,False
533408,Kořenice (okr. Kolín),631,613,Středočeský,CZ020,Kolín,CZ0204,Kolín,2110,False
563668,Kořenov (okr. Jablonec nad Nisou),934,937,Liberecký,CZ051,Jablonec nad Nisou,CZ0512,Tanvald,5108,False
570176,Kosice (okr. Hradec Králové),348,345,Královéhradecký,CZ052,Hradec Králové,CZ0521,Hradec Králové,5205,False
570184,Kosičky (okr. Hradec Králové),337,340,Královéhradecký,CZ052,Hradec Králové,CZ0521,Hradec Králové,5205,False
570826,Kosmonosy (okr. Mladá Boleslav),5437,5247,Středočeský,CZ020,Mladá Boleslav,CZ0207,Mladá Boleslav,2115,False
539392,Kosoř (okr. Praha-západ),864,874,Středočeský,CZ020,Praha-západ,CZ020A,Černošice,2105,False
536121,Kosořice (okr. Mladá Boleslav),527,519,Středočeský,CZ020,Mladá Boleslav,CZ0207,Mladá Boleslav,2115,False
574449,Kosořín (okr. Ústí nad Orlicí),200,199,Pardubický,CZ053,Ústí nad Orlicí,CZ0534,Vysoké Mýto,5314,False
536814,Kosov (okr. Šumperk),321,321,Olomoucký,CZ071,Šumperk,CZ0715,Zábřeh,7113,False
540498,Kosova Hora (okr. Příbram),1350,1373,Středočeský,CZ020,Příbram,CZ020B,Sedlčany,2123,False
592293,Kostelany nad Moravou (okr. Uherské Hradiště),876,889,Zlínský,CZ072,Uherské Hradiště,CZ0722,Uherské Hradiště,7207,False
588521,Kostelany (okr. Kroměříž),630,653,Zlínský,CZ072,Kroměříž,CZ0721,Kroměříž,7203,False
589632,Kostelec na Hané (okr. Prostějov),2857,2832,Olomoucký,CZ071,Prostějov,CZ0713,Prostějov,7108,False
533416,Kostelec nad Černými lesy (okr. Praha-východ),4360,4156,Středočeský,CZ020,Praha-východ,CZ0209,Říčany,2122,False
534935,Kostelec nad Labem (okr. Mělník),4459,4462,Středočeský,CZ020,Mělník,CZ0206,Neratovice,2117,False
576361,Kostelec nad Orlicí (okr. Rychnov nad Kněžnou),6224,6252,Královéhradecký,CZ052,Rychnov nad Kněžnou,CZ0524,Kostelec nad Orlicí,5208,False
549509,Kostelec nad Vltavou (okr. Písek),392,394,Jihočeský,CZ031,Písek,CZ0314,Milevsko,3107,False
586277,Kostelec (okr. Hodonín),863,860,Jihomoravský,CZ064,Hodonín,CZ0645,Kyjov,6210,False
548928,Kostelec (okr. Jičín),38,38,Královéhradecký,CZ052,Jičín,CZ0522,Jičín,5207,False
587401,Kostelec (okr. Jihlava),983,1024,Vysočina,CZ063,Jihlava,CZ0632,Jihlava,6105,False
503916,Kostelec (okr. Tachov),652,619,Plzeňský,CZ032,Tachov,CZ0327,Stříbro,3213,False
571628,Kostelec u Heřmanova Městce (okr. Chrudim),390,390,Pardubický,CZ053,Chrudim,CZ0531,Chrudim,5304,False
588610,Kostelec u Holešova (okr. Kroměříž),979,979,Zlínský,CZ072,Kroměříž,CZ0721,Holešov,7202,False
538370,Kostelec u Křížků (okr. Praha-východ),784,770,Středočeský,CZ020,Praha-východ,CZ0209,Říčany,2122,False
576387,Kostelecké Horky (okr. Rychnov nad Kněžnou),177,179,Královéhradecký,CZ052,Rychnov nad Kněžnou,CZ0524,Kostelec nad Orlicí,5208,False
536130,Kostelní Hlavno (okr. Praha-východ),512,518,Středočeský,CZ020,Praha-východ,CZ0209,Brandýs nad Labem-Stará Boleslav,2103,False
537314,Kostelní Lhota (okr. Nymburk),986,965,Středočeský,CZ020,Nymburk,CZ0208,Nymburk,2118,False
587419,Kostelní Myslová (okr. Jihlava),92,91,Vysočina,CZ063,Jihlava,CZ0632,Telč,6112,False
509108,Kostelní Radouň (okr. Jindřichův Hradec),298,304,Jihočeský,CZ031,Jindřichův Hradec,CZ0313,Jindřichův Hradec,3105,False
508357,Kostelní Vydří (okr. Jindřichův Hradec),164,156,Jihočeský,CZ031,Jindřichův Hradec,CZ0313,Dačice,3104,False
575232,Kostěnice (okr. Pardubice),583,580,Pardubický,CZ053,Pardubice,CZ0532,Pardubice,5309,False
584576,Kostice (okr. Břeclav),1861,1872,Jihomoravský,CZ064,Břeclav,CZ0644,Břeclav,6204,False
590894,Kostníky (okr. Třebíč),190,193,Vysočina,CZ063,Třebíč,CZ0634,Moravské Budějovice,6106,False
529630,Kostomlátky (okr. Nymburk),328,318,Středočeský,CZ020,Nymburk,CZ0208,Nymburk,2118,False
537331,Kostomlaty nad Labem (okr. Nymburk),1939,1914,Středočeský,CZ020,Nymburk,CZ0208,Nymburk,2118,False
567612,Kostomlaty pod Milešovkou (okr. Teplice),916,905,Ústecký,CZ042,Teplice,CZ0426,Teplice,4213,False
565059,Kostomlaty pod Řípem (okr. Litoměřice),421,424,Ústecký,CZ042,Litoměřice,CZ0423,Roudnice nad Labem,4211,False
507458,Košařiska (okr. Frýdek-Místek),361,368,Moravskoslezský,CZ080,Frýdek-Místek,CZ0802,Třinec,8121,False
566047,Košátky (okr. Mladá Boleslav),237,234,Středočeský,CZ020,Mladá Boleslav,CZ0207,Mladá Boleslav,2115,False
548171,Košetice (okr. Pelhřimov),760,752,Vysočina,CZ063,Pelhřimov,CZ0633,Pelhřimov,6110,False
551465,Košice (okr. Kutná Hora),58,58,Středočeský,CZ020,Kutná Hora,CZ0205,Kutná Hora,2112,False
552585,Košice (okr. Tábor),773,774,Jihočeský,CZ031,Tábor,CZ0317,Tábor,3112,False
537349,Košík (okr. Nymburk),361,358,Středočeský,CZ020,Nymburk,CZ0208,Nymburk,2118,False
592307,Košíky (okr. Uherské Hradiště),436,431,Zlínský,CZ072,Uherské Hradiště,CZ0722,Uherské Hradiště,7207,False
562955,Košín (okr. Tábor),107,103,Jihočeský,CZ031,Tábor,CZ0317,Tábor,3112,False
577235,Košťálov (okr. Semily),1672,1657,Liberecký,CZ051,Semily,CZ0514,Semily,5107,False
567621,Košťany (okr. Teplice),3264,3239,Ústecký,CZ042,Teplice,CZ0426,Teplice,4213,False
566284,Koštice (okr. Louny),610,611,Ústecký,CZ042,Louny,CZ0424,Louny,4207,False
513555,Kotenčice (okr. Příbram),216,218,Středočeský,CZ020,Příbram,CZ020B,Příbram,2120,False
595870,Kotlasy (okr. Žďár nad Sázavou),110,109,Vysočina,CZ063,Žďár nad Sázavou,CZ0635,Žďár nad Sázavou,6115,False
534072,Kotopeky (okr. Beroun),293,298,Středočeský,CZ020,Beroun,CZ0202,Hořovice,2108,False
540633,Kotovice (okr. Plzeň-jih),294,303,Plzeňský,CZ032,Plzeň-jih,CZ0324,Stod,3212,False
581763,Kotvrdovice (okr. Blansko),927,911,Jihomoravský,CZ064,Blansko,CZ0641,Blansko,6201,False
537357,Kounice (okr. Nymburk),1755,1738,Středočeský,CZ020,Nymburk,CZ0208,Lysá nad Labem,2113,False
541907,Kounov (okr. Rakovník),556,558,Středočeský,CZ020,Rakovník,CZ020C,Rakovník,2121,False
576395,Kounov (okr. Rychnov nad Kněžnou),239,238,Královéhradecký,CZ052,Rychnov nad Kněžnou,CZ0524,Dobruška,5202,False
529681,Koupě (okr. Příbram),115,119,Středočeský,CZ020,Příbram,CZ020B,Příbram,2120,False
533424,Kouřim (okr. Kolín),1981,1984,Středočeský,CZ020,Kolín,CZ0204,Kolín,2110,False
553824,Kout na Šumavě (okr. Domažlice),1065,1076,Plzeňský,CZ032,Domažlice,CZ0321,Domažlice,3202,False
548189,Kouty (okr. Havlíčkův Brod),196,196,Vysočina,CZ063,Havlíčkův Brod,CZ0631,Světlá nad Sázavou,6111,False
534943,Kouty (okr. Nymburk),337,334,Středočeský,CZ020,Nymburk,CZ0208,Poděbrady,2119,False
590908,Kouty (okr. Třebíč),417,403,Vysočina,CZ063,Třebíč,CZ0634,Třebíč,6113,False
548944,Kovač (okr. Jičín),147,147,Královéhradecký,CZ052,Jičín,CZ0522,Jičín,5207,False
583227,Kovalovice (okr. Brno-venkov),679,671,Jihomoravský,CZ064,Brno-venkov,CZ0643,Šlapanice,6216,False
589641,Koválovice-Osíčany (okr. Prostějov),271,262,Olomoucký,CZ071,Prostějov,CZ0713,Prostějov,7108,False
571971,Kováň (okr. Mladá Boleslav),156,158,Středočeský,CZ020,Mladá Boleslav,CZ0207,Mladá Boleslav,2115,False
572012,Kovanec (okr. Mladá Boleslav),122,117,Středočeský,CZ020,Mladá Boleslav,CZ0207,Mladá Boleslav,2115,False
537373,Kovanice (okr. Nymburk),974,952,Středočeský,CZ020,Nymburk,CZ0208,Nymburk,2118,False
549517,Kovářov (okr. Písek),1480,1474,Jihočeský,CZ031,Písek,CZ0314,Milevsko,3107,False
563137,Kovářská (okr. Chomutov),966,961,Ústecký,CZ042,Chomutov,CZ0422,Kadaň,4204,False
578177,Kovčín (okr. Klatovy),84,83,Plzeňský,CZ032,Klatovy,CZ0322,Horažďovice,3203,False
581771,Kozárov (okr. Blansko),121,125,Jihomoravský,CZ064,Blansko,CZ0641,Boskovice,6202,False
540536,Kozárovice (okr. Příbram),411,400,Středočeský,CZ020,Příbram,CZ020B,Příbram,2120,False
590916,Kozlany (okr. Třebíč),141,134,Vysočina,CZ063,Třebíč,CZ0634,Třebíč,6113,False
550108,Kozlany (okr. Vyškov),394,398,Jihomoravský,CZ064,Vyškov,CZ0646,Vyškov,6219,False
568899,Kozlov (okr. Havlíčkův Brod),226,229,Vysočina,CZ063,Havlíčkův Brod,CZ0631,Světlá nad Sázavou,6111,False
587427,Kozlov (okr. Jihlava),461,469,Vysočina,CZ063,Jihlava,CZ0632,Jihlava,6105,False
500135,Kozlov (okr. Olomouc),256,266,Olomoucký,CZ071,Olomouc,CZ0712,Olomouc,7107,False
595888,Kozlov (okr. Žďár nad Sázavou),199,194,Vysočina,CZ063,Žďár nad Sázavou,CZ0635,Velké Meziříčí,6114,False
598321,Kozlovice (okr. Frýdek-Místek),3161,3135,Moravskoslezský,CZ080,Frýdek-Místek,CZ0802,Frýdek-Místek,8106,False
540200,Kozlovice (okr. Plzeň-jih),100,101,Plzeňský,CZ032,Plzeň-jih,CZ0324,Nepomuk,3207,False
546232,Kozly (okr. Česká Lípa),150,151,Liberecký,CZ051,Česká Lípa,CZ0511,Česká Lípa,5101,False
530557,Kozly (okr. Louny),125,137,Ústecký,CZ042,Louny,CZ0424,Louny,4207,False
529940,Kozmice (okr. Benešov),423,429,Středočeský,CZ020,Benešov,CZ0201,Benešov,2101,False
547182,Kozmice (okr. Opava),1896,1911,Moravskoslezský,CZ080,Opava,CZ0805,Hlučín,8109,False
572136,Kozojedy (okr. Jičín),164,163,Královéhradecký,CZ052,Jičín,CZ0522,Jičín,5207,False
559041,Kozojedy (okr. Plzeň-sever),642,624,Plzeňský,CZ032,Plzeň-sever,CZ0325,Kralovice,3206,False
533432,Kozojedy (okr. Praha-východ),1009,1004,Středočeský,CZ020,Praha-východ,CZ0209,Říčany,2122,False
565385,Kozojedy (okr. Rakovník),92,86,Středočeský,CZ020,Rakovník,CZ020C,Rakovník,2121,False
586285,Kozojídky (okr. Hodonín),563,553,Jihomoravský,CZ064,Hodonín,CZ0645,Veselí nad Moravou,6218,False
559059,Kozolupy (okr. Plzeň-sever),1075,1078,Plzeňský,CZ032,Plzeň-sever,CZ0325,Nýřany,3208,False
571792,Kozomín (okr. Mělník),496,500,Středočeský,CZ020,Mělník,CZ0206,Kralupy nad Vltavou,2111,False
545309,Kožichovice (okr. Třebíč),479,470,Vysočina,CZ063,Třebíč,CZ0634,Třebíč,6113,False
559067,Kožlany (okr. Plzeň-sever),1520,1511,Plzeňský,CZ032,Plzeň-sever,CZ0325,Kralovice,3206,False
568902,Kožlí (okr. Havlíčkův Brod),861,863,Vysočina,CZ063,Havlíčkův Brod,CZ0631,Světlá nad Sázavou,6111,False
561550,Kožlí (okr. Písek),53,52,Jihočeský,CZ031,Písek,CZ0314,Písek,3108,False
503304,Kožušany-Tážaly (okr. Olomouc),862,870,Olomoucký,CZ071,Olomouc,CZ0712,Olomouc,7107,False
593184,Kožušice (okr. Vyškov),112,110,Jihomoravský,CZ064,Vyškov,CZ0646,Bučovice,6205,False
565067,Krabčice (okr. Litoměřice),957,951,Ústecký,CZ042,Litoměřice,CZ0423,Roudnice nad Labem,4211,False
548618,Kraborovice (okr. Havlíčkův Brod),123,117,Vysočina,CZ063,Havlíčkův Brod,CZ0631,Chotěboř,6104,False
587435,Krahulčí (okr. Jihlava),620,633,Vysočina,CZ063,Jihlava,CZ0632,Telč,6112,False
550710,Krahulov (okr. Třebíč),297,291,Vysočina,CZ063,Třebíč,CZ0634,Třebíč,6113,False
560456,Krajková (okr. Sokolov),920,911,Karlovarský,CZ041,Sokolov,CZ0413,Sokolov,4107,False
536342,Krajníčko (okr. Strakonice),98,96,Jihočeský,CZ031,Strakonice,CZ0316,Vodňany,3117,False
565351,Krakov (okr. Rakovník),140,144,Středočeský,CZ020,Rakovník,CZ020C,Rakovník,2121,False
533441,Krakovany (okr. Kolín),946,934,Středočeský,CZ020,Kolín,CZ0204,Kolín,2110,False
565369,Krakovec (okr. Rakovník),70,69,Středočeský,CZ020,Rakovník,CZ020C,Rakovník,2121,False
589659,Kralice na Hané (okr. Prostějov),1707,1708,Olomoucký,CZ071,Prostějov,CZ0713,Prostějov,7108,False
590941,Kralice nad Oslavou (okr. Třebíč),1012,1010,Vysočina,CZ063,Třebíč,CZ0634,Náměšť nad Oslavou,6107,False
570192,Králíky (okr. Hradec Králové),409,396,Královéhradecký,CZ052,Hradec Králové,CZ0521,Nový Bydžov,5212,False
580481,Králíky (okr. Ústí nad Orlicí),4042,4097,Pardubický,CZ053,Ústí nad Orlicí,CZ0534,Králíky,5305,False
549525,Králova Lhota (okr. Písek),194,198,Jihočeský,CZ031,Písek,CZ0314,Písek,3108,False
576409,Králova Lhota (okr. Rychnov nad Kněžnou),279,262,Královéhradecký,CZ052,Rychnov nad Kněžnou,CZ0524,Dobruška,5202,False
530808,Královec (okr. Trutnov),183,185,Královéhradecký,CZ052,Trutnov,CZ0525,Trutnov,5214,False
535109,Královice (okr. Kladno),270,278,Středočeský,CZ020,Kladno,CZ0203,Slaný,2124,False
559075,Kralovice (okr. Plzeň-sever),3450,3450,Plzeňský,CZ032,Plzeň-sever,CZ0325,Kralovice,3206,False
560464,Královské Poříčí (okr. Sokolov),768,766,Karlovarský,CZ041,Sokolov,CZ0413,Sokolov,4107,False
534951,Kralupy nad Vltavou (okr. Mělník),19138,19005,Středočeský,CZ020,Mělník,CZ0206,Kralupy nad Vltavou,2111,False
533203,Králův Dvůr (okr. Beroun),10677,10598,Středočeský,CZ020,Beroun,CZ0202,Beroun,2102,False
557943,Kramolín (okr. Plzeň-jih),111,110,Plzeňský,CZ032,Plzeň-jih,CZ0324,Nepomuk,3207,False
590959,Kramolín (okr. Třebíč),131,131,Vysočina,CZ063,Třebíč,CZ0634,Náměšť nad Oslavou,6107,False
574546,Kramolna (okr. Náchod),1059,1064,Královéhradecký,CZ052,Náchod,CZ0523,Náchod,5209,False
551261,Kraselov (okr. Strakonice),237,235,Jihočeský,CZ031,Strakonice,CZ0316,Strakonice,3111,False
593192,Krásensko (okr. Vyškov),410,420,Jihomoravský,CZ064,Vyškov,CZ0646,Vyškov,6219,False
580490,Krasíkov (okr. Ústí nad Orlicí),313,300,Pardubický,CZ053,Ústí nad Orlicí,CZ0534,Lanškroun,5306,False
561371,Krasíkovice (okr. Pelhřimov),134,136,Vysočina,CZ063,Pelhřimov,CZ0633,Pelhřimov,6110,False
560472,Kraslice (okr. Sokolov),6369,6432,Karlovarský,CZ041,Sokolov,CZ0413,Kraslice,4104,False
540552,Krásná Hora nad Vltavou (okr. Příbram),1144,1143,Středočeský,CZ020,Příbram,CZ020B,Sedlčany,2123,False
568929,Krásná Hora (okr. Havlíčkův Brod),507,508,Vysočina,CZ063,Havlíčkův Brod,CZ0631,Havlíčkův Brod,6102,False
562611,Krásná Lípa (okr. Děčín),3296,3341,Ústecký,CZ042,Děčín,CZ0421,Rumburk,4212,False
538795,Krásná (okr. Cheb),632,625,Karlovarský,CZ041,Cheb,CZ0411,Aš,4101,False
549673,Krásná (okr. Frýdek-Místek),697,698,Moravskoslezský,CZ080,Frýdek-Místek,CZ0802,Frýdek-Místek,8106,False
536164,Krásná Ves (okr. Mladá Boleslav),186,188,Středočeský,CZ020,Mladá Boleslav,CZ0207,Mladá Boleslav,2115,False
571652,Krásné (okr. Chrudim),156,149,Pardubický,CZ053,Chrudim,CZ0531,Chrudim,5304,False
595896,Krásné (okr. Žďár nad Sázavou),119,121,Vysočina,CZ063,Žďár nad Sázavou,CZ0635,Nové Město na Moravě,6108,False
555304,Krásné Údolí (okr. Karlovy Vary),389,392,Karlovarský,CZ041,Karlovy Vary,CZ0412,Karlovy Vary,4103,False
595900,Krásněves (okr. Žďár nad Sázavou),281,278,Vysočina,CZ063,Žďár nad Sázavou,CZ0635,Žďár nad Sázavou,6115,False
538337,Krásno (okr. Sokolov),712,702,Karlovarský,CZ041,Sokolov,CZ0413,Sokolov,4107,False
566306,Krásný Dvůr (okr. Louny),630,630,Ústecký,CZ042,Louny,CZ0424,Podbořany,4210,False
578045,Krásný Les (okr. Karlovy Vary),361,345,Karlovarský,CZ041,Karlovy Vary,CZ0412,Ostrov,4106,False
564168,Krásný Les (okr. Liberec),474,476,Liberecký,CZ051,Liberec,CZ0513,Frýdlant,5102,False
587443,Krasonice (okr. Jihlava),222,227,Vysočina,CZ063,Jihlava,CZ0632,Telč,6112,False
597511,Krasov (okr. Bruntál),351,355,Moravskoslezský,CZ080,Bruntál,CZ0801,Krnov,8114,False
581780,Krasová (okr. Blansko),480,475,Jihomoravský,CZ064,Blansko,CZ0641,Blansko,6201,False
536806,Krašlovice (okr. Strakonice),172,163,Jihočeský,CZ031,Strakonice,CZ0316,Vodňany,3117,False
559083,Krašovice (okr. Plzeň-sever),353,352,Plzeňský,CZ032,Plzeň-sever,CZ0325,Nýřany,3208,False
568937,Krátká Ves (okr. Havlíčkův Brod),127,127,Vysočina,CZ063,Havlíčkův Brod,CZ0631,Havlíčkův Brod,6102,False
583235,Kratochvilka (okr. Brno-venkov),505,506,Jihomoravský,CZ064,Brno-venkov,CZ0643,Rosice,6214,False
570206,Kratonohy (okr. Hradec Králové),645,620,Královéhradecký,CZ052,Hradec Králové,CZ0521,Hradec Králové,5205,False
560634,Krátošice (okr. Tábor),122,120,Jihočeský,CZ031,Tábor,CZ0317,Tábor,3112,False
537136,Kratušín (okr. Prachatice),42,44,Jihočeský,CZ031,Prachatice,CZ0315,Prachatice,3109,False
561720,Kravaře (okr. Česká Lípa),770,783,Liberecký,CZ051,Česká Lípa,CZ0511,Česká Lípa,5101,False
507580,Kravaře (okr. Opava),6691,6689,Moravskoslezský,CZ080,Opava,CZ0805,Kravaře,8113,False
594261,Kravsko (okr. Znojmo),597,589,Jihomoravský,CZ064,Znojmo,CZ0647,Znojmo,6220,False
534153,Krchleby (okr. Kutná Hora),406,404,Středočeský,CZ020,Kutná Hora,CZ0205,Čáslav,2104,False
537390,Krchleby (okr. Nymburk),804,814,Středočeský,CZ020,Nymburk,CZ0208,Nymburk,2118,False
548685,Krchleby (okr. Rychnov nad Kněžnou),109,107,Královéhradecký,CZ052,Rychnov nad Kněžnou,CZ0524,Kostelec nad Orlicí,5208,False
569372,Krchleby (okr. Šumperk),168,170,Olomoucký,CZ071,Šumperk,CZ0715,Mohelnice,7106,False
552437,Krčmaň (okr. Olomouc),475,484,Olomoucký,CZ071,Olomouc,CZ0712,Olomouc,7107,False
536954,Krejnice (okr. Strakonice),68,72,Jihočeský,CZ031,Strakonice,CZ0316,Strakonice,3111,False
529958,Krhanice (okr. Benešov),1141,1135,Středočeský,CZ020,Benešov,CZ0201,Benešov,2101,False
581798,Krhov (okr. Blansko),168,163,Jihomoravský,CZ064,Blansko,CZ0641,Boskovice,6202,False
590967,Krhov (okr. Třebíč),180,177,Vysočina,CZ063,Třebíč,CZ0634,Třebíč,6113,False
500062,Krhová (okr. Vsetín),2165,2161,Zlínský,CZ072,Vsetín,CZ0723,Valašské Meziříčí,7210,False
594270,Krhovice (okr. Znojmo),643,631,Jihomoravský,CZ064,Znojmo,CZ0647,Znojmo,6220,False
598348,Krmelín (okr. Frýdek-Místek),2381,2356,Moravskoslezský,CZ080,Frýdek-Místek,CZ0802,Frýdek-Místek,8106,False
529974,Krňany (okr. Benešov),520,507,Středočeský,CZ020,Benešov,CZ0201,Benešov,2101,False
597520,Krnov (okr. Bruntál),22303,22518,Moravskoslezský,CZ080,Bruntál,CZ0801,Krnov,8114,False
536172,Krnsko (okr. Mladá Boleslav),592,593,Středočeský,CZ020,Mladá Boleslav,CZ0207,Mladá Boleslav,2115,False
590975,Krokočín (okr. Třebíč),201,210,Vysočina,CZ063,Třebíč,CZ0634,Náměšť nad Oslavou,6107,False
588296,Kroměříž (okr. Kroměříž),27781,27917,Zlínský,CZ072,Kroměříž,CZ0721,Kroměříž,7203,False
561738,Krompach (okr. Česká Lípa),179,179,Liberecký,CZ051,Česká Lípa,CZ0511,Nový Bor,5106,False
536181,Kropáčova Vrutice (okr. Mladá Boleslav),940,944,Středočeský,CZ020,Mladá Boleslav,CZ0207,Mladá Boleslav,2115,False
541940,Kroučová (okr. Rakovník),285,285,Středočeský,CZ020,Rakovník,CZ020C,Rakovník,2121,False
571661,Krouna (okr. Chrudim),1399,1395,Pardubický,CZ053,Chrudim,CZ0531,Hlinsko,5302,False
559091,Krsy (okr. Plzeň-sever),264,264,Plzeňský,CZ032,Plzeň-sever,CZ0325,Nýřany,3208,False
563030,Krtov (okr. Tábor),170,164,Jihočeský,CZ031,Tábor,CZ0317,Tábor,3112,False
598500,Krty (okr. Rakovník),123,124,Středočeský,CZ020,Rakovník,CZ020C,Rakovník,2121,False
536555,Krty-Hradec (okr. Strakonice),127,127,Jihočeský,CZ031,Strakonice,CZ0316,Strakonice,3111,False
568945,Krucemburk (okr. Havlíčkův Brod),1583,1569,Vysočina,CZ063,Havlíčkův Brod,CZ0631,Chotěboř,6104,False
577243,Kruh (okr. Semily),513,507,Liberecký,CZ051,Semily,CZ0514,Jilemnice,5104,False
589667,Krumsín (okr. Prostějov),598,584,Olomoucký,CZ071,Prostějov,CZ0713,Prostějov,7108,False
584584,Krumvíř (okr. Břeclav),1297,1279,Jihomoravský,CZ064,Břeclav,CZ0644,Hustopeče,6207,False
533459,Krupá (okr. Kolín),406,407,Středočeský,CZ020,Kolín,CZ0204,Český Brod,2106,False
541966,Krupá (okr. Rakovník),459,457,Středočeský,CZ020,Rakovník,CZ020C,Rakovník,2121,False
567639,Krupka (okr. Teplice),12731,12793,Ústecký,CZ042,Teplice,CZ0426,Teplice,4213,False
541974,Krušovice (okr. Rakovník),634,620,Středočeský,CZ020,Rakovník,CZ020C,Rakovník,2121,False
568180,Kružberk (okr. Opava),243,239,Moravskoslezský,CZ080,Opava,CZ0805,Vítkov,8122,False
599484,Krychnov (okr. Kolín),107,107,Středočeský,CZ020,Kolín,CZ0204,Kolín,2110,False
566314,Kryry (okr. Louny),2355,2361,Ústecký,CZ042,Louny,CZ0424,Podbořany,4210,False
564176,Kryštofovo Údolí (okr. Liberec),434,431,Liberecký,CZ051,Liberec,CZ0513,Liberec,5105,False
563315,Kryštofovy Hamry (okr. Chomutov),155,164,Ústecký,CZ042,Chomutov,CZ0422,Kadaň,4204,False
548201,Křeč (okr. Pelhřimov),232,237,Vysočina,CZ063,Pelhřimov,CZ0633,Pelhřimov,6110,False
533467,Křečhoř (okr. Kolín),584,572,Středočeský,CZ020,Kolín,CZ0204,Kolín,2110,False
537403,Křečkov (okr. Nymburk),449,439,Středočeský,CZ020,Nymburk,CZ0208,Poděbrady,2119,False
529991,Křečovice (okr. Benešov),811,815,Středočeský,CZ020,Benešov,CZ0201,Benešov,2101,False
586960,Křekov (okr. Zlín),195,192,Zlínský,CZ072,Zlín,CZ0724,Valašské Klobouky,7209,False
554901,Křelov-Břuchotín (okr. Olomouc),1996,2009,Olomoucký,CZ071,Olomouc,CZ0712,Olomouc,7107,False
548219,Křelovice (okr. Pelhřimov),328,327,Vysočina,CZ063,Pelhřimov,CZ0633,Pelhřimov,6110,False
559105,Křelovice (okr. Plzeň-sever),227,240,Plzeňský,CZ032,Plzeň-sever,CZ0325,Nýřany,3208,False
545571,Křemže (okr. Český Krumlov),3012,2989,Jihočeský,CZ031,Český Krumlov,CZ0312,Český Krumlov,3103,False
534960,Křenek (okr. Praha-východ),332,324,Středočeský,CZ020,Praha-východ,CZ0209,Brandýs nad Labem-Stará Boleslav,2103,False
556505,Křenice (okr. Klatovy),218,218,Plzeňský,CZ032,Klatovy,CZ0322,Klatovy,3205,False
564991,Křenice (okr. Praha-východ),1062,1057,Středočeský,CZ020,Praha-východ,CZ0209,Říčany,2122,False
578274,Křenov (okr. Svitavy),393,397,Pardubický,CZ053,Svitavy,CZ0533,Moravská Třebová,5308,False
562181,Křenovice (okr. Písek),183,180,Jihočeský,CZ031,Písek,CZ0314,Písek,3108,False
569143,Křenovice (okr. Přerov),458,452,Olomoucký,CZ071,Přerov,CZ0714,Přerov,7109,False
593214,Křenovice (okr. Vyškov),2083,2068,Jihomoravský,CZ064,Vyškov,CZ0646,Slavkov u Brna,6215,False
553832,Křenovy (okr. Domažlice),147,148,Plzeňský,CZ032,Domažlice,CZ0321,Horšovský Týn,3204,False
540579,Křepenice (okr. Příbram),212,212,Středočeský,CZ020,Příbram,CZ020B,Sedlčany,2123,False
584592,Křepice (okr. Břeclav),1330,1334,Jihomoravský,CZ064,Břeclav,CZ0644,Hustopeče,6207,False
594288,Křepice (okr. Znojmo),113,118,Jihomoravský,CZ064,Znojmo,CZ0647,Znojmo,6220,False
534161,Křesetice (okr. Kutná Hora),748,742,Středočeský,CZ020,Kutná Hora,CZ0205,Kutná Hora,2112,False
565075,Křesín (okr. Litoměřice),335,330,Ústecký,CZ042,Litoměřice,CZ0423,Lovosice,4208,False
565083,Křešice (okr. Litoměřice),1473,1484,Ústecký,CZ042,Litoměřice,CZ0423,Litoměřice,4205,False
548227,Křešín (okr. Pelhřimov),189,184,Vysočina,CZ063,Pelhřimov,CZ0633,Pelhřimov,6110,False
540587,Křešín (okr. Příbram),152,147,Středočeský,CZ020,Příbram,CZ020B,Příbram,2120,False
581801,Křetín (okr. Blansko),482,476,Jihomoravský,CZ064,Blansko,CZ0641,Boskovice,6202,False
572861,Křičeň (okr. Pardubice),302,311,Pardubický,CZ053,Pardubice,CZ0532,Pardubice,5309,False
587842,Křídla (okr. Žďár nad Sázavou),369,367,Vysočina,CZ063,Žďár nad Sázavou,CZ0635,Nové Město na Moravě,6108,False
550086,Křídlůvky (okr. Znojmo),249,250,Jihomoravský,CZ064,Znojmo,CZ0647,Znojmo,6220,False
563161,Křimov (okr. Chomutov),443,435,Ústecký,CZ042,Chomutov,CZ0422,Chomutov,4203,False
537411,Křinec (okr. Nymburk),1391,1369,Středočeský,CZ020,Nymburk,CZ0208,Nymburk,2118,False
574171,Křinice (okr. Náchod),436,431,Královéhradecký,CZ052,Náchod,CZ0523,Broumov,5201,False
561673,Křišťanov (okr. Prachatice),89,86,Jihočeský,CZ031,Prachatice,CZ0315,Prachatice,3109,False
597538,Křišťanovice (okr. Bruntál),220,227,Moravskoslezský,CZ080,Bruntál,CZ0801,Bruntál,8103,False
541982,Křivoklát (okr. Rakovník),655,674,Středočeský,CZ020,Rakovník,CZ020C,Rakovník,2121,False
530000,Křivsoudov (okr. Benešov),490,472,Středočeský,CZ020,Benešov,CZ0201,Vlašim,2125,False
595918,Křižánky (okr. Žďár nad Sázavou),403,399,Vysočina,CZ063,Žďár nad Sázavou,CZ0635,Nové Město na Moravě,6108,False
509752,Křižanov (okr. Písek),94,94,Jihočeský,CZ031,Písek,CZ0314,Milevsko,3107,False
595926,Křižanov (okr. Žďár nad Sázavou),1811,1827,Vysočina,CZ063,Žďár nad Sázavou,CZ0635,Velké Meziříčí,6114,False
547824,Křižanovice (okr. Chrudim),123,123,Pardubický,CZ053,Chrudim,CZ0531,Chrudim,5304,False
593222,Křižanovice (okr. Vyškov),826,852,Jihomoravský,CZ064,Vyškov,CZ0646,Bučovice,6205,False
593231,Křižanovice u Vyškova (okr. Vyškov),140,143,Jihomoravský,CZ064,Vyškov,CZ0646,Vyškov,6219,False
564184,Křižany (okr. Liberec),861,843,Liberecký,CZ051,Liberec,CZ0513,Liberec,5105,False
595934,Křižínkov (okr. Brno-venkov),229,224,Jihomoravský,CZ064,Brno-venkov,CZ0643,Tišnov,6217,False
538418,Křížkový Újezdec (okr. Praha-východ),338,322,Středočeský,CZ020,Praha-východ,CZ0209,Říčany,2122,False
554596,Křižovatka (okr. Cheb),261,261,Karlovarský,CZ041,Cheb,CZ0411,Cheb,4102,False
595951,Křoví (okr. Žďár nad Sázavou),641,644,Vysočina,CZ063,Žďár nad Sázavou,CZ0635,Velké Meziříčí,6114,False
581810,Křtěnov (okr. Blansko),200,207,Jihomoravský,CZ064,Blansko,CZ0641,Boskovice,6202,False
581828,Křtiny (okr. Blansko),814,819,Jihomoravský,CZ064,Blansko,CZ0641,Blansko,6201,False
552780,Křtomil (okr. Přerov),406,409,Olomoucký,CZ071,Přerov,CZ0714,Přerov,7109,False
571717,Kšely (okr. Kolín),223,230,Středočeský,CZ020,Kolín,CZ0204,Český Brod,2106,False
560979,Kšice (okr. Tachov),238,241,Plzeňský,CZ032,Tachov,CZ0327,Stříbro,3213,False
550329,Ktiš (okr. Prachatice),477,469,Jihočeský,CZ031,Prachatice,CZ0315,Prachatice,3109,False
547484,Ktová (okr. Semily),222,243,Liberecký,CZ051,Semily,CZ0514,Turnov,5109,False
531375,Kublov (okr. Beroun),676,677,Středočeský,CZ020,Beroun,CZ0202,Beroun,2102,False
563978,Kubova Huť (okr. Prachatice),92,96,Jihočeský,CZ031,Prachatice,CZ0315,Vimperk,3116,False
594296,Kubšice (okr. Znojmo),195,180,Jihomoravský,CZ064,Znojmo,CZ0647,Moravský Krumlov,6212,False
594300,Kuchařovice (okr. Znojmo),916,905,Jihomoravský,CZ064,Znojmo,CZ0647,Znojmo,6220,False
593249,Kučerov (okr. Vyškov),494,496,Jihomoravský,CZ064,Vyškov,CZ0646,Vyškov,6219,False
549541,Kučeř (okr. Písek),183,181,Jihočeský,CZ031,Písek,CZ0314,Milevsko,3107,False
592323,Kudlovice (okr. Uherské Hradiště),958,978,Zlínský,CZ072,Uherské Hradiště,CZ0722,Uherské Hradiště,7207,False
555312,Kujavy (okr. Nový Jičín),584,571,Moravskoslezský,CZ080,Nový Jičín,CZ0804,Bílovec,8101,False
572594,Kukle (okr. Svitavy),84,90,Pardubický,CZ053,Svitavy,CZ0533,Svitavy,5312,False
595969,Kuklík (okr. Žďár nad Sázavou),196,193,Vysočina,CZ063,Žďár nad Sázavou,CZ0635,Nové Město na Moravě,6108,False
579416,Kuks (okr. Trutnov),243,256,Královéhradecký,CZ052,Trutnov,CZ0525,Dvůr Králové nad Labem,5203,False
581836,Kulířov (okr. Blansko),159,167,Jihomoravský,CZ064,Blansko,CZ0641,Blansko,6201,False
579424,Kunčice nad Labem (okr. Trutnov),588,588,Královéhradecký,CZ052,Trutnov,CZ0525,Vrchlabí,5215,False
570214,Kunčice (okr. Hradec Králové),387,387,Královéhradecký,CZ052,Hradec Králové,CZ0521,Hradec Králové,5205,False
598356,Kunčice pod Ondřejníkem (okr. Frýdek-Místek),2475,2460,Moravskoslezský,CZ080,Frýdek-Místek,CZ0802,Frýdlant nad Ostravicí,8107,False
578282,Kunčina (okr. Svitavy),1398,1400,Pardubický,CZ053,Svitavy,CZ0533,Moravská Třebová,5308,False
581844,Kunčina Ves (okr. Blansko),66,65,Jihomoravský,CZ064,Blansko,CZ0641,Boskovice,6202,False
595977,Kundratice (okr. Žďár nad Sázavou),180,185,Vysočina,CZ063,Žďár nad Sázavou,CZ0635,Velké Meziříčí,6114,False
559121,Kunějovice (okr. Plzeň-sever),168,174,Plzeňský,CZ032,Plzeň-sever,CZ0325,Nýřany,3208,False
548570,Kunemil (okr. Havlíčkův Brod),127,113,Vysočina,CZ063,Havlíčkův Brod,CZ0631,Světlá nad Sázavou,6111,False
573515,Kunětice (okr. Pardubice),429,438,Pardubický,CZ053,Pardubice,CZ0532,Pardubice,5309,False
581852,Kunice (okr. Blansko),208,209,Jihomoravský,CZ064,Blansko,CZ0641,Boskovice,6202,False
538426,Kunice (okr. Praha-východ),1946,1916,Středočeský,CZ020,Praha-východ,CZ0209,Říčany,2122,False
581861,Kuničky (okr. Blansko),261,256,Jihomoravský,CZ064,Blansko,CZ0641,Blansko,6201,False
568546,Kunín (okr. Nový Jičín),1795,1816,Moravskoslezský,CZ080,Nový Jičín,CZ0804,Nový Jičín,8115,False
588628,Kunkovice (okr. Kroměříž),71,78,Zlínský,CZ072,Kroměříž,CZ0721,Kroměříž,7203,False
530026,Kuňovice (okr. Benešov),83,84,Středočeský,CZ020,Benešov,CZ0201,Vlašim,2125,False
550744,Kunovice (okr. Uherské Hradiště),5592,5570,Zlínský,CZ072,Uherské Hradiště,CZ0722,Uherské Hradiště,7207,False
543021,Kunovice (okr. Vsetín),660,649,Zlínský,CZ072,Vsetín,CZ0723,Valašské Meziříčí,7210,False
546330,Kunratice (okr. Děčín),258,265,Ústecký,CZ042,Děčín,CZ0421,Děčín,4202,False
530433,Kunratice (okr. Liberec),350,344,Liberecký,CZ051,Liberec,CZ0513,Frýdlant,5102,False
561746,Kunratice u Cvikova (okr. Česká Lípa),626,640,Liberecký,CZ051,Česká Lípa,CZ0511,Nový Bor,5106,False
581879,Kunštát (okr. Blansko),2946,2891,Jihomoravský,CZ064,Blansko,CZ0641,Boskovice,6202,False
580503,Kunvald (okr. Ústí nad Orlicí),929,938,Pardubický,CZ053,Ústí nad Orlicí,CZ0534,Žamberk,5315,False
546615,Kunžak (okr. Jindřichův Hradec),1463,1438,Jihočeský,CZ031,Jindřichův Hradec,CZ0313,Jindřichův Hradec,3105,False
583243,Kupařovice (okr. Brno-venkov),393,388,Jihomoravský,CZ064,Brno-venkov,CZ0643,Ivančice,6208,False
555282,Kurdějov (okr. Břeclav),462,462,Jihomoravský,CZ064,Břeclav,CZ0644,Hustopeče,6207,False
550302,Kuroslepy (okr. Třebíč),156,161,Vysočina,CZ063,Třebíč,CZ0634,Náměšť nad Oslavou,6107,False
588636,Kurovice (okr. Kroměříž),258,265,Zlínský,CZ072,Kroměříž,CZ0721,Holešov,7202,False
583251,Kuřim (okr. Brno-venkov),11499,11860,Jihomoravský,CZ064,Brno-venkov,CZ0643,Kuřim,6209,False
560391,Kuřimany (okr. Strakonice),47,47,Jihočeský,CZ031,Strakonice,CZ0316,Strakonice,3111,False
595985,Kuřimská Nová Ves (okr. Brno-venkov),159,156,Jihomoravský,CZ064,Brno-venkov,CZ0643,Tišnov,6217,False
595993,Kuřimské Jestřabí (okr. Brno-venkov),182,178,Jihomoravský,CZ064,Brno-venkov,CZ0643,Tišnov,6217,False
533955,Kutná Hora (okr. Kutná Hora),21787,21642,Středočeský,CZ020,Kutná Hora,CZ0205,Kutná Hora,2112,False
571512,Kutrovice (okr. Kladno),108,109,Středočeský,CZ020,Kladno,CZ0203,Slaný,2124,False
586293,Kuželov (okr. Hodonín),415,395,Jihomoravský,CZ064,Hodonín,CZ0645,Veselí nad Moravou,6218,False
588644,Kvasice (okr. Kroměříž),2196,2189,Zlínský,CZ072,Kroměříž,CZ0721,Kroměříž,7203,False
576425,Kvasiny (okr. Rychnov nad Kněžnou),1724,1658,Královéhradecký,CZ052,Rychnov nad Kněžnou,CZ0524,Rychnov nad Kněžnou,5213,False
536750,Kváskovice (okr. Strakonice),115,119,Jihočeský,CZ031,Strakonice,CZ0316,Strakonice,3111,False
541931,Kvášňovice (okr. Klatovy),125,133,Plzeňský,CZ032,Klatovy,CZ0322,Horažďovice,3203,False
568953,Květinov (okr. Havlíčkův Brod),231,229,Vysočina,CZ063,Havlíčkův Brod,CZ0631,Havlíčkův Brod,6102,False
578291,Květná (okr. Svitavy),425,428,Pardubický,CZ053,Svitavy,CZ0533,Polička,5310,False
564982,Květnice (okr. Praha-východ),2120,2081,Středočeský,CZ020,Praha-východ,CZ0209,Brandýs nad Labem-Stará Boleslav,2103,False
598801,Květov (okr. Písek),110,119,Jihočeský,CZ031,Písek,CZ0314,Milevsko,3107,False
553841,Kvíčovice (okr. Plzeň-jih),440,448,Plzeňský,CZ032,Plzeň-jih,CZ0324,Stod,3212,False
550337,Kvilda (okr. Prachatice),116,123,Jihočeský,CZ031,Prachatice,CZ0315,Vimperk,3116,False
532517,Kvílice (okr. Kladno),88,89,Středočeský,CZ020,Kladno,CZ0203,Slaný,2124,False
546259,Kvítkov (okr. Česká Lípa),234,236,Liberecký,CZ051,Česká Lípa,CZ0511,Česká Lípa,5101,False
529729,Kvítkovice (okr. České Budějovice),135,137,Jihočeský,CZ031,České Budějovice,CZ0311,České Budějovice,3102,False
572047,Kyje (okr. Jičín),90,88,Královéhradecký,CZ052,Jičín,CZ0522,Jičín,5207,False
548308,Kyjov (okr. Havlíčkův Brod),172,162,Vysočina,CZ063,Havlíčkův Brod,CZ0631,Havlíčkův Brod,6102,False
586307,Kyjov (okr. Hodonín),10537,10645,Jihomoravský,CZ064,Hodonín,CZ0645,Kyjov,6210,False
596001,Kyjov (okr. Žďár nad Sázavou),58,52,Vysočina,CZ063,Žďár nad Sázavou,CZ0635,Žďár nad Sázavou,6115,False
512907,Kyjovice (okr. Opava),870,870,Moravskoslezský,CZ080,Opava,CZ0805,Opava,8117,False
594318,Kyjovice (okr. Znojmo),154,158,Jihomoravský,CZ064,Znojmo,CZ0647,Znojmo,6220,False
568970,Kynice (okr. Havlíčkův Brod),103,104,Vysočina,CZ063,Havlíčkův Brod,CZ0631,Světlá nad Sázavou,6111,False
560499,Kynšperk nad Ohří (okr. Sokolov),4537,4527,Karlovarský,CZ041,Sokolov,CZ0413,Sokolov,4107,False
555347,Kyselka (okr. Karlovy Vary),820,841,Karlovarský,CZ041,Karlovy Vary,CZ0412,Karlovy Vary,4103,False
588652,Kyselovice (okr. Kroměříž),500,497,Zlínský,CZ072,Kroměříž,CZ0721,Kroměříž,7203,False
532525,Kyšice (okr. Kladno),614,611,Středočeský,CZ020,Kladno,CZ0203,Kladno,2109,False
559130,Kyšice (okr. Plzeň-město),1148,1121,Plzeňský,CZ032,Plzeň-město,CZ0323,Plzeň,3209,False
565091,Kyškovice (okr. Litoměřice),305,310,Ústecký,CZ042,Litoměřice,CZ0423,Roudnice nad Labem,4211,False
571261,Kytín (okr. Praha-západ),627,633,Středočeský,CZ020,Praha-západ,CZ020A,Černošice,2105,False
562645,Kytlice (okr. Děčín),478,470,Ústecký,CZ042,Děčín,CZ0421,Děčín,4202,False
544701,Labská Stráň (okr. Děčín),239,226,Ústecký,CZ042,Děčín,CZ0421,Děčín,4202,False
575259,Labské Chrčice (okr. Pardubice),320,316,Pardubický,CZ053,Pardubice,CZ0532,Přelouč,5311,False
586315,Labuty (okr. Hodonín),165,161,Jihomoravský,CZ064,Hodonín,CZ0645,Kyjov,6210,False
543098,Lačnov (okr. Vsetín),851,833,Zlínský,CZ072,Vsetín,CZ0723,Vsetín,7212,False
558443,Ladná (okr. Břeclav),1271,1261,Jihomoravský,CZ064,Břeclav,CZ0644,Břeclav,6204,False
567647,Lahošť (okr. Teplice),684,694,Ústecký,CZ042,Teplice,CZ0426,Teplice,4213,False
548804,Lampertice (okr. Trutnov),350,353,Královéhradecký,CZ052,Trutnov,CZ0525,Trutnov,5214,False
594326,Lančov (okr. Znojmo),204,210,Jihomoravský,CZ064,Znojmo,CZ0647,Znojmo,6220,False
579432,Lánov (okr. Trutnov),1771,1789,Královéhradecký,CZ052,Trutnov,CZ0525,Vrchlabí,5215,False
580511,Lanškroun (okr. Ústí nad Orlicí),9845,9776,Pardubický,CZ053,Ústí nad Orlicí,CZ0534,Lanškroun,5306,False
504807,Lány (okr. Chrudim),296,299,Pardubický,CZ053,Chrudim,CZ0531,Chrudim,5304,False
548481,Lány (okr. Havlíčkův Brod),60,60,Vysočina,CZ063,Havlíčkův Brod,CZ0631,Chotěboř,6104,False
541991,Lány (okr. Kladno),2294,2262,Středočeský,CZ020,Kladno,CZ0203,Kladno,2109,False
572845,Lány u Dašic (okr. Pardubice),150,163,Pardubický,CZ053,Pardubice,CZ0532,Pardubice,5309,False
584622,Lanžhot (okr. Břeclav),3625,3637,Jihomoravský,CZ064,Břeclav,CZ0644,Břeclav,6204,False
579441,Lanžov (okr. Trutnov),213,217,Královéhradecký,CZ052,Trutnov,CZ0525,Dvůr Králové nad Labem,5203,False
546623,Lásenice (okr. Jindřichův Hradec),556,553,Jihočeský,CZ031,Jindřichův Hradec,CZ0313,Jindřichův Hradec,3105,False
589675,Laškov (okr. Prostějov),575,567,Olomoucký,CZ071,Prostějov,CZ0713,Prostějov,7108,False
542008,Lašovice (okr. Rakovník),129,131,Středočeský,CZ020,Rakovník,CZ020C,Rakovník,2121,False
596019,Lavičky (okr. Žďár nad Sázavou),725,708,Vysočina,CZ063,Žďár nad Sázavou,CZ0635,Velké Meziříčí,6114,False
578304,Lavičné (okr. Svitavy),129,123,Pardubický,CZ053,Svitavy,CZ0533,Svitavy,5312,False
540625,Láz (okr. Příbram),626,630,Středočeský,CZ020,Příbram,CZ020B,Příbram,2120,False
510556,Láz (okr. Třebíč),289,295,Vysočina,CZ063,Třebíč,CZ0634,Moravské Budějovice,6106,False
581887,Lazinov (okr. Blansko),206,206,Jihomoravský,CZ064,Blansko,CZ0641,Boskovice,6202,False
573094,Lázně Bělohrad (okr. Jičín),3701,3674,Královéhradecký,CZ052,Jičín,CZ0522,Jičín,5207,False
574767,Lázně Bohdaneč (okr. Pardubice),3323,3355,Pardubický,CZ053,Pardubice,CZ0532,Pardubice,5309,False
554600,Lázně Kynžvart (okr. Cheb),1403,1403,Karlovarský,CZ041,Cheb,CZ0411,Mariánské Lázně,4105,False
564206,Lázně Libverda (okr. Liberec),534,526,Liberecký,CZ051,Liberec,CZ0513,Frýdlant,5102,False
538914,Lázně Toušeň (okr. Praha-východ),1500,1501,Středočeský,CZ020,Praha-východ,CZ0209,Brandýs nad Labem-Stará Boleslav,2103,False
514446,Lazníčky (okr. Přerov),182,181,Olomoucký,CZ071,Přerov,CZ0714,Přerov,7109,False
514471,Lazníky (okr. Přerov),534,543,Olomoucký,CZ071,Přerov,CZ0714,Přerov,7109,False
564346,Lazsko (okr. Příbram),214,213,Středočeský,CZ020,Příbram,CZ020B,Příbram,2120,False
583260,Lažánky (okr. Brno-venkov),805,816,Jihomoravský,CZ064,Brno-venkov,CZ0643,Tišnov,6217,False
598950,Lažánky (okr. Strakonice),115,112,Jihočeský,CZ031,Strakonice,CZ0316,Blatná,3101,False
581909,Lažany (okr. Blansko),479,466,Jihomoravský,CZ064,Blansko,CZ0641,Blansko,6201,False
545937,Lažany (okr. Liberec),234,240,Liberecký,CZ051,Liberec,CZ0513,Turnov,5109,False
560197,Lažany (okr. Strakonice),55,55,Jihočeský,CZ031,Strakonice,CZ0316,Blatná,3101,False
550345,Lažiště (okr. Prachatice),308,316,Jihočeský,CZ031,Prachatice,CZ0315,Prachatice,3109,False
533939,Lážovice (okr. Beroun),114,110,Středočeský,CZ020,Beroun,CZ0202,Hořovice,2108,False
561649,Lčovice (okr. Prachatice),142,142,Jihočeský,CZ031,Prachatice,CZ0315,Vimperk,3116,False
588661,Lechotice (okr. Kroměříž),459,445,Zlínský,CZ072,Kroměříž,CZ0721,Holešov,7202,False
594334,Lechovice (okr. Znojmo),555,567,Jihomoravský,CZ064,Znojmo,CZ0647,Znojmo,6220,False
583278,Ledce (okr. Brno-venkov),256,262,Jihomoravský,CZ064,Brno-venkov,CZ0643,Židlochovice,6221,False
576433,Ledce (okr. Hradec Králové),340,346,Královéhradecký,CZ052,Hradec Králové,CZ0521,Hradec Králové,5205,False
532533,Ledce (okr. Kladno),503,505,Středočeský,CZ020,Kladno,CZ0203,Slaný,2124,False
536202,Ledce (okr. Mladá Boleslav),413,408,Středočeský,CZ020,Mladá Boleslav,CZ0207,Mladá Boleslav,2115,False
559148,Ledce (okr. Plzeň-sever),935,908,Plzeňský,CZ032,Plzeň-sever,CZ0325,Nýřany,3208,False
534978,Ledčice (okr. Mělník),704,702,Středočeský,CZ020,Mělník,CZ0206,Kralupy nad Vltavou,2111,False
568988,Ledeč nad Sázavou (okr. Havlíčkův Brod),4756,4749,Vysočina,CZ063,Havlíčkův Brod,CZ0631,Světlá nad Sázavou,6111,False
534170,Ledečko (okr. Kutná Hora),238,241,Středočeský,CZ020,Kutná Hora,CZ0205,Kutná Hora,2112,False
544736,Ledenice (okr. České Budějovice),2528,2544,Jihočeský,CZ031,České Budějovice,CZ0311,České Budějovice,3102,False
584631,Lednice (okr. Břeclav),2180,2170,Jihomoravský,CZ064,Břeclav,CZ0644,Břeclav,6204,False
567655,Ledvice (okr. Teplice),540,538,Ústecký,CZ042,Teplice,CZ0426,Bílina,4201,False
570222,Lejšovka (okr. Hradec Králové),212,219,Královéhradecký,CZ052,Hradec Králové,CZ0521,Hradec Králové,5205,False
583286,Lelekovice (okr. Brno-venkov),2009,2016,Jihomoravský,CZ064,Brno-venkov,CZ0643,Kuřim,6209,False
566322,Lenešice (okr. Louny),1406,1402,Ústecký,CZ042,Louny,CZ0424,Louny,4207,False
550353,Lenora (okr. Prachatice),646,652,Jihočeský,CZ031,Prachatice,CZ0315,Prachatice,3109,False
597546,Leskovec nad Moravicí (okr. Bruntál),438,443,Moravskoslezský,CZ080,Bruntál,CZ0801,Bruntál,8103,False
544264,Leskovec (okr. Vsetín),676,673,Zlínský,CZ072,Vsetín,CZ0723,Vsetín,7212,False
548235,Leskovice (okr. Pelhřimov),120,117,Vysočina,CZ063,Pelhřimov,CZ0633,Pelhřimov,6110,False
562041,Lesná (okr. Pelhřimov),60,63,Vysočina,CZ063,Pelhřimov,CZ0633,Pacov,6109,False
561002,Lesná (okr. Tachov),474,479,Plzeňský,CZ032,Tachov,CZ0327,Tachov,3215,False
590983,Lesná (okr. Třebíč),90,97,Vysočina,CZ063,Třebíč,CZ0634,Moravské Budějovice,6106,False
594342,Lesná (okr. Znojmo),251,258,Jihomoravský,CZ064,Znojmo,CZ0647,Znojmo,6220,False
583294,Lesní Hluboké (okr. Brno-venkov),286,278,Jihomoravský,CZ064,Brno-venkov,CZ0643,Rosice,6214,False
590991,Lesní Jakubov (okr. Třebíč),117,121,Vysočina,CZ063,Třebíč,CZ0634,Náměšť nad Oslavou,6107,False
537284,Lesnice (okr. Šumperk),627,629,Olomoucký,CZ071,Šumperk,CZ0715,Zábřeh,7113,False
591009,Lesonice (okr. Třebíč),502,490,Vysočina,CZ063,Třebíč,CZ0634,Moravské Budějovice,6106,False
594351,Lesonice (okr. Znojmo),252,254,Jihomoravský,CZ064,Znojmo,CZ0647,Moravský Krumlov,6212,False
561011,Lestkov (okr. Tachov),435,420,Plzeňský,CZ032,Tachov,CZ0327,Tachov,3215,False
573485,Lesůňky (okr. Třebíč),85,80,Vysočina,CZ063,Třebíč,CZ0634,Třebíč,6113,False
530051,Lešany (okr. Benešov),894,905,Středočeský,CZ020,Benešov,CZ0201,Benešov,2101,False
589683,Lešany (okr. Prostějov),401,398,Olomoucký,CZ071,Prostějov,CZ0713,Prostějov,7108,False
513521,Lešetice (okr. Příbram),231,231,Středočeský,CZ020,Příbram,CZ020B,Příbram,2120,False
568996,Leškovice (okr. Havlíčkův Brod),93,93,Vysočina,CZ063,Havlíčkův Brod,CZ0631,Havlíčkův Brod,6102,False
544302,Lešná (okr. Vsetín),2159,2097,Zlínský,CZ072,Vsetín,CZ0723,Valašské Meziříčí,7210,False
537713,Leština (okr. Šumperk),1228,1244,Olomoucký,CZ071,Šumperk,CZ0715,Zábřeh,7113,False
571695,Leština (okr. Ústí nad Orlicí),357,350,Pardubický,CZ053,Ústí nad Orlicí,CZ0534,Vysoké Mýto,5314,False
569011,Leština u Světlé (okr. Havlíčkův Brod),528,553,Vysočina,CZ063,Havlíčkův Brod,CZ0631,Světlá nad Sázavou,6111,False
571709,Leštinka (okr. Chrudim),179,171,Pardubický,CZ053,Chrudim,CZ0531,Chrudim,5304,False
557951,Letiny (okr. Plzeň-jih),713,691,Plzeňský,CZ032,Plzeň-jih,CZ0324,Blovice,3201,False
540561,Letkov (okr. Plzeň-město),918,881,Plzeňský,CZ032,Plzeň-město,CZ0323,Plzeň,3209,False
580538,Letohrad (okr. Ústí nad Orlicí),6345,6407,Pardubický,CZ053,Ústí nad Orlicí,CZ0534,Žamberk,5315,False
593257,Letonice (okr. Vyškov),1385,1388,Jihomoravský,CZ064,Vyškov,CZ0646,Bučovice,6205,False
581917,Letovice (okr. Blansko),7071,7124,Jihomoravský,CZ064,Blansko,CZ0641,Boskovice,6202,False
549568,Lety (okr. Písek),303,289,Jihočeský,CZ031,Písek,CZ0314,Písek,3108,False
539406,Lety (okr. Praha-západ),1697,1701,Středočeský,CZ020,Praha-západ,CZ020A,Černošice,2105,False
565105,Levín (okr. Litoměřice),160,159,Ústecký,CZ042,Litoměřice,CZ0423,Litoměřice,4205,False
577375,Levínská Olešnice (okr. Semily),330,332,Liberecký,CZ051,Semily,CZ0514,Jilemnice,5104,False
591025,Lhánice (okr. Třebíč),182,174,Vysočina,CZ063,Třebíč,CZ0634,Náměšť nad Oslavou,6107,False
550361,Lhenice (okr. Prachatice),2161,2052,Jihočeský,CZ031,Prachatice,CZ0315,Prachatice,3109,False
513041,Lhota (okr. Kladno),663,661,Středočeský,CZ020,Kladno,CZ0203,Kladno,2109,False
534986,Lhota (okr. Praha-východ),548,521,Středočeský,CZ020,Praha-východ,CZ0209,Brandýs nad Labem-Stará Boleslav,2103,False
514497,Lhota (okr. Přerov),342,346,Olomoucký,CZ071,Přerov,CZ0714,Lipník nad Bečvou,7104,False
573434,Lhota (okr. Zlín),911,929,Zlínský,CZ072,Zlín,CZ0724,Zlín,7213,False
574180,Lhota pod Hořičkami (okr. Náchod),276,272,Královéhradecký,CZ052,Náchod,CZ0523,Náchod,5209,False
570231,Lhota pod Libčany (okr. Hradec Králové),1026,1030,Královéhradecký,CZ052,Hradec Králové,CZ0521,Hradec Králové,5205,False
567001,Lhota pod Radčem (okr. Rokycany),342,320,Plzeňský,CZ032,Rokycany,CZ0326,Rokycany,3211,False
581925,Lhota Rapotina (okr. Blansko),437,420,Jihomoravský,CZ064,Blansko,CZ0641,Boskovice,6202,False
581933,Lhota u Lysic (okr. Blansko),134,133,Jihomoravský,CZ064,Blansko,CZ0641,Boskovice,6202,False
581941,Lhota u Olešnice (okr. Blansko),44,45,Jihomoravský,CZ064,Blansko,CZ0641,Boskovice,6202,False
598411,Lhota u Příbramě (okr. Příbram),486,495,Středočeský,CZ020,Příbram,CZ020B,Příbram,2120,False
556866,Lhota u Vsetína (okr. Vsetín),792,780,Zlínský,CZ072,Vsetín,CZ0723,Vsetín,7212,False
561282,Lhota-Vlasenice (okr. Pelhřimov),116,114,Vysočina,CZ063,Pelhřimov,CZ0633,Pelhřimov,6110,False
544876,Lhotice (okr. Třebíč),153,156,Vysočina,CZ063,Třebíč,CZ0634,Moravské Budějovice,6106,False
565113,Lhotka nad Labem (okr. Litoměřice),354,361,Ústecký,CZ042,Litoměřice,CZ0423,Lovosice,4208,False
533335,Lhotka (okr. Beroun),372,367,Středočeský,CZ020,Beroun,CZ0202,Hořovice,2108,False
598364,Lhotka (okr. Frýdek-Místek),602,601,Moravskoslezský,CZ080,Frýdek-Místek,CZ0802,Frýdek-Místek,8106,False
587451,Lhotka (okr. Jihlava),100,97,Vysočina,CZ063,Jihlava,CZ0632,Telč,6112,False
531898,Lhotka (okr. Mělník),334,332,Středočeský,CZ020,Mělník,CZ0206,Mělník,2114,False
514527,Lhotka (okr. Přerov),66,68,Olomoucký,CZ071,Přerov,CZ0714,Přerov,7109,False
596035,Lhotka (okr. Žďár nad Sázavou),227,228,Vysočina,CZ063,Žďár nad Sázavou,CZ0635,Žďár nad Sázavou,6115,False
553115,Lhotka u Litultovic (okr. Opava),224,219,Moravskoslezský,CZ080,Opava,CZ0805,Opava,8117,False
559946,Lhotka u Radnic (okr. Rokycany),84,76,Plzeňský,CZ032,Rokycany,CZ0326,Rokycany,3211,False
536211,Lhotky (okr. Mladá Boleslav),161,162,Středočeský,CZ020,Mladá Boleslav,CZ0207,Mladá Boleslav,2115,False
549550,Lhotsko (okr. Zlín),299,314,Zlínský,CZ072,Zlín,CZ0724,Vizovice,7211,False
576441,Lhoty u Potštejna (okr. Rychnov nad Kněžnou),353,346,Královéhradecký,CZ052,Rychnov nad Kněžnou,CZ0524,Rychnov nad Kněžnou,5213,False
578606,Lhůta (okr. Plzeň-město),220,215,Plzeňský,CZ032,Plzeň-město,CZ0323,Plzeň,3209,False
554618,Libá (okr. Cheb),817,805,Karlovarský,CZ041,Cheb,CZ0411,Cheb,4102,False
573108,Libáň (okr. Jičín),1918,1868,Královéhradecký,CZ052,Jičín,CZ0522,Jičín,5207,False
503941,Libavá (okr. Olomouc),0,0,Olomoucký,CZ071,Olomouc,CZ0712,Olomouc,7107,True
560502,Libavské Údolí (okr. Sokolov),513,520,Karlovarský,CZ041,Sokolov,CZ0413,Sokolov,4107,False
580147,Libchavy (okr. Ústí nad Orlicí),1815,1810,Pardubický,CZ053,Ústí nad Orlicí,CZ0534,Ústí nad Orlicí,5313,False
547701,Libchyně (okr. Náchod),74,68,Královéhradecký,CZ052,Náchod,CZ0523,Nové Město nad Metují,5211,False
570249,Libčany (okr. Hradec Králové),979,931,Královéhradecký,CZ052,Hradec Králové,CZ0521,Hradec Králové,5205,False
566349,Libčeves (okr. Louny),952,940,Ústecký,CZ042,Louny,CZ0424,Louny,4207,False
539414,Libčice nad Vltavou (okr. Praha-západ),3575,3604,Středočeský,CZ020,Praha-západ,CZ020A,Černošice,2105,False
535001,Liběchov (okr. Mělník),1077,1078,Středočeský,CZ020,Mělník,CZ0206,Mělník,2114,False
580562,Libecina (okr. Ústí nad Orlicí),203,203,Pardubický,CZ053,Ústí nad Orlicí,CZ0534,Vysoké Mýto,5314,False
563188,Libědice (okr. Chomutov),240,235,Ústecký,CZ042,Chomutov,CZ0422,Kadaň,4204,False
563544,Libějice (okr. Tábor),123,122,Jihočeský,CZ031,Tábor,CZ0317,Tábor,3112,False
551333,Libějovice (okr. Strakonice),499,485,Jihočeský,CZ031,Strakonice,CZ0316,Vodňany,3117,False
548651,Libel (okr. Rychnov nad Kněžnou),188,178,Královéhradecký,CZ052,Rychnov nad Kněžnou,CZ0524,Rychnov nad Kněžnou,5213,False
533475,Libenice (okr. Kolín),323,319,Středočeský,CZ020,Kolín,CZ0204,Kolín,2110,False
563889,Liberec (okr. Liberec),108214,108090,Liberecký,CZ051,Liberec,CZ0513,Liberec,5105,False
576450,Liberk (okr. Rychnov nad Kněžnou),690,678,Královéhradecký,CZ052,Rychnov nad Kněžnou,CZ0524,Rychnov nad Kněžnou,5213,False
539422,Libeř (okr. Praha-západ),1655,1630,Středočeský,CZ020,Praha-západ,CZ020A,Černošice,2105,False
565121,Liběšice (okr. Litoměřice),1525,1524,Ústecký,CZ042,Litoměřice,CZ0423,Litoměřice,4205,False
566357,Liběšice (okr. Louny),796,791,Ústecký,CZ042,Louny,CZ0424,Žatec,4216,False
536831,Libětice (okr. Strakonice),87,84,Jihočeský,CZ031,Strakonice,CZ0316,Strakonice,3111,False
538442,Líbeznice (okr. Praha-východ),3303,3301,Středočeský,CZ020,Praha-východ,CZ0209,Brandýs nad Labem-Stará Boleslav,2103,False
530069,Libež (okr. Benešov),291,287,Středočeský,CZ020,Benešov,CZ0201,Vlašim,2125,False
500046,Libhošť (okr. Nový Jičín),1769,1756,Moravskoslezský,CZ080,Nový Jičín,CZ0804,Nový Jičín,8115,False
537438,Libice nad Cidlinou (okr. Nymburk),1219,1215,Středočeský,CZ020,Nymburk,CZ0208,Poděbrady,2119,False
569020,Libice nad Doubravou (okr. Havlíčkův Brod),858,858,Vysočina,CZ063,Havlíčkův Brod,CZ0631,Chotěboř,6104,False
544744,Libín (okr. České Budějovice),431,426,Jihočeský,CZ031,České Budějovice,CZ0311,České Budějovice,3102,False
539961,Libina (okr. Šumperk),3230,3254,Olomoucký,CZ071,Šumperk,CZ0715,Šumperk,7111,False
571784,Libiš (okr. Mělník),2425,2442,Středočeský,CZ020,Mělník,CZ0206,Neratovice,2117,False
575305,Libišany (okr. Pardubice),714,690,Pardubický,CZ053,Pardubice,CZ0532,Pardubice,5309,False
571725,Libkov (okr. Chrudim),92,86,Pardubický,CZ053,Chrudim,CZ0531,Chrudim,5304,False
553859,Libkov (okr. Domažlice),125,131,Plzeňský,CZ032,Domažlice,CZ0321,Domažlice,3202,False
598721,Libkova Voda (okr. Pelhřimov),271,272,Vysočina,CZ063,Pelhřimov,CZ0633,Pelhřimov,6110,False
565148,Libkovice pod Řípem (okr. Litoměřice),529,525,Ústecký,CZ042,Litoměřice,CZ0423,Roudnice nad Labem,4211,False
531502,Liblice (okr. Mělník),498,497,Středočeský,CZ020,Mělník,CZ0206,Mělník,2114,False
559954,Liblín (okr. Rokycany),268,256,Plzeňský,CZ032,Rokycany,CZ0326,Rokycany,3211,False
579475,Libňatov (okr. Trutnov),425,415,Královéhradecký,CZ052,Trutnov,CZ0525,Trutnov,5214,False
535800,Libníč (okr. České Budějovice),599,587,Jihočeský,CZ031,České Budějovice,CZ0311,České Budějovice,3102,False
570257,Libníkovice (okr. Hradec Králové),186,181,Královéhradecký,CZ052,Hradec Králové,CZ0521,Hradec Králové,5205,False
565156,Libochovany (okr. Litoměřice),588,581,Ústecký,CZ042,Litoměřice,CZ0423,Litoměřice,4205,False
565164,Libochovice (okr. Litoměřice),3375,3388,Ústecký,CZ042,Litoměřice,CZ0423,Lovosice,4208,False
564150,Libochovičky (okr. Kladno),86,82,Středočeský,CZ020,Kladno,CZ0203,Kladno,2109,False
530590,Libočany (okr. Louny),535,537,Ústecký,CZ042,Louny,CZ0424,Žatec,4216,False
533483,Libodřice (okr. Kolín),316,319,Středočeský,CZ020,Kolín,CZ0204,Kolín,2110,False
571733,Liboměřice (okr. Chrudim),183,178,Pardubický,CZ053,Chrudim,CZ0531,Chrudim,5304,False
531448,Libomyšl (okr. Beroun),639,651,Středočeský,CZ020,Beroun,CZ0202,Beroun,2102,False
566381,Libořice (okr. Louny),375,351,Ústecký,CZ042,Louny,CZ0424,Žatec,4216,False
569003,Liboš (okr. Olomouc),616,621,Olomoucký,CZ071,Olomouc,CZ0712,Olomouc,7107,False
573116,Libošovice (okr. Jičín),522,524,Královéhradecký,CZ052,Jičín,CZ0522,Jičín,5207,False
565172,Libotenice (okr. Litoměřice),440,444,Ústecký,CZ042,Litoměřice,CZ0423,Roudnice nad Labem,4211,False
579483,Libotov (okr. Trutnov),179,172,Královéhradecký,CZ052,Trutnov,CZ0525,Dvůr Králové nad Labem,5203,False
568058,Libouchec (okr. Ústí nad Labem),1929,1907,Ústecký,CZ042,Ústí nad Labem,CZ0427,Ústí nad Labem,4214,False
571601,Libovice (okr. Kladno),383,383,Středočeský,CZ020,Kladno,CZ0203,Slaný,2124,False
570265,Librantice (okr. Hradec Králové),685,670,Královéhradecký,CZ052,Hradec Králové,CZ0521,Hradec Králové,5205,False
570273,Libřice (okr. Hradec Králové),307,305,Královéhradecký,CZ052,Hradec Králové,CZ0521,Hradec Králové,5205,False
577294,Libštát (okr. Semily),900,912,Liberecký,CZ051,Semily,CZ0514,Semily,5107,False
573124,Libuň (okr. Jičín),796,817,Královéhradecký,CZ052,Jičín,CZ0522,Jičín,5207,False
532576,Libušín (okr. Kladno),3534,3555,Středočeský,CZ020,Kladno,CZ0203,Kladno,2109,False
580571,Lichkov (okr. Ústí nad Orlicí),478,472,Pardubický,CZ053,Ústí nad Orlicí,CZ0534,Králíky,5305,False
597554,Lichnov (okr. Bruntál),1017,1060,Moravskoslezský,CZ080,Bruntál,CZ0801,Krnov,8114,False
599603,Lichnov (okr. Nový Jičín),1604,1595,Moravskoslezský,CZ080,Nový Jičín,CZ0804,Frenštát pod Radhoštěm,8105,False
571326,Lichoceves (okr. Praha-západ),406,395,Středočeský,CZ020,Praha-západ,CZ020A,Černošice,2105,False
547832,Licibořice (okr. Chrudim),261,269,Pardubický,CZ053,Chrudim,CZ0531,Chrudim,5304,False
576468,Lično (okr. Rychnov nad Kněžnou),657,653,Královéhradecký,CZ052,Rychnov nad Kněžnou,CZ0524,Rychnov nad Kněžnou,5213,False
544370,Lidečko (okr. Vsetín),1813,1821,Zlínský,CZ072,Vsetín,CZ0723,Vsetín,7212,False
532584,Lidice (okr. Kladno),552,554,Středočeský,CZ020,Kladno,CZ0203,Kladno,2109,False
561100,Lidmaň (okr. Pelhřimov),268,275,Vysočina,CZ063,Pelhřimov,CZ0633,Pelhřimov,6110,False
559164,Líně (okr. Plzeň-sever),2879,2886,Plzeňský,CZ032,Plzeň-sever,CZ0325,Nýřany,3208,False
578339,Linhartice (okr. Svitavy),623,623,Pardubický,CZ053,Svitavy,CZ0533,Moravská Třebová,5308,False
576476,Lípa nad Orlicí (okr. Rychnov nad Kněžnou),647,634,Královéhradecký,CZ052,Rychnov nad Kněžnou,CZ0524,Kostelec nad Orlicí,5208,False
569038,Lípa (okr. Havlíčkův Brod),1168,1179,Vysočina,CZ063,Havlíčkův Brod,CZ0631,Havlíčkův Brod,6102,False
549622,Lípa (okr. Zlín),837,848,Zlínský,CZ072,Zlín,CZ0724,Zlín,7213,False
513270,Lipec (okr. Kolín),184,186,Středočeský,CZ020,Kolín,CZ0204,Kolín,2110,False
544761,Lipí (okr. České Budějovice),690,676,Jihočeský,CZ031,České Budějovice,CZ0311,České Budějovice,3102,False
552305,Lipina (okr. Olomouc),170,170,Olomoucký,CZ071,Olomouc,CZ0712,Šternberk,7110,False
540005,Lipinka (okr. Olomouc),182,186,Olomoucký,CZ071,Olomouc,CZ0712,Uničov,7112,False
569046,Lipnice nad Sázavou (okr. Havlíčkův Brod),653,650,Vysočina,CZ063,Havlíčkův Brod,CZ0631,Havlíčkův Brod,6102,False
514705,Lipník nad Bečvou (okr. Přerov),8000,7955,Olomoucký,CZ071,Přerov,CZ0714,Lipník nad Bečvou,7104,False
565563,Lipník (okr. Mladá Boleslav),416,424,Středočeský,CZ020,Mladá Boleslav,CZ0207,Mladá Boleslav,2115,False
591041,Lipník (okr. Třebíč),426,429,Vysočina,CZ063,Třebíč,CZ0634,Třebíč,6113,False
545597,Lipno nad Vltavou (okr. Český Krumlov),668,686,Jihočeský,CZ031,Český Krumlov,CZ0312,Český Krumlov,3103,False
566403,Lipno (okr. Louny),581,575,Ústecký,CZ042,Louny,CZ0424,Žatec,4216,False
575313,Lipoltice (okr. Pardubice),437,434,Pardubický,CZ053,Pardubice,CZ0532,Přelouč,5311,False
586323,Lipov (okr. Hodonín),1394,1412,Jihomoravský,CZ064,Hodonín,CZ0645,Veselí nad Moravou,6218,False
554626,Lipová (okr. Cheb),752,747,Karlovarský,CZ041,Cheb,CZ0411,Cheb,4102,False
562661,Lipová (okr. Děčín),582,564,Ústecký,CZ042,Děčín,CZ0421,Rumburk,4212,False
589691,Lipová (okr. Prostějov),712,715,Olomoucký,CZ071,Prostějov,CZ0713,Konice,7103,False
514772,Lipová (okr. Přerov),259,260,Olomoucký,CZ071,Přerov,CZ0714,Přerov,7109,False
586871,Lipová (okr. Zlín),358,365,Zlínský,CZ072,Zlín,CZ0724,Luhačovice,7204,False
540030,Lipová-lázně (okr. Jeseník),2020,2047,Olomoucký,CZ071,Jeseník,CZ0711,Jeseník,7102,False
581950,Lipovec (okr. Blansko),1197,1195,Jihomoravský,CZ064,Blansko,CZ0641,Blansko,6201,False
547875,Lipovec (okr. Chrudim),239,240,Pardubický,CZ053,Chrudim,CZ0531,Chrudim,5304,False
537071,Lipovice (okr. Prachatice),222,219,Jihočeský,CZ031,Prachatice,CZ0315,Prachatice,3109,False
544396,Liptál (okr. Vsetín),1547,1558,Zlínský,CZ072,Vsetín,CZ0723,Vsetín,7212,False
597571,Liptaň (okr. Bruntál),465,470,Moravskoslezský,CZ080,Bruntál,CZ0801,Krnov,8114,False
581968,Lipůvka (okr. Blansko),1516,1522,Jihomoravský,CZ064,Blansko,CZ0641,Blansko,6201,False
596051,Lísek (okr. Žďár nad Sázavou),352,351,Vysočina,CZ063,Žďár nad Sázavou,CZ0635,Bystřice nad Pernštejnem,6101,False
573086,Lískovice (okr. Jičín),240,241,Královéhradecký,CZ052,Jičín,CZ0522,Hořice,5204,False
571555,Líský (okr. Kladno),106,111,Středočeský,CZ020,Kladno,CZ0203,Slaný,2124,False
540064,Lisov (okr. Plzeň-jih),142,139,Plzeňský,CZ032,Plzeň-jih,CZ0324,Stod,3212,False
566411,Lišany (okr. Louny),152,153,Ústecký,CZ042,Louny,CZ0424,Žatec,4216,False
542016,Lišany (okr. Rakovník),694,685,Středočeský,CZ020,Rakovník,CZ020C,Rakovník,2121,False
570290,Lišice (okr. Hradec Králové),165,160,Královéhradecký,CZ052,Hradec Králové,CZ0521,Hradec Králové,5205,False
540617,Líšina (okr. Plzeň-jih),154,151,Plzeňský,CZ032,Plzeň-jih,CZ0324,Stod,3212,False
514802,Líšná (okr. Přerov),262,257,Olomoucký,CZ071,Přerov,CZ0714,Přerov,7109,False
559962,Líšná (okr. Rokycany),205,204,Plzeňský,CZ032,Rokycany,CZ0326,Rokycany,3211,False
596060,Líšná (okr. Žďár nad Sázavou),51,49,Vysočina,CZ063,Žďár nad Sázavou,CZ0635,Nové Město na Moravě,6108,False
567248,Lišnice (okr. Most),225,207,Ústecký,CZ042,Most,CZ0425,Most,4209,False
539457,Líšnice (okr. Praha-západ),798,803,Středočeský,CZ020,Praha-západ,CZ020A,Černošice,2105,False
540161,Líšnice (okr. Šumperk),421,425,Olomoucký,CZ071,Šumperk,CZ0715,Mohelnice,7106,False
580589,Líšnice (okr. Ústí nad Orlicí),768,784,Pardubický,CZ053,Ústí nad Orlicí,CZ0534,Žamberk,5315,False
563676,Líšný (okr. Jablonec nad Nisou),262,261,Liberecký,CZ051,Jablonec nad Nisou,CZ0512,Železný Brod,5110,False
544779,Lišov (okr. České Budějovice),4670,4679,Jihočeský,CZ031,České Budějovice,CZ0311,České Budějovice,3102,False
546879,Líšťany (okr. Louny),467,472,Ústecký,CZ042,Louny,CZ0424,Louny,4207,False
559172,Líšťany (okr. Plzeň-sever),791,785,Plzeňský,CZ032,Plzeň-sever,CZ0325,Nýřany,3208,False
566420,Líté (okr. Plzeň-sever),214,211,Plzeňský,CZ032,Plzeň-sever,CZ0325,Kralovice,3206,False
531456,Liteň (okr. Beroun),1267,1261,Středočeský,CZ020,Beroun,CZ0202,Beroun,2102,False
588695,Litenčice (okr. Kroměříž),461,470,Zlínský,CZ072,Kroměříž,CZ0721,Kroměříž,7203,False
532258,Litichovice (okr. Benešov),75,75,Středočeský,CZ020,Benešov,CZ0201,Benešov,2101,False
546470,Litíč (okr. Trutnov),199,192,Královéhradecký,CZ052,Trutnov,CZ0525,Dvůr Králové nad Labem,5203,False
573388,Litoboř (okr. Náchod),115,109,Královéhradecký,CZ052,Náchod,CZ0523,Náchod,5209,False
594369,Litobratřice (okr. Znojmo),516,500,Jihomoravský,CZ064,Znojmo,CZ0647,Znojmo,6220,False
551341,Litochovice (okr. Strakonice),291,292,Jihočeský,CZ031,Strakonice,CZ0316,Strakonice,3111,False
553611,Litohlavy (okr. Rokycany),563,567,Plzeňský,CZ032,Rokycany,CZ0326,Rokycany,3211,False
550507,Litohoř (okr. Třebíč),556,546,Vysočina,CZ063,Třebíč,CZ0634,Moravské Budějovice,6106,False
561266,Litohošť (okr. Pelhřimov),85,89,Vysočina,CZ063,Pelhřimov,CZ0633,Pelhřimov,6110,False
564567,Litoměřice (okr. Litoměřice),22627,22767,Ústecký,CZ042,Litoměřice,CZ0423,Litoměřice,4205,False
578347,Litomyšl (okr. Svitavy),10411,10448,Pardubický,CZ053,Svitavy,CZ0533,Litomyšl,5307,False
583308,Litostrov (okr. Brno-venkov),131,131,Jihomoravský,CZ064,Brno-venkov,CZ0643,Rosice,6214,False
575330,Litošice (okr. Pardubice),166,161,Pardubický,CZ053,Pardubice,CZ0532,Přelouč,5311,False
591068,Litovany (okr. Třebíč),126,124,Vysočina,CZ063,Třebíč,CZ0634,Třebíč,6113,False
503444,Litovel (okr. Olomouc),9448,9510,Olomoucký,CZ071,Olomouc,CZ0712,Litovel,7105,False
507920,Litultovice (okr. Opava),929,924,Moravskoslezský,CZ080,Opava,CZ0805,Opava,8117,False
567256,Litvínov (okr. Most),22258,22387,Ústecký,CZ042,Most,CZ0425,Litvínov,4206,False
544795,Litvínovice (okr. České Budějovice),2782,2793,Jihočeský,CZ031,České Budějovice,CZ0311,České Budějovice,3102,False
546691,Lkáň (okr. Litoměřice),194,193,Ústecký,CZ042,Litoměřice,CZ0423,Lovosice,4208,False
551350,Lnáře (okr. Strakonice),730,717,Jihočeský,CZ031,Strakonice,CZ0316,Blatná,3101,False
531677,Lobeč (okr. Mělník),167,168,Středočeský,CZ020,Mělník,CZ0206,Mělník,2114,False
545708,Lobendava (okr. Děčín),261,259,Ústecký,CZ042,Děčín,CZ0421,Rumburk,4212,False
515191,Lobodice (okr. Přerov),703,706,Olomoucký,CZ071,Přerov,CZ0714,Přerov,7109,False
570311,Lochenice (okr. Hradec Králové),611,598,Královéhradecký,CZ052,Hradec Králové,CZ0521,Hradec Králové,5205,False
566462,Lochousice (okr. Plzeň-sever),129,131,Plzeňský,CZ032,Plzeň-sever,CZ0325,Nýřany,3208,False
531472,Lochovice (okr. Beroun),1376,1366,Středočeský,CZ020,Beroun,CZ0202,Hořovice,2108,False
544809,Ločenice (okr. České Budějovice),780,790,Jihočeský,CZ031,České Budějovice,CZ0311,Trhové Sviny,3113,False
531464,Loděnice (okr. Beroun),2019,2040,Středočeský,CZ020,Beroun,CZ0202,Beroun,2102,False
594377,Loděnice (okr. Brno-venkov),635,616,Jihomoravský,CZ064,Brno-venkov,CZ0643,Pohořelice,6213,False
546666,Lodhéřov (okr. Jindřichův Hradec),712,712,Jihočeský,CZ031,Jindřichův Hradec,CZ0313,Jindřichův Hradec,3105,False
570303,Lodín (okr. Hradec Králové),433,428,Královéhradecký,CZ052,Hradec Králové,CZ0521,Hradec Králové,5205,False
530093,Loket (okr. Benešov),624,620,Středočeský,CZ020,Benešov,CZ0201,Vlašim,2125,False
560537,Loket (okr. Sokolov),2990,3050,Karlovarský,CZ041,Sokolov,CZ0413,Sokolov,4107,False
567264,Lom (okr. Most),3755,3762,Ústecký,CZ042,Most,CZ0425,Litvínov,4206,False
536822,Lom (okr. Strakonice),121,112,Jihočeský,CZ031,Strakonice,CZ0316,Blatná,3101,False
563587,Lom (okr. Tábor),172,177,Jihočeský,CZ031,Tábor,CZ0317,Tábor,3112,False
541702,Lom u Tachova (okr. Tachov),501,513,Plzeňský,CZ032,Tachov,CZ0327,Tachov,3215,False
578070,Lomec (okr. Klatovy),129,124,Plzeňský,CZ032,Klatovy,CZ0322,Klatovy,3205,False
546674,Lomnice nad Lužnicí (okr. Jindřichův Hradec),1779,1778,Jihočeský,CZ031,Jindřichův Hradec,CZ0313,Třeboň,3114,False
577308,Lomnice nad Popelkou (okr. Semily),5649,5626,Liberecký,CZ051,Semily,CZ0514,Semily,5107,False
581976,Lomnice (okr. Brno-venkov),1470,1483,Jihomoravský,CZ064,Brno-venkov,CZ0643,Tišnov,6217,False
597589,Lomnice (okr. Bruntál),459,479,Moravskoslezský,CZ080,Bruntál,CZ0801,Bruntál,8103,False
560545,Lomnice (okr. Sokolov),1344,1372,Karlovarský,CZ041,Sokolov,CZ0413,Sokolov,4107,False
583316,Lomnička (okr. Brno-venkov),604,676,Jihomoravský,CZ064,Brno-venkov,CZ0643,Tišnov,6217,False
587605,Lomy (okr. Třebíč),131,133,Vysočina,CZ063,Třebíč,CZ0634,Moravské Budějovice,6106,False
592340,Lopeník (okr. Uherské Hradiště),228,230,Zlínský,CZ072,Uherské Hradiště,CZ0722,Uherský Brod,7208,False
558001,Losiná (okr. Plzeň-město),1427,1421,Plzeňský,CZ032,Plzeň-město,CZ0323,Plzeň,3209,False
533505,Lošany (okr. Kolín),345,329,Středočeský,CZ020,Kolín,CZ0204,Kolín,2110,False
540196,Loštice (okr. Šumperk),3078,3052,Olomoucký,CZ071,Šumperk,CZ0715,Mohelnice,7106,False
535095,Loucká (okr. Kladno),145,139,Středočeský,CZ020,Kladno,CZ0203,Slaný,2124,False
552232,Loučany (okr. Olomouc),619,615,Olomoucký,CZ071,Olomouc,CZ0712,Olomouc,7107,False
537446,Loučeň (okr. Nymburk),1422,1412,Středočeský,CZ020,Nymburk,CZ0208,Nymburk,2118,False
553867,Loučim (okr. Domažlice),117,118,Plzeňský,CZ032,Domažlice,CZ0321,Domažlice,3202,False
552038,Loučka (okr. Olomouc),215,214,Olomoucký,CZ071,Olomouc,CZ0712,Litovel,7105,False
544418,Loučka (okr. Vsetín),768,770,Zlínský,CZ072,Vsetín,CZ0723,Valašské Meziříčí,7210,False
585432,Loučka (okr. Zlín),413,426,Zlínský,CZ072,Zlín,CZ0724,Valašské Klobouky,7209,False
573400,Loučky (okr. Semily),155,156,Liberecký,CZ051,Semily,CZ0514,Turnov,5109,False
540226,Loučná nad Desnou (okr. Šumperk),1409,1435,Olomoucký,CZ071,Šumperk,CZ0715,Šumperk,7111,False
546518,Loučná pod Klínovcem (okr. Chomutov),214,199,Ústecký,CZ042,Chomutov,CZ0422,Kadaň,4204,False
545601,Loučovice (okr. Český Krumlov),1469,1479,Jihočeský,CZ031,Český Krumlov,CZ0312,Český Krumlov,3103,False
553875,Louka (okr. Blansko),62,58,Jihomoravský,CZ064,Blansko,CZ0641,Boskovice,6202,False
586331,Louka (okr. Hodonín),921,925,Jihomoravský,CZ064,Hodonín,CZ0645,Veselí nad Moravou,6218,False
567272,Louka u Litvínova (okr. Most),734,732,Ústecký,CZ042,Most,CZ0425,Litvínov,4206,False
588709,Loukov (okr. Kroměříž),936,931,Zlínský,CZ072,Kroměříž,CZ0721,Bystřice pod Hostýnem,7201,False
570770,Loukov (okr. Mladá Boleslav),215,207,Středočeský,CZ020,Mladá Boleslav,CZ0207,Mnichovo Hradiště,2116,False
536261,Loukovec (okr. Mladá Boleslav),398,385,Středočeský,CZ020,Mladá Boleslav,CZ0207,Mnichovo Hradiště,2116,False
591092,Loukovice (okr. Třebíč),134,128,Vysočina,CZ063,Třebíč,CZ0634,Třebíč,6113,False
558010,Louňová (okr. Plzeň-jih),116,114,Plzeňský,CZ032,Plzeň-jih,CZ0324,Blovice,3201,False
538451,Louňovice (okr. Praha-východ),1296,1277,Středočeský,CZ020,Praha-východ,CZ0209,Říčany,2122,False
530107,Louňovice pod Blaníkem (okr. Benešov),665,661,Středočeský,CZ020,Benešov,CZ0201,Vlašim,2125,False
565971,Louny (okr. Louny),18061,18068,Ústecký,CZ042,Louny,CZ0424,Louny,4207,False
563684,Loužnice (okr. Jablonec nad Nisou),212,212,Liberecký,CZ051,Jablonec nad Nisou,CZ0512,Železný Brod,5110,False
586340,Lovčice (okr. Hodonín),835,833,Jihomoravský,CZ064,Hodonín,CZ0645,Kyjov,6210,False
570320,Lovčice (okr. Hradec Králové),736,729,Královéhradecký,CZ052,Hradec Králové,CZ0521,Hradec Králové,5205,False
593265,Lovčičky (okr. Vyškov),736,751,Jihomoravský,CZ064,Vyškov,CZ0646,Slavkov u Brna,6215,False
544957,Lovčovice (okr. Třebíč),67,63,Vysočina,CZ063,Třebíč,CZ0634,Moravské Budějovice,6106,False
565211,Lovečkovice (okr. Litoměřice),617,609,Ústecký,CZ042,Litoměřice,CZ0423,Litoměřice,4205,False
565229,Lovosice (okr. Litoměřice),8744,8727,Ústecký,CZ042,Litoměřice,CZ0423,Lovosice,4208,False
566446,Loza (okr. Plzeň-sever),255,255,Plzeňský,CZ032,Plzeň-sever,CZ0325,Kralovice,3206,False
571750,Lozice (okr. Chrudim),171,166,Pardubický,CZ053,Chrudim,CZ0531,Chrudim,5304,False
532193,Lštění (okr. Benešov),567,542,Středočeský,CZ020,Benešov,CZ0201,Benešov,2101,False
581992,Lubě (okr. Blansko),102,101,Jihomoravský,CZ064,Blansko,CZ0641,Blansko,6201,False
566438,Lubenec (okr. Louny),1318,1301,Ústecký,CZ042,Louny,CZ0424,Podbořany,4210,False
552216,Luběnice (okr. Olomouc),502,508,Olomoucký,CZ071,Olomouc,CZ0712,Olomouc,7107,False
588717,Lubná (okr. Kroměříž),476,465,Zlínský,CZ072,Kroměříž,CZ0721,Kroměříž,7203,False
542032,Lubná (okr. Rakovník),1119,1120,Středočeský,CZ020,Rakovník,CZ020C,Rakovník,2121,False
578355,Lubná (okr. Svitavy),945,943,Pardubický,CZ053,Svitavy,CZ0533,Litomyšl,5307,False
596078,Lubné (okr. Brno-venkov),53,52,Jihomoravský,CZ064,Brno-venkov,CZ0643,Tišnov,6217,False
594385,Lubnice (okr. Znojmo),58,58,Jihomoravský,CZ064,Znojmo,CZ0647,Znojmo,6220,False
580619,Lubník (okr. Ústí nad Orlicí),377,374,Pardubický,CZ053,Ústí nad Orlicí,CZ0534,Lanškroun,5306,False
599646,Luboměř (okr. Nový Jičín),387,396,Moravskoslezský,CZ080,Nový Jičín,CZ0804,Odry,8116,False
500151,Luboměř pod Strážnou (okr. Přerov),119,116,Olomoucký,CZ071,Přerov,CZ0714,Hranice,7101,False
554634,Luby (okr. Cheb),2147,2191,Karlovarský,CZ041,Cheb,CZ0411,Cheb,4102,False
563692,Lučany nad Nisou (okr. Jablonec nad Nisou),1958,1941,Liberecký,CZ051,Jablonec nad Nisou,CZ0512,Jablonec nad Nisou,5103,False
569062,Lučice (okr. Havlíčkův Brod),651,648,Vysočina,CZ063,Havlíčkův Brod,CZ0631,Havlíčkův Brod,6102,False
598399,Lučina (okr. Frýdek-Místek),1596,1618,Moravskoslezský,CZ080,Frýdek-Místek,CZ0802,Frýdek-Místek,8106,False
507971,Ludgeřovice (okr. Opava),4959,4989,Moravskoslezský,CZ080,Opava,CZ0805,Hlučín,8109,False
531006,Ludíkov (okr. Blansko),365,355,Jihomoravský,CZ064,Blansko,CZ0641,Boskovice,6202,False
585441,Ludkovice (okr. Zlín),712,716,Zlínský,CZ072,Zlín,CZ0724,Luhačovice,7204,False
589705,Ludmírov (okr. Prostějov),537,531,Olomoucký,CZ071,Prostějov,CZ0713,Konice,7103,False
588725,Ludslavice (okr. Kroměříž),508,512,Zlínský,CZ072,Kroměříž,CZ0721,Holešov,7202,False
551996,Ludvíkov (okr. Bruntál),272,281,Moravskoslezský,CZ080,Bruntál,CZ0801,Bruntál,8103,False
546496,Ludvíkovice (okr. Děčín),916,934,Ústecký,CZ042,Děčín,CZ0421,Děčín,4202,False
585459,Luhačovice (okr. Zlín),4978,5029,Zlínský,CZ072,Zlín,CZ0724,Luhačovice,7204,False
587478,Luka nad Jihlavou (okr. Jihlava),3184,3172,Vysočina,CZ063,Jihlava,CZ0632,Jihlava,6105,False
514161,Luka (okr. Česká Lípa),103,98,Liberecký,CZ051,Česká Lípa,CZ0511,Česká Lípa,5101,False
503622,Luká (okr. Olomouc),901,888,Olomoucký,CZ071,Olomouc,CZ0712,Litovel,7105,False
565237,Lukavec (okr. Litoměřice),367,370,Ústecký,CZ042,Litoměřice,CZ0423,Lovosice,4208,False
548332,Lukavec (okr. Pelhřimov),965,991,Vysočina,CZ063,Pelhřimov,CZ0633,Pacov,6109,False
573141,Lukavec u Hořic (okr. Jičín),330,332,Královéhradecký,CZ052,Jičín,CZ0522,Hořice,5204,False
571768,Lukavice (okr. Chrudim),914,933,Pardubický,CZ053,Chrudim,CZ0531,Chrudim,5304,False
576492,Lukavice (okr. Rychnov nad Kněžnou),640,649,Královéhradecký,CZ052,Rychnov nad Kněžnou,CZ0524,Rychnov nad Kněžnou,5213,False
540234,Lukavice (okr. Šumperk),869,876,Olomoucký,CZ071,Šumperk,CZ0715,Zábřeh,7113,False
580627,Lukavice (okr. Ústí nad Orlicí),1227,1220,Pardubický,CZ053,Ústí nad Orlicí,CZ0534,Žamberk,5315,False
546909,Lukov (okr. Teplice),132,135,Ústecký,CZ042,Teplice,CZ0426,Bílina,4201,False
550566,Lukov (okr. Třebíč),389,394,Vysočina,CZ063,Třebíč,CZ0634,Moravské Budějovice,6106,False
585467,Lukov (okr. Zlín),1768,1793,Zlínský,CZ072,Zlín,CZ0724,Zlín,7213,False
594393,Lukov (okr. Znojmo),256,257,Jihomoravský,CZ064,Znojmo,CZ0647,Znojmo,6220,False
580635,Luková (okr. Ústí nad Orlicí),763,757,Pardubický,CZ053,Ústí nad Orlicí,CZ0534,Lanškroun,5306,False
583324,Lukovany (okr. Brno-venkov),675,677,Jihomoravský,CZ064,Brno-venkov,CZ0643,Rosice,6214,False
557145,Lukoveček (okr. Zlín),447,435,Zlínský,CZ072,Zlín,CZ0724,Zlín,7213,False
593273,Luleč (okr. Vyškov),997,983,Jihomoravský,CZ064,Vyškov,CZ0646,Vyškov,6219,False
576506,Lupenice (okr. Rychnov nad Kněžnou),279,272,Královéhradecký,CZ052,Rychnov nad Kněžnou,CZ0524,Rychnov nad Kněžnou,5213,False
536270,Luštěnice (okr. Mladá Boleslav),2369,2318,Středočeský,CZ020,Mladá Boleslav,CZ0207,Mladá Boleslav,2115,False
503657,Lutín (okr. Olomouc),3076,3132,Olomoucký,CZ071,Olomouc,CZ0712,Olomouc,7107,False
585483,Lutonina (okr. Zlín),421,432,Zlínský,CZ072,Zlín,CZ0724,Vizovice,7211,False
588733,Lutopecny (okr. Kroměříž),615,594,Zlínský,CZ072,Kroměříž,CZ0721,Kroměříž,7203,False
570354,Lužany (okr. Hradec Králové),119,127,Královéhradecký,CZ052,Hradec Králové,CZ0521,Hradec Králové,5205,False
573159,Lužany (okr. Jičín),618,619,Královéhradecký,CZ052,Jičín,CZ0522,Jičín,5207,False
558028,Lužany (okr. Plzeň-jih),723,705,Plzeňský,CZ032,Plzeň-jih,CZ0324,Přeštice,3210,False
534404,Lužce (okr. Beroun),146,147,Středočeský,CZ020,Beroun,CZ0202,Beroun,2102,False
571776,Luže (okr. Chrudim),2589,2604,Pardubický,CZ053,Chrudim,CZ0531,Chrudim,5304,False
570362,Lužec nad Cidlinou (okr. Hradec Králové),519,519,Královéhradecký,CZ052,Hradec Králové,CZ0521,Nový Bydžov,5212,False
535028,Lužec nad Vltavou (okr. Mělník),1587,1520,Středočeský,CZ020,Mělník,CZ0206,Mělník,2114,False
553891,Luženičky (okr. Domažlice),425,430,Plzeňský,CZ032,Domažlice,CZ0321,Domažlice,3202,False
586358,Lužice (okr. Hodonín),2911,2894,Jihomoravský,CZ064,Hodonín,CZ0645,Hodonín,6206,False
567281,Lužice (okr. Most),574,568,Ústecký,CZ042,Most,CZ0425,Most,4209,False
569844,Lužice (okr. Olomouc),409,411,Olomoucký,CZ071,Olomouc,CZ0712,Šternberk,7110,False
537322,Lužice (okr. Prachatice),45,45,Jihočeský,CZ031,Prachatice,CZ0315,Prachatice,3109,False
542041,Lužná (okr. Rakovník),1988,1984,Středočeský,CZ020,Rakovník,CZ020C,Rakovník,2121,False
544434,Lužná (okr. Vsetín),615,612,Zlínský,CZ072,Vsetín,CZ0723,Vsetín,7212,False
508501,Lužnice (okr. Jindřichův Hradec),423,429,Jihočeský,CZ031,Jindřichův Hradec,CZ0313,Třeboň,3114,False
537454,Lysá nad Labem (okr. Nymburk),10072,10004,Středočeský,CZ020,Nymburk,CZ0208,Lysá nad Labem,2113,False
582018,Lysice (okr. Blansko),1970,1966,Jihomoravský,CZ064,Blansko,CZ0641,Boskovice,6202,False
593281,Lysovice (okr. Vyškov),300,300,Jihomoravský,CZ064,Vyškov,CZ0646,Vyškov,6219,False
574210,Machov (okr. Náchod),1052,1049,Královéhradecký,CZ052,Náchod,CZ0523,Náchod,5209,False
585491,Machová (okr. Zlín),712,702,Zlínský,CZ072,Zlín,CZ0724,Zlín,7213,False
594407,Mackovice (okr. Znojmo),381,383,Jihomoravský,CZ064,Znojmo,CZ0647,Znojmo,6220,False
536466,Mačkov (okr. Strakonice),299,300,Jihočeský,CZ031,Strakonice,CZ0316,Blatná,3101,False
537381,Mahouš (okr. Prachatice),147,154,Jihočeský,CZ031,Prachatice,CZ0315,Prachatice,3109,False
546712,Majdalena (okr. Jindřichův Hradec),486,482,Jihočeský,CZ031,Jindřichův Hradec,CZ0313,Třeboň,3114,False
503738,Majetín (okr. Olomouc),1212,1188,Olomoucký,CZ071,Olomouc,CZ0712,Olomouc,7107,False
532622,Makotřasy (okr. Kladno),518,534,Středočeský,CZ020,Kladno,CZ0203,Kladno,2109,False
582026,Makov (okr. Blansko),53,51,Jihomoravský,CZ064,Blansko,CZ0641,Boskovice,6202,False
578363,Makov (okr. Svitavy),342,344,Pardubický,CZ053,Svitavy,CZ0533,Litomyšl,5307,False
544469,Malá Bystřice (okr. Vsetín),320,318,Zlínský,CZ072,Vsetín,CZ0723,Vsetín,7212,False
540714,Malá Hraštice (okr. Příbram),1166,1175,Středočeský,CZ020,Příbram,CZ020B,Dobříš,2107,False
582034,Malá Lhota (okr. Blansko),162,166,Jihomoravský,CZ064,Blansko,CZ0641,Blansko,6201,False
596086,Malá Losenice (okr. Žďár nad Sázavou),295,277,Vysočina,CZ063,Žďár nad Sázavou,CZ0635,Žďár nad Sázavou,6115,False
540331,Malá Morava (okr. Šumperk),511,509,Olomoucký,CZ071,Šumperk,CZ0715,Šumperk,7111,False
597601,Malá Morávka (okr. Bruntál),616,632,Moravskoslezský,CZ080,Bruntál,CZ0801,Rýmařov,8120,False
582042,Malá Roudka (okr. Blansko),209,215,Jihomoravský,CZ064,Blansko,CZ0641,Boskovice,6202,False
563706,Malá Skála (okr. Jablonec nad Nisou),1254,1255,Liberecký,CZ051,Jablonec nad Nisou,CZ0512,Turnov,5109,False
551902,Malá Štáhle (okr. Bruntál),109,113,Moravskoslezský,CZ080,Bruntál,CZ0801,Rýmařov,8120,False
579505,Malá Úpa (okr. Trutnov),148,157,Královéhradecký,CZ052,Trutnov,CZ0525,Trutnov,5214,False
562700,Malá Veleň (okr. Děčín),440,439,Ústecký,CZ042,Děčín,CZ0421,Děčín,4202,False
533319,Malá Víska (okr. Beroun),109,113,Středočeský,CZ020,Beroun,CZ0202,Hořovice,2108,False
586366,Malá Vrbka (okr. Hodonín),172,166,Jihomoravský,CZ064,Hodonín,CZ0645,Veselí nad Moravou,6218,False
569071,Malčín (okr. Havlíčkův Brod),211,209,Vysočina,CZ063,Havlíčkův Brod,CZ0631,Světlá nad Sázavou,6111,False
567299,Malé Březno (okr. Most),255,250,Ústecký,CZ042,Most,CZ0425,Most,4209,False
568091,Malé Březno (okr. Ústí nad Labem),521,525,Ústecký,CZ042,Ústí nad Labem,CZ0427,Ústí nad Labem,4214,False
589713,Malé Hradisko (okr. Prostějov),367,385,Olomoucký,CZ071,Prostějov,CZ0713,Prostějov,7108,False
532631,Malé Kyšice (okr. Kladno),562,562,Středočeský,CZ020,Kladno,CZ0203,Kladno,2109,False
513113,Malé Přítočno (okr. Kladno),283,291,Středočeský,CZ020,Kladno,CZ0203,Kladno,2109,False
579513,Malé Svatoňovice (okr. Trutnov),1596,1596,Královéhradecký,CZ052,Trutnov,CZ0525,Trutnov,5214,False
572802,Malé Výkleky (okr. Pardubice),138,138,Pardubický,CZ053,Pardubice,CZ0532,Pardubice,5309,False
565245,Malé Žernoseky (okr. Litoměřice),728,730,Ústecký,CZ042,Litoměřice,CZ0423,Lovosice,4208,False
569089,Maleč (okr. Havlíčkův Brod),612,620,Vysočina,CZ063,Havlíčkův Brod,CZ0631,Chotěboř,6104,False
568104,Malečov (okr. Ústí nad Labem),863,854,Ústecký,CZ042,Ústí nad Labem,CZ0427,Ústí nad Labem,4214,False
551384,Malenice (okr. Strakonice),737,729,Jihočeský,CZ031,Strakonice,CZ0316,Strakonice,3111,False
552593,Malenovice (okr. Frýdek-Místek),784,790,Moravskoslezský,CZ080,Frýdek-Místek,CZ0802,Frýdlant nad Ostravicí,8107,False
534188,Malešov (okr. Kutná Hora),1065,1054,Středočeský,CZ020,Kutná Hora,CZ0205,Kutná Hora,2112,False
583332,Malešovice (okr. Brno-venkov),873,838,Jihomoravský,CZ064,Brno-venkov,CZ0643,Pohořelice,6213,False
540366,Maletín (okr. Šumperk),449,442,Olomoucký,CZ071,Šumperk,CZ0715,Mohelnice,7106,False
583341,Malhostovice (okr. Brno-venkov),1017,1028,Jihomoravský,CZ064,Brno-venkov,CZ0643,Tišnov,6217,False
515329,Malhotice (okr. Přerov),358,359,Olomoucký,CZ071,Přerov,CZ0714,Hranice,7101,False
542491,Malíč (okr. Litoměřice),192,188,Ústecký,CZ042,Litoměřice,CZ0423,Litoměřice,4205,False
578371,Malíkov (okr. Svitavy),105,103,Pardubický,CZ053,Svitavy,CZ0533,Moravská Třebová,5308,False
532657,Malíkovice (okr. Kladno),388,385,Středočeský,CZ020,Kladno,CZ0203,Slaný,2124,False
593290,Malínky (okr. Vyškov),150,150,Jihomoravský,CZ064,Vyškov,CZ0646,Bučovice,6205,False
565377,Malinová (okr. Rakovník),105,105,Středočeský,CZ020,Rakovník,CZ020C,Rakovník,2121,False
534218,Málkov (okr. Beroun),119,121,Středočeský,CZ020,Beroun,CZ0202,Beroun,2102,False
563200,Málkov (okr. Chomutov),1028,1002,Ústecký,CZ042,Chomutov,CZ0422,Chomutov,4203,False
545619,Malonty (okr. Český Krumlov),1456,1461,Jihočeský,CZ031,Český Krumlov,CZ0312,Kaplice,3106,False
533513,Malotice (okr. Kolín),374,369,Středočeský,CZ020,Kolín,CZ0204,Kolín,2110,False
550418,Malovice (okr. Prachatice),709,698,Jihočeský,CZ031,Prachatice,CZ0315,Prachatice,3109,False
552666,Malšice (okr. Tábor),1880,1893,Jihočeský,CZ031,Tábor,CZ0317,Tábor,3112,False
536296,Malšín (okr. Český Krumlov),176,168,Jihočeský,CZ031,Český Krumlov,CZ0312,Český Krumlov,3103,False
562718,Malšovice (okr. Děčín),1024,1034,Ústecký,CZ042,Děčín,CZ0421,Děčín,4202,False
587486,Malý Beranov (okr. Jihlava),649,635,Vysočina,CZ063,Jihlava,CZ0632,Jihlava,6105,False
556629,Malý Bor (okr. Klatovy),494,495,Plzeňský,CZ032,Klatovy,CZ0322,Horažďovice,3203,False
535036,Malý Újezd (okr. Mělník),1154,1138,Středočeský,CZ020,Mělník,CZ0206,Mělník,2114,False
559202,Manětín (okr. Plzeň-sever),1143,1136,Plzeňský,CZ032,Plzeň-sever,CZ0325,Kralovice,3206,False
568589,Mankovice (okr. Nový Jičín),528,531,Moravskoslezský,CZ080,Nový Jičín,CZ0804,Odry,8116,False
578410,Maňovice (okr. Klatovy),41,47,Plzeňský,CZ032,Klatovy,CZ0322,Horažďovice,3203,False
554642,Mariánské Lázně (okr. Cheb),13921,14052,Karlovarský,CZ041,Cheb,CZ0411,Mariánské Lázně,4105,False
567302,Mariánské Radčice (okr. Most),464,460,Ústecký,CZ042,Most,CZ0425,Litvínov,4206,False
545678,Markvartice (okr. Děčín),739,742,Ústecký,CZ042,Děčín,CZ0421,Děčín,4202,False
573167,Markvartice (okr. Jičín),526,518,Královéhradecký,CZ052,Jičín,CZ0522,Jičín,5207,False
587494,Markvartice (okr. Jihlava),195,197,Vysočina,CZ063,Jihlava,CZ0632,Telč,6112,False
591114,Markvartice (okr. Třebíč),283,288,Vysočina,CZ063,Třebíč,CZ0634,Třebíč,6113,False
508128,Markvartovice (okr. Opava),2219,2211,Moravskoslezský,CZ080,Opava,CZ0805,Hlučín,8109,False
583359,Maršov (okr. Brno-venkov),530,522,Jihomoravský,CZ064,Brno-venkov,CZ0643,Tišnov,6217,False
579530,Maršov u Úpice (okr. Trutnov),188,191,Královéhradecký,CZ052,Trutnov,CZ0525,Trutnov,5214,False
530115,Maršovice (okr. Benešov),796,786,Středočeský,CZ020,Benešov,CZ0201,Benešov,2101,False
563714,Maršovice (okr. Jablonec nad Nisou),638,627,Liberecký,CZ051,Jablonec nad Nisou,CZ0512,Jablonec nad Nisou,5103,False
565253,Martiněves (okr. Litoměřice),823,807,Ústecký,CZ042,Litoměřice,CZ0423,Roudnice nad Labem,4211,False
588741,Martinice (okr. Kroměříž),861,866,Zlínský,CZ072,Kroměříž,CZ0721,Holešov,7202,False
596094,Martinice (okr. Žďár nad Sázavou),463,468,Vysočina,CZ063,Žďár nad Sázavou,CZ0635,Velké Meziříčí,6114,False
561347,Martinice u Onšova (okr. Pelhřimov),52,52,Vysočina,CZ063,Pelhřimov,CZ0633,Pelhřimov,6110,False
573418,Martinice v Krkonoších (okr. Semily),623,620,Liberecký,CZ051,Semily,CZ0514,Jilemnice,5104,False
550388,Martínkov (okr. Třebíč),249,243,Vysočina,CZ063,Třebíč,CZ0634,Moravské Budějovice,6106,False
574228,Martínkovice (okr. Náchod),510,522,Královéhradecký,CZ052,Náchod,CZ0523,Broumov,5201,False
561827,Mařenice (okr. Česká Lípa),330,327,Liberecký,CZ051,Česká Lípa,CZ0511,Nový Bor,5106,False
573779,Máslojedy (okr. Hradec Králové),218,219,Královéhradecký,CZ052,Hradec Králové,CZ0521,Hradec Králové,5205,False
538469,Máslovice (okr. Praha-východ),396,390,Středočeský,CZ020,Praha-východ,CZ0209,Brandýs nad Labem-Stará Boleslav,2103,False
564702,Masojedy (okr. Kolín),120,114,Středočeský,CZ020,Kolín,CZ0204,Český Brod,2106,False
591122,Mastník (okr. Třebíč),206,208,Vysočina,CZ063,Třebíč,CZ0634,Třebíč,6113,False
594415,Mašovice (okr. Znojmo),544,550,Jihomoravský,CZ064,Znojmo,CZ0647,Znojmo,6220,False
563218,Mašťov (okr. Chomutov),565,567,Ústecký,CZ042,Chomutov,CZ0422,Kadaň,4204,False
596108,Matějov (okr. Žďár nad Sázavou),200,201,Vysočina,CZ063,Žďár nad Sázavou,CZ0635,Žďár nad Sázavou,6115,False
535940,Mazelov (okr. České Budějovice),235,231,Jihočeský,CZ031,České Budějovice,CZ0311,České Budějovice,3102,False
562866,Mažice (okr. Tábor),146,141,Jihočeský,CZ031,Tábor,CZ0317,Soběslav,3110,False
537462,Mcely (okr. Nymburk),423,423,Středočeský,CZ020,Nymburk,CZ0208,Nymburk,2118,False
539490,Měchenice (okr. Praha-západ),875,873,Středočeský,CZ020,Praha-západ,CZ020A,Černošice,2105,False
566454,Měcholupy (okr. Louny),962,987,Ústecký,CZ042,Louny,CZ0424,Žatec,4216,False
539716,Měcholupy (okr. Plzeň-jih),206,210,Plzeňský,CZ032,Plzeň-jih,CZ0324,Nepomuk,3207,False
553913,Meclov (okr. Domažlice),1220,1237,Plzeňský,CZ032,Domažlice,CZ0321,Horšovský Týn,3204,False
565644,Mečeříž (okr. Mladá Boleslav),559,568,Středočeský,CZ020,Mladá Boleslav,CZ0207,Mladá Boleslav,2115,False
551392,Mečichov (okr. Strakonice),286,285,Jihočeský,CZ031,Strakonice,CZ0316,Strakonice,3111,False
556637,Měčín (okr. Klatovy),1120,1122,Plzeňský,CZ032,Klatovy,CZ0322,Klatovy,3205,False
563226,Měděnec (okr. Chomutov),147,150,Ústecký,CZ042,Chomutov,CZ0422,Kadaň,4204,False
594423,Medlice (okr. Znojmo),165,164,Jihomoravský,CZ064,Znojmo,CZ0647,Znojmo,6220,False
583367,Medlov (okr. Brno-venkov),896,902,Jihomoravský,CZ064,Brno-venkov,CZ0643,Židlochovice,6221,False
552372,Medlov (okr. Olomouc),1673,1711,Olomoucký,CZ071,Olomouc,CZ0712,Uničov,7112,False
592366,Medlovice (okr. Uherské Hradiště),440,455,Zlínský,CZ072,Uherské Hradiště,CZ0722,Uherské Hradiště,7207,False
550141,Medlovice (okr. Vyškov),442,427,Jihomoravský,CZ064,Vyškov,CZ0646,Vyškov,6219,False
529575,Medonosy (okr. Mělník),157,154,Středočeský,CZ020,Mělník,CZ0206,Mělník,2114,False
579009,Medový Újezd (okr. Rokycany),276,278,Plzeňský,CZ032,Rokycany,CZ0326,Rokycany,3211,False
536415,Měkynec (okr. Strakonice),51,51,Jihočeský,CZ031,Strakonice,CZ0316,Vodňany,3117,False
508144,Melč (okr. Opava),652,662,Moravskoslezský,CZ080,Opava,CZ0805,Vítkov,8122,False
583375,Mělčany (okr. Brno-venkov),514,498,Jihomoravský,CZ064,Brno-venkov,CZ0643,Ivančice,6208,False
535044,Mělnické Vtelno (okr. Mělník),1012,1016,Středočeský,CZ020,Mělník,CZ0206,Mělník,2114,False
534676,Mělník (okr. Mělník),20301,20278,Středočeský,CZ020,Mělník,CZ0206,Mělník,2114,False
531529,Měňany (okr. Beroun),310,303,Středočeský,CZ020,Beroun,CZ0202,Beroun,2102,False
545031,Menhartice (okr. Třebíč),136,136,Vysočina,CZ063,Třebíč,CZ0634,Moravské Budějovice,6106,False
570397,Měník (okr. Hradec Králové),655,651,Královéhradecký,CZ052,Hradec Králové,CZ0521,Nový Bydžov,5212,False
583383,Měnín (okr. Brno-venkov),1902,1897,Jihomoravský,CZ064,Brno-venkov,CZ0643,Židlochovice,6221,False
545791,Merboltice (okr. Děčín),197,195,Ústecký,CZ042,Děčín,CZ0421,Děčín,4202,False
555363,Merklín (okr. Karlovy Vary),888,871,Karlovarský,CZ041,Karlovy Vary,CZ0412,Ostrov,4106,False
558044,Merklín (okr. Plzeň-jih),1169,1188,Plzeňský,CZ032,Plzeň-jih,CZ0324,Přeštice,3210,False
568911,Měrotín (okr. Olomouc),269,276,Olomoucký,CZ071,Olomouc,CZ0712,Litovel,7105,False
552909,Měrovice nad Hanou (okr. Přerov),695,696,Olomoucký,CZ071,Přerov,CZ0714,Přerov,7109,False
567698,Měrunice (okr. Teplice),318,314,Ústecký,CZ042,Teplice,CZ0426,Bílina,4201,False
596116,Měřín (okr. Žďár nad Sázavou),2009,2011,Vysočina,CZ063,Žďár nad Sázavou,CZ0635,Velké Meziříčí,6114,False
537489,Městec Králové (okr. Nymburk),2867,2878,Středočeský,CZ020,Nymburk,CZ0208,Poděbrady,2119,False
542067,Městečko (okr. Rakovník),447,449,Středočeský,CZ020,Rakovník,CZ020C,Rakovník,2121,False
578380,Městečko Trnávka (okr. Svitavy),1425,1402,Pardubický,CZ053,Svitavy,CZ0533,Moravská Třebová,5308,False
597635,Město Albrechtice (okr. Bruntál),3338,3375,Moravskoslezský,CZ080,Bruntál,CZ0801,Krnov,8114,False
500160,Město Libavá (okr. Olomouc),540,560,Olomoucký,CZ071,Olomouc,CZ0712,Šternberk,7110,False
559211,Město Touškov (okr. Plzeň-sever),2495,2444,Plzeňský,CZ032,Plzeň-sever,CZ0325,Nýřany,3208,False
538477,Měšice (okr. Praha-východ),2211,2181,Středočeský,CZ020,Praha-východ,CZ0209,Brandýs nad Labem-Stará Boleslav,2103,False
587508,Měšín (okr. Jihlava),271,270,Vysočina,CZ063,Jihlava,CZ0632,Jihlava,6105,False
579084,Mešno (okr. Rokycany),80,83,Plzeňský,CZ032,Rokycany,CZ0326,Rokycany,3211,False
512184,Metylovice (okr. Frýdek-Místek),1790,1790,Moravskoslezský,CZ080,Frýdek-Místek,CZ0802,Frýdlant nad Ostravicí,8107,False
553930,Mezholezy (okr. Domažlice),121,122,Plzeňský,CZ032,Domažlice,CZ0321,Horšovský Týn,3204,False
553921,Mezholezy (okr. Domažlice),116,122,Plzeňský,CZ032,Domažlice,CZ0321,Domažlice,3202,False
567311,Meziboří (okr. Most),4526,4597,Ústecký,CZ042,Most,CZ0425,Litvínov,4206,False
578461,Mezihoří (okr. Klatovy),74,69,Plzeňský,CZ032,Klatovy,CZ0322,Klatovy,3205,False
574236,Mezilečí (okr. Náchod),143,142,Královéhradecký,CZ052,Náchod,CZ0523,Náchod,5209,False
574244,Mezilesí (okr. Náchod),243,245,Královéhradecký,CZ052,Náchod,CZ0523,Nové Město nad Metují,5211,False
548367,Mezilesí (okr. Pelhřimov),103,104,Vysočina,CZ063,Pelhřimov,CZ0633,Pacov,6109,False
574252,Meziměstí (okr. Náchod),2283,2324,Královéhradecký,CZ052,Náchod,CZ0523,Broumov,5201,False
551724,Mezina (okr. Bruntál),366,380,Moravskoslezský,CZ080,Bruntál,CZ0801,Bruntál,8103,False
563234,Meziříčí (okr. Tábor),181,183,Jihočeský,CZ031,Tábor,CZ0317,Tábor,3112,False
591149,Meziříčko (okr. Třebíč),84,85,Vysočina,CZ063,Třebíč,CZ0634,Moravské Budějovice,6106,False
587516,Meziříčko (okr. Žďár nad Sázavou),174,175,Vysočina,CZ063,Žďár nad Sázavou,CZ0635,Velké Meziříčí,6114,False
529834,Mezná (okr. Pelhřimov),167,170,Vysočina,CZ063,Pelhřimov,CZ0633,Pelhřimov,6110,False
599255,Mezná (okr. Tábor),115,112,Jihočeský,CZ031,Tábor,CZ0317,Soběslav,3110,False
530158,Mezno (okr. Benešov),378,382,Středočeský,CZ020,Benešov,CZ0201,Votice,2126,False
531537,Mezouň (okr. Beroun),600,592,Středočeský,CZ020,Beroun,CZ0202,Beroun,2102,False
548316,Michalovice (okr. Havlíčkův Brod),225,222,Vysočina,CZ063,Havlíčkův Brod,CZ0631,Havlíčkův Brod,6102,False
542521,Michalovice (okr. Litoměřice),177,171,Ústecký,CZ042,Litoměřice,CZ0423,Litoměřice,4205,False
582069,Míchov (okr. Blansko),170,171,Jihomoravský,CZ064,Blansko,CZ0641,Boskovice,6202,False
550426,Mičovice (okr. Prachatice),370,353,Jihočeský,CZ031,Prachatice,CZ0315,Prachatice,3109,False
571822,Míčov-Sušice (okr. Chrudim),267,267,Pardubický,CZ053,Chrudim,CZ0531,Chrudim,5304,False
568279,Mikolajice (okr. Opava),292,299,Moravskoslezský,CZ080,Opava,CZ0805,Opava,8117,False
562751,Mikulášovice (okr. Děčín),2060,2092,Ústecký,CZ042,Děčín,CZ0421,Rumburk,4212,False
586374,Mikulčice (okr. Hodonín),1968,1973,Jihomoravský,CZ064,Hodonín,CZ0645,Hodonín,6206,False
578398,Mikuleč (okr. Svitavy),261,265,Pardubický,CZ053,Svitavy,CZ0533,Svitavy,5312,False
584649,Mikulov (okr. Břeclav),7552,7577,Jihomoravský,CZ064,Břeclav,CZ0644,Mikulov,6211,False
567701,Mikulov (okr. Teplice),210,210,Ústecký,CZ042,Teplice,CZ0426,Teplice,4213,False
540382,Mikulovice (okr. Jeseník),2462,2482,Olomoucký,CZ071,Jeseník,CZ0711,Jeseník,7102,False
575372,Mikulovice (okr. Pardubice),1324,1344,Pardubický,CZ053,Pardubice,CZ0532,Pardubice,5309,False
591157,Mikulovice (okr. Třebíč),221,210,Vysočina,CZ063,Třebíč,CZ0634,Třebíč,6113,False
594431,Mikulovice (okr. Znojmo),669,651,Jihomoravský,CZ064,Znojmo,CZ0647,Znojmo,6220,False
544507,Mikulůvka (okr. Vsetín),824,827,Zlínský,CZ072,Vsetín,CZ0723,Valašské Meziříčí,7210,False
549835,Milasín (okr. Žďár nad Sázavou),50,50,Vysočina,CZ063,Žďár nad Sázavou,CZ0635,Bystřice nad Pernštejnem,6101,False
553948,Milavče (okr. Domažlice),595,592,Plzeňský,CZ032,Domažlice,CZ0321,Domažlice,3202,False
537497,Milčice (okr. Nymburk),303,293,Středočeský,CZ020,Nymburk,CZ0208,Nymburk,2118,False
558052,Mileč (okr. Plzeň-jih),375,355,Plzeňský,CZ032,Plzeň-jih,CZ0324,Nepomuk,3207,False
536539,Milejovice (okr. Strakonice),73,68,Jihočeský,CZ031,Strakonice,CZ0316,Strakonice,3111,False
515418,Milenov (okr. Přerov),430,435,Olomoucký,CZ071,Přerov,CZ0714,Hranice,7101,False
587770,Milešín (okr. Žďár nad Sázavou),92,85,Vysočina,CZ063,Žďár nad Sázavou,CZ0635,Velké Meziříčí,6114,False
540749,Milešov (okr. Příbram),325,330,Středočeský,CZ020,Příbram,CZ020B,Sedlčany,2123,False
593320,Milešovice (okr. Vyškov),718,716,Jihomoravský,CZ064,Vyškov,CZ0646,Slavkov u Brna,6215,False
573175,Miletín (okr. Jičín),951,958,Královéhradecký,CZ052,Jičín,CZ0522,Hořice,5204,False
549576,Milevsko (okr. Písek),7956,7950,Jihočeský,CZ031,Písek,CZ0314,Milevsko,3107,False
554651,Milhostov (okr. Cheb),311,316,Karlovarský,CZ041,Cheb,CZ0411,Cheb,4102,False
530166,Miličín (okr. Benešov),896,885,Středočeský,CZ020,Benešov,CZ0201,Votice,2126,False
587524,Milíčov (okr. Jihlava),136,144,Vysočina,CZ063,Jihlava,CZ0632,Jihlava,6105,False
594440,Milíčovice (okr. Znojmo),201,198,Jihomoravský,CZ064,Znojmo,CZ0647,Znojmo,6220,False
538906,Milíkov (okr. Cheb),293,288,Karlovarský,CZ041,Cheb,CZ0411,Cheb,4102,False
507547,Milíkov (okr. Frýdek-Místek),1305,1325,Moravskoslezský,CZ080,Frýdek-Místek,CZ0802,Jablunkov,8110,False
540757,Milín (okr. Příbram),2184,2209,Středočeský,CZ020,Příbram,CZ020B,Příbram,2120,False
530140,Milínov (okr. Plzeň-jih),230,224,Plzeňský,CZ032,Plzeň-jih,CZ0324,Blovice,3201,False
541532,Milíře (okr. Tachov),227,244,Plzeňský,CZ032,Tachov,CZ0327,Tachov,3215,False
582077,Milonice (okr. Blansko),162,165,Jihomoravský,CZ064,Blansko,CZ0641,Blansko,6201,False
593338,Milonice (okr. Vyškov),376,362,Jihomoravský,CZ064,Vyškov,CZ0646,Bučovice,6205,False
551414,Miloňovice (okr. Strakonice),260,255,Jihočeský,CZ031,Strakonice,CZ0316,Strakonice,3111,False
542075,Milostín (okr. Rakovník),312,316,Středočeský,CZ020,Rakovník,CZ020C,Rakovník,2121,False
515477,Milotice nad Bečvou (okr. Přerov),320,310,Olomoucký,CZ071,Přerov,CZ0714,Hranice,7101,False
569526,Milotice nad Opavou (okr. Bruntál),427,440,Moravskoslezský,CZ080,Bruntál,CZ0801,Bruntál,8103,False
586382,Milotice (okr. Hodonín),1884,1910,Jihomoravský,CZ064,Hodonín,CZ0645,Kyjov,6210,False
584657,Milovice (okr. Břeclav),512,493,Jihomoravský,CZ064,Břeclav,CZ0644,Mikulov,6211,False
537501,Milovice (okr. Nymburk),14609,14270,Středočeský,CZ020,Nymburk,CZ0208,Lysá nad Labem,2113,False
548863,Milovice u Hořic (okr. Jičín),314,320,Královéhradecký,CZ052,Jičín,CZ0522,Hořice,5204,False
565466,Milý (okr. Rakovník),221,213,Středočeský,CZ020,Rakovník,CZ020C,Rakovník,2121,False
561835,Mimoň (okr. Česká Lípa),6321,6387,Liberecký,CZ051,Česká Lípa,CZ0511,Česká Lípa,5101,False
562149,Minice (okr. Písek),27,28,Jihočeský,CZ031,Písek,CZ0314,Písek,3108,False
545627,Mirkovice (okr. Český Krumlov),564,517,Jihočeský,CZ031,Český Krumlov,CZ0312,Český Krumlov,3103,False
594458,Miroslav (okr. Znojmo),3019,3054,Jihomoravský,CZ064,Znojmo,CZ0647,Moravský Krumlov,6212,False
594466,Miroslavské Knínice (okr. Znojmo),346,347,Jihomoravský,CZ064,Znojmo,CZ0647,Moravský Krumlov,6212,False
587532,Mirošov (okr. Jihlava),168,168,Vysočina,CZ063,Jihlava,CZ0632,Jihlava,6105,False
559997,Mirošov (okr. Rokycany),2216,2248,Plzeňský,CZ032,Rokycany,CZ0326,Rokycany,3211,False
596132,Mirošov (okr. Žďár nad Sázavou),142,141,Vysočina,CZ063,Žďár nad Sázavou,CZ0635,Nové Město na Moravě,6108,False
538485,Mirošovice (okr. Praha-východ),1531,1507,Středočeský,CZ020,Praha-východ,CZ0209,Říčany,2122,False
549584,Mirotice (okr. Písek),1207,1232,Jihočeský,CZ031,Písek,CZ0314,Písek,3108,False
569381,Mírov (okr. Šumperk),360,353,Olomoucký,CZ071,Šumperk,CZ0715,Mohelnice,7106,False
537934,Mírová (okr. Karlovy Vary),382,355,Karlovarský,CZ041,Karlovy Vary,CZ0412,Karlovy Vary,4103,False
577316,Mírová pod Kozákovem (okr. Semily),1730,1752,Liberecký,CZ051,Semily,CZ0514,Turnov,5109,False
549592,Mirovice (okr. Písek),1627,1623,Jihočeský,CZ031,Písek,CZ0314,Písek,3108,False
530506,Miřejovice (okr. Litoměřice),216,219,Ústecký,CZ042,Litoměřice,CZ0423,Litoměřice,4205,False
530174,Miřetice (okr. Benešov),261,240,Středočeský,CZ020,Benešov,CZ0201,Vlašim,2125,False
571831,Miřetice (okr. Chrudim),1286,1313,Pardubický,CZ053,Chrudim,CZ0531,Hlinsko,5302,False
553956,Mířkov (okr. Domažlice),319,319,Plzeňský,CZ032,Domažlice,CZ0321,Horšovský Týn,3204,False
534200,Miskovice (okr. Kutná Hora),1165,1145,Středočeský,CZ020,Kutná Hora,CZ0205,Kutná Hora,2112,False
563242,Místo (okr. Chomutov),433,424,Ústecký,CZ042,Chomutov,CZ0422,Chomutov,4203,False
580643,Mistrovice (okr. Ústí nad Orlicí),654,641,Pardubický,CZ053,Ústí nad Orlicí,CZ0534,Žamberk,5315,False
592382,Mistřice (okr. Uherské Hradiště),1181,1180,Zlínský,CZ072,Uherské Hradiště,CZ0722,Uherské Hradiště,7207,False
588750,Míškovice (okr. Kroměříž),746,716,Zlínský,CZ072,Kroměříž,CZ0721,Holešov,7202,False
546399,Míšov (okr. Plzeň-jih),111,114,Plzeňský,CZ032,Plzeň-jih,CZ0324,Blovice,3201,False
549606,Mišovice (okr. Písek),250,261,Jihočeský,CZ031,Písek,CZ0314,Písek,3108,False
535419,Mladá Boleslav (okr. Mladá Boleslav),47874,47346,Středočeský,CZ020,Mladá Boleslav,CZ0207,Mladá Boleslav,2115,False
552704,Mladá Vožice (okr. Tábor),2711,2705,Jihočeský,CZ031,Tábor,CZ0317,Tábor,3112,False
548383,Mladé Bříště (okr. Pelhřimov),293,298,Vysočina,CZ063,Pelhřimov,CZ0633,Humpolec,6103,False
579548,Mladé Buky (okr. Trutnov),2301,2287,Královéhradecký,CZ052,Trutnov,CZ0525,Trutnov,5214,False
553042,Mladecko (okr. Opava),157,152,Moravskoslezský,CZ080,Opava,CZ0805,Opava,8117,False
504246,Mladeč (okr. Olomouc),730,721,Olomoucký,CZ071,Olomouc,CZ0712,Litovel,7105,False
578401,Mladějov na Moravě (okr. Svitavy),461,462,Pardubický,CZ053,Svitavy,CZ0533,Moravská Třebová,5308,False
573205,Mladějov (okr. Jičín),550,554,Královéhradecký,CZ052,Jičín,CZ0522,Jičín,5207,False
552348,Mladějovice (okr. Olomouc),732,730,Olomoucký,CZ071,Olomouc,CZ0712,Šternberk,7110,False
580651,Mladkov (okr. Ústí nad Orlicí),555,542,Pardubický,CZ053,Ústí nad Orlicí,CZ0534,Králíky,5305,False
571857,Mladoňovice (okr. Chrudim),337,330,Pardubický,CZ053,Chrudim,CZ0531,Chrudim,5304,False
591165,Mladoňovice (okr. Třebíč),391,398,Vysočina,CZ063,Třebíč,CZ0634,Moravské Budějovice,6106,False
544817,Mladošovice (okr. České Budějovice),427,420,Jihočeský,CZ031,České Budějovice,CZ0311,Trhové Sviny,3113,False
559237,Mladotice (okr. Plzeň-sever),558,560,Plzeňský,CZ032,Plzeň-sever,CZ0325,Kralovice,3206,False
558061,Mladý Smolivec (okr. Plzeň-jih),666,670,Plzeňský,CZ032,Plzeň-jih,CZ0324,Nepomuk,3207,False
573213,Mlázovice (okr. Jičín),551,557,Královéhradecký,CZ052,Jičín,CZ0522,Jičín,5207,False
560006,Mlečice (okr. Rokycany),335,326,Plzeňský,CZ032,Rokycany,CZ0326,Rokycany,3211,False
565296,Mlékojedy (okr. Litoměřice),246,228,Ústecký,CZ042,Litoměřice,CZ0423,Litoměřice,4205,False
570401,Mlékosrby (okr. Hradec Králové),247,244,Královéhradecký,CZ052,Hradec Králové,CZ0521,Nový Bydžov,5212,False
542059,Mlýnské Struhadlo (okr. Klatovy),56,54,Plzeňský,CZ032,Klatovy,CZ0322,Klatovy,3205,False
552712,Mlýny (okr. Tábor),119,120,Jihočeský,CZ031,Tábor,CZ0317,Tábor,3112,False
565300,Mnetěš (okr. Litoměřice),584,588,Ústecký,CZ042,Litoměřice,CZ0423,Roudnice nad Labem,4211,False
548391,Mnich (okr. Pelhřimov),405,408,Vysočina,CZ063,Pelhřimov,CZ0633,Pelhřimov,6110,False
554677,Mnichov (okr. Cheb),409,392,Karlovarský,CZ041,Cheb,CZ0411,Mariánské Lázně,4105,False
566292,Mnichov (okr. Domažlice),216,218,Plzeňský,CZ032,Domažlice,CZ0321,Domažlice,3202,False
536563,Mnichov (okr. Strakonice),252,251,Jihočeský,CZ031,Strakonice,CZ0316,Strakonice,3111,False
530191,Mnichovice (okr. Benešov),223,221,Středočeský,CZ020,Benešov,CZ0201,Vlašim,2125,False
538493,Mnichovice (okr. Praha-východ),4206,4156,Středočeský,CZ020,Praha-východ,CZ0209,Říčany,2122,False
536326,Mnichovo Hradiště (okr. Mladá Boleslav),9123,9048,Středočeský,CZ020,Mladá Boleslav,CZ0207,Mnichovo Hradiště,2116,False
564231,Mníšek (okr. Liberec),1830,1799,Liberecký,CZ051,Liberec,CZ0513,Liberec,5105,False
540765,Mníšek pod Brdy (okr. Praha-západ),6377,6432,Středočeský,CZ020,Praha-západ,CZ020A,Černošice,2105,False
538507,Mochov (okr. Praha-východ),1642,1648,Středočeský,CZ020,Praha-východ,CZ0209,Brandýs nad Labem-Stará Boleslav,2103,False
556718,Mochtín (okr. Klatovy),1160,1159,Plzeňský,CZ032,Klatovy,CZ0322,Klatovy,3205,False
599174,Močerady (okr. Domažlice),71,78,Plzeňský,CZ032,Domažlice,CZ0321,Horšovský Týn,3204,False
530999,Močovice (okr. Kutná Hora),406,402,Středočeský,CZ020,Kutná Hora,CZ0205,Čáslav,2104,False
567710,Modlany (okr. Teplice),1186,1153,Ústecký,CZ042,Teplice,CZ0426,Teplice,4213,False
598267,Modletice (okr. Praha-východ),609,595,Středočeský,CZ020,Praha-východ,CZ0209,Říčany,2122,False
569127,Modlíkov (okr. Havlíčkův Brod),153,160,Vysočina,CZ063,Havlíčkův Brod,CZ0631,Havlíčkův Brod,6102,False
598615,Modrá Hůrka (okr. České Budějovice),98,102,Jihočeský,CZ031,České Budějovice,CZ0311,Týn nad Vltavou,3115,False
592391,Modrá (okr. Uherské Hradiště),704,698,Zlínský,CZ072,Uherské Hradiště,CZ0722,Uherské Hradiště,7207,False
542148,Modrava (okr. Klatovy),103,107,Plzeňský,CZ032,Klatovy,CZ0322,Sušice,3214,False
583391,Modřice (okr. Brno-venkov),5673,5755,Jihomoravský,CZ064,Brno-venkov,CZ0643,Šlapanice,6216,False
577324,Modřišice (okr. Semily),427,433,Liberecký,CZ051,Semily,CZ0514,Turnov,5109,False
599751,Modřovice (okr. Příbram),104,105,Středočeský,CZ020,Příbram,CZ020B,Příbram,2120,False
565822,Mohelnice nad Jizerou (okr. Mladá Boleslav),93,91,Středočeský,CZ020,Mladá Boleslav,CZ0207,Mnichovo Hradiště,2116,False
558079,Mohelnice (okr. Plzeň-jih),68,74,Plzeňský,CZ032,Plzeň-jih,CZ0324,Nepomuk,3207,False
540471,Mohelnice (okr. Šumperk),9886,9782,Olomoucký,CZ071,Šumperk,CZ0715,Mohelnice,7106,False
591173,Mohelno (okr. Třebíč),1383,1386,Vysočina,CZ063,Třebíč,CZ0634,Náměšť nad Oslavou,6107,False
598623,Mojné (okr. Český Krumlov),300,308,Jihočeský,CZ031,Český Krumlov,CZ0312,Český Krumlov,3103,False
575381,Mokošín (okr. Pardubice),173,174,Pardubický,CZ053,Pardubice,CZ0532,Přelouč,5311,False
583405,Mokrá-Horákov (okr. Brno-venkov),2897,2908,Jihomoravský,CZ064,Brno-venkov,CZ0643,Šlapanice,6216,False
508373,Mokré Lazce (okr. Opava),1144,1167,Moravskoslezský,CZ080,Opava,CZ0805,Opava,8117,False
576522,Mokré (okr. Rychnov nad Kněžnou),172,183,Královéhradecký,CZ052,Rychnov nad Kněžnou,CZ0524,Dobruška,5202,False
556726,Mokrosuky (okr. Klatovy),144,143,Plzeňský,CZ032,Klatovy,CZ0322,Sušice,3214,False
540641,Mokrouše (okr. Plzeň-město),352,342,Plzeňský,CZ032,Plzeň-město,CZ0323,Plzeň,3209,False
570419,Mokrovousy (okr. Hradec Králové),352,355,Královéhradecký,CZ052,Hradec Králové,CZ0521,Hradec Králové,5205,False
540781,Mokrovraty (okr. Příbram),797,804,Středočeský,CZ020,Příbram,CZ020B,Dobříš,2107,False
535842,Mokrý Lom (okr. České Budějovice),113,108,Jihočeský,CZ031,České Budějovice,CZ0311,České Budějovice,3102,False
567728,Moldava (okr. Teplice),175,173,Ústecký,CZ042,Teplice,CZ0426,Teplice,4213,False
571873,Morašice (okr. Chrudim),824,816,Pardubický,CZ053,Chrudim,CZ0531,Chrudim,5304,False
573035,Morašice (okr. Pardubice),96,96,Pardubický,CZ053,Pardubice,CZ0532,Přelouč,5311,False
578428,Morašice (okr. Svitavy),740,735,Pardubický,CZ053,Svitavy,CZ0533,Litomyšl,5307,False
594474,Morašice (okr. Znojmo),221,221,Jihomoravský,CZ064,Znojmo,CZ0647,Znojmo,6220,False
583413,Moravany (okr. Brno-venkov),3607,3554,Jihomoravský,CZ064,Brno-venkov,CZ0643,Šlapanice,6216,False
586391,Moravany (okr. Hodonín),700,698,Jihomoravský,CZ064,Hodonín,CZ0645,Kyjov,6210,False
575399,Moravany (okr. Pardubice),1887,1873,Pardubický,CZ053,Pardubice,CZ0532,Pardubice,5309,False
596141,Moravec (okr. Žďár nad Sázavou),684,693,Vysočina,CZ063,Žďár nad Sázavou,CZ0635,Velké Meziříčí,6114,False
596159,Moravecké Pavlovice (okr. Žďár nad Sázavou),52,50,Vysočina,CZ063,Žďár nad Sázavou,CZ0635,Bystřice nad Pernštejnem,6101,False
548405,Moraveč (okr. Pelhřimov),205,204,Vysočina,CZ063,Pelhřimov,CZ0633,Pelhřimov,6110,False
569097,Moravice (okr. Opava),240,244,Moravskoslezský,CZ080,Opava,CZ0805,Vítkov,8122,False
540480,Moravičany (okr. Šumperk),1385,1379,Olomoucký,CZ071,Šumperk,CZ0715,Mohelnice,7106,False
598445,Morávka (okr. Frýdek-Místek),1266,1315,Moravskoslezský,CZ080,Frýdek-Místek,CZ0802,Frýdek-Místek,8106,False
584665,Moravská Nová Ves (okr. Břeclav),2690,2659,Jihomoravský,CZ064,Břeclav,CZ0644,Břeclav,6204,False
578444,Moravská Třebová (okr. Svitavy),9418,9550,Pardubický,CZ053,Svitavy,CZ0533,Moravská Třebová,5308,False
583421,Moravské Bránice (okr. Brno-venkov),983,994,Jihomoravský,CZ064,Brno-venkov,CZ0643,Ivančice,6208,False
591181,Moravské Budějovice (okr. Třebíč),7079,7098,Vysočina,CZ063,Třebíč,CZ0634,Moravské Budějovice,6106,False
583430,Moravské Knínice (okr. Brno-venkov),1151,1153,Jihomoravský,CZ064,Brno-venkov,CZ0643,Kuřim,6209,False
593346,Moravské Málkovice (okr. Vyškov),594,592,Jihomoravský,CZ064,Vyškov,CZ0646,Vyškov,6219,False
551732,Moravskoslezský Kočov (okr. Bruntál),601,592,Moravskoslezský,CZ080,Bruntál,CZ0801,Bruntál,8103,False
597678,Moravský Beroun (okr. Olomouc),2775,2804,Olomoucký,CZ071,Olomouc,CZ0712,Šternberk,7110,False
594482,Moravský Krumlov (okr. Znojmo),5635,5667,Jihomoravský,CZ064,Znojmo,CZ0647,Moravský Krumlov,6212,False
586404,Moravský Písek (okr. Hodonín),2037,2028,Jihomoravský,CZ064,Hodonín,CZ0645,Veselí nad Moravou,6218,False
584673,Moravský Žižkov (okr. Břeclav),1521,1497,Jihomoravský,CZ064,Břeclav,CZ0644,Břeclav,6204,False
588768,Morkovice-Slížany (okr. Kroměříž),2998,2975,Zlínský,CZ072,Kroměříž,CZ0721,Kroměříž,7203,False
584681,Morkůvky (okr. Břeclav),524,529,Jihomoravský,CZ064,Břeclav,CZ0644,Hustopeče,6207,False
589721,Mořice (okr. Prostějov),531,529,Olomoucký,CZ071,Prostějov,CZ0713,Prostějov,7108,False
531545,Mořina (okr. Beroun),964,940,Středočeský,CZ020,Beroun,CZ0202,Beroun,2102,False
533912,Mořinka (okr. Beroun),168,166,Středočeský,CZ020,Beroun,CZ0202,Beroun,2102,False
599689,Mořkov (okr. Nový Jičín),2369,2383,Moravskoslezský,CZ080,Nový Jičín,CZ0804,Nový Jičín,8115,False
567027,Most (okr. Most),63160,63474,Ústecký,CZ042,Most,CZ0425,Most,4209,False
579556,Mostek (okr. Trutnov),1176,1188,Královéhradecký,CZ052,Trutnov,CZ0525,Dvůr Králové nad Labem,5203,False
580660,Mostek (okr. Ústí nad Orlicí),280,275,Pardubický,CZ053,Ústí nad Orlicí,CZ0534,Vysoké Mýto,5314,False
589730,Mostkovice (okr. Prostějov),1659,1646,Olomoucký,CZ071,Prostějov,CZ0713,Prostějov,7108,False
598453,Mosty u Jablunkova (okr. Frýdek-Místek),3667,3649,Moravskoslezský,CZ080,Frýdek-Místek,CZ0802,Jablunkov,8110,False
568686,Mošnov (okr. Nový Jičín),751,763,Moravskoslezský,CZ080,Nový Jičín,CZ0804,Kopřivnice,8112,False
593354,Mouchnice (okr. Hodonín),318,316,Jihomoravský,CZ064,Hodonín,CZ0645,Kyjov,6210,False
557048,Mouřínov (okr. Vyškov),507,495,Jihomoravský,CZ064,Vyškov,CZ0646,Bučovice,6205,False
583448,Moutnice (okr. Brno-venkov),1157,1158,Jihomoravský,CZ064,Brno-venkov,CZ0643,Židlochovice,6221,False
530204,Mrač (okr. Benešov),886,870,Středočeský,CZ020,Benešov,CZ0201,Benešov,2101,False
554847,Mrákotín (okr. Chrudim),347,340,Pardubický,CZ053,Chrudim,CZ0531,Chrudim,5304,False
587541,Mrákotín (okr. Jihlava),870,868,Vysočina,CZ063,Jihlava,CZ0632,Telč,6112,False
553981,Mrákov (okr. Domažlice),1153,1150,Plzeňský,CZ032,Domažlice,CZ0321,Domažlice,3202,False
538515,Mratín (okr. Praha-východ),1394,1404,Středočeský,CZ020,Praha-východ,CZ0209,Brandýs nad Labem-Stará Boleslav,2103,False
553905,Mrlínek (okr. Kroměříž),272,272,Zlínský,CZ072,Kroměříž,CZ0721,Bystřice pod Hostýnem,7201,False
554944,Mrsklesy (okr. Olomouc),715,698,Olomoucký,CZ071,Olomouc,CZ0712,Olomouc,7107,False
559245,Mrtník (okr. Plzeň-sever),341,342,Plzeňský,CZ032,Plzeň-sever,CZ0325,Kralovice,3206,False
513288,Mrzky (okr. Kolín),169,169,Středočeský,CZ020,Kolín,CZ0204,Český Brod,2106,False
577332,Mříčná (okr. Semily),593,582,Liberecký,CZ051,Semily,CZ0514,Jilemnice,5104,False
542105,Mšec (okr. Rakovník),879,882,Středočeský,CZ020,Rakovník,CZ020C,Rakovník,2121,False
542113,Mšecké Žehrovice (okr. Rakovník),664,657,Středočeský,CZ020,Rakovník,CZ020C,Rakovník,2121,False
565318,Mšené-lázně (okr. Litoměřice),1875,1886,Ústecký,CZ042,Litoměřice,CZ0423,Roudnice nad Labem,4211,False
535052,Mšeno (okr. Mělník),1406,1415,Středočeský,CZ020,Mělník,CZ0206,Mělník,2114,False
571865,Mukařov (okr. Mladá Boleslav),204,212,Středočeský,CZ020,Mladá Boleslav,CZ0207,Mnichovo Hradiště,2116,False
538523,Mukařov (okr. Praha-východ),3036,3024,Středočeský,CZ020,Praha-východ,CZ0209,Říčany,2122,False
542121,Mutějovice (okr. Rakovník),855,846,Středočeský,CZ020,Rakovník,CZ020C,Rakovník,2121,False
586412,Mutěnice (okr. Hodonín),3735,3735,Jihomoravský,CZ064,Hodonín,CZ0645,Hodonín,6206,False
560278,Mutěnice (okr. Strakonice),273,279,Jihočeský,CZ031,Strakonice,CZ0316,Strakonice,3111,False
553999,Mutěnín (okr. Domažlice),272,268,Plzeňský,CZ032,Domažlice,CZ0321,Domažlice,3202,False
547093,Mutkov (okr. Olomouc),45,45,Olomoucký,CZ071,Olomouc,CZ0712,Šternberk,7110,False
535281,Mydlovary (okr. České Budějovice),299,301,Jihočeský,CZ031,České Budějovice,CZ0311,České Budějovice,3102,False
589748,Myslejovice (okr. Prostějov),677,670,Olomoucký,CZ071,Prostějov,CZ0713,Prostějov,7108,False
587559,Mysletice (okr. Jihlava),131,133,Vysočina,CZ063,Jihlava,CZ0632,Telč,6112,False
561819,Mysletín (okr. Pelhřimov),117,116,Vysočina,CZ063,Pelhřimov,CZ0633,Humpolec,6103,False
587567,Mysliboř (okr. Jihlava),198,203,Vysočina,CZ063,Jihlava,CZ0632,Telč,6112,False
591190,Myslibořice (okr. Třebíč),665,685,Vysočina,CZ063,Třebíč,CZ0634,Třebíč,6113,False
549614,Myslín (okr. Písek),95,95,Jihočeský,CZ031,Písek,CZ0314,Písek,3108,False
566543,Myslinka (okr. Plzeň-sever),268,278,Plzeňský,CZ032,Plzeň-sever,CZ0325,Nýřany,3208,False
556734,Myslív (okr. Klatovy),423,427,Plzeňský,CZ032,Klatovy,CZ0322,Horažďovice,3203,False
552721,Myslkovice (okr. Tábor),440,441,Jihočeský,CZ031,Tábor,CZ0317,Soběslav,3110,False
585505,Mysločovice (okr. Zlín),716,722,Zlínský,CZ072,Zlín,CZ0724,Zlín,7213,False
541745,Myslovice (okr. Klatovy),128,125,Plzeňský,CZ032,Klatovy,CZ0322,Klatovy,3205,False
570427,Myštěves (okr. Hradec Králové),219,203,Královéhradecký,CZ052,Hradec Králové,CZ0521,Nový Bydžov,5212,False
551473,Myštice (okr. Strakonice),260,264,Jihočeský,CZ031,Strakonice,CZ0316,Blatná,3101,False
560014,Mýto (okr. Rokycany),1640,1602,Plzeňský,CZ032,Rokycany,CZ0326,Rokycany,3211,False
570435,Mžany (okr. Hradec Králové),466,456,Královéhradecký,CZ052,Hradec Králové,CZ0521,Hradec Králové,5205,False
571890,Nabočany (okr. Chrudim),126,128,Pardubický,CZ053,Chrudim,CZ0531,Chrudim,5304,False
573868,Náchod (okr. Náchod),19649,19827,Královéhradecký,CZ052,Náchod,CZ0523,Náchod,5209,False
530212,Načeradec (okr. Benešov),1148,1118,Středočeský,CZ020,Benešov,CZ0201,Vlašim,2125,False
571903,Načešice (okr. Chrudim),681,671,Pardubický,CZ053,Chrudim,CZ0531,Chrudim,5304,False
549631,Nadějkov (okr. Tábor),723,728,Jihočeský,CZ031,Tábor,CZ0317,Tábor,3112,False
587575,Nadějov (okr. Jihlava),189,188,Vysočina,CZ063,Jihlava,CZ0632,Jihlava,6105,False
559253,Nadryby (okr. Plzeň-sever),130,130,Plzeňský,CZ032,Plzeň-sever,CZ0325,Nýřany,3208,False
574261,Nahořany (okr. Náchod),623,619,Královéhradecký,CZ052,Náchod,CZ0523,Nové Město nad Metují,5211,False
552810,Nahošovice (okr. Přerov),167,161,Olomoucký,CZ071,Přerov,CZ0714,Přerov,7109,False
504441,Náklo (okr. Olomouc),1494,1497,Olomoucký,CZ071,Olomouc,CZ0712,Litovel,7105,False
535371,Nákří (okr. České Budějovice),226,226,Jihočeský,CZ031,České Budějovice,CZ0311,České Budějovice,3102,False
550779,Naloučany (okr. Třebíč),163,162,Vysočina,CZ063,Třebíč,CZ0634,Náměšť nad Oslavou,6107,False
540790,Nalžovice (okr. Příbram),628,622,Středočeský,CZ020,Příbram,CZ020B,Sedlčany,2123,False
556751,Nalžovské Hory (okr. Klatovy),1151,1152,Plzeňský,CZ032,Klatovy,CZ0322,Horažďovice,3203,False
504505,Náměšť na Hané (okr. Olomouc),2255,2210,Olomoucký,CZ071,Olomouc,CZ0712,Olomouc,7107,False
591211,Náměšť nad Oslavou (okr. Třebíč),4738,4767,Vysočina,CZ063,Třebíč,CZ0634,Náměšť nad Oslavou,6107,False
585513,Napajedla (okr. Zlín),6981,7043,Zlínský,CZ072,Zlín,CZ0724,Otrokovice,7205,False
591220,Nárameč (okr. Třebíč),360,352,Vysočina,CZ063,Třebíč,CZ0634,Třebíč,6113,False
564478,Narysov (okr. Příbram),280,274,Středočeský,CZ020,Příbram,CZ020B,Příbram,2120,False
571911,Nasavrky (okr. Chrudim),1690,1693,Pardubický,CZ053,Chrudim,CZ0531,Chrudim,5304,False
559016,Nasavrky (okr. Tábor),92,92,Jihočeský,CZ031,Tábor,CZ0317,Tábor,3112,False
580678,Nasavrky (okr. Ústí nad Orlicí),146,143,Pardubický,CZ053,Ústí nad Orlicí,CZ0534,Vysoké Mýto,5314,False
586421,Násedlovice (okr. Hodonín),847,845,Jihomoravský,CZ064,Hodonín,CZ0645,Kyjov,6210,False
594512,Našiměřice (okr. Znojmo),200,201,Jihomoravský,CZ064,Znojmo,CZ0647,Moravský Krumlov,6212,False
585521,Návojná (okr. Zlín),683,685,Zlínský,CZ072,Zlín,CZ0724,Valašské Klobouky,7209,False
554014,Návsí (okr. Frýdek-Místek),3906,3880,Moravskoslezský,CZ080,Frýdek-Místek,CZ0802,Jablunkov,8110,False
550434,Nebahovy (okr. Prachatice),633,630,Jihočeský,CZ031,Prachatice,CZ0315,Prachatice,3109,False
554693,Nebanice (okr. Cheb),320,325,Karlovarský,CZ041,Cheb,CZ0411,Cheb,4102,False
540340,Nebílovy (okr. Plzeň-jih),390,385,Plzeňský,CZ032,Plzeň-jih,CZ0324,Přeštice,3210,False
583456,Nebovidy (okr. Brno-venkov),879,871,Jihomoravský,CZ064,Brno-venkov,CZ0643,Šlapanice,6216,False
533521,Nebovidy (okr. Kolín),776,776,Středočeský,CZ020,Kolín,CZ0204,Kolín,2110,False
536644,Nebřehovice (okr. Strakonice),181,176,Jihočeský,CZ031,Strakonice,CZ0316,Strakonice,3111,False
535061,Nebužely (okr. Mělník),408,414,Středočeský,CZ020,Mělník,CZ0206,Mělník,2114,False
570451,Nechanice (okr. Hradec Králové),2545,2508,Královéhradecký,CZ052,Hradec Králové,CZ0521,Hradec Králové,5205,False
540846,Nechvalice (okr. Příbram),660,660,Středočeský,CZ020,Příbram,CZ020B,Sedlčany,2123,False
586439,Nechvalín (okr. Hodonín),347,342,Jihomoravský,CZ064,Hodonín,CZ0645,Kyjov,6210,False
540811,Nečín (okr. Příbram),778,779,Středočeský,CZ020,Příbram,CZ020B,Dobříš,2107,False
559261,Nečtiny (okr. Plzeň-sever),642,636,Plzeňský,CZ032,Plzeň-sever,CZ0325,Kralovice,3206,False
544825,Nedabyle (okr. České Budějovice),376,378,Jihočeský,CZ031,České Budějovice,CZ0311,České Budějovice,3102,False
592404,Nedachlebice (okr. Uherské Hradiště),798,784,Zlínský,CZ072,Uherské Hradiště,CZ0722,Uherské Hradiště,7207,False
592412,Nedakonice (okr. Uherské Hradiště),1634,1636,Zlínský,CZ072,Uherské Hradiště,CZ0722,Uherské Hradiště,7207,False
585530,Nedašov (okr. Zlín),1332,1358,Zlínský,CZ072,Zlín,CZ0724,Valašské Klobouky,7209,False
585548,Nedašova Lhota (okr. Zlín),676,675,Zlínský,CZ072,Zlín,CZ0724,Valašské Klobouky,7209,False
570443,Neděliště (okr. Hradec Králové),377,373,Královéhradecký,CZ052,Hradec Králové,CZ0521,Hradec Králové,5205,False
531863,Nedomice (okr. Mělník),356,374,Středočeský,CZ020,Mělník,CZ0206,Neratovice,2117,False
540820,Nedrahovice (okr. Příbram),475,469,Středočeský,CZ020,Příbram,CZ020B,Sedlčany,2123,False
596175,Nedvědice (okr. Brno-venkov),1268,1277,Jihomoravský,CZ064,Brno-venkov,CZ0643,Tišnov,6217,False
578452,Nedvězí (okr. Svitavy),183,188,Pardubický,CZ053,Svitavy,CZ0533,Polička,5310,False
578223,Nehodiv (okr. Klatovy),88,86,Plzeňský,CZ032,Klatovy,CZ0322,Horažďovice,3203,False
538540,Nehvizdy (okr. Praha-východ),4528,4404,Středočeský,CZ020,Praha-východ,CZ0209,Brandýs nad Labem-Stará Boleslav,2103,False
555380,Nejdek (okr. Karlovy Vary),7647,7733,Karlovarský,CZ041,Karlovy Vary,CZ0412,Karlovy Vary,4103,False
548197,Nejepín (okr. Havlíčkův Brod),101,96,Vysočina,CZ063,Havlíčkův Brod,CZ0631,Chotěboř,6104,False
559270,Nekmíř (okr. Plzeň-sever),554,551,Plzeňský,CZ032,Plzeň-sever,CZ0325,Nýřany,3208,False
580686,Nekoř (okr. Ústí nad Orlicí),985,980,Pardubický,CZ053,Ústí nad Orlicí,CZ0534,Žamberk,5315,False
558095,Nekvasovy (okr. Plzeň-jih),193,196,Plzeňský,CZ032,Plzeň-jih,CZ0324,Nepomuk,3207,False
535079,Nelahozeves (okr. Mělník),2213,2213,Středočeský,CZ020,Mělník,CZ0206,Kralupy nad Vltavou,2111,False
583464,Nelepeč-Žernůvka (okr. Brno-venkov),71,74,Jihomoravský,CZ064,Brno-venkov,CZ0643,Tišnov,6217,False
515787,Nelešovice (okr. Přerov),192,194,Olomoucký,CZ071,Přerov,CZ0714,Přerov,7109,False
554006,Nemanice (okr. Domažlice),287,285,Plzeňský,CZ032,Domažlice,CZ0321,Domažlice,3202,False
593371,Němčany (okr. Vyškov),799,811,Jihomoravský,CZ064,Vyškov,CZ0646,Slavkov u Brna,6215,False
589756,Němčice nad Hanou (okr. Prostějov),1902,1918,Olomoucký,CZ071,Prostějov,CZ0713,Prostějov,7108,False
582085,Němčice (okr. Blansko),464,466,Jihomoravský,CZ064,Blansko,CZ0641,Boskovice,6202,False
599166,Němčice (okr. Domažlice),129,134,Plzeňský,CZ032,Domažlice,CZ0321,Domažlice,3202,False
571636,Němčice (okr. Kolín),406,399,Středočeský,CZ020,Kolín,CZ0204,Kolín,2110,False
588784,Němčice (okr. Kroměříž),385,383,Zlínský,CZ072,Kroměříž,CZ0721,Holešov,7202,False
536334,Němčice (okr. Mladá Boleslav),187,191,Středočeský,CZ020,Mladá Boleslav,CZ0207,Mladá Boleslav,2115,False
572870,Němčice (okr. Pardubice),833,854,Pardubický,CZ053,Pardubice,CZ0532,Pardubice,5309,False
550396,Němčice (okr. Prachatice),174,180,Jihočeský,CZ031,Prachatice,CZ0315,Prachatice,3109,False
536474,Němčice (okr. Strakonice),102,109,Jihočeský,CZ031,Strakonice,CZ0316,Strakonice,3111,False
580694,Němčice (okr. Svitavy),1032,1031,Pardubický,CZ053,Svitavy,CZ0533,Litomyšl,5307,False
583472,Němčičky (okr. Brno-venkov),359,343,Jihomoravský,CZ064,Brno-venkov,CZ0643,Ivančice,6208,False
584703,Němčičky (okr. Břeclav),726,755,Jihomoravský,CZ064,Břeclav,CZ0644,Hustopeče,6207,False
594521,Němčičky (okr. Znojmo),84,88,Jihomoravský,CZ064,Znojmo,CZ0647,Znojmo,6220,False
566837,Němčovice (okr. Rokycany),190,195,Plzeňský,CZ032,Rokycany,CZ0326,Rokycany,3211,False
536725,Němětice (okr. Strakonice),125,125,Jihočeský,CZ031,Strakonice,CZ0316,Strakonice,3111,False
553476,Nemile (okr. Šumperk),681,679,Olomoucký,CZ071,Šumperk,CZ0715,Zábřeh,7113,False
593389,Nemochovice (okr. Vyškov),334,325,Jihomoravský,CZ064,Vyškov,CZ0646,Bučovice,6205,False
593397,Nemojany (okr. Vyškov),912,875,Jihomoravský,CZ064,Vyškov,CZ0646,Vyškov,6219,False
579564,Nemojov (okr. Trutnov),831,834,Královéhradecký,CZ052,Trutnov,CZ0525,Dvůr Králové nad Labem,5203,False
593401,Nemotice (okr. Vyškov),429,428,Jihomoravský,CZ064,Vyškov,CZ0646,Bučovice,6205,False
573230,Nemyčeves (okr. Jičín),352,348,Královéhradecký,CZ052,Jičín,CZ0522,Jičín,5207,False
571156,Nemyslovice (okr. Mladá Boleslav),167,166,Středočeský,CZ020,Mladá Boleslav,CZ0207,Mladá Boleslav,2115,False
552747,Nemyšl (okr. Tábor),306,319,Jihočeský,CZ031,Tábor,CZ0317,Tábor,3112,False
533602,Nenačovice (okr. Beroun),317,324,Středočeský,CZ020,Beroun,CZ0202,Beroun,2102,False
586447,Nenkovice (okr. Hodonín),469,473,Jihomoravský,CZ064,Hodonín,CZ0645,Kyjov,6210,False
535435,Neplachov (okr. České Budějovice),365,367,Jihočeský,CZ031,České Budějovice,CZ0311,České Budějovice,3102,False
553158,Neplachovice (okr. Opava),940,939,Moravskoslezský,CZ080,Opava,CZ0805,Opava,8117,False
570478,Nepolisy (okr. Hradec Králové),990,997,Královéhradecký,CZ052,Hradec Králové,CZ0521,Nový Bydžov,5212,False
534226,Nepoměřice (okr. Kutná Hora),212,215,Středočeský,CZ020,Kutná Hora,CZ0205,Kutná Hora,2112,False
558109,Nepomuk (okr. Plzeň-jih),3538,3562,Plzeňský,CZ032,Plzeň-jih,CZ0324,Nepomuk,3207,False
564524,Nepomuk (okr. Příbram),231,233,Středočeský,CZ020,Příbram,CZ020B,Příbram,2120,False
566501,Nepomyšl (okr. Louny),430,435,Ústecký,CZ042,Louny,CZ0424,Podbořany,4210,False
571521,Neprobylice (okr. Kladno),163,159,Středočeský,CZ020,Kladno,CZ0203,Slaný,2124,False
536351,Nepřevázka (okr. Mladá Boleslav),424,422,Středočeský,CZ020,Mladá Boleslav,CZ0207,Mladá Boleslav,2115,False
573078,Neratov (okr. Pardubice),176,171,Pardubický,CZ053,Pardubice,CZ0532,Pardubice,5309,False
535087,Neratovice (okr. Mělník),16279,16360,Středočeský,CZ020,Mělník,CZ0206,Neratovice,2117,False
562157,Nerestce (okr. Písek),103,105,Jihočeský,CZ031,Písek,CZ0314,Písek,3108,False
583481,Neslovice (okr. Brno-venkov),1008,999,Jihomoravský,CZ064,Brno-venkov,CZ0643,Ivančice,6208,False
593419,Nesovice (okr. Vyškov),1130,1121,Jihomoravský,CZ064,Vyškov,CZ0646,Bučovice,6205,False
530263,Nespeky (okr. Benešov),811,808,Středočeský,CZ020,Benešov,CZ0201,Benešov,2101,False
564222,Nestrašovice (okr. Příbram),56,58,Středočeský,CZ020,Příbram,CZ020B,Příbram,2120,False
542130,Nesuchyně (okr. Rakovník),452,461,Středočeský,CZ020,Rakovník,CZ020C,Rakovník,2121,False
583499,Nesvačilka (okr. Brno-venkov),324,332,Jihomoravský,CZ064,Brno-venkov,CZ0643,Židlochovice,6221,False
534269,Nesvačily (okr. Beroun),181,176,Středočeský,CZ020,Beroun,CZ0202,Beroun,2102,False
596183,Netín (okr. Žďár nad Sázavou),403,376,Vysočina,CZ063,Žďár nad Sázavou,CZ0635,Velké Meziříčí,6114,False
550442,Netolice (okr. Prachatice),2494,2467,Jihočeský,CZ031,Prachatice,CZ0315,Prachatice,3109,False
545643,Netřebice (okr. Český Krumlov),461,460,Jihočeský,CZ031,Český Krumlov,CZ0312,Kaplice,3106,False
534919,Netřebice (okr. Nymburk),260,252,Středočeský,CZ020,Nymburk,CZ0208,Nymburk,2118,False
558117,Netunice (okr. Plzeň-jih),212,214,Plzeňský,CZ032,Plzeň-jih,CZ0324,Přeštice,3210,False
530298,Netvořice (okr. Benešov),1211,1191,Středočeský,CZ020,Benešov,CZ0201,Benešov,2101,False
585556,Neubuz (okr. Zlín),441,448,Zlínský,CZ072,Zlín,CZ0724,Vizovice,7211,False
554022,Neuměř (okr. Plzeň-jih),159,155,Plzeňský,CZ032,Plzeň-jih,CZ0324,Stod,3212,False
532665,Neuměřice (okr. Kladno),444,445,Středočeský,CZ020,Kladno,CZ0203,Slaný,2124,False
531588,Neumětely (okr. Beroun),584,600,Středočeský,CZ020,Beroun,CZ0202,Hořovice,2108,False
558125,Neurazy (okr. Plzeň-jih),702,717,Plzeňský,CZ032,Plzeň-jih,CZ0324,Nepomuk,3207,False
530301,Neustupov (okr. Benešov),562,557,Středočeský,CZ020,Benešov,CZ0201,Votice,2126,False
587583,Nevcehle (okr. Jihlava),227,224,Vysočina,CZ063,Jihlava,CZ0632,Telč,6112,False
530310,Neveklov (okr. Benešov),2779,2764,Středočeský,CZ020,Benešov,CZ0201,Benešov,2101,False
571997,Neveklovice (okr. Mladá Boleslav),78,77,Středočeský,CZ020,Mladá Boleslav,CZ0207,Mnichovo Hradiště,2116,False
549657,Nevězice (okr. Písek),128,134,Jihočeský,CZ031,Písek,CZ0314,Písek,3108,False
541192,Nevid (okr. Rokycany),191,188,Plzeňský,CZ032,Rokycany,CZ0326,Rokycany,3211,False
593427,Nevojice (okr. Vyškov),420,422,Jihomoravský,CZ064,Vyškov,CZ0646,Bučovice,6205,False
554031,Nevolice (okr. Domažlice),197,199,Plzeňský,CZ032,Domažlice,CZ0321,Domažlice,3202,False
549207,Nevratice (okr. Jičín),191,198,Královéhradecký,CZ052,Jičín,CZ0522,Hořice,5204,False
559288,Nevřeň (okr. Plzeň-sever),302,293,Plzeňský,CZ032,Plzeň-sever,CZ0325,Nýřany,3208,False
598585,Nezabudice (okr. Rakovník),89,90,Středočeský,CZ020,Rakovník,CZ020C,Rakovník,2121,False
546160,Nezabylice (okr. Chomutov),289,282,Ústecký,CZ042,Chomutov,CZ0422,Chomutov,4203,False
578533,Nezamyslice (okr. Klatovy),208,199,Plzeňský,CZ032,Klatovy,CZ0322,Sušice,3214,False
589764,Nezamyslice (okr. Prostějov),1508,1490,Olomoucký,CZ071,Prostějov,CZ0713,Prostějov,7108,False
553590,Nezbavětice (okr. Plzeň-město),263,265,Plzeňský,CZ032,Plzeň-město,CZ0323,Plzeň,3209,False
592421,Nezdenice (okr. Uherské Hradiště),708,706,Zlínský,CZ072,Uherské Hradiště,CZ0722,Uherský Brod,7208,False
556815,Nezdice na Šumavě (okr. Klatovy),333,337,Plzeňský,CZ032,Klatovy,CZ0322,Sušice,3214,False
542296,Nezdice (okr. Plzeň-jih),206,211,Plzeňský,CZ032,Plzeň-jih,CZ0324,Přeštice,3210,False
540102,Nezdřev (okr. Plzeň-jih),103,106,Plzeňský,CZ032,Plzeň-jih,CZ0324,Nepomuk,3207,False
558141,Nezvěstice (okr. Plzeň-město),1461,1464,Plzeňský,CZ032,Plzeň-město,CZ0323,Plzeň,3209,False
529893,Nicov (okr. Prachatice),85,85,Jihočeský,CZ031,Prachatice,CZ0315,Vimperk,3116,False
551520,Nihošovice (okr. Strakonice),316,310,Jihočeský,CZ031,Strakonice,CZ0316,Strakonice,3111,False
596191,Níhov (okr. Brno-venkov),256,262,Jihomoravský,CZ064,Brno-venkov,CZ0643,Tišnov,6217,False
584711,Nikolčice (okr. Břeclav),810,802,Jihomoravský,CZ064,Břeclav,CZ0644,Hustopeče,6207,False
571121,Niměřice (okr. Mladá Boleslav),309,310,Středočeský,CZ020,Mladá Boleslav,CZ0207,Mladá Boleslav,2115,False
591238,Nimpšov (okr. Třebíč),58,57,Vysočina,CZ063,Třebíč,CZ0634,Moravské Budějovice,6106,False
536962,Nišovice (okr. Strakonice),246,252,Jihočeský,CZ031,Strakonice,CZ0316,Strakonice,3111,False
588806,Nítkovice (okr. Kroměříž),224,232,Zlínský,CZ072,Kroměříž,CZ0721,Kroměříž,7203,False
589772,Niva (okr. Prostějov),331,329,Olomoucký,CZ071,Prostějov,CZ0713,Prostějov,7108,False
592439,Nivnice (okr. Uherské Hradiště),3347,3378,Zlínský,CZ072,Uherské Hradiště,CZ0722,Uherský Brod,7208,False
531596,Nižbor (okr. Beroun),2109,2133,Středočeský,CZ020,Beroun,CZ0202,Beroun,2102,False
596205,Nížkov (okr. Žďár nad Sázavou),972,964,Vysočina,CZ063,Žďár nad Sázavou,CZ0635,Žďár nad Sázavou,6115,False
593435,Nížkovice (okr. Vyškov),817,797,Jihomoravský,CZ064,Vyškov,CZ0646,Slavkov u Brna,6215,False
552526,Nižní Lhoty (okr. Frýdek-Místek),296,294,Moravskoslezský,CZ080,Frýdek-Místek,CZ0802,Frýdek-Místek,8106,False
597686,Norberčany (okr. Olomouc),244,251,Olomoucký,CZ071,Olomouc,CZ0712,Šternberk,7110,False
531707,Nosálov (okr. Mělník),179,179,Středočeský,CZ020,Mělník,CZ0206,Mělník,2114,False
584720,Nosislav (okr. Brno-venkov),1375,1379,Jihomoravský,CZ064,Brno-venkov,CZ0643,Židlochovice,6221,False
552518,Nošovice (okr. Frýdek-Místek),1032,1020,Moravskoslezský,CZ080,Frýdek-Místek,CZ0802,Frýdek-Místek,8106,False
561177,Nová Buková (okr. Pelhřimov),121,121,Vysočina,CZ063,Pelhřimov,CZ0633,Pelhřimov,6110,False
546798,Nová Bystřice (okr. Jindřichův Hradec),3209,3199,Jihočeský,CZ031,Jindřichův Hradec,CZ0313,Jindřichův Hradec,3105,False
548456,Nová Cerekev (okr. Pelhřimov),1196,1177,Vysočina,CZ063,Pelhřimov,CZ0633,Pelhřimov,6110,False
588814,Nová Dědina (okr. Kroměříž),437,436,Zlínský,CZ072,Kroměříž,CZ0721,Kroměříž,7203,False
552381,Nová Hradečná (okr. Olomouc),748,751,Olomoucký,CZ071,Olomouc,CZ0712,Uničov,7112,False
586455,Nová Lhota (okr. Hodonín),610,628,Jihomoravský,CZ064,Hodonín,CZ0645,Veselí nad Moravou,6218,False
562734,Nová Olešná (okr. Jindřichův Hradec),127,123,Jihočeský,CZ031,Jindřichův Hradec,CZ0313,Jindřichův Hradec,3105,False
573248,Nová Paka (okr. Jičín),8834,8979,Královéhradecký,CZ052,Jičín,CZ0522,Nová Paka,5210,False
550451,Nová Pec (okr. Prachatice),432,443,Jihočeský,CZ031,Prachatice,CZ0315,Prachatice,3109,False
546950,Nová Pláň (okr. Bruntál),56,66,Moravskoslezský,CZ080,Bruntál,CZ0801,Bruntál,8103,False
555398,Nová Role (okr. Karlovy Vary),4298,4277,Karlovarský,CZ041,Karlovy Vary,CZ0412,Karlovy Vary,4103,False
587591,Nová Říše (okr. Jihlava),851,871,Vysočina,CZ063,Jihlava,CZ0632,Telč,6112,False
572608,Nová Sídla (okr. Svitavy),273,263,Pardubický,CZ053,Svitavy,CZ0533,Litomyšl,5307,False
536377,Nová Telib (okr. Mladá Boleslav),301,298,Středočeský,CZ020,Mladá Boleslav,CZ0207,Mladá Boleslav,2115,False
546801,Nová Včelnice (okr. Jindřichův Hradec),2165,2176,Jihočeský,CZ031,Jindřichův Hradec,CZ0313,Jindřichův Hradec,3105,False
533530,Nová Ves I (okr. Kolín),1390,1374,Středočeský,CZ020,Kolín,CZ0204,Kolín,2110,False
562360,Nová Ves nad Lužnicí (okr. Jindřichův Hradec),353,352,Jihočeský,CZ031,Jindřichův Hradec,CZ0313,Třeboň,3114,False
563731,Nová Ves nad Nisou (okr. Jablonec nad Nisou),905,906,Liberecký,CZ051,Jablonec nad Nisou,CZ0512,Jablonec nad Nisou,5103,False
577341,Nová Ves nad Popelkou (okr. Semily),666,679,Liberecký,CZ051,Semily,CZ0514,Semily,5107,False
583502,Nová Ves (okr. Brno-venkov),847,843,Jihomoravský,CZ064,Brno-venkov,CZ0643,Ivančice,6208,False
535648,Nová Ves (okr. České Budějovice),784,773,Jihočeský,CZ031,České Budějovice,CZ0311,České Budějovice,3102,False
513661,Nová Ves (okr. Český Krumlov),415,407,Jihočeský,CZ031,Český Krumlov,CZ0312,Český Krumlov,3103,False
599131,Nová Ves (okr. Domažlice),146,149,Plzeňský,CZ032,Domažlice,CZ0321,Domažlice,3202,False
546593,Nová Ves (okr. Liberec),967,945,Liberecký,CZ051,Liberec,CZ0513,Liberec,5105,False
542636,Nová Ves (okr. Louny),125,122,Ústecký,CZ042,Louny,CZ0424,Louny,4207,False
535117,Nová Ves (okr. Mělník),1032,1034,Středočeský,CZ020,Mělník,CZ0206,Kralupy nad Vltavou,2111,False
540269,Nová Ves (okr. Plzeň-jih),294,299,Plzeňský,CZ032,Plzeň-jih,CZ0324,Stod,3212,False
538558,Nová Ves (okr. Praha-východ),1578,1548,Středočeský,CZ020,Praha-východ,CZ0209,Brandýs nad Labem-Stará Boleslav,2103,False
576549,Nová Ves (okr. Rychnov nad Kněžnou),243,244,Královéhradecký,CZ052,Rychnov nad Kněžnou,CZ0524,Kostelec nad Orlicí,5208,False
560561,Nová Ves (okr. Sokolov),229,206,Karlovarský,CZ041,Sokolov,CZ0413,Sokolov,4107,False
560201,Nová Ves (okr. Strakonice),105,105,Jihočeský,CZ031,Strakonice,CZ0316,Strakonice,3111,False
591246,Nová Ves (okr. Třebíč),262,263,Vysočina,CZ063,Třebíč,CZ0634,Třebíč,6113,False
596213,Nová Ves (okr. Žďár nad Sázavou),155,157,Vysočina,CZ063,Žďár nad Sázavou,CZ0635,Velké Meziříčí,6114,False
540889,Nová Ves pod Pleší (okr. Příbram),1604,1562,Středočeský,CZ020,Příbram,CZ020B,Dobříš,2107,False
571806,Nová Ves u Bakova (okr. Mladá Boleslav),297,302,Středočeský,CZ020,Mladá Boleslav,CZ0207,Mladá Boleslav,2115,False
569160,Nová Ves u Chotěboře (okr. Havlíčkův Brod),570,555,Vysočina,CZ063,Havlíčkův Brod,CZ0631,Chotěboř,6104,False
552763,Nová Ves u Chýnova (okr. Tábor),331,325,Jihočeský,CZ031,Tábor,CZ0317,Tábor,3112,False
572438,Nová Ves u Jarošova (okr. Svitavy),66,66,Pardubický,CZ053,Svitavy,CZ0533,Litomyšl,5307,False
569151,Nová Ves u Leštiny (okr. Havlíčkův Brod),116,120,Vysočina,CZ063,Havlíčkův Brod,CZ0631,Havlíčkův Brod,6102,False
563455,Nová Ves u Mladé Vožice (okr. Tábor),203,197,Jihočeský,CZ031,Tábor,CZ0317,Tábor,3112,False
596221,Nová Ves u Nového Města na Moravě (okr. Žďár nad Sázavou),680,675,Vysočina,CZ063,Žďár nad Sázavou,CZ0635,Nové Město na Moravě,6108,False
555266,Nová Ves u Světlé (okr. Havlíčkův Brod),549,552,Vysočina,CZ063,Havlíčkův Brod,CZ0631,Světlá nad Sázavou,6111,False
567329,Nová Ves v Horách (okr. Most),486,488,Ústecký,CZ042,Most,CZ0425,Litvínov,4206,False
583511,Nové Bránice (okr. Brno-venkov),946,967,Jihomoravský,CZ064,Brno-venkov,CZ0643,Ivančice,6208,False
534242,Nové Dvory (okr. Kutná Hora),910,907,Středočeský,CZ020,Kutná Hora,CZ0205,Kutná Hora,2112,False
565342,Nové Dvory (okr. Litoměřice),388,381,Ústecký,CZ042,Litoměřice,CZ0423,Roudnice nad Labem,4211,False
540897,Nové Dvory (okr. Příbram),277,280,Středočeský,CZ020,Příbram,CZ020B,Dobříš,2107,False
587974,Nové Dvory (okr. Žďár nad Sázavou),326,328,Vysočina,CZ063,Žďár nad Sázavou,CZ0635,Žďár nad Sázavou,6115,False
506494,Nové Hamry (okr. Karlovy Vary),354,347,Karlovarský,CZ041,Karlovy Vary,CZ0412,Karlovy Vary,4103,False
569551,Nové Heřminovy (okr. Bruntál),321,337,Moravskoslezský,CZ080,Bruntál,CZ0801,Bruntál,8103,False
544868,Nové Hrady (okr. České Budějovice),2432,2469,Jihočeský,CZ031,České Budějovice,CZ0311,Trhové Sviny,3113,False
571920,Nové Hrady (okr. Ústí nad Orlicí),306,311,Pardubický,CZ053,Ústí nad Orlicí,CZ0534,Vysoké Mýto,5314,False
561568,Nové Hutě (okr. Prachatice),94,100,Jihočeský,CZ031,Prachatice,CZ0315,Vimperk,3116,False
512893,Nové Lublice (okr. Opava),186,183,Moravskoslezský,CZ080,Opava,CZ0805,Vítkov,8122,False
596230,Nové Město na Moravě (okr. Žďár nad Sázavou),9716,9834,Vysočina,CZ063,Žďár nad Sázavou,CZ0635,Nové Město na Moravě,6108,False
574279,Nové Město nad Metují (okr. Náchod),9165,9181,Královéhradecký,CZ052,Náchod,CZ0523,Nové Město nad Metují,5211,False
570494,Nové Město (okr. Hradec Králové),411,415,Královéhradecký,CZ052,Hradec Králové,CZ0521,Hradec Králové,5205,False
564265,Nové Město pod Smrkem (okr. Liberec),3713,3725,Liberecký,CZ051,Liberec,CZ0513,Frýdlant,5102,False
558176,Nové Mitrovice (okr. Plzeň-jih),360,359,Plzeňský,CZ032,Plzeň-jih,CZ0324,Blovice,3201,False
593443,Nové Sady (okr. Vyškov),105,102,Jihomoravský,CZ064,Vyškov,CZ0646,Vyškov,6219,False
596248,Nové Sady (okr. Žďár nad Sázavou),255,252,Vysočina,CZ063,Žďár nad Sázavou,CZ0635,Velké Meziříčí,6114,False
555274,Nové Sedlice (okr. Opava),506,501,Moravskoslezský,CZ080,Opava,CZ0805,Opava,8117,False
566519,Nové Sedlo (okr. Louny),589,588,Ústecký,CZ042,Louny,CZ0424,Žatec,4216,False
560570,Nové Sedlo (okr. Sokolov),2527,2527,Karlovarský,CZ041,Sokolov,CZ0413,Sokolov,4107,False
542164,Nové Strašecí (okr. Rakovník),5710,5686,Středočeský,CZ020,Rakovník,CZ020C,Rakovník,2121,False
591254,Nové Syrovice (okr. Třebíč),925,921,Vysočina,CZ063,Třebíč,CZ0634,Moravské Budějovice,6106,False
596256,Nové Veselí (okr. Žďár nad Sázavou),1369,1356,Vysočina,CZ063,Žďár nad Sázavou,CZ0635,Žďár nad Sázavou,6115,False
561851,Noviny pod Ralskem (okr. Česká Lípa),305,312,Liberecký,CZ051,Česká Lípa,CZ0511,Česká Lípa,5101,False
567752,Novosedlice (okr. Teplice),2094,2133,Ústecký,CZ042,Teplice,CZ0426,Teplice,4213,False
546844,Novosedly nad Nežárkou (okr. Jindřichův Hradec),694,691,Jihočeský,CZ031,Jindřichův Hradec,CZ0313,Třeboň,3114,False
584746,Novosedly (okr. Břeclav),1357,1371,Jihomoravský,CZ064,Břeclav,CZ0644,Mikulov,6211,False
551554,Novosedly (okr. Strakonice),344,338,Jihočeský,CZ031,Strakonice,CZ0316,Strakonice,3111,False
561860,Nový Bor (okr. Česká Lípa),11257,11318,Liberecký,CZ051,Česká Lípa,CZ0511,Nový Bor,5106,False
570508,Nový Bydžov (okr. Hradec Králové),7298,7224,Královéhradecký,CZ052,Hradec Králové,CZ0521,Nový Bydžov,5212,False
542181,Nový Dům (okr. Rakovník),176,178,Středočeský,CZ020,Rakovník,CZ020C,Rakovník,2121,False
599654,Nový Dvůr (okr. Nymburk),78,71,Středočeský,CZ020,Nymburk,CZ0208,Nymburk,2118,False
574287,Nový Hrádek (okr. Náchod),887,887,Královéhradecký,CZ052,Náchod,CZ0523,Náchod,5209,False
544566,Nový Hrozenkov (okr. Vsetín),2480,2478,Zlínský,CZ072,Vsetín,CZ0723,Vsetín,7212,False
531600,Nový Jáchymov (okr. Beroun),755,749,Středočeský,CZ020,Beroun,CZ0202,Beroun,2102,False
599191,Nový Jičín (okr. Nový Jičín),22740,23005,Moravskoslezský,CZ080,Nový Jičín,CZ0804,Nový Jičín,8115,False
596264,Nový Jimramov (okr. Žďár nad Sázavou),56,61,Vysočina,CZ063,Žďár nad Sázavou,CZ0635,Nové Město na Moravě,6108,False
540901,Nový Knín (okr. Příbram),2156,2154,Středočeský,CZ020,Příbram,CZ020B,Dobříš,2107,False
554707,Nový Kostel (okr. Cheb),530,543,Karlovarský,CZ041,Cheb,CZ0411,Cheb,4102,False
554057,Nový Kramolín (okr. Domažlice),236,228,Plzeňský,CZ032,Domažlice,CZ0321,Domažlice,3202,False
540501,Nový Malín (okr. Šumperk),3637,3647,Olomoucký,CZ071,Šumperk,CZ0715,Šumperk,7111,False
561878,Nový Oldřichov (okr. Česká Lípa),818,816,Liberecký,CZ051,Česká Lípa,CZ0511,Česká Lípa,5101,False
574295,Nový Ples (okr. Náchod),357,362,Královéhradecký,CZ052,Náchod,CZ0523,Jaroměř,5206,False
586463,Nový Poddvorov (okr. Hodonín),234,233,Jihomoravský,CZ064,Hodonín,CZ0645,Hodonín,6206,False
584754,Nový Přerov (okr. Břeclav),369,367,Jihomoravský,CZ064,Břeclav,CZ0644,Mikulov,6211,False
548464,Nový Rychnov (okr. Pelhřimov),985,983,Vysočina,CZ063,Pelhřimov,CZ0633,Pelhřimov,6110,False
587729,Nový Šaldorf-Sedlešovice (okr. Znojmo),1871,1864,Jihomoravský,CZ064,Znojmo,CZ0647,Znojmo,6220,False
591262,Nový Telečkov (okr. Třebíč),97,99,Vysočina,CZ063,Třebíč,CZ0634,Třebíč,6113,False
538566,Nový Vestec (okr. Praha-východ),515,517,Středočeský,CZ020,Praha-východ,CZ0209,Brandýs nad Labem-Stará Boleslav,2103,False
533548,Nučice (okr. Praha-východ),392,389,Středočeský,CZ020,Praha-východ,CZ0209,Říčany,2122,False
531618,Nučice (okr. Praha-západ),2494,2424,Středočeský,CZ020,Praha-západ,CZ020A,Černošice,2105,False
564907,Nupaky (okr. Praha-východ),2080,2121,Středočeský,CZ020,Praha-východ,CZ0209,Říčany,2122,False
507091,Nýdek (okr. Frýdek-Místek),2047,2060,Moravskoslezský,CZ080,Frýdek-Místek,CZ0802,Třinec,8121,False
596272,Nyklovice (okr. Žďár nad Sázavou),177,175,Vysočina,CZ063,Žďár nad Sázavou,CZ0635,Bystřice nad Pernštejnem,6101,False
537004,Nymburk (okr. Nymburk),15795,15642,Středočeský,CZ020,Nymburk,CZ0208,Nymburk,2118,False
582107,Nýrov (okr. Blansko),227,216,Jihomoravský,CZ064,Blansko,CZ0641,Boskovice,6202,False
556831,Nýrsko (okr. Klatovy),5023,5011,Plzeňský,CZ032,Klatovy,CZ0322,Klatovy,3205,False
559300,Nýřany (okr. Plzeň-sever),6994,6991,Plzeňský,CZ032,Plzeň-sever,CZ0325,Nýřany,3208,False
513571,Občov (okr. Příbram),208,210,Středočeský,CZ020,Příbram,CZ020B,Příbram,2120,False
540935,Obecnice (okr. Příbram),1260,1261,Středočeský,CZ020,Příbram,CZ020B,Příbram,2120,False
589799,Obědkovice (okr. Prostějov),263,267,Olomoucký,CZ071,Prostějov,CZ0713,Prostějov,7108,False
548065,Obědovice (okr. Hradec Králové),338,338,Královéhradecký,CZ052,Hradec Králové,CZ0521,Hradec Králové,5205,False
582115,Obora (okr. Blansko),365,366,Jihomoravský,CZ064,Blansko,CZ0641,Boskovice,6202,False
542580,Obora (okr. Louny),440,449,Ústecký,CZ042,Louny,CZ0424,Louny,4207,False
559318,Obora (okr. Plzeň-sever),582,598,Plzeňský,CZ032,Plzeň-sever,CZ0325,Kralovice,3206,False
541443,Obora (okr. Tachov),180,171,Plzeňský,CZ032,Tachov,CZ0327,Tachov,3215,False
569577,Oborná (okr. Bruntál),446,444,Moravskoslezský,CZ080,Bruntál,CZ0801,Bruntál,8103,False
540943,Obory (okr. Příbram),280,283,Středočeský,CZ020,Příbram,CZ020B,Příbram,2120,False
540951,Obořiště (okr. Příbram),721,723,Středočeský,CZ020,Příbram,CZ020B,Dobříš,2107,False
548472,Obrataň (okr. Pelhřimov),783,795,Vysočina,CZ063,Pelhřimov,CZ0633,Pacov,6109,False
567337,Obrnice (okr. Most),2048,2049,Ústecký,CZ042,Most,CZ0425,Most,4209,False
570893,Obrubce (okr. Mladá Boleslav),256,245,Středočeský,CZ020,Mladá Boleslav,CZ0207,Mladá Boleslav,2115,False
536407,Obruby (okr. Mladá Boleslav),256,253,Středočeský,CZ020,Mladá Boleslav,CZ0207,Mladá Boleslav,2115,False
535133,Obříství (okr. Mělník),1689,1718,Středočeský,CZ020,Mělník,CZ0206,Neratovice,2117,False
596281,Obyčtov (okr. Žďár nad Sázavou),453,454,Vysočina,CZ063,Žďár nad Sázavou,CZ0635,Žďár nad Sázavou,6115,False
541915,Obytce (okr. Klatovy),238,225,Plzeňský,CZ032,Klatovy,CZ0322,Klatovy,3205,False
589811,Ochoz (okr. Prostějov),198,203,Olomoucký,CZ071,Prostějov,CZ0713,Konice,7103,False
583537,Ochoz u Brna (okr. Brno-venkov),1574,1560,Jihomoravský,CZ064,Brno-venkov,CZ0643,Šlapanice,6216,False
582123,Ochoz u Tišnova (okr. Brno-venkov),111,114,Jihomoravský,CZ064,Brno-venkov,CZ0643,Tišnov,6217,False
510980,Ocmanice (okr. Třebíč),335,324,Vysočina,CZ063,Třebíč,CZ0634,Náměšť nad Oslavou,6107,False
576557,Očelice (okr. Rychnov nad Kněžnou),225,233,Královéhradecký,CZ052,Rychnov nad Kněžnou,CZ0524,Dobruška,5202,False
566527,Očihov (okr. Louny),357,362,Ústecký,CZ042,Louny,CZ0424,Podbořany,4210,False
538574,Odolena Voda (okr. Praha-východ),6639,6547,Středočeský,CZ020,Praha-východ,CZ0209,Brandýs nad Labem-Stará Boleslav,2103,False
539554,Odrava (okr. Cheb),238,237,Karlovarský,CZ041,Cheb,CZ0411,Cheb,4102,False
583529,Odrovice (okr. Brno-venkov),288,217,Jihomoravský,CZ064,Brno-venkov,CZ0643,Pohořelice,6213,False
599701,Odry (okr. Nový Jičín),7336,7314,Moravskoslezský,CZ080,Nový Jičín,CZ0804,Odry,8116,False
537551,Odřepsy (okr. Nymburk),307,314,Středočeský,CZ020,Nymburk,CZ0208,Poděbrady,2119,False
591289,Odunec (okr. Třebíč),94,90,Vysočina,CZ063,Třebíč,CZ0634,Třebíč,6113,False
533556,Ohaře (okr. Kolín),329,325,Středočeský,CZ020,Kolín,CZ0204,Kolín,2110,False
549185,Ohařice (okr. Jičín),79,82,Královéhradecký,CZ052,Jičín,CZ0522,Jičín,5207,False
548910,Ohaveč (okr. Jičín),149,139,Královéhradecký,CZ052,Jičín,CZ0522,Jičín,5207,False
567761,Ohníč (okr. Teplice),697,704,Ústecký,CZ042,Teplice,CZ0426,Bílina,4201,False
576565,Ohnišov (okr. Rychnov nad Kněžnou),511,510,Královéhradecký,CZ052,Rychnov nad Kněžnou,CZ0524,Dobruška,5202,False
570516,Ohnišťany (okr. Hradec Králové),344,346,Královéhradecký,CZ052,Hradec Králové,CZ0521,Nový Bydžov,5212,False
540960,Ohrazenice (okr. Příbram),308,301,Středočeský,CZ020,Příbram,CZ020B,Příbram,2120,False
577359,Ohrazenice (okr. Semily),1105,1120,Liberecký,CZ051,Semily,CZ0514,Turnov,5109,False
539503,Ohrobec (okr. Praha-západ),1617,1571,Středočeský,CZ020,Praha-západ,CZ020A,Černošice,2105,False
589802,Ohrozim (okr. Prostějov),475,468,Olomoucký,CZ071,Prostějov,CZ0713,Prostějov,7108,False
591297,Okarec (okr. Třebíč),97,100,Vysočina,CZ063,Třebíč,CZ0634,Náměšť nad Oslavou,6107,False
561886,Okna (okr. Česká Lípa),335,348,Liberecký,CZ051,Česká Lípa,CZ0511,Česká Lípa,5101,False
571334,Okoř (okr. Praha-západ),112,113,Středočeský,CZ020,Praha-západ,CZ020A,Černošice,2105,False
563269,Okounov (okr. Chomutov),437,437,Ústecký,CZ042,Chomutov,CZ0422,Kadaň,4204,False
582131,Okrouhlá (okr. Blansko),613,616,Jihomoravský,CZ064,Blansko,CZ0641,Boskovice,6202,False
538922,Okrouhlá (okr. Cheb),266,254,Karlovarský,CZ041,Cheb,CZ0411,Cheb,4102,False
561894,Okrouhlá (okr. Česká Lípa),588,580,Liberecký,CZ051,Česká Lípa,CZ0511,Nový Bor,5106,False
529877,Okrouhlá (okr. Písek),69,67,Jihočeský,CZ031,Písek,CZ0314,Milevsko,3107,False
562475,Okrouhlá Radouň (okr. Jindřichův Hradec),221,217,Jihočeský,CZ031,Jindřichův Hradec,CZ0313,Jindřichův Hradec,3105,False
569186,Okrouhlice (okr. Havlíčkův Brod),1374,1363,Vysočina,CZ063,Havlíčkův Brod,CZ0631,Havlíčkův Brod,6102,False
548588,Okrouhlička (okr. Havlíčkův Brod),282,289,Vysočina,CZ063,Havlíčkův Brod,CZ0631,Havlíčkův Brod,6102,False
539511,Okrouhlo (okr. Praha-západ),813,805,Středočeský,CZ020,Praha-západ,CZ020A,Černošice,2105,False
534251,Okřesaneč (okr. Kutná Hora),204,213,Středočeský,CZ020,Kutná Hora,CZ0205,Čáslav,2104,False
546933,Okřešice (okr. Třebíč),195,194,Vysočina,CZ063,Třebíč,CZ0634,Třebíč,6113,False
537560,Okřínek (okr. Nymburk),207,202,Středočeský,CZ020,Nymburk,CZ0208,Poděbrady,2119,False
591301,Okříšky (okr. Třebíč),2007,2018,Vysočina,CZ063,Třebíč,CZ0634,Třebíč,6113,False
552259,Olbramice (okr. Olomouc),219,221,Olomoucký,CZ071,Olomouc,CZ0712,Litovel,7105,False
554049,Olbramice (okr. Ostrava-město),731,735,Moravskoslezský,CZ080,Ostrava-město,CZ0806,Ostrava,8119,False
594555,Olbramkostel (okr. Znojmo),524,532,Jihomoravský,CZ064,Znojmo,CZ0647,Znojmo,6220,False
566888,Olbramov (okr. Tachov),80,81,Plzeňský,CZ032,Tachov,CZ0327,Stříbro,3213,False
530344,Olbramovice (okr. Benešov),1437,1397,Středočeský,CZ020,Benešov,CZ0201,Votice,2126,False
594563,Olbramovice (okr. Znojmo),1177,1163,Jihomoravský,CZ064,Znojmo,CZ0647,Moravský Krumlov,6212,False
515825,Oldřichov (okr. Přerov),110,110,Olomoucký,CZ071,Přerov,CZ0714,Přerov,7109,False
552798,Oldřichov (okr. Tábor),238,245,Jihočeský,CZ031,Tábor,CZ0317,Tábor,3112,False
564281,Oldřichov v Hájích (okr. Liberec),840,840,Liberecký,CZ051,Liberec,CZ0513,Liberec,5105,False
549444,Oldřichovice (okr. Zlín),373,388,Zlínský,CZ072,Zlín,CZ0724,Otrokovice,7205,False
578479,Oldřiš (okr. Svitavy),662,667,Pardubický,CZ053,Svitavy,CZ0533,Polička,5310,False
509574,Oldřišov (okr. Opava),1438,1468,Moravskoslezský,CZ080,Opava,CZ0805,Opava,8117,False
594571,Oleksovice (okr. Znojmo),669,662,Jihomoravský,CZ064,Znojmo,CZ0647,Znojmo,6220,False
569208,Olešenka (okr. Havlíčkův Brod),187,182,Vysočina,CZ063,Havlíčkův Brod,CZ0631,Havlíčkův Brod,6102,False
533564,Oleška (okr. Praha-východ),997,976,Středočeský,CZ020,Praha-východ,CZ0209,Říčany,2122,False
542440,Oleško (okr. Litoměřice),101,105,Ústecký,CZ042,Litoměřice,CZ0423,Litoměřice,4205,False
531626,Olešná (okr. Beroun),461,466,Středočeský,CZ020,Beroun,CZ0202,Hořovice,2108,False
569216,Olešná (okr. Havlíčkův Brod),373,376,Vysočina,CZ063,Havlíčkův Brod,CZ0631,Havlíčkův Brod,6102,False
561967,Olešná (okr. Pelhřimov),564,559,Vysočina,CZ063,Pelhřimov,CZ0633,Pelhřimov,6110,False
562190,Olešná (okr. Písek),131,136,Jihočeský,CZ031,Písek,CZ0314,Písek,3108,False
542199,Olešná (okr. Rakovník),654,631,Středočeský,CZ020,Rakovník,CZ020C,Rakovník,2121,False
582158,Olešnice (okr. Blansko),1610,1620,Jihomoravský,CZ064,Blansko,CZ0641,Boskovice,6202,False
544884,Olešnice (okr. České Budějovice),889,897,Jihočeský,CZ031,České Budějovice,CZ0311,Trhové Sviny,3113,False
570524,Olešnice (okr. Hradec Králové),383,388,Královéhradecký,CZ052,Hradec Králové,CZ0521,Hradec Králové,5205,False
576581,Olešnice (okr. Rychnov nad Kněžnou),486,482,Královéhradecký,CZ052,Rychnov nad Kněžnou,CZ0524,Kostelec nad Orlicí,5208,False
577367,Olešnice (okr. Semily),239,235,Liberecký,CZ051,Semily,CZ0514,Turnov,5109,False
576573,Olešnice v Orlických horách (okr. Rychnov nad Kněžnou),389,393,Královéhradecký,CZ052,Rychnov nad Kněžnou,CZ0524,Dobruška,5202,False
544892,Olešník (okr. České Budějovice),832,822,Jihočeský,CZ031,České Budějovice,CZ0311,České Budějovice,3102,False
500496,Olomouc (okr. Olomouc),105297,103063,Olomoucký,CZ071,Olomouc,CZ0712,Olomouc,7107,False
582166,Olomučany (okr. Blansko),1085,1078,Jihomoravský,CZ064,Blansko,CZ0641,Blansko,6201,False
560588,Oloví (okr. Sokolov),1618,1651,Karlovarský,CZ041,Sokolov,CZ0413,Kraslice,4104,False
532673,Olovnice (okr. Mělník),580,579,Středočeský,CZ020,Mělník,CZ0206,Kralupy nad Vltavou,2111,False
587613,Olšany (okr. Jihlava),79,82,Vysočina,CZ063,Jihlava,CZ0632,Telč,6112,False
541958,Olšany (okr. Klatovy),197,203,Plzeňský,CZ032,Klatovy,CZ0322,Horažďovice,3203,False
540510,Olšany (okr. Šumperk),1017,1026,Olomoucký,CZ071,Šumperk,CZ0715,Šumperk,7111,False
550132,Olšany (okr. Vyškov),642,647,Jihomoravský,CZ064,Vyškov,CZ0646,Vyškov,6219,False
589829,Olšany u Prostějova (okr. Prostějov),1868,1867,Olomoucký,CZ071,Prostějov,CZ0713,Prostějov,7108,False
596302,Olší (okr. Brno-venkov),360,355,Jihomoravský,CZ064,Brno-venkov,CZ0643,Tišnov,6217,False
587214,Olší (okr. Jihlava),76,76,Vysočina,CZ063,Jihlava,CZ0632,Telč,6112,False
552844,Olšovec (okr. Přerov),526,525,Olomoucký,CZ071,Přerov,CZ0714,Hranice,7101,False
537365,Olšovice (okr. Prachatice),60,60,Jihočeský,CZ031,Prachatice,CZ0315,Prachatice,3109,False
583545,Omice (okr. Brno-venkov),832,829,Jihomoravský,CZ064,Brno-venkov,CZ0643,Šlapanice,6216,False
545660,Omlenice (okr. Český Krumlov),606,582,Jihočeský,CZ031,Český Krumlov,CZ0312,Kaplice,3106,False
589837,Ondratice (okr. Prostějov),336,345,Olomoucký,CZ071,Prostějov,CZ0713,Prostějov,7108,False
537691,Ondřejov (okr. Pelhřimov),168,169,Vysočina,CZ063,Pelhřimov,CZ0633,Pelhřimov,6110,False
538582,Ondřejov (okr. Praha-východ),1867,1883,Středočeský,CZ020,Praha-východ,CZ0209,Říčany,2122,False
534277,Onomyšl (okr. Kutná Hora),347,356,Středočeský,CZ020,Kutná Hora,CZ0205,Kutná Hora,2112,False
548502,Onšov (okr. Pelhřimov),224,229,Vysočina,CZ063,Pelhřimov,CZ0633,Pelhřimov,6110,False
594580,Onšov (okr. Znojmo),76,77,Jihomoravský,CZ064,Znojmo,CZ0647,Znojmo,6220,False
552801,Opařany (okr. Tábor),1420,1433,Jihočeský,CZ031,Tábor,CZ0317,Tábor,3112,False
587621,Opatov (okr. Jihlava),196,203,Vysočina,CZ063,Jihlava,CZ0632,Jihlava,6105,False
578487,Opatov (okr. Svitavy),1103,1128,Pardubický,CZ053,Svitavy,CZ0533,Svitavy,5312,False
591319,Opatov (okr. Třebíč),765,762,Vysočina,CZ063,Třebíč,CZ0634,Třebíč,6113,False
572721,Opatovec (okr. Svitavy),727,736,Pardubický,CZ053,Svitavy,CZ0533,Svitavy,5312,False
530956,Opatovice I (okr. Kutná Hora),190,181,Středočeský,CZ020,Kutná Hora,CZ0205,Kutná Hora,2112,False
575429,Opatovice nad Labem (okr. Pardubice),2968,2912,Pardubický,CZ053,Pardubice,CZ0532,Pardubice,5309,False
583553,Opatovice (okr. Brno-venkov),1161,1172,Jihomoravský,CZ064,Brno-venkov,CZ0643,Židlochovice,6221,False
516201,Opatovice (okr. Přerov),801,804,Olomoucký,CZ071,Přerov,CZ0714,Hranice,7101,False
505927,Opava (okr. Opava),54881,55109,Moravskoslezský,CZ080,Opava,CZ0805,Opava,8117,False
571679,Oplany (okr. Praha-východ),106,115,Středočeský,CZ020,Praha-východ,CZ0209,Říčany,2122,False
553000,Oplocany (okr. Přerov),379,375,Olomoucký,CZ071,Přerov,CZ0714,Přerov,7109,False
539783,Oplot (okr. Plzeň-jih),349,350,Plzeňský,CZ032,Plzeň-jih,CZ0324,Přeštice,3210,False
537578,Opočnice (okr. Nymburk),479,464,Středočeský,CZ020,Nymburk,CZ0208,Poděbrady,2119,False
542555,Opočno (okr. Louny),117,117,Ústecký,CZ042,Louny,CZ0424,Louny,4207,False
576590,Opočno (okr. Rychnov nad Kněžnou),3118,3148,Královéhradecký,CZ052,Rychnov nad Kněžnou,CZ0524,Dobruška,5202,False
537586,Opolany (okr. Nymburk),940,935,Středočeský,CZ020,Nymburk,CZ0208,Poděbrady,2119,False
591327,Oponešice (okr. Třebíč),183,183,Vysočina,CZ063,Třebíč,CZ0634,Moravské Budějovice,6106,False
516350,Oprostovice (okr. Přerov),81,85,Olomoucký,CZ071,Přerov,CZ0714,Přerov,7109,False
542202,Oráčov (okr. Rakovník),389,381,Středočeský,CZ020,Rakovník,CZ020C,Rakovník,2121,False
571962,Orel (okr. Chrudim),809,803,Pardubický,CZ053,Chrudim,CZ0531,Chrudim,5304,False
580716,Orlické Podhůří (okr. Ústí nad Orlicí),683,687,Pardubický,CZ053,Ústí nad Orlicí,CZ0534,Ústí nad Orlicí,5313,False
576603,Orlické Záhoří (okr. Rychnov nad Kněžnou),213,205,Královéhradecký,CZ052,Rychnov nad Kněžnou,CZ0524,Rychnov nad Kněžnou,5213,False
580724,Orličky (okr. Ústí nad Orlicí),267,275,Pardubický,CZ053,Ústí nad Orlicí,CZ0534,Žamberk,5315,False
549681,Orlík nad Vltavou (okr. Písek),293,301,Jihočeský,CZ031,Písek,CZ0314,Písek,3108,False
599069,Orlová (okr. Karviná),27383,27540,Moravskoslezský,CZ080,Karviná,CZ0803,Orlová,8118,False
593460,Orlovice (okr. Vyškov),304,304,Jihomoravský,CZ064,Vyškov,CZ0646,Vyškov,6219,False
539520,Ořech (okr. Praha-západ),957,963,Středočeský,CZ020,Praha-západ,CZ020A,Černošice,2105,False
583561,Ořechov (okr. Brno-venkov),2936,2915,Jihomoravský,CZ064,Brno-venkov,CZ0643,Šlapanice,6216,False
587630,Ořechov (okr. Jihlava),76,76,Vysočina,CZ063,Jihlava,CZ0632,Telč,6112,False
592447,Ořechov (okr. Uherské Hradiště),800,797,Zlínský,CZ072,Uherské Hradiště,CZ0722,Uherské Hradiště,7207,False
596329,Ořechov (okr. Žďár nad Sázavou),336,350,Vysočina,CZ063,Žďár nad Sázavou,CZ0635,Velké Meziříčí,6114,False
598470,Osečany (okr. Příbram),270,273,Středočeský,CZ020,Příbram,CZ020B,Sedlčany,2123,False
599662,Oseček (okr. Nymburk),166,173,Středočeský,CZ020,Nymburk,CZ0208,Poděbrady,2119,False
564290,Osečná (okr. Liberec),1199,1184,Liberecký,CZ051,Liberec,CZ0513,Liberec,5105,False
576611,Osečnice (okr. Rychnov nad Kněžnou),295,296,Královéhradecký,CZ052,Rychnov nad Kněžnou,CZ0524,Rychnov nad Kněžnou,5213,False
516619,Osek nad Bečvou (okr. Přerov),1365,1358,Olomoucký,CZ071,Přerov,CZ0714,Lipník nad Bečvou,7104,False
531634,Osek (okr. Beroun),879,857,Středočeský,CZ020,Beroun,CZ0202,Hořovice,2108,False
573264,Osek (okr. Jičín),251,233,Královéhradecký,CZ052,Jičín,CZ0522,Jičín,5207,False
598828,Osek (okr. Písek),153,148,Jihočeský,CZ031,Písek,CZ0314,Milevsko,3107,False
560057,Osek (okr. Rokycany),1448,1433,Plzeňský,CZ032,Rokycany,CZ0326,Rokycany,3211,False
551562,Osek (okr. Strakonice),654,661,Jihočeský,CZ031,Strakonice,CZ0316,Strakonice,3111,False
567779,Osek (okr. Teplice),4506,4516,Ústecký,CZ042,Teplice,CZ0426,Teplice,4213,False
558184,Oselce (okr. Plzeň-jih),356,345,Plzeňský,CZ032,Plzeň-jih,CZ0324,Nepomuk,3207,False
570532,Osice (okr. Hradec Králové),566,565,Královéhradecký,CZ052,Hradec Králové,CZ0521,Hradec Králové,5205,False
588822,Osíčko (okr. Kroměříž),457,461,Zlínský,CZ072,Kroměříž,CZ0721,Bystřice pod Hostýnem,7201,False
570541,Osičky (okr. Hradec Králové),155,153,Královéhradecký,CZ052,Hradec Králové,CZ0521,Hradec Králové,5205,False
578509,Osík (okr. Svitavy),1060,1052,Pardubický,CZ053,Svitavy,CZ0533,Litomyšl,5307,False
582174,Osiky (okr. Brno-venkov),129,132,Jihomoravský,CZ064,Brno-venkov,CZ0643,Tišnov,6217,False
540544,Oskava (okr. Šumperk),1283,1305,Olomoucký,CZ071,Šumperk,CZ0715,Šumperk,7111,False
537616,Oskořínek (okr. Nymburk),566,564,Středočeský,CZ020,Nymburk,CZ0208,Nymburk,2118,False
583588,Oslavany (okr. Brno-venkov),4844,4873,Jihomoravský,CZ064,Brno-venkov,CZ0643,Ivančice,6208,False
596337,Oslavice (okr. Žďár nad Sázavou),769,756,Vysočina,CZ063,Žďár nad Sázavou,CZ0635,Velké Meziříčí,6114,False
511412,Oslavička (okr. Žďár nad Sázavou),131,134,Vysočina,CZ063,Žďár nad Sázavou,CZ0635,Velké Meziříčí,6114,False
594598,Oslnovice (okr. Znojmo),67,68,Jihomoravský,CZ064,Znojmo,CZ0647,Znojmo,6220,False
549703,Oslov (okr. Písek),344,336,Jihočeský,CZ031,Písek,CZ0314,Písek,3108,False
597716,Osoblaha (okr. Bruntál),1016,1016,Moravskoslezský,CZ080,Bruntál,CZ0801,Krnov,8114,False
531642,Osov (okr. Beroun),316,327,Středočeský,CZ020,Beroun,CZ0202,Hořovice,2108,False
596345,Osová Bítýška (okr. Žďár nad Sázavou),942,962,Vysočina,CZ063,Žďár nad Sázavou,CZ0635,Velké Meziříčí,6114,False
596353,Osové (okr. Žďár nad Sázavou),103,100,Vysočina,CZ063,Žďár nad Sázavou,CZ0635,Velké Meziříčí,6114,False
591335,Ostašov (okr. Třebíč),175,189,Vysočina,CZ063,Třebíč,CZ0634,Třebíč,6113,False
583596,Ostopovice (okr. Brno-venkov),1751,1751,Jihomoravský,CZ064,Brno-venkov,CZ0643,Šlapanice,6216,False
537624,Ostrá (okr. Nymburk),697,664,Středočeský,CZ020,Nymburk,CZ0208,Lysá nad Labem,2113,False
557170,Ostrata (okr. Zlín),426,420,Zlínský,CZ072,Zlín,CZ0724,Zlín,7213,False
554821,Ostrava (okr. Ostrava-město),280853,283187,Moravskoslezský,CZ080,Ostrava-město,CZ0806,Ostrava,8119,False
598542,Ostravice (okr. Frýdek-Místek),2558,2556,Moravskoslezský,CZ080,Frýdek-Místek,CZ0802,Frýdlant nad Ostravicí,8107,False
535231,Ostrolovský Újezd (okr. České Budějovice),188,182,Jihočeský,CZ031,České Budějovice,CZ0311,Trhové Sviny,3113,False
573272,Ostroměř (okr. Jičín),1339,1324,Královéhradecký,CZ052,Jičín,CZ0522,Hořice,5204,False
596361,Ostrov nad Oslavou (okr. Žďár nad Sázavou),1000,1008,Vysočina,CZ063,Žďár nad Sázavou,CZ0635,Žďár nad Sázavou,6115,False
599395,Ostrov (okr. Benešov),74,71,Středočeský,CZ020,Benešov,CZ0201,Vlašim,2125,False
574104,Ostrov (okr. Chrudim),180,181,Pardubický,CZ053,Chrudim,CZ0531,Chrudim,5304,False
548359,Ostrov (okr. Havlíčkův Brod),166,163,Vysočina,CZ063,Havlíčkův Brod,CZ0631,Světlá nad Sázavou,6111,False
555428,Ostrov (okr. Karlovy Vary),15615,15681,Karlovarský,CZ041,Karlovy Vary,CZ0412,Ostrov,4106,False
598372,Ostrov (okr. Příbram),158,160,Středočeský,CZ020,Příbram,CZ020B,Příbram,2120,False
580732,Ostrov (okr. Ústí nad Orlicí),730,717,Pardubický,CZ053,Ústí nad Orlicí,CZ0534,Lanškroun,5306,False
559326,Ostrov u Bezdružic (okr. Plzeň-sever),197,195,Plzeňský,CZ032,Plzeň-sever,CZ0325,Nýřany,3208,False
582182,Ostrov u Macochy (okr. Blansko),1091,1092,Jihomoravský,CZ064,Blansko,CZ0641,Blansko,6201,False
583600,Ostrovačice (okr. Brno-venkov),849,829,Jihomoravský,CZ064,Brno-venkov,CZ0643,Rosice,6214,False
586471,Ostrovánky (okr. Hodonín),229,225,Jihomoravský,CZ064,Hodonín,CZ0645,Kyjov,6210,False
549711,Ostrovec (okr. Písek),378,371,Jihočeský,CZ031,Písek,CZ0314,Písek,3108,False
566993,Ostrovec-Lhotka (okr. Rokycany),116,115,Plzeňský,CZ032,Rokycany,CZ0326,Rokycany,3211,False
592455,Ostrožská Lhota (okr. Uherské Hradiště),1489,1481,Zlínský,CZ072,Uherské Hradiště,CZ0722,Uherské Hradiště,7207,False
592463,Ostrožská Nová Ves (okr. Uherské Hradiště),3362,3401,Zlínský,CZ072,Uherské Hradiště,CZ0722,Uherské Hradiště,7207,False
569330,Ostružná (okr. Jeseník),171,188,Olomoucký,CZ071,Jeseník,CZ0711,Jeseník,7102,False
573281,Ostružno (okr. Jičín),104,101,Královéhradecký,CZ052,Jičín,CZ0522,Jičín,5207,False
530352,Ostředek (okr. Benešov),497,474,Středočeský,CZ020,Benešov,CZ0201,Benešov,2101,False
575437,Ostřešany (okr. Pardubice),1134,1126,Pardubický,CZ053,Pardubice,CZ0532,Pardubice,5309,False
578061,Ostřetice (okr. Klatovy),76,76,Plzeňský,CZ032,Klatovy,CZ0322,Klatovy,3205,False
575445,Ostřetín (okr. Pardubice),917,896,Pardubický,CZ053,Pardubice,CZ0532,Holice,5303,False
592471,Osvětimany (okr. Uherské Hradiště),906,884,Zlínský,CZ072,Uherské Hradiště,CZ0722,Uherské Hradiště,7207,False
554073,Osvračín (okr. Domažlice),676,685,Plzeňský,CZ032,Domažlice,CZ0321,Horšovský Týn,3204,False
541681,Ošelín (okr. Tachov),162,160,Plzeňský,CZ032,Tachov,CZ0327,Stříbro,3213,False
589845,Otaslavice (okr. Prostějov),1313,1302,Olomoucký,CZ071,Prostějov,CZ0713,Prostějov,7108,False
540293,Otěšice (okr. Plzeň-jih),149,146,Plzeňský,CZ032,Plzeň-jih,CZ0324,Přeštice,3210,False
509612,Otice (okr. Opava),1525,1500,Moravskoslezský,CZ080,Opava,CZ0805,Opava,8117,False
587648,Otín (okr. Jihlava),86,89,Vysočina,CZ063,Jihlava,CZ0632,Jihlava,6105,False
596370,Otín (okr. Žďár nad Sázavou),334,334,Vysočina,CZ063,Žďár nad Sázavou,CZ0635,Velké Meziříčí,6114,False
589853,Otinoves (okr. Prostějov),296,282,Olomoucký,CZ071,Prostějov,CZ0713,Prostějov,7108,False
506699,Otmarov (okr. Brno-venkov),393,398,Jihomoravský,CZ064,Brno-venkov,CZ0643,Židlochovice,6221,False
534111,Otmíče (okr. Beroun),188,188,Středočeský,CZ020,Beroun,CZ0202,Hořovice,2108,False
593478,Otnice (okr. Vyškov),1571,1585,Jihomoravský,CZ064,Vyškov,CZ0646,Slavkov u Brna,6215,False
566209,Otov (okr. Domažlice),109,108,Plzeňský,CZ032,Domažlice,CZ0321,Domažlice,3202,False
537969,Otovice (okr. Karlovy Vary),1061,1041,Karlovarský,CZ041,Karlovy Vary,CZ0412,Karlovy Vary,4103,False
574317,Otovice (okr. Náchod),323,327,Královéhradecký,CZ052,Náchod,CZ0523,Broumov,5201,False
554952,Otradov (okr. Chrudim),279,283,Pardubický,CZ053,Chrudim,CZ0531,Hlinsko,5302,False
555444,Otročín (okr. Karlovy Vary),438,437,Karlovarský,CZ041,Karlovy Vary,CZ0412,Karlovy Vary,4103,False
531669,Otročiněves (okr. Beroun),502,502,Středočeský,CZ020,Beroun,CZ0202,Beroun,2102,False
585599,Otrokovice (okr. Zlín),17239,17401,Zlínský,CZ072,Zlín,CZ0724,Otrokovice,7205,False
563277,Otvice (okr. Chomutov),712,718,Ústecký,CZ042,Chomutov,CZ0422,Chomutov,4203,False
532681,Otvovice (okr. Kladno),789,799,Středočeský,CZ020,Kladno,CZ0203,Kladno,2109,False
541010,Ouběnice (okr. Příbram),255,252,Středočeský,CZ020,Příbram,CZ020B,Dobříš,2107,False
580741,Oucmanice (okr. Ústí nad Orlicí),245,249,Pardubický,CZ053,Ústí nad Orlicí,CZ0534,Vysoké Mýto,5314,False
569224,Oudoleň (okr. Havlíčkův Brod),367,363,Vysočina,CZ063,Havlíčkův Brod,CZ0631,Chotěboř,6104,False
533572,Ovčáry (okr. Kolín),921,904,Středočeský,CZ020,Kolín,CZ0204,Kolín,2110,False
535141,Ovčáry (okr. Mělník),525,516,Středočeský,CZ020,Mělník,CZ0206,Neratovice,2117,False
569232,Ovesná Lhota (okr. Havlíčkův Brod),178,171,Vysočina,CZ063,Havlíčkův Brod,CZ0631,Světlá nad Sázavou,6111,False
539473,Ovesné Kladruby (okr. Cheb),149,142,Karlovarský,CZ041,Cheb,CZ0411,Mariánské Lázně,4105,False
544574,Oznice (okr. Vsetín),524,508,Zlínský,CZ072,Vsetín,CZ0723,Valašské Meziříčí,7210,False
531278,Paběnice (okr. Kutná Hora),223,226,Středočeský,CZ020,Kutná Hora,CZ0205,Kutná Hora,2112,False
545953,Paceřice (okr. Liberec),401,386,Liberecký,CZ051,Liberec,CZ0513,Turnov,5109,False
588831,Pacetluky (okr. Kroměříž),250,247,Zlínský,CZ072,Kroměříž,CZ0721,Holešov,7202,False
548511,Pacov (okr. Pelhřimov),4757,4743,Vysočina,CZ063,Pelhřimov,CZ0633,Pacov,6109,False
556912,Pačejov (okr. Klatovy),677,687,Plzeňský,CZ032,Klatovy,CZ0322,Horažďovice,3203,False
588849,Pačlavice (okr. Kroměříž),832,849,Zlínský,CZ072,Kroměříž,CZ0721,Kroměříž,7203,False
564192,Páleč (okr. Kladno),221,219,Středočeský,CZ020,Kladno,CZ0203,Slaný,2124,False
598551,Palkovice (okr. Frýdek-Místek),3547,3535,Moravskoslezský,CZ080,Frýdek-Místek,CZ0802,Frýdek-Místek,8106,False
540595,Palonín (okr. Šumperk),346,344,Olomoucký,CZ071,Šumperk,CZ0715,Mohelnice,7106,False
550469,Pálovice (okr. Třebíč),171,175,Vysočina,CZ063,Třebíč,CZ0634,Moravské Budějovice,6106,False
582191,Pamětice (okr. Blansko),260,271,Jihomoravský,CZ064,Blansko,CZ0641,Boskovice,6202,False
587656,Panenská Rozsíčka (okr. Jihlava),219,261,Vysočina,CZ063,Jihlava,CZ0632,Jihlava,6105,False
538604,Panenské Břežany (okr. Praha-východ),684,665,Středočeský,CZ020,Praha-východ,CZ0209,Brandýs nad Labem-Stará Boleslav,2103,False
566535,Panenský Týnec (okr. Louny),458,449,Ústecký,CZ042,Louny,CZ0424,Louny,4207,False
542211,Panoší Újezd (okr. Rakovník),274,284,Středočeský,CZ020,Rakovník,CZ020C,Rakovník,2121,False
587672,Panské Dubenky (okr. Jihlava),145,142,Vysočina,CZ063,Jihlava,CZ0632,Telč,6112,False
551571,Paračov (okr. Strakonice),107,106,Jihočeský,CZ031,Strakonice,CZ0316,Strakonice,3111,False
555134,Pardubice (okr. Pardubice),92713,92319,Pardubický,CZ053,Pardubice,CZ0532,Pardubice,5309,False
516635,Paršovice (okr. Přerov),389,388,Olomoucký,CZ071,Přerov,CZ0714,Hranice,7101,False
516686,Partutovice (okr. Přerov),533,533,Olomoucký,CZ071,Přerov,CZ0714,Hranice,7101,False
599182,Pařezov (okr. Domažlice),228,221,Plzeňský,CZ032,Domažlice,CZ0321,Domažlice,3202,False
554081,Pasečnice (okr. Domažlice),195,195,Plzeňský,CZ032,Domažlice,CZ0321,Domažlice,3202,False
504785,Paseka (okr. Olomouc),1266,1277,Olomoucký,CZ071,Olomouc,CZ0712,Uničov,7112,False
547476,Paseky nad Jizerou (okr. Semily),251,252,Liberecký,CZ051,Semily,CZ0514,Jilemnice,5104,False
562254,Paseky (okr. Písek),190,190,Jihočeský,CZ031,Písek,CZ0314,Písek,3108,False
598569,Paskov (okr. Frýdek-Místek),3855,3883,Moravskoslezský,CZ080,Frýdek-Místek,CZ0802,Frýdek-Místek,8106,False
584762,Pasohlávky (okr. Brno-venkov),781,773,Jihomoravský,CZ064,Brno-venkov,CZ0643,Pohořelice,6213,False
566781,Pastuchovice (okr. Plzeň-sever),75,71,Plzeňský,CZ032,Plzeň-sever,CZ0325,Kralovice,3206,False
580759,Pastviny (okr. Ústí nad Orlicí),378,391,Pardubický,CZ053,Ústí nad Orlicí,CZ0534,Žamberk,5315,False
513423,Pašinka (okr. Kolín),397,347,Středočeský,CZ020,Kolín,CZ0204,Kolín,2110,False
592480,Pašovice (okr. Uherské Hradiště),714,710,Zlínský,CZ072,Uherské Hradiště,CZ0722,Uherský Brod,7208,False
537632,Pátek (okr. Nymburk),780,779,Středočeský,CZ020,Nymburk,CZ0208,Poděbrady,2119,False
567345,Patokryje (okr. Most),443,440,Ústecký,CZ042,Most,CZ0425,Most,4209,False
594601,Pavlice (okr. Znojmo),494,501,Jihomoravský,CZ064,Znojmo,CZ0647,Znojmo,6220,False
544248,Pavlíkov (okr. Rakovník),1071,1073,Středočeský,CZ020,Rakovník,CZ020C,Rakovník,2121,False
596388,Pavlínov (okr. Žďár nad Sázavou),274,277,Vysočina,CZ063,Žďár nad Sázavou,CZ0635,Velké Meziříčí,6114,False
584771,Pavlov (okr. Břeclav),618,621,Jihomoravský,CZ064,Břeclav,CZ0644,Mikulov,6211,False
569241,Pavlov (okr. Havlíčkův Brod),148,139,Vysočina,CZ063,Havlíčkův Brod,CZ0631,Světlá nad Sázavou,6111,False
587681,Pavlov (okr. Jihlava),400,402,Vysočina,CZ063,Jihlava,CZ0632,Jihlava,6105,False
532711,Pavlov (okr. Kladno),242,242,Středočeský,CZ020,Kladno,CZ0203,Kladno,2109,False
561916,Pavlov (okr. Pelhřimov),115,123,Vysočina,CZ063,Pelhřimov,CZ0633,Pelhřimov,6110,False
540609,Pavlov (okr. Šumperk),663,669,Olomoucký,CZ071,Šumperk,CZ0715,Mohelnice,7106,False
596396,Pavlov (okr. Žďár nad Sázavou),347,350,Vysočina,CZ063,Žďár nad Sázavou,CZ0635,Žďár nad Sázavou,6115,False
533076,Pavlovice (okr. Benešov),280,279,Středočeský,CZ020,Benešov,CZ0201,Vlašim,2125,False
557196,Pavlovice u Kojetína (okr. Prostějov),286,281,Olomoucký,CZ071,Prostějov,CZ0713,Prostějov,7108,False
516694,Pavlovice u Přerova (okr. Přerov),706,722,Olomoucký,CZ071,Přerov,CZ0714,Přerov,7109,False
552500,Pazderna (okr. Frýdek-Místek),422,408,Moravskoslezský,CZ080,Frýdek-Místek,CZ0802,Frýdek-Místek,8106,False
532720,Pchery (okr. Kladno),2027,2015,Středočeský,CZ020,Kladno,CZ0203,Kladno,2109,False
554090,Pec (okr. Domažlice),206,210,Plzeňský,CZ032,Domažlice,CZ0321,Domažlice,3202,False
579581,Pec pod Sněžkou (okr. Trutnov),696,700,Královéhradecký,CZ052,Trutnov,CZ0525,Trutnov,5214,False
573299,Pecka (okr. Jičín),1273,1311,Královéhradecký,CZ052,Jičín,CZ0522,Nová Paka,5210,False
507717,Peč (okr. Jindřichův Hradec),460,465,Jihočeský,CZ031,Jindřichův Hradec,CZ0313,Dačice,3104,False
571032,Pěčice (okr. Mladá Boleslav),227,218,Středočeský,CZ020,Mladá Boleslav,CZ0207,Mladá Boleslav,2115,False
541028,Pečice (okr. Příbram),405,397,Středočeský,CZ020,Příbram,CZ020B,Příbram,2120,False
576620,Pěčín (okr. Rychnov nad Kněžnou),473,478,Královéhradecký,CZ052,Rychnov nad Kněžnou,CZ0524,Rychnov nad Kněžnou,5213,False
537641,Pečky (okr. Kolín),4951,4874,Středočeský,CZ020,Kolín,CZ0204,Kolín,2110,False
537543,Pěčnov (okr. Prachatice),175,174,Jihočeský,CZ031,Prachatice,CZ0315,Prachatice,3109,False
566373,Pelechy (okr. Domažlice),89,83,Plzeňský,CZ032,Domažlice,CZ0321,Domažlice,3202,False
547492,Pelhřimov (okr. Pelhřimov),16233,16206,Vysočina,CZ063,Pelhřimov,CZ0633,Pelhřimov,6110,False
563749,Pěnčín (okr. Jablonec nad Nisou),2102,2096,Liberecký,CZ051,Jablonec nad Nisou,CZ0512,Železný Brod,5110,False
564303,Pěnčín (okr. Liberec),745,714,Liberecký,CZ051,Liberec,CZ0513,Turnov,5109,False
589870,Pěnčín (okr. Prostějov),769,752,Olomoucký,CZ071,Prostějov,CZ0713,Prostějov,7108,False
572004,Perálec (okr. Chrudim),259,257,Pardubický,CZ053,Chrudim,CZ0531,Chrudim,5304,False
584789,Perná (okr. Břeclav),795,794,Jihomoravský,CZ064,Břeclav,CZ0644,Mikulov,6211,False
559334,Pernarec (okr. Plzeň-sever),734,727,Plzeňský,CZ032,Plzeň-sever,CZ0325,Nýřany,3208,False
555452,Pernink (okr. Karlovy Vary),581,583,Karlovarský,CZ041,Karlovy Vary,CZ0412,Ostrov,4106,False
596400,Pernštejnské Jestřabí (okr. Brno-venkov),216,212,Jihomoravský,CZ064,Brno-venkov,CZ0643,Tišnov,6217,False
563285,Perštejn (okr. Chomutov),1157,1155,Ústecký,CZ042,Chomutov,CZ0422,Kadaň,4204,False
534307,Pertoltice (okr. Kutná Hora),169,166,Středočeský,CZ020,Kutná Hora,CZ0205,Kutná Hora,2112,False
564311,Pertoltice (okr. Liberec),311,302,Liberecký,CZ051,Liberec,CZ0513,Frýdlant,5102,False
514276,Pertoltice pod Ralskem (okr. Česká Lípa),417,436,Liberecký,CZ051,Česká Lípa,CZ0511,Česká Lípa,5101,False
566551,Peruc (okr. Louny),2374,2347,Ústecký,CZ042,Louny,CZ0424,Louny,4207,False
577391,Peřimov (okr. Semily),282,283,Liberecký,CZ051,Semily,CZ0514,Jilemnice,5104,False
546062,Pesvice (okr. Chomutov),201,197,Ústecký,CZ042,Chomutov,CZ0422,Chomutov,4203,False
529656,Pětihosty (okr. Praha-východ),299,287,Středočeský,CZ020,Praha-východ,CZ0209,Říčany,2122,False
598241,Pětikozly (okr. Mladá Boleslav),92,90,Středočeský,CZ020,Mladá Boleslav,CZ0207,Mladá Boleslav,2115,False
563293,Pětipsy (okr. Chomutov),199,208,Ústecký,CZ042,Chomutov,CZ0422,Kadaň,4204,False
536431,Petkovy (okr. Mladá Boleslav),359,356,Středočeský,CZ020,Mladá Boleslav,CZ0207,Mladá Boleslav,2115,False
596418,Petráveč (okr. Žďár nad Sázavou),305,299,Vysočina,CZ063,Žďár nad Sázavou,CZ0635,Velké Meziříčí,6114,False
566560,Petrohrad (okr. Louny),621,620,Ústecký,CZ042,Louny,CZ0424,Podbořany,4210,False
530409,Petroupim (okr. Benešov),374,378,Středočeský,CZ020,Benešov,CZ0201,Benešov,2101,False
500020,Petrov nad Desnou (okr. Šumperk),1226,1237,Olomoucký,CZ071,Šumperk,CZ0715,Šumperk,7111,False
582204,Petrov (okr. Blansko),126,129,Jihomoravský,CZ064,Blansko,CZ0641,Boskovice,6202,False
586480,Petrov (okr. Hodonín),1302,1315,Jihomoravský,CZ064,Hodonín,CZ0645,Hodonín,6206,False
539546,Petrov (okr. Praha-západ),841,821,Středočeský,CZ020,Praha-západ,CZ020A,Černošice,2105,False
534315,Petrovice I (okr. Kutná Hora),307,311,Středočeský,CZ020,Kutná Hora,CZ0205,Kutná Hora,2112,False
534323,Petrovice II (okr. Kutná Hora),155,156,Středočeský,CZ020,Kutná Hora,CZ0205,Kutná Hora,2112,False
582212,Petrovice (okr. Blansko),650,653,Jihomoravský,CZ064,Blansko,CZ0641,Blansko,6201,False
551848,Petrovice (okr. Bruntál),137,139,Moravskoslezský,CZ080,Bruntál,CZ0801,Krnov,8114,False
570567,Petrovice (okr. Hradec Králové),283,291,Královéhradecký,CZ052,Hradec Králové,CZ0521,Nový Bydžov,5212,False
541044,Petrovice (okr. Příbram),1334,1324,Středočeský,CZ020,Příbram,CZ020B,Sedlčany,2123,False
542229,Petrovice (okr. Rakovník),277,276,Středočeský,CZ020,Rakovník,CZ020C,Rakovník,2121,False
591360,Petrovice (okr. Třebíč),414,414,Vysočina,CZ063,Třebíč,CZ0634,Třebíč,6113,False
568147,Petrovice (okr. Ústí nad Labem),914,907,Ústecký,CZ042,Ústí nad Labem,CZ0427,Ústí nad Labem,4214,False
580767,Petrovice (okr. Ústí nad Orlicí),270,262,Pardubický,CZ053,Ústí nad Orlicí,CZ0534,Lanškroun,5306,False
594610,Petrovice (okr. Znojmo),383,385,Jihomoravský,CZ064,Znojmo,CZ0647,Moravský Krumlov,6212,False
599077,Petrovice u Karviné (okr. Karviná),4973,4971,Moravskoslezský,CZ080,Karviná,CZ0803,Karviná,8111,False
556921,Petrovice u Sušice (okr. Klatovy),664,643,Plzeňský,CZ032,Klatovy,CZ0322,Sušice,3214,False
548871,Petrovičky (okr. Jičín),47,51,Královéhradecký,CZ052,Jičín,CZ0522,Hořice,5204,False
556874,Petrůvka (okr. Zlín),318,316,Zlínský,CZ072,Zlín,CZ0724,Luhačovice,7204,False
591378,Petrůvky (okr. Třebíč),144,134,Vysočina,CZ063,Třebíč,CZ0634,Třebíč,6113,False
535699,Petříkov (okr. České Budějovice),322,310,Jihočeský,CZ031,České Budějovice,CZ0311,Trhové Sviny,3113,False
538612,Petříkov (okr. Praha-východ),648,639,Středočeský,CZ020,Praha-východ,CZ0209,Říčany,2122,False
599085,Petřvald (okr. Karviná),7350,7409,Moravskoslezský,CZ080,Karviná,CZ0803,Orlová,8118,False
599743,Petřvald (okr. Nový Jičín),1728,1748,Moravskoslezský,CZ080,Nový Jičín,CZ0804,Kopřivnice,8112,False
541052,Pičín (okr. Příbram),655,658,Středočeský,CZ020,Příbram,CZ020B,Příbram,2120,False
549916,Pikárec (okr. Žďár nad Sázavou),336,333,Vysočina,CZ063,Žďár nad Sázavou,CZ0635,Velké Meziříčí,6114,False
556947,Pila (okr. Karlovy Vary),573,577,Karlovarský,CZ041,Karlovy Vary,CZ0412,Karlovy Vary,4103,False
579599,Pilníkov (okr. Trutnov),1209,1218,Královéhradecký,CZ052,Trutnov,CZ0525,Trutnov,5214,False
540650,Písařov (okr. Šumperk),728,711,Olomoucký,CZ071,Šumperk,CZ0715,Šumperk,7111,False
557226,Písečná (okr. Frýdek-Místek),1067,1073,Moravskoslezský,CZ080,Frýdek-Místek,CZ0802,Jablunkov,8110,False
540684,Písečná (okr. Jeseník),1025,1033,Olomoucký,CZ071,Jeseník,CZ0711,Jeseník,7102,False
580775,Písečná (okr. Ústí nad Orlicí),586,585,Pardubický,CZ053,Ústí nad Orlicí,CZ0534,Žamberk,5315,False
546917,Písečné (okr. Jindřichův Hradec),484,488,Jihočeský,CZ031,Jindřichův Hradec,CZ0313,Dačice,3104,False
596434,Písečné (okr. Žďár nad Sázavou),193,197,Vysočina,CZ063,Žďár nad Sázavou,CZ0635,Bystřice nad Pernštejnem,6101,False
512028,Písek (okr. Frýdek-Místek),1882,1884,Moravskoslezský,CZ080,Frýdek-Místek,CZ0802,Jablunkov,8110,False
570575,Písek (okr. Hradec Králové),310,299,Královéhradecký,CZ052,Hradec Králové,CZ0521,Hradec Králové,5205,False
549240,Písek (okr. Písek),31002,31121,Jihočeský,CZ031,Písek,CZ0314,Písek,3108,False
536440,Písková Lhota (okr. Mladá Boleslav),1111,1119,Středočeský,CZ020,Mladá Boleslav,CZ0207,Mladá Boleslav,2115,False
537659,Písková Lhota (okr. Nymburk),578,560,Středočeský,CZ020,Nymburk,CZ0208,Poděbrady,2119,False
561070,Pístina (okr. Jindřichův Hradec),109,110,Jihočeský,CZ031,Jindřichův Hradec,CZ0313,Jindřichův Hradec,3105,False
537667,Písty (okr. Nymburk),452,445,Středočeský,CZ020,Nymburk,CZ0208,Nymburk,2118,False
509647,Píšť (okr. Opava),2115,2098,Moravskoslezský,CZ080,Opava,CZ0805,Hlučín,8109,False
548545,Píšť (okr. Pelhřimov),77,79,Vysočina,CZ063,Pelhřimov,CZ0633,Humpolec,6103,False
542539,Píšťany (okr. Litoměřice),219,214,Ústecký,CZ042,Litoměřice,CZ0423,Litoměřice,4205,False
535991,Pištín (okr. České Budějovice),682,667,Jihočeský,CZ031,České Budějovice,CZ0311,České Budějovice,3102,False
592498,Pitín (okr. Uherské Hradiště),892,907,Zlínský,CZ072,Uherské Hradiště,CZ0722,Uherský Brod,7208,False
589888,Pivín (okr. Prostějov),760,756,Olomoucký,CZ071,Prostějov,CZ0713,Prostějov,7108,False
598887,Pivkovice (okr. Strakonice),86,93,Jihočeský,CZ031,Strakonice,CZ0316,Vodňany,3117,False
552828,Planá nad Lužnicí (okr. Tábor),4604,4614,Jihočeský,CZ031,Tábor,CZ0317,Tábor,3112,False
535176,Planá (okr. České Budějovice),256,256,Jihočeský,CZ031,České Budějovice,CZ0311,České Budějovice,3102,False
561134,Planá (okr. Tachov),5528,5493,Plzeňský,CZ032,Tachov,CZ0327,Tachov,3215,False
533581,Plaňany (okr. Kolín),1931,1947,Středočeský,CZ020,Kolín,CZ0204,Kolín,2110,False
587702,Plandry (okr. Jihlava),185,189,Vysočina,CZ063,Jihlava,CZ0632,Jihlava,6105,False
530336,Pláně (okr. Plzeň-sever),282,278,Plzeňský,CZ032,Plzeň-sever,CZ0325,Kralovice,3206,False
556955,Plánice (okr. Klatovy),1627,1629,Plzeňský,CZ032,Klatovy,CZ0322,Klatovy,3205,False
559351,Plasy (okr. Plzeň-sever),2888,2924,Plzeňský,CZ032,Plzeň-sever,CZ0325,Kralovice,3206,False
535346,Plav (okr. České Budějovice),438,433,Jihočeský,CZ031,České Budějovice,CZ0311,České Budějovice,3102,False
594628,Plaveč (okr. Znojmo),452,460,Jihomoravský,CZ064,Znojmo,CZ0647,Znojmo,6220,False
509078,Plavsko (okr. Jindřichův Hradec),480,480,Jihočeský,CZ031,Jindřichův Hradec,CZ0313,Jindřichův Hradec,3105,False
563757,Plavy (okr. Jablonec nad Nisou),1024,1028,Liberecký,CZ051,Jablonec nad Nisou,CZ0512,Tanvald,5108,False
536458,Plazy (okr. Mladá Boleslav),507,502,Středočeský,CZ020,Mladá Boleslav,CZ0207,Mladá Boleslav,2115,False
572942,Plch (okr. Pardubice),106,102,Pardubický,CZ053,Pardubice,CZ0532,Pardubice,5309,False
564125,Plchov (okr. Kladno),196,199,Středočeský,CZ020,Kladno,CZ0203,Slaný,2124,False
580783,Plchovice (okr. Ústí nad Orlicí),73,72,Pardubický,CZ053,Ústí nad Orlicí,CZ0534,Vysoké Mýto,5314,False
550051,Plenkovice (okr. Znojmo),402,395,Jihomoravský,CZ064,Znojmo,CZ0647,Znojmo,6220,False
554740,Plesná (okr. Cheb),1890,1886,Karlovarský,CZ041,Cheb,CZ0411,Cheb,4102,False
507628,Pleše (okr. Jindřichův Hradec),183,182,Jihočeský,CZ031,Jindřichův Hradec,CZ0313,Jindřichův Hradec,3105,False
559369,Plešnice (okr. Plzeň-sever),284,291,Plzeňský,CZ032,Plzeň-sever,CZ0325,Nýřany,3208,False
532738,Pletený Újezd (okr. Kladno),728,700,Středočeský,CZ020,Kladno,CZ0203,Kladno,2109,False
566861,Plískov (okr. Rokycany),122,123,Plzeňský,CZ032,Rokycany,CZ0326,Rokycany,3211,False
565393,Ploskovice (okr. Litoměřice),475,461,Ústecký,CZ042,Litoměřice,CZ0423,Litoměřice,4205,False
546968,Pluhův Žďár (okr. Jindřichův Hradec),599,593,Jihočeský,CZ031,Jindřichův Hradec,CZ0313,Jindřichův Hradec,3105,False
589896,Plumlov (okr. Prostějov),2271,2254,Olomoucký,CZ071,Prostějov,CZ0713,Prostějov,7108,False
565580,Plužná (okr. Mladá Boleslav),281,266,Středočeský,CZ020,Mladá Boleslav,CZ0207,Mladá Boleslav,2115,False
554791,Plzeň (okr. Plzeň-město),187863,187928,Plzeňský,CZ032,Plzeň-město,CZ0323,Plzeň,3209,False
566578,Pnětluky (okr. Louny),367,370,Ústecký,CZ042,Louny,CZ0424,Louny,4207,False
559377,Pňovany (okr. Plzeň-sever),468,476,Plzeňský,CZ032,Plzeň-sever,CZ0325,Nýřany,3208,False
552160,Pňovice (okr. Olomouc),1009,1006,Olomoucký,CZ071,Olomouc,CZ0712,Litovel,7105,False
537675,Pňov-Předhradí (okr. Kolín),621,617,Středočeský,CZ020,Kolín,CZ0204,Kolín,2110,False
554111,Poběžovice (okr. Domažlice),1541,1551,Plzeňský,CZ032,Domažlice,CZ0321,Domažlice,3202,False
575461,Poběžovice u Holic (okr. Pardubice),314,312,Pardubický,CZ053,Pardubice,CZ0532,Holice,5303,False
575470,Poběžovice u Přelouče (okr. Pardubice),129,126,Pardubický,CZ053,Pardubice,CZ0532,Přelouč,5311,False
542237,Pochvalov (okr. Rakovník),232,241,Středočeský,CZ020,Rakovník,CZ020C,Rakovník,2121,False
554120,Pocinovice (okr. Domažlice),589,588,Plzeňský,CZ032,Domažlice,CZ0321,Domažlice,3202,False
564214,Počaply (okr. Příbram),99,96,Středočeský,CZ020,Příbram,CZ020B,Příbram,2120,False
548561,Počátky (okr. Pelhřimov),2452,2502,Vysočina,CZ063,Pelhřimov,CZ0633,Pelhřimov,6110,False
566586,Počedělice (okr. Louny),304,301,Ústecký,CZ042,Louny,CZ0424,Louny,4207,False
588865,Počenice-Tetětice (okr. Kroměříž),698,696,Zlínský,CZ072,Kroměříž,CZ0721,Kroměříž,7203,False
541087,Počepice (okr. Příbram),549,552,Středočeský,CZ020,Příbram,CZ020B,Sedlčany,2123,False
596442,Počítky (okr. Žďár nad Sázavou),240,238,Vysočina,CZ063,Žďár nad Sázavou,CZ0635,Žďár nad Sázavou,6115,False
566608,Podbořanský Rohozec (okr. Louny),159,162,Ústecký,CZ042,Louny,CZ0424,Podbořany,4210,False
566616,Podbořany (okr. Louny),6254,6253,Ústecký,CZ042,Louny,CZ0424,Podbořany,4210,False
534285,Podbrdy (okr. Beroun),254,250,Středočeský,CZ020,Beroun,CZ0202,Beroun,2102,False
576654,Podbřezí (okr. Rychnov nad Kněžnou),618,593,Královéhradecký,CZ052,Rychnov nad Kněžnou,CZ0524,Dobruška,5202,False
550795,Podbřežice (okr. Vyškov),314,296,Jihomoravský,CZ064,Vyškov,CZ0646,Vyškov,6219,False
537683,Poděbrady (okr. Nymburk),15238,15232,Středočeský,CZ020,Nymburk,CZ0208,Poděbrady,2119,False
596451,Poděšín (okr. Žďár nad Sázavou),260,260,Vysočina,CZ063,Žďár nad Sázavou,CZ0635,Žďár nad Sázavou,6115,False
566365,Poděvousy (okr. Domažlice),243,243,Plzeňský,CZ032,Domažlice,CZ0321,Horšovský Týn,3204,False
573311,Podhorní Újezd a Vojice (okr. Jičín),640,635,Královéhradecký,CZ052,Jičín,CZ0522,Hořice,5204,False
572039,Podhořany u Ronova (okr. Chrudim),275,269,Pardubický,CZ053,Chrudim,CZ0531,Chrudim,5304,False
594636,Podhradí nad Dyjí (okr. Znojmo),51,45,Jihomoravský,CZ064,Znojmo,CZ0647,Znojmo,6220,False
538817,Podhradí (okr. Cheb),219,214,Karlovarský,CZ041,Cheb,CZ0411,Aš,4101,False
573329,Podhradí (okr. Jičín),500,491,Královéhradecký,CZ052,Jičín,CZ0522,Jičín,5207,False
534811,Podhradí (okr. Zlín),205,198,Zlínský,CZ072,Zlín,CZ0724,Luhačovice,7204,False
588873,Podhradní Lhota (okr. Kroměříž),459,456,Zlínský,CZ072,Kroměříž,CZ0721,Bystřice pod Hostýnem,7201,False
593486,Podivice (okr. Vyškov),166,163,Jihomoravský,CZ064,Vyškov,CZ0646,Vyškov,6219,False
584797,Podivín (okr. Břeclav),2912,2938,Jihomoravský,CZ064,Břeclav,CZ0644,Břeclav,6204,False
585611,Podkopná Lhota (okr. Zlín),318,322,Zlínský,CZ072,Zlín,CZ0724,Vizovice,7211,False
564486,Podlesí (okr. Příbram),1139,1126,Středočeský,CZ020,Příbram,CZ020B,Příbram,2120,False
580805,Podlesí (okr. Ústí nad Orlicí),268,270,Pardubický,CZ053,Ústí nad Orlicí,CZ0534,Vysoké Mýto,5314,False
532754,Podlešín (okr. Kladno),382,375,Středočeský,CZ020,Kladno,CZ0203,Slaný,2124,False
531685,Podluhy (okr. Beroun),669,678,Středočeský,CZ020,Beroun,CZ0202,Hořovice,2108,False
548634,Podmoklany (okr. Havlíčkův Brod),129,132,Vysočina,CZ063,Havlíčkův Brod,CZ0631,Chotěboř,6104,False
551686,Podmokly (okr. Klatovy),153,153,Plzeňský,CZ032,Klatovy,CZ0322,Sušice,3214,False
560081,Podmokly (okr. Rokycany),255,253,Plzeňský,CZ032,Rokycany,CZ0326,Rokycany,3211,False
548251,Podmoky (okr. Havlíčkův Brod),156,145,Vysočina,CZ063,Havlíčkův Brod,CZ0631,Havlíčkův Brod,6102,False
599590,Podmoky (okr. Nymburk),200,205,Středočeský,CZ020,Nymburk,CZ0208,Poděbrady,2119,False
594644,Podmolí (okr. Znojmo),164,160,Jihomoravský,CZ064,Znojmo,CZ0647,Znojmo,6220,False
594652,Podmyče (okr. Znojmo),111,109,Jihomoravský,CZ064,Znojmo,CZ0647,Znojmo,6220,False
538621,Podolanka (okr. Praha-východ),639,618,Středočeský,CZ020,Praha-východ,CZ0209,Brandýs nad Labem-Stará Boleslav,2103,False
549754,Podolí I (okr. Písek),356,361,Jihočeský,CZ031,Písek,CZ0314,Písek,3108,False
583634,Podolí (okr. Brno-venkov),1413,1418,Jihomoravský,CZ064,Brno-venkov,CZ0643,Šlapanice,6216,False
516864,Podolí (okr. Přerov),198,198,Olomoucký,CZ071,Přerov,CZ0714,Přerov,7109,False
592501,Podolí (okr. Uherské Hradiště),879,887,Zlínský,CZ072,Uherské Hradiště,CZ0722,Uherské Hradiště,7207,False
569496,Podolí (okr. Vsetín),315,308,Zlínský,CZ072,Vsetín,CZ0723,Valašské Meziříčí,7210,False
596469,Podolí (okr. Žďár nad Sázavou),97,99,Vysočina,CZ063,Žďár nad Sázavou,CZ0635,Nové Město na Moravě,6108,False
550175,Podomí (okr. Vyškov),459,459,Jihomoravský,CZ064,Vyškov,CZ0646,Vyškov,6219,False
565415,Podsedice (okr. Litoměřice),679,673,Ústecký,CZ042,Litoměřice,CZ0423,Lovosice,4208,False
572951,Podůlšany (okr. Pardubice),149,152,Pardubický,CZ053,Pardubice,CZ0532,Pardubice,5309,False
573345,Podůlší (okr. Jičín),237,249,Královéhradecký,CZ052,Jičín,CZ0522,Jičín,5207,False
528196,Podveky (okr. Kutná Hora),228,210,Středočeský,CZ020,Kutná Hora,CZ0205,Kutná Hora,2112,False
569291,Pohled (okr. Havlíčkův Brod),716,714,Vysočina,CZ063,Havlíčkův Brod,CZ0631,Havlíčkův Brod,6102,False
573591,Pohleď (okr. Havlíčkův Brod),72,74,Vysočina,CZ063,Havlíčkův Brod,CZ0631,Světlá nad Sázavou,6111,False
578550,Pohledy (okr. Svitavy),315,305,Pardubický,CZ053,Svitavy,CZ0533,Svitavy,5312,False
560553,Pohnánec (okr. Tábor),61,58,Jihočeský,CZ031,Tábor,CZ0317,Tábor,3112,False
552852,Pohnání (okr. Tábor),82,80,Jihočeský,CZ031,Tábor,CZ0317,Tábor,3112,False
536911,Pohorovice (okr. Strakonice),82,77,Jihočeský,CZ031,Strakonice,CZ0316,Vodňany,3117,False
545694,Pohorská Ves (okr. Český Krumlov),231,231,Jihočeský,CZ031,Český Krumlov,CZ0312,Kaplice,3106,False
584801,Pohořelice (okr. Brno-venkov),6299,6126,Jihomoravský,CZ064,Brno-venkov,CZ0643,Pohořelice,6213,False
549461,Pohořelice (okr. Zlín),935,911,Zlínský,CZ072,Zlín,CZ0724,Otrokovice,7205,False
539562,Pohoří (okr. Praha-západ),426,429,Středočeský,CZ020,Praha-západ,CZ020A,Černošice,2105,False
576662,Pohoří (okr. Rychnov nad Kněžnou),681,675,Královéhradecký,CZ052,Rychnov nad Kněžnou,CZ0524,Dobruška,5202,False
552861,Pojbuky (okr. Tábor),100,103,Jihočeský,CZ031,Tábor,CZ0317,Tábor,3112,False
596477,Pokojov (okr. Žďár nad Sázavou),134,139,Vysočina,CZ063,Žďár nad Sázavou,CZ0635,Žďár nad Sázavou,6115,False
550370,Pokojovice (okr. Třebíč),112,115,Vysočina,CZ063,Třebíč,CZ0634,Třebíč,6113,False
572063,Pokřikov (okr. Chrudim),252,257,Pardubický,CZ053,Chrudim,CZ0531,Hlinsko,5302,False
553565,Polánka (okr. Plzeň-jih),50,49,Plzeňský,CZ032,Plzeň-jih,CZ0324,Nepomuk,3207,False
541788,Poleň (okr. Klatovy),297,300,Plzeňský,CZ032,Klatovy,CZ0322,Klatovy,3205,False
533599,Polepy (okr. Kolín),649,643,Středočeský,CZ020,Kolín,CZ0204,Kolín,2110,False
565431,Polepy (okr. Litoměřice),1323,1319,Ústecký,CZ042,Litoměřice,CZ0423,Litoměřice,4205,False
567353,Polerady (okr. Most),235,234,Ústecký,CZ042,Most,CZ0425,Most,4209,False
538639,Polerady (okr. Praha-východ),876,803,Středočeský,CZ020,Praha-východ,CZ0209,Brandýs nad Labem-Stará Boleslav,2103,False
561436,Polesí (okr. Pelhřimov),113,110,Vysočina,CZ063,Pelhřimov,CZ0633,Pelhřimov,6110,False
592510,Polešovice (okr. Uherské Hradiště),2047,2036,Zlínský,CZ072,Uherské Hradiště,CZ0722,Uherské Hradiště,7207,False
561959,Polevsko (okr. Česká Lípa),435,439,Liberecký,CZ051,Česká Lípa,CZ0511,Nový Bor,5106,False
574341,Police nad Metují (okr. Náchod),4164,4131,Královéhradecký,CZ052,Náchod,CZ0523,Náchod,5209,False
540731,Police (okr. Šumperk),244,232,Olomoucký,CZ071,Šumperk,CZ0715,Mohelnice,7106,False
591394,Police (okr. Třebíč),319,317,Vysočina,CZ063,Třebíč,CZ0634,Moravské Budějovice,6106,False
544621,Police (okr. Vsetín),617,604,Zlínský,CZ072,Vsetín,CZ0723,Valašské Meziříčí,7210,False
578576,Polička (okr. Svitavy),9035,9051,Pardubický,CZ053,Svitavy,CZ0533,Polička,5310,False
500071,Poličná (okr. Vsetín),1798,1769,Zlínský,CZ072,Vsetín,CZ0723,Valašské Meziříčí,7210,False
516899,Polkovice (okr. Přerov),511,503,Olomoucký,CZ071,Přerov,CZ0714,Přerov,7109,False
500194,Polná na Šumavě (okr. Český Krumlov),202,203,Jihočeský,CZ031,Český Krumlov,CZ0312,Český Krumlov,3103,False
587711,Polná (okr. Jihlava),5305,5277,Vysočina,CZ063,Jihlava,CZ0632,Jihlava,6105,False
513237,Polní Chrčice (okr. Kolín),183,184,Středočeský,CZ020,Kolín,CZ0204,Kolín,2110,False
513148,Polní Voděrady (okr. Kolín),209,213,Středočeský,CZ020,Kolín,CZ0204,Kolín,2110,False
596485,Polnička (okr. Žďár nad Sázavou),804,801,Vysočina,CZ063,Žďár nad Sázavou,CZ0635,Žďár nad Sázavou,6115,False
516911,Polom (okr. Přerov),300,303,Olomoucký,CZ071,Přerov,CZ0714,Hranice,7101,False
548723,Polom (okr. Rychnov nad Kněžnou),174,158,Královéhradecký,CZ052,Rychnov nad Kněžnou,CZ0524,Rychnov nad Kněžnou,5213,False
549983,Polomí (okr. Prostějov),135,140,Olomoucký,CZ071,Prostějov,CZ0713,Konice,7103,False
562459,Polště (okr. Jindřichův Hradec),102,105,Jihočeský,CZ031,Jindřichův Hradec,CZ0313,Jindřichův Hradec,3105,False
538868,Pomezí nad Ohří (okr. Cheb),378,360,Karlovarský,CZ041,Cheb,CZ0411,Cheb,4102,False
578584,Pomezí (okr. Svitavy),1341,1310,Pardubický,CZ053,Svitavy,CZ0533,Polička,5310,False
562670,Ponědraž (okr. Jindřichův Hradec),124,118,Jihočeský,CZ031,Jindřichův Hradec,CZ0313,Třeboň,3114,False
562653,Ponědrážka (okr. Jindřichův Hradec),79,80,Jihočeský,CZ031,Jindřichův Hradec,CZ0313,Třeboň,3114,False
549738,Ponětovice (okr. Brno-venkov),436,445,Jihomoravský,CZ064,Brno-venkov,CZ0643,Šlapanice,6216,False
577405,Poniklá (okr. Semily),1096,1106,Liberecký,CZ051,Semily,CZ0514,Jilemnice,5104,False
546992,Popelín (okr. Jindřichův Hradec),479,471,Jihočeský,CZ031,Jindřichův Hradec,CZ0313,Jindřichův Hradec,3105,False
584819,Popice (okr. Břeclav),1013,1008,Jihomoravský,CZ064,Břeclav,CZ0644,Hustopeče,6207,False
532649,Popovice (okr. Benešov),299,299,Středočeský,CZ020,Benešov,CZ0201,Benešov,2101,False
583651,Popovice (okr. Brno-venkov),381,373,Jihomoravský,CZ064,Brno-venkov,CZ0643,Židlochovice,6221,False
592528,Popovice (okr. Uherské Hradiště),994,985,Zlínský,CZ072,Uherské Hradiště,CZ0722,Uherské Hradiště,7207,False
599221,Popovičky (okr. Praha-východ),481,486,Středočeský,CZ020,Praha-východ,CZ0209,Říčany,2122,False
583669,Popůvky (okr. Brno-venkov),1908,1866,Jihomoravský,CZ064,Brno-venkov,CZ0643,Šlapanice,6216,False
591408,Popůvky (okr. Třebíč),73,67,Vysočina,CZ063,Třebíč,CZ0634,Náměšť nad Oslavou,6107,False
537705,Poříčany (okr. Kolín),1580,1572,Středočeský,CZ020,Kolín,CZ0204,Český Brod,2106,False
530441,Poříčí nad Sázavou (okr. Benešov),1661,1651,Středočeský,CZ020,Benešov,CZ0201,Benešov,2101,False
572373,Poříčí u Litomyšle (okr. Svitavy),528,528,Pardubický,CZ053,Svitavy,CZ0533,Litomyšl,5307,False
566624,Postoloprty (okr. Louny),4661,4673,Ústecký,CZ042,Louny,CZ0424,Louny,4207,False
554138,Postřekov (okr. Domažlice),1102,1087,Plzeňský,CZ032,Domažlice,CZ0321,Domažlice,3202,False
540773,Postřelmov (okr. Šumperk),2894,2962,Olomoucký,CZ071,Šumperk,CZ0715,Zábřeh,7113,False
553352,Postřelmůvek (okr. Šumperk),299,300,Olomoucký,CZ071,Šumperk,CZ0715,Zábřeh,7113,False
538647,Postřižín (okr. Mělník),2033,2007,Středočeský,CZ020,Mělník,CZ0206,Kralupy nad Vltavou,2111,False
530450,Postupice (okr. Benešov),1446,1464,Středočeský,CZ020,Benešov,CZ0201,Benešov,2101,False
548600,Pošná (okr. Pelhřimov),270,269,Vysočina,CZ063,Pelhřimov,CZ0633,Pacov,6109,False
564087,Poštovice (okr. Kladno),221,224,Středočeský,CZ020,Kladno,CZ0203,Slaný,2124,False
549533,Poteč (okr. Zlín),746,761,Zlínský,CZ072,Zlín,CZ0724,Valašské Klobouky,7209,False
534331,Potěhy (okr. Kutná Hora),651,635,Středočeský,CZ020,Kutná Hora,CZ0205,Čáslav,2104,False
517101,Potštát (okr. Přerov),1241,1237,Olomoucký,CZ071,Přerov,CZ0714,Hranice,7101,False
576671,Potštejn (okr. Rychnov nad Kněžnou),971,987,Královéhradecký,CZ052,Rychnov nad Kněžnou,CZ0524,Rychnov nad Kněžnou,5213,False
555479,Potůčky (okr. Karlovy Vary),405,406,Karlovarský,CZ041,Karlovy Vary,CZ0412,Ostrov,4106,False
530247,Potvorov (okr. Plzeň-sever),133,132,Plzeňský,CZ032,Plzeň-sever,CZ0325,Kralovice,3206,False
577979,Poustka (okr. Cheb),170,168,Karlovarský,CZ041,Cheb,CZ0411,Cheb,4102,False
584835,Pouzdřany (okr. Břeclav),780,790,Jihomoravský,CZ064,Břeclav,CZ0644,Hustopeče,6207,False
568155,Povrly (okr. Ústí nad Labem),2305,2277,Ústecký,CZ042,Ústí nad Labem,CZ0427,Ústí nad Labem,4214,False
591416,Pozďatín (okr. Třebíč),173,162,Vysočina,CZ063,Třebíč,CZ0634,Třebíč,6113,False
544655,Pozděchov (okr. Vsetín),582,593,Zlínský,CZ072,Vsetín,CZ0723,Vsetín,7212,False
532762,Pozdeň (okr. Kladno),454,450,Středočeský,CZ020,Kladno,CZ0203,Slaný,2124,False
549401,Pozlovice (okr. Zlín),1322,1364,Zlínský,CZ072,Zlín,CZ0724,Luhačovice,7204,False
583677,Pozořice (okr. Brno-venkov),2424,2413,Jihomoravský,CZ064,Brno-venkov,CZ0643,Šlapanice,6216,False
583685,Prace (okr. Brno-venkov),996,998,Jihomoravský,CZ064,Brno-venkov,CZ0643,Šlapanice,6216,False
551619,Pracejovice (okr. Strakonice),319,322,Jihočeský,CZ031,Strakonice,CZ0316,Strakonice,3111,False
550094,Prachatice (okr. Prachatice),11036,11119,Jihočeský,CZ031,Prachatice,CZ0315,Prachatice,3109,False
572071,Prachovice (okr. Chrudim),1404,1442,Pardubický,CZ053,Chrudim,CZ0531,Chrudim,5304,False
565458,Prackovice nad Labem (okr. Litoměřice),642,640,Ústecký,CZ042,Litoměřice,CZ0423,Lovosice,4208,False
594679,Práče (okr. Znojmo),807,805,Jihomoravský,CZ064,Znojmo,CZ0647,Znojmo,6220,False
558231,Prádlo (okr. Plzeň-jih),224,228,Plzeňský,CZ032,Plzeň-jih,CZ0324,Nepomuk,3207,False
554782,Praha (okr. Praha),1407084,1397880,Hlavní město Praha,CZ010,Hlavní město Praha,CZ0100,Praha,1000,False
592536,Prakšice (okr. Uherské Hradiště),990,1004,Zlínský,CZ072,Uherské Hradiště,CZ0722,Uherský Brod,7208,False
539538,Prameny (okr. Cheb),89,103,Karlovarský,CZ041,Cheb,CZ0411,Mariánské Lázně,4105,False
570648,Prasek (okr. Hradec Králové),645,626,Královéhradecký,CZ052,Hradec Králové,CZ0521,Nový Bydžov,5212,False
570656,Praskačka (okr. Hradec Králové),1147,1149,Královéhradecký,CZ052,Hradec Králové,CZ0521,Hradec Králové,5205,False
587397,Prasklice (okr. Kroměříž),246,252,Zlínský,CZ072,Kroměříž,CZ0721,Kroměříž,7203,False
531693,Praskolesy (okr. Beroun),895,903,Středočeský,CZ020,Beroun,CZ0202,Hořovice,2108,False
556084,Prášily (okr. Klatovy),153,152,Plzeňský,CZ032,Klatovy,CZ0322,Sušice,3214,False
588890,Pravčice (okr. Kroměříž),713,705,Zlínský,CZ072,Kroměříž,CZ0721,Kroměříž,7203,False
594687,Pravice (okr. Znojmo),370,371,Jihomoravský,CZ064,Znojmo,CZ0647,Znojmo,6220,False
583693,Pravlov (okr. Brno-venkov),692,697,Jihomoravský,CZ064,Brno-venkov,CZ0643,Ivančice,6208,False
530476,Pravonín (okr. Benešov),570,572,Středočeský,CZ020,Benešov,CZ0201,Vlašim,2125,False
572853,Pravy (okr. Pardubice),113,118,Pardubický,CZ053,Pardubice,CZ0532,Pardubice,5309,False
568813,Pražmo (okr. Frýdek-Místek),890,900,Moravskoslezský,CZ080,Frýdek-Místek,CZ0802,Frýdek-Místek,8106,False
544671,Prlov (okr. Vsetín),505,501,Zlínský,CZ072,Vsetín,CZ0723,Vsetín,7212,False
567787,Proboštov (okr. Teplice),2712,2700,Ústecký,CZ042,Teplice,CZ0426,Teplice,4213,False
561509,Probulov (okr. Písek),69,76,Jihočeský,CZ031,Písek,CZ0314,Písek,3108,False
570753,Prodašice (okr. Mladá Boleslav),87,85,Středočeský,CZ020,Mladá Boleslav,CZ0207,Mladá Boleslav,2115,False
594695,Prokopov (okr. Znojmo),110,106,Jihomoravský,CZ064,Znojmo,CZ0647,Znojmo,6220,False
548758,Proruby (okr. Rychnov nad Kněžnou),56,58,Královéhradecký,CZ052,Rychnov nad Kněžnou,CZ0524,Rychnov nad Kněžnou,5213,False
572080,Proseč (okr. Chrudim),2143,2124,Pardubický,CZ053,Chrudim,CZ0531,Chrudim,5304,False
537829,Proseč (okr. Pelhřimov),70,73,Vysočina,CZ063,Pelhřimov,CZ0633,Humpolec,6103,False
544345,Proseč pod Ještědem (okr. Liberec),452,450,Liberecký,CZ051,Liberec,CZ0513,Liberec,5105,False
561941,Proseč pod Křemešníkem (okr. Pelhřimov),93,91,Vysočina,CZ063,Pelhřimov,CZ0633,Pelhřimov,6110,False
579602,Prosečné (okr. Trutnov),586,589,Královéhradecký,CZ052,Trutnov,CZ0525,Vrchlabí,5215,False
517151,Prosenice (okr. Přerov),812,806,Olomoucký,CZ071,Přerov,CZ0714,Přerov,7109,False
541133,Prosenická Lhota (okr. Příbram),534,542,Středočeský,CZ020,Příbram,CZ020B,Sedlčany,2123,False
572098,Prosetín (okr. Chrudim),794,799,Pardubický,CZ053,Chrudim,CZ0531,Chrudim,5304,False
596493,Prosetín (okr. Žďár nad Sázavou),358,359,Vysočina,CZ063,Žďár nad Sázavou,CZ0635,Bystřice nad Pernštejnem,6101,False
569313,Prosíčka (okr. Havlíčkův Brod),149,151,Vysočina,CZ063,Havlíčkův Brod,CZ0631,Světlá nad Sázavou,6111,False
594709,Prosiměřice (okr. Znojmo),867,869,Jihomoravský,CZ064,Znojmo,CZ0647,Znojmo,6220,False
589250,Prostějov (okr. Prostějov),43236,43408,Olomoucký,CZ071,Prostějov,CZ0713,Prostějov,7108,False
589918,Prostějovičky (okr. Prostějov),311,315,Olomoucký,CZ071,Prostějov,CZ0713,Prostějov,7108,False
541486,Prostiboř (okr. Tachov),249,240,Plzeňský,CZ032,Tachov,CZ0327,Stříbro,3213,False
544698,Prostřední Bečva (okr. Vsetín),1825,1810,Zlínský,CZ072,Vsetín,CZ0723,Rožnov pod Radhoštěm,7206,False
582221,Prostřední Poříčí (okr. Blansko),268,263,Jihomoravský,CZ064,Blansko,CZ0641,Boskovice,6202,False
589926,Protivanov (okr. Prostějov),1095,1090,Olomoucký,CZ071,Prostějov,CZ0713,Prostějov,7108,False
549771,Protivín (okr. Písek),4706,4764,Jihočeský,CZ031,Písek,CZ0314,Písek,3108,False
561983,Provodín (okr. Česká Lípa),730,721,Liberecký,CZ051,Česká Lípa,CZ0511,Česká Lípa,5101,False
585661,Provodov (okr. Zlín),794,781,Zlínský,CZ072,Zlín,CZ0724,Zlín,7213,False
517208,Provodovice (okr. Přerov),165,162,Olomoucký,CZ071,Přerov,CZ0714,Hranice,7101,False
574350,Provodov-Šonov (okr. Náchod),1211,1193,Královéhradecký,CZ052,Náchod,CZ0523,Nové Město nad Metují,5211,False
583707,Prštice (okr. Brno-venkov),989,997,Jihomoravský,CZ064,Brno-venkov,CZ0643,Šlapanice,6216,False
539571,Průhonice (okr. Praha-západ),2867,2846,Středočeský,CZ020,Praha-západ,CZ020A,Černošice,2105,False
564788,Prusice (okr. Praha-východ),97,96,Středočeský,CZ020,Praha-východ,CZ0209,Říčany,2122,False
588903,Prusinovice (okr. Kroměříž),1193,1181,Zlínský,CZ072,Kroměříž,CZ0721,Holešov,7202,False
593494,Prusy-Boškůvky (okr. Vyškov),702,710,Jihomoravský,CZ064,Vyškov,CZ0646,Vyškov,6219,False
586498,Prušánky (okr. Hodonín),2167,2183,Jihomoravský,CZ064,Hodonín,CZ0645,Hodonín,6206,False
561991,Prysk (okr. Česká Lípa),460,461,Liberecký,CZ051,Česká Lípa,CZ0511,Nový Bor,5106,False
507181,Pržno (okr. Frýdek-Místek),1098,1081,Moravskoslezský,CZ080,Frýdek-Místek,CZ0802,Frýdlant nad Ostravicí,8107,False
544728,Pržno (okr. Vsetín),602,609,Zlínský,CZ072,Vsetín,CZ0723,Vsetín,7212,False
552411,Přáslavice (okr. Olomouc),1473,1451,Olomoucký,CZ071,Olomouc,CZ0712,Olomouc,7107,False
561517,Přeborov (okr. Písek),141,142,Jihočeský,CZ031,Písek,CZ0314,Milevsko,3107,False
560596,Přebuz (okr. Sokolov),67,70,Karlovarský,CZ041,Sokolov,CZ0413,Kraslice,4104,False
536547,Přechovice (okr. Strakonice),149,147,Jihočeský,CZ031,Strakonice,CZ0316,Strakonice,3111,False
591424,Přeckov (okr. Třebíč),77,76,Vysočina,CZ063,Třebíč,CZ0634,Třebíč,6113,False
538655,Předboj (okr. Praha-východ),1453,1424,Středočeský,CZ020,Praha-východ,CZ0209,Brandýs nad Labem-Stará Boleslav,2103,False
540412,Předenice (okr. Plzeň-jih),254,263,Plzeňský,CZ032,Plzeň-jih,CZ0324,Přeštice,3210,False
572101,Předhradí (okr. Chrudim),401,400,Pardubický,CZ053,Chrudim,CZ0531,Chrudim,5304,False
591432,Předín (okr. Třebíč),674,678,Vysočina,CZ063,Třebíč,CZ0634,Třebíč,6113,False
549746,Předklášteří (okr. Brno-venkov),1464,1469,Jihomoravský,CZ064,Brno-venkov,CZ0643,Tišnov,6217,False
536491,Předměřice nad Jizerou (okr. Mladá Boleslav),996,1020,Středočeský,CZ020,Mladá Boleslav,CZ0207,Mladá Boleslav,2115,False
570672,Předměřice nad Labem (okr. Hradec Králové),1968,1972,Královéhradecký,CZ052,Hradec Králové,CZ0521,Hradec Králové,5205,False
551627,Předmíř (okr. Strakonice),284,289,Jihočeský,CZ031,Strakonice,CZ0316,Blatná,3101,False
545716,Přední Výtoň (okr. Český Krumlov),180,190,Jihočeský,CZ031,Český Krumlov,CZ0312,Český Krumlov,3103,False
536792,Přední Zborovice (okr. Strakonice),88,94,Jihočeský,CZ031,Strakonice,CZ0316,Strakonice,3111,False
509621,Předotice (okr. Písek),606,598,Jihočeský,CZ031,Písek,CZ0314,Písek,3108,False
557005,Předslav (okr. Klatovy),829,826,Plzeňský,CZ032,Klatovy,CZ0322,Klatovy,3205,False
551635,Předslavice (okr. Strakonice),235,243,Jihočeský,CZ031,Strakonice,CZ0316,Strakonice,3111,False
552895,Přehořov (okr. Tábor),352,345,Jihočeský,CZ031,Tábor,CZ0317,Soběslav,3110,False
513369,Přehvozdí (okr. Kolín),327,328,Středočeský,CZ020,Kolín,CZ0204,Český Brod,2106,False
559393,Přehýšov (okr. Plzeň-sever),592,568,Plzeňský,CZ032,Plzeň-sever,CZ0325,Nýřany,3208,False
532771,Přelíc (okr. Kladno),380,395,Středočeský,CZ020,Kladno,CZ0203,Slaný,2124,False
575500,Přelouč (okr. Pardubice),10195,10203,Pardubický,CZ053,Pardubice,CZ0532,Přelouč,5311,False
575518,Přelovice (okr. Pardubice),239,231,Pardubický,CZ053,Pardubice,CZ0532,Přelouč,5311,False
589934,Přemyslovice (okr. Prostějov),1200,1218,Olomoucký,CZ071,Prostějov,CZ0713,Konice,7103,False
570923,Přepeře (okr. Mladá Boleslav),119,117,Středočeský,CZ020,Mladá Boleslav,CZ0207,Mladá Boleslav,2115,False
577413,Přepeře (okr. Semily),1067,1049,Liberecký,CZ051,Semily,CZ0514,Turnov,5109,False
575526,Přepychy (okr. Pardubice),91,83,Pardubický,CZ053,Pardubice,CZ0532,Přelouč,5311,False
576689,Přepychy (okr. Rychnov nad Kněžnou),639,633,Královéhradecký,CZ052,Rychnov nad Kněžnou,CZ0524,Dobruška,5202,False
537721,Přerov nad Labem (okr. Nymburk),1278,1246,Středočeský,CZ020,Nymburk,CZ0208,Lysá nad Labem,2113,False
511382,Přerov (okr. Přerov),40492,40906,Olomoucký,CZ071,Přerov,CZ0714,Přerov,7109,False
598577,Přerubenice (okr. Rakovník),88,87,Středočeský,CZ020,Rakovník,CZ020C,Rakovník,2121,False
550078,Přeskače (okr. Znojmo),100,102,Jihomoravský,CZ064,Znojmo,CZ0647,Znojmo,6220,False
530620,Přestanov (okr. Ústí nad Labem),672,633,Ústecký,CZ042,Ústí nad Labem,CZ0427,Ústí nad Labem,4214,False
572110,Přestavlky (okr. Chrudim),196,201,Pardubický,CZ053,Chrudim,CZ0531,Chrudim,5304,False
565474,Přestavlky (okr. Litoměřice),298,296,Ústecký,CZ042,Litoměřice,CZ0423,Roudnice nad Labem,4211,False
530131,Přestavlky (okr. Plzeň-jih),234,228,Plzeňský,CZ032,Plzeň-jih,CZ0324,Stod,3212,False
517224,Přestavlky (okr. Přerov),254,248,Olomoucký,CZ071,Přerov,CZ0714,Přerov,7109,False
530492,Přestavlky u Čerčan (okr. Benešov),446,439,Středočeský,CZ020,Benešov,CZ0201,Benešov,2101,False
591441,Přešovice (okr. Třebíč),137,136,Vysočina,CZ063,Třebíč,CZ0634,Třebíč,6113,False
549797,Přeštěnice (okr. Písek),280,271,Jihočeský,CZ031,Písek,CZ0314,Milevsko,3107,False
558249,Přeštice (okr. Plzeň-jih),6757,6792,Plzeňský,CZ032,Plzeň-jih,CZ0324,Přeštice,3210,False
551643,Přešťovice (okr. Strakonice),479,479,Jihočeský,CZ031,Strakonice,CZ0316,Strakonice,3111,False
570681,Převýšov (okr. Hradec Králové),359,352,Královéhradecký,CZ052,Hradec Králové,CZ0521,Hradec Králové,5205,False
538671,Přezletice (okr. Praha-východ),2495,2419,Středočeský,CZ020,Praha-východ,CZ0209,Brandýs nad Labem-Stará Boleslav,2103,False
584843,Přibice (okr. Brno-venkov),1123,1098,Jihomoravský,CZ064,Brno-venkov,CZ0643,Pohořelice,6213,False
599808,Příbor (okr. Nový Jičín),8311,8298,Moravskoslezský,CZ080,Nový Jičín,CZ0804,Kopřivnice,8112,False
583715,Příbram na Moravě (okr. Brno-venkov),654,648,Jihomoravský,CZ064,Brno-venkov,CZ0643,Rosice,6214,False
539911,Příbram (okr. Příbram),32917,32773,Středočeský,CZ020,Příbram,CZ020B,Příbram,2120,False
561088,Příbraz (okr. Jindřichův Hradec),270,270,Jihočeský,CZ031,Jindřichův Hradec,CZ0313,Jindřichův Hradec,3105,False
569321,Přibyslav (okr. Havlíčkův Brod),3997,4076,Vysočina,CZ063,Havlíčkův Brod,CZ0631,Havlíčkův Brod,6102,False
574368,Přibyslav (okr. Náchod),199,200,Královéhradecký,CZ052,Náchod,CZ0523,Nové Město nad Metují,5211,False
583723,Přibyslavice (okr. Brno-venkov),554,563,Jihomoravský,CZ064,Brno-venkov,CZ0643,Rosice,6214,False
591459,Přibyslavice (okr. Třebíč),794,796,Vysočina,CZ063,Třebíč,CZ0634,Třebíč,6113,False
558257,Příchovice (okr. Plzeň-jih),1233,1231,Plzeňský,CZ032,Plzeň-jih,CZ0324,Přeštice,3210,False
542253,Příčina (okr. Rakovník),210,208,Středočeský,CZ020,Rakovník,CZ020C,Rakovník,2121,False
513547,Příčovy (okr. Příbram),360,353,Středočeský,CZ020,Příbram,CZ020B,Sedlčany,2123,False
545724,Přídolí (okr. Český Krumlov),719,705,Jihočeský,CZ031,Český Krumlov,CZ0312,Český Krumlov,3103,False
505013,Příkazy (okr. Olomouc),1311,1316,Olomoucký,CZ071,Olomouc,CZ0712,Olomouc,7107,False
579131,Příkosice (okr. Rokycany),429,420,Plzeňský,CZ032,Rokycany,CZ0326,Rokycany,3211,False
577421,Příkrý (okr. Semily),248,239,Liberecký,CZ051,Semily,CZ0514,Semily,5107,False
549720,Přílepy (okr. Kroměříž),1012,1001,Zlínský,CZ072,Kroměříž,CZ0721,Holešov,7202,False
565261,Přílepy (okr. Rakovník),234,232,Středočeský,CZ020,Rakovník,CZ020C,Rakovník,2121,False
578622,Příluka (okr. Svitavy),175,169,Pardubický,CZ053,Svitavy,CZ0533,Litomyšl,5307,False
561151,Přimda (okr. Tachov),1555,1621,Plzeňský,CZ032,Tachov,CZ0327,Tachov,3215,False
545732,Přísečná (okr. Český Krumlov),210,208,Jihočeský,CZ031,Český Krumlov,CZ0312,Český Krumlov,3103,False
569348,Příseka (okr. Havlíčkův Brod),435,434,Vysočina,CZ063,Havlíčkův Brod,CZ0631,Světlá nad Sázavou,6111,False
583731,Přísnotice (okr. Brno-venkov),881,878,Jihomoravský,CZ064,Brno-venkov,CZ0643,Židlochovice,6221,False
513393,Přistoupim (okr. Kolín),471,465,Středočeský,CZ020,Kolín,CZ0204,Český Brod,2106,False
533611,Přišimasy (okr. Kolín),889,894,Středočeský,CZ020,Kolín,CZ0204,Český Brod,2106,False
567086,Příšov (okr. Plzeň-sever),336,333,Plzeňský,CZ032,Plzeň-sever,CZ0325,Nýřany,3208,False
564354,Příšovice (okr. Liberec),1343,1345,Liberecký,CZ051,Liberec,CZ0513,Turnov,5109,False
544752,Příštpo (okr. Třebíč),256,257,Vysočina,CZ063,Třebíč,CZ0634,Třebíč,6113,False
584851,Přítluky (okr. Břeclav),767,774,Jihomoravský,CZ064,Břeclav,CZ0644,Břeclav,6204,False
560111,Přívětice (okr. Rokycany),197,203,Plzeňský,CZ032,Rokycany,CZ0326,Rokycany,3211,False
580821,Přívrat (okr. Ústí nad Orlicí),371,362,Pardubický,CZ053,Ústí nad Orlicí,CZ0534,Česká Třebová,5301,False
563374,Psárov (okr. Tábor),106,112,Jihočeský,CZ031,Tábor,CZ0317,Tábor,3112,False
539597,Psáry (okr. Praha-západ),4322,4254,Středočeský,CZ020,Praha-západ,CZ020A,Černošice,2105,False
530514,Psáře (okr. Benešov),141,146,Středočeský,CZ020,Benešov,CZ0201,Vlašim,2125,False
552577,Pstruží (okr. Frýdek-Místek),1061,1058,Moravskoslezský,CZ080,Frýdek-Místek,CZ0802,Frýdlant nad Ostravicí,8107,False
530671,Pšánky (okr. Hradec Králové),72,71,Královéhradecký,CZ052,Hradec Králové,CZ0521,Hradec Králové,5205,False
555525,Pšov (okr. Karlovy Vary),595,608,Karlovarský,CZ041,Karlovy Vary,CZ0412,Karlovy Vary,4103,False
542270,Pšovlky (okr. Rakovník),259,263,Středočeský,CZ020,Rakovník,CZ020C,Rakovník,2121,False
589942,Ptení (okr. Prostějov),1099,1097,Olomoucký,CZ071,Prostějov,CZ0713,Prostějov,7108,False
558265,Ptenín (okr. Plzeň-jih),200,207,Plzeňský,CZ032,Plzeň-jih,CZ0324,Přeštice,3210,False
532789,Ptice (okr. Praha-západ),1015,1014,Středočeský,CZ020,Praha-západ,CZ020A,Černošice,2105,False
571938,Ptýrov (okr. Mladá Boleslav),385,318,Středočeský,CZ020,Mladá Boleslav,CZ0207,Mnichovo Hradiště,2116,False
573531,Puchlovice (okr. Hradec Králové),119,118,Královéhradecký,CZ052,Hradec Králové,CZ0521,Hradec Králové,5205,False
554154,Puclice (okr. Domažlice),370,365,Plzeňský,CZ032,Domažlice,CZ0321,Horšovský Týn,3204,False
591491,Pucov (okr. Třebíč),168,169,Vysočina,CZ063,Třebíč,CZ0634,Náměšť nad Oslavou,6107,False
587745,Puklice (okr. Jihlava),904,896,Vysočina,CZ063,Jihlava,CZ0632,Jihlava,6105,False
546577,Pulečný (okr. Jablonec nad Nisou),489,497,Liberecký,CZ051,Jablonec nad Nisou,CZ0512,Jablonec nad Nisou,5103,False
578631,Pustá Kamenice (okr. Svitavy),319,311,Pardubický,CZ053,Svitavy,CZ0533,Polička,5310,False
509736,Pustá Polom (okr. Opava),1320,1340,Moravskoslezský,CZ080,Opava,CZ0805,Opava,8117,False
578649,Pustá Rybná (okr. Svitavy),164,163,Pardubický,CZ053,Svitavy,CZ0533,Polička,5310,False
568775,Pustějov (okr. Nový Jičín),989,993,Moravskoslezský,CZ080,Nový Jičín,CZ0804,Bílovec,8101,False
593508,Pustiměř (okr. Vyškov),1929,1928,Jihomoravský,CZ064,Vyškov,CZ0646,Vyškov,6219,False
580830,Pustina (okr. Ústí nad Orlicí),67,63,Pardubický,CZ053,Ústí nad Orlicí,CZ0534,Vysoké Mýto,5314,False
542288,Pustověty (okr. Rakovník),116,127,Středočeský,CZ020,Rakovník,CZ020C,Rakovník,2121,False
549801,Putim (okr. Písek),558,552,Jihočeský,CZ031,Písek,CZ0314,Písek,3108,False
598755,Putimov (okr. Pelhřimov),287,283,Vysočina,CZ063,Pelhřimov,CZ0633,Pelhřimov,6110,False
591505,Pyšel (okr. Třebíč),481,475,Vysočina,CZ063,Třebíč,CZ0634,Třebíč,6113,False
538680,Pyšely (okr. Benešov),2361,2301,Středočeský,CZ020,Benešov,CZ0201,Benešov,2101,False
565652,Rabakov (okr. Mladá Boleslav),64,60,Středočeský,CZ020,Mladá Boleslav,CZ0207,Mladá Boleslav,2115,False
557013,Rabí (okr. Klatovy),504,496,Plzeňský,CZ032,Klatovy,CZ0322,Sušice,3214,False
556882,Rabštejnská Lhota (okr. Chrudim),888,890,Pardubický,CZ053,Chrudim,CZ0531,Chrudim,5304,False
575534,Ráby (okr. Pardubice),580,589,Pardubický,CZ053,Pardubice,CZ0532,Pardubice,5309,False
530522,Rabyně (okr. Benešov),289,294,Středočeský,CZ020,Benešov,CZ0201,Benešov,2101,False
585670,Racková (okr. Zlín),841,829,Zlínský,CZ072,Zlín,CZ0724,Zlín,7213,False
511307,Rácovice (okr. Třebíč),124,123,Vysočina,CZ063,Třebíč,CZ0634,Moravské Budějovice,6106,False
546071,Račetice (okr. Chomutov),433,449,Ústecký,CZ042,Chomutov,CZ0422,Kadaň,4204,False
570702,Račice nad Trotinou (okr. Hradec Králové),153,148,Královéhradecký,CZ052,Hradec Králové,CZ0521,Hradec Králové,5205,False
565482,Račice (okr. Litoměřice),418,407,Ústecký,CZ042,Litoměřice,CZ0423,Litoměřice,4205,False
599760,Račice (okr. Rakovník),175,170,Středočeský,CZ020,Rakovník,CZ020C,Rakovník,2121,False
591521,Račice (okr. Třebíč),85,87,Vysočina,CZ063,Třebíč,CZ0634,Třebíč,6113,False
596507,Račice (okr. Žďár nad Sázavou),49,48,Vysočina,CZ063,Žďár nad Sázavou,CZ0635,Nové Město na Moravě,6108,False
593516,Račice-Pístovice (okr. Vyškov),1369,1351,Jihomoravský,CZ064,Vyškov,CZ0646,Vyškov,6219,False
588059,Račín (okr. Žďár nad Sázavou),146,144,Vysočina,CZ063,Žďár nad Sázavou,CZ0635,Žďár nad Sázavou,6115,False
565491,Račiněves (okr. Litoměřice),623,639,Ústecký,CZ042,Litoměřice,CZ0423,Roudnice nad Labem,4211,False
563773,Radčice (okr. Jablonec nad Nisou),179,180,Liberecký,CZ051,Jablonec nad Nisou,CZ0512,Železný Brod,5110,False
586501,Radějov (okr. Hodonín),845,849,Jihomoravský,CZ064,Hodonín,CZ0645,Veselí nad Moravou,6218,False
538698,Radějovice (okr. Praha-východ),540,541,Středočeský,CZ020,Praha-východ,CZ0209,Říčany,2122,False
536423,Radějovice (okr. Strakonice),47,46,Jihočeský,CZ031,Strakonice,CZ0316,Strakonice,3111,False
596515,Radenice (okr. Žďár nad Sázavou),163,168,Vysočina,CZ063,Žďár nad Sázavou,CZ0635,Velké Meziříčí,6114,False
552917,Radenín (okr. Tábor),500,497,Jihočeský,CZ031,Tábor,CZ0317,Tábor,3112,False
596523,Radešín (okr. Žďár nad Sázavou),126,122,Vysočina,CZ063,Žďár nad Sázavou,CZ0635,Nové Město na Moravě,6108,False
596531,Radešínská Svratka (okr. Žďár nad Sázavou),616,614,Vysočina,CZ063,Žďár nad Sázavou,CZ0635,Nové Město na Moravě,6108,False
564389,Radětice (okr. Příbram),176,183,Středočeský,CZ020,Příbram,CZ020B,Příbram,2120,False
552925,Radětice (okr. Tábor),252,251,Jihočeský,CZ031,Tábor,CZ0317,Tábor,3112,False
550485,Radhostice (okr. Prachatice),150,149,Jihočeský,CZ031,Prachatice,CZ0315,Prachatice,3109,False
575542,Radhošť (okr. Ústí nad Orlicí),173,160,Pardubický,CZ053,Ústí nad Orlicí,CZ0534,Vysoké Mýto,5314,False
598488,Radíč (okr. Příbram),234,237,Středočeský,CZ020,Příbram,CZ020B,Sedlčany,2123,False
517275,Radíkov (okr. Přerov),160,157,Olomoucký,CZ071,Přerov,CZ0714,Hranice,7101,False
570711,Radíkovice (okr. Hradec Králové),204,203,Královéhradecký,CZ052,Hradec Králové,CZ0521,Hradec Králové,5205,False
573370,Radim (okr. Jičín),480,476,Královéhradecký,CZ052,Jičín,CZ0522,Jičín,5207,False
533629,Radim (okr. Kolín),1206,1206,Středočeský,CZ020,Kolín,CZ0204,Kolín,2110,False
578657,Radiměř (okr. Svitavy),1260,1225,Pardubický,CZ053,Svitavy,CZ0533,Svitavy,5312,False
544582,Radimovice (okr. Liberec),360,355,Liberecký,CZ051,Liberec,CZ0513,Turnov,5109,False
563196,Radimovice u Tábora (okr. Tábor),62,62,Jihočeský,CZ031,Tábor,CZ0317,Tábor,3112,False
552933,Radimovice u Želče (okr. Tábor),443,444,Jihočeský,CZ031,Tábor,CZ0317,Tábor,3112,False
587761,Radkov (okr. Jihlava),217,224,Vysočina,CZ063,Jihlava,CZ0632,Telč,6112,False
568317,Radkov (okr. Opava),497,494,Moravskoslezský,CZ080,Opava,CZ0805,Vítkov,8122,False
574333,Radkov (okr. Svitavy),114,124,Pardubický,CZ053,Svitavy,CZ0533,Moravská Třebová,5308,False
552941,Radkov (okr. Tábor),167,169,Jihočeský,CZ031,Tábor,CZ0317,Tábor,3112,False
549924,Radkov (okr. Žďár nad Sázavou),169,171,Vysočina,CZ063,Žďár nad Sázavou,CZ0635,Bystřice nad Pernštejnem,6101,False
517321,Radkova Lhota (okr. Přerov),199,202,Olomoucký,CZ071,Přerov,CZ0714,Přerov,7109,False
540421,Radkovice (okr. Plzeň-jih),113,112,Plzeňský,CZ032,Plzeň-jih,CZ0324,Přeštice,3210,False
550493,Radkovice u Budče (okr. Třebíč),144,153,Vysočina,CZ063,Třebíč,CZ0634,Moravské Budějovice,6106,False
591548,Radkovice u Hrotovic (okr. Třebíč),329,333,Vysočina,CZ063,Třebíč,CZ0634,Třebíč,6113,False
517437,Radkovy (okr. Přerov),148,147,Olomoucký,CZ071,Přerov,CZ0714,Přerov,7109,False
563781,Rádlo (okr. Jablonec nad Nisou),1039,1023,Liberecký,CZ051,Jablonec nad Nisou,CZ0512,Jablonec nad Nisou,5103,False
560120,Radnice (okr. Rokycany),1829,1847,Plzeňský,CZ032,Rokycany,CZ0326,Rokycany,3211,False
596540,Radňoves (okr. Žďár nad Sázavou),99,99,Vysočina,CZ063,Žďár nad Sázavou,CZ0635,Velké Meziříčí,6114,False
596558,Radňovice (okr. Žďár nad Sázavou),338,341,Vysočina,CZ063,Žďár nad Sázavou,CZ0635,Nové Město na Moravě,6108,False
551660,Radomyšl (okr. Strakonice),1359,1366,Jihočeský,CZ031,Strakonice,CZ0316,Strakonice,3111,False
563323,Radonice (okr. Chomutov),1143,1169,Ústecký,CZ042,Chomutov,CZ0422,Kadaň,4204,False
538701,Radonice (okr. Praha-východ),1159,1148,Středočeský,CZ020,Praha-východ,CZ0209,Brandýs nad Labem-Stará Boleslav,2103,False
591556,Radonín (okr. Třebíč),94,90,Vysočina,CZ063,Třebíč,CZ0634,Třebíč,6113,False
583740,Radostice (okr. Brno-venkov),783,789,Jihomoravský,CZ064,Brno-venkov,CZ0643,Šlapanice,6216,False
596574,Radostín nad Oslavou (okr. Žďár nad Sázavou),945,945,Vysočina,CZ063,Žďár nad Sázavou,CZ0635,Žďár nad Sázavou,6115,False
569364,Radostín (okr. Havlíčkův Brod),144,144,Vysočina,CZ063,Havlíčkův Brod,CZ0631,Havlíčkův Brod,6102,False
596566,Radostín (okr. Žďár nad Sázavou),153,156,Vysočina,CZ063,Žďár nad Sázavou,CZ0635,Žďár nad Sázavou,6115,False
577430,Radostná pod Kozákovem (okr. Semily),436,438,Liberecký,CZ051,Semily,CZ0514,Turnov,5109,False
570729,Radostov (okr. Hradec Králové),134,138,Královéhradecký,CZ052,Hradec Králové,CZ0521,Hradec Králové,5205,False
591564,Radošov (okr. Třebíč),161,161,Vysočina,CZ063,Třebíč,CZ0634,Třebíč,6113,False
530531,Radošovice (okr. Benešov),406,410,Středočeský,CZ020,Benešov,CZ0201,Vlašim,2125,False
544965,Radošovice (okr. České Budějovice),212,204,Jihočeský,CZ031,České Budějovice,CZ0311,České Budějovice,3102,False
551678,Radošovice (okr. Strakonice),635,632,Jihočeský,CZ031,Strakonice,CZ0316,Strakonice,3111,False
545040,Radotice (okr. Třebíč),108,111,Vysočina,CZ063,Třebíč,CZ0634,Moravské Budějovice,6106,False
517445,Radotín (okr. Přerov),176,176,Olomoucký,CZ071,Přerov,CZ0714,Lipník nad Bečvou,7104,False
565521,Radovesice (okr. Litoměřice),533,534,Ústecký,CZ042,Litoměřice,CZ0423,Lovosice,4208,False
533637,Radovesnice I (okr. Kolín),383,378,Středočeský,CZ020,Kolín,CZ0204,Kolín,2110,False
533645,Radovesnice II (okr. Kolín),523,516,Středočeský,CZ020,Kolín,CZ0204,Kolín,2110,False
517534,Radslavice (okr. Přerov),1124,1128,Olomoucký,CZ071,Přerov,CZ0714,Přerov,7109,False
593524,Radslavice (okr. Vyškov),458,451,Jihomoravský,CZ064,Vyškov,CZ0646,Vyškov,6219,False
509841,Raduň (okr. Opava),1184,1174,Moravskoslezský,CZ080,Opava,CZ0805,Opava,8117,False
530387,Radvanec (okr. Česká Lípa),289,276,Liberecký,CZ051,Česká Lípa,CZ0511,Nový Bor,5106,False
517569,Radvanice (okr. Přerov),269,274,Olomoucký,CZ071,Přerov,CZ0714,Přerov,7109,False
579629,Radvanice (okr. Trutnov),922,951,Královéhradecký,CZ052,Trutnov,CZ0525,Trutnov,5214,False
540854,Rájec (okr. Šumperk),559,569,Olomoucký,CZ071,Šumperk,CZ0715,Zábřeh,7113,False
582239,Rájec-Jestřebí (okr. Blansko),3740,3736,Jihomoravský,CZ064,Blansko,CZ0641,Blansko,6201,False
582247,Ráječko (okr. Blansko),1462,1419,Jihomoravský,CZ064,Blansko,CZ0641,Blansko,6201,False
583758,Rajhrad (okr. Brno-venkov),4113,4136,Jihomoravský,CZ064,Brno-venkov,CZ0643,Židlochovice,6221,False
583766,Rajhradice (okr. Brno-venkov),1595,1579,Jihomoravský,CZ064,Brno-venkov,CZ0643,Židlochovice,6221,False
588920,Rajnochovice (okr. Kroměříž),535,533,Zlínský,CZ072,Kroměříž,CZ0721,Bystřice pod Hostýnem,7201,False
577448,Rakousy (okr. Semily),105,101,Liberecký,CZ051,Semily,CZ0514,Turnov,5109,False
517585,Rakov (okr. Přerov),412,409,Olomoucký,CZ071,Přerov,CZ0714,Hranice,7101,False
566942,Raková (okr. Rokycany),238,235,Plzeňský,CZ032,Rokycany,CZ0326,Rokycany,3211,False
589951,Raková u Konice (okr. Prostějov),201,195,Olomoucký,CZ071,Prostějov,CZ0713,Konice,7103,False
562068,Rakovice (okr. Písek),227,225,Jihočeský,CZ031,Písek,CZ0314,Písek,3108,False
541656,Rakovník (okr. Rakovník),15745,15682,Středočeský,CZ020,Rakovník,CZ020C,Rakovník,2121,False
589969,Rakůvka (okr. Prostějov),112,112,Olomoucký,CZ071,Prostějov,CZ0713,Konice,7103,False
584860,Rakvice (okr. Břeclav),2247,2267,Jihomoravský,CZ064,Břeclav,CZ0644,Břeclav,6204,False
562017,Ralsko (okr. Česká Lípa),2209,2220,Liberecký,CZ051,Česká Lípa,CZ0511,Česká Lípa,5101,False
572152,Raná (okr. Chrudim),381,375,Pardubický,CZ053,Chrudim,CZ0531,Hlinsko,5302,False
566659,Raná (okr. Louny),240,239,Ústecký,CZ042,Louny,CZ0424,Louny,4207,False
587176,Rančířov (okr. Jihlava),485,511,Vysočina,CZ063,Jihlava,CZ0632,Jihlava,6105,False
587788,Rantířov (okr. Jihlava),468,465,Vysočina,CZ063,Jihlava,CZ0632,Jihlava,6105,False
591581,Rapotice (okr. Třebíč),531,535,Vysočina,CZ063,Třebíč,CZ0634,Náměšť nad Oslavou,6107,False
540862,Rapotín (okr. Šumperk),3322,3316,Olomoucký,CZ071,Šumperk,CZ0715,Šumperk,7111,False
547069,Rapšach (okr. Jindřichův Hradec),599,601,Jihočeský,CZ031,Jindřichův Hradec,CZ0313,Třeboň,3114,False
574376,Rasošky (okr. Náchod),681,702,Královéhradecký,CZ052,Náchod,CZ0523,Jaroměř,5206,False
564371,Raspenava (okr. Liberec),2784,2833,Liberecký,CZ051,Liberec,CZ0513,Frýdlant,5102,False
549274,Rašín (okr. Jičín),100,106,Královéhradecký,CZ052,Jičín,CZ0522,Hořice,5204,False
549665,Raškovice (okr. Frýdek-Místek),2043,2062,Moravskoslezský,CZ080,Frýdek-Místek,CZ0802,Frýdek-Místek,8106,False
582255,Rašov (okr. Brno-venkov),246,246,Jihomoravský,CZ064,Brno-venkov,CZ0643,Tišnov,6217,False
534340,Rašovice (okr. Kutná Hora),442,426,Středočeský,CZ020,Kutná Hora,CZ0205,Kutná Hora,2112,False
593532,Rašovice (okr. Vyškov),717,694,Jihomoravský,CZ064,Vyškov,CZ0646,Bučovice,6205,False
534358,Rataje nad Sázavou (okr. Kutná Hora),560,556,Středočeský,CZ020,Kutná Hora,CZ0205,Kutná Hora,2112,False
530549,Rataje (okr. Benešov),176,170,Středočeský,CZ020,Benešov,CZ0201,Vlašim,2125,False
588938,Rataje (okr. Kroměříž),1136,1142,Zlínský,CZ072,Kroměříž,CZ0721,Kroměříž,7203,False
552976,Rataje (okr. Tábor),222,219,Jihočeský,CZ031,Tábor,CZ0317,Tábor,3112,False
533653,Ratboř (okr. Kolín),571,558,Středočeský,CZ020,Kolín,CZ0204,Kolín,2110,False
537748,Ratenice (okr. Kolín),682,687,Středočeský,CZ020,Kolín,CZ0204,Kolín,2110,False
507784,Ratiboř (okr. Jindřichův Hradec),206,206,Jihočeský,CZ031,Jindřichův Hradec,CZ0313,Jindřichův Hradec,3105,False
544787,Ratiboř (okr. Vsetín),1830,1829,Zlínský,CZ072,Vsetín,CZ0723,Vsetín,7212,False
552992,Ratibořské Hory (okr. Tábor),825,815,Jihočeský,CZ031,Tábor,CZ0317,Tábor,3112,False
586510,Ratíškovice (okr. Hodonín),3905,3955,Jihomoravský,CZ064,Hodonín,CZ0645,Hodonín,6206,False
532550,Ratměřice (okr. Benešov),316,319,Středočeský,CZ020,Benešov,CZ0201,Votice,2126,False
597724,Razová (okr. Bruntál),509,503,Moravskoslezský,CZ080,Bruntál,CZ0801,Bruntál,8103,False
549827,Ražice (okr. Písek),415,406,Jihočeský,CZ031,Písek,CZ0314,Písek,3108,False
583774,Rebešovice (okr. Brno-venkov),1106,1092,Jihomoravský,CZ064,Brno-venkov,CZ0643,Šlapanice,6216,False
553395,Rejchartice (okr. Šumperk),174,170,Olomoucký,CZ071,Šumperk,CZ0715,Šumperk,7111,False
557021,Rejštejn (okr. Klatovy),234,240,Plzeňský,CZ032,Klatovy,CZ0322,Sušice,3214,False
594725,Rešice (okr. Znojmo),325,320,Jihomoravský,CZ064,Znojmo,CZ0647,Moravský Krumlov,6212,False
571318,Roblín (okr. Praha-západ),245,250,Středočeský,CZ020,Praha-západ,CZ020A,Černošice,2105,False
559423,Rochlov (okr. Plzeň-sever),307,305,Plzeňský,CZ032,Plzeň-sever,CZ0325,Nýřany,3208,False
565547,Rochov (okr. Litoměřice),143,145,Ústecký,CZ042,Litoměřice,CZ0423,Litoměřice,4205,False
566667,Ročov (okr. Louny),587,572,Ústecký,CZ042,Louny,CZ0424,Louny,4207,False
561789,Rodinov (okr. Pelhřimov),232,230,Vysočina,CZ063,Pelhřimov,CZ0633,Pelhřimov,6110,False
587737,Rodkov (okr. Žďár nad Sázavou),106,110,Vysočina,CZ063,Žďár nad Sázavou,CZ0635,Bystřice nad Pernštejnem,6101,False
560626,Rodná (okr. Tábor),97,94,Jihočeský,CZ031,Tábor,CZ0317,Tábor,3112,False
547085,Rodvínov (okr. Jindřichův Hradec),638,631,Jihočeský,CZ031,Jindřichův Hradec,CZ0313,Jindřichův Hradec,3105,False
586528,Rohatec (okr. Hodonín),3446,3474,Jihomoravský,CZ064,Hodonín,CZ0645,Hodonín,6206,False
565636,Rohatsko (okr. Mladá Boleslav),273,270,Středočeský,CZ020,Mladá Boleslav,CZ0207,Mladá Boleslav,2115,False
548669,Rohenice (okr. Rychnov nad Kněžnou),333,312,Královéhradecký,CZ052,Rychnov nad Kněžnou,CZ0524,Dobruška,5202,False
540871,Rohle (okr. Šumperk),615,610,Olomoucký,CZ071,Šumperk,CZ0715,Zábřeh,7113,False
568376,Rohov (okr. Opava),582,600,Moravskoslezský,CZ080,Opava,CZ0805,Kravaře,8113,False
575551,Rohovládova Bělá (okr. Pardubice),674,683,Pardubický,CZ053,Pardubice,CZ0532,Pardubice,5309,False
582263,Rohozec (okr. Brno-venkov),237,232,Jihomoravský,CZ064,Brno-venkov,CZ0643,Tišnov,6217,False
526622,Rohozec (okr. Kutná Hora),319,315,Středočeský,CZ020,Kutná Hora,CZ0205,Čáslav,2104,False
587796,Rohozná (okr. Jihlava),413,414,Vysočina,CZ063,Jihlava,CZ0632,Jihlava,6105,False
578673,Rohozná (okr. Svitavy),646,625,Pardubický,CZ053,Svitavy,CZ0533,Svitavy,5312,False
573221,Rohoznice (okr. Jičín),325,325,Královéhradecký,CZ052,Jičín,CZ0522,Hořice,5204,False
575569,Rohoznice (okr. Pardubice),254,266,Pardubický,CZ053,Pardubice,CZ0532,Pardubice,5309,False
591602,Rohy (okr. Třebíč),112,117,Vysočina,CZ063,Třebíč,CZ0634,Třebíč,6113,False
596582,Rojetín (okr. Brno-venkov),83,84,Jihomoravský,CZ064,Brno-venkov,CZ0643,Tišnov,6217,False
563331,Rokle (okr. Chomutov),450,450,Ústecký,CZ042,Chomutov,CZ0422,Kadaň,4204,False
559717,Rokycany (okr. Rokycany),14248,14381,Plzeňský,CZ032,Rokycany,CZ0326,Rokycany,3211,False
529605,Rokytá (okr. Mladá Boleslav),367,374,Středočeský,CZ020,Mladá Boleslav,CZ0207,Mnichovo Hradiště,2116,False
548898,Rokytňany (okr. Jičín),156,154,Královéhradecký,CZ052,Jičín,CZ0522,Jičín,5207,False
577456,Rokytnice nad Jizerou (okr. Semily),2459,2478,Liberecký,CZ051,Semily,CZ0514,Jilemnice,5104,False
591611,Rokytnice nad Rokytnou (okr. Třebíč),836,835,Vysočina,CZ063,Třebíč,CZ0634,Třebíč,6113,False
517607,Rokytnice (okr. Přerov),1514,1532,Olomoucký,CZ071,Přerov,CZ0714,Přerov,7109,False
556980,Rokytnice (okr. Zlín),587,579,Zlínský,CZ072,Zlín,CZ0724,Valašské Klobouky,7209,False
576701,Rokytnice v Orlických horách (okr. Rychnov nad Kněžnou),2113,2125,Královéhradecký,CZ052,Rychnov nad Kněžnou,CZ0524,Rychnov nad Kněžnou,5213,False
575577,Rokytno (okr. Pardubice),932,955,Pardubický,CZ053,Pardubice,CZ0532,Pardubice,5309,False
571148,Rokytovec (okr. Mladá Boleslav),181,183,Středočeský,CZ020,Mladá Boleslav,CZ0207,Mladá Boleslav,2115,False
572161,Ronov nad Doubravou (okr. Chrudim),1677,1668,Pardubický,CZ053,Chrudim,CZ0531,Chrudim,5304,False
556971,Ropice (okr. Frýdek-Místek),1728,1752,Moravskoslezský,CZ080,Frýdek-Místek,CZ0802,Třinec,8121,False
577464,Roprachtice (okr. Semily),293,296,Liberecký,CZ051,Semily,CZ0514,Semily,5107,False
508004,Roseč (okr. Jindřichův Hradec),227,221,Jihočeský,CZ031,Jindřichův Hradec,CZ0313,Jindřichův Hradec,3105,False
583782,Rosice (okr. Brno-venkov),6825,6784,Jihomoravský,CZ064,Brno-venkov,CZ0643,Rosice,6214,False
572179,Rosice (okr. Chrudim),1372,1368,Pardubický,CZ053,Chrudim,CZ0531,Chrudim,5304,False
560995,Rosička (okr. Jindřichův Hradec),65,63,Jihočeský,CZ031,Jindřichův Hradec,CZ0313,Jindřichův Hradec,3105,False
549941,Rosička (okr. Žďár nad Sázavou),45,46,Vysočina,CZ063,Žďár nad Sázavou,CZ0635,Žďár nad Sázavou,6115,False
541206,Rosovice (okr. Příbram),898,897,Středočeský,CZ020,Příbram,CZ020B,Dobříš,2107,False
554898,Rostěnice-Zvonovice (okr. Vyškov),650,621,Jihomoravský,CZ064,Vyškov,CZ0646,Vyškov,6219,False
533661,Rostoklaty (okr. Kolín),652,660,Středočeský,CZ020,Kolín,CZ0204,Český Brod,2106,False
588946,Roštění (okr. Kroměříž),675,670,Zlínský,CZ072,Kroměříž,CZ0721,Holešov,7202,False
588954,Roštín (okr. Kroměříž),692,696,Zlínský,CZ072,Kroměříž,CZ0721,Kroměříž,7203,False
560600,Rotava (okr. Sokolov),2753,2778,Karlovarský,CZ041,Sokolov,CZ0413,Kraslice,4104,False
513709,Roubanina (okr. Blansko),121,121,Jihomoravský,CZ064,Blansko,CZ0641,Boskovice,6202,False
591629,Rouchovany (okr. Třebíč),1213,1210,Vysočina,CZ063,Třebíč,CZ0634,Třebíč,6113,False
553018,Roudná (okr. Tábor),574,568,Jihočeský,CZ031,Tábor,CZ0317,Soběslav,3110,False
544973,Roudné (okr. České Budějovice),1545,1514,Jihočeský,CZ031,České Budějovice,CZ0311,České Budějovice,3102,False
565555,Roudnice nad Labem (okr. Litoměřice),12561,12668,Ústecký,CZ042,Litoměřice,CZ0423,Roudnice nad Labem,4211,False
570745,Roudnice (okr. Hradec Králové),792,808,Královéhradecký,CZ052,Hradec Králové,CZ0521,Hradec Králové,5205,False
597741,Roudno (okr. Bruntál),212,208,Moravskoslezský,CZ080,Bruntál,CZ0801,Bruntál,8103,False
558290,Roupov (okr. Plzeň-jih),278,273,Plzeňský,CZ032,Plzeň-jih,CZ0324,Přeštice,3210,False
593559,Rousínov (okr. Vyškov),5948,5962,Jihomoravský,CZ064,Vyškov,CZ0646,Vyškov,6219,False
517615,Rouské (okr. Přerov),266,270,Olomoucký,CZ071,Přerov,CZ0714,Hranice,7101,False
596604,Rousměrov (okr. Žďár nad Sázavou),108,102,Vysočina,CZ063,Žďár nad Sázavou,CZ0635,Velké Meziříčí,6114,False
596612,Rovečné (okr. Žďár nad Sázavou),583,593,Vysočina,CZ063,Žďár nad Sázavou,CZ0635,Bystřice nad Pernštejnem,6101,False
540919,Rovensko (okr. Šumperk),815,823,Olomoucký,CZ071,Šumperk,CZ0715,Zábřeh,7113,False
577472,Rovensko pod Troskami (okr. Semily),1369,1371,Liberecký,CZ051,Semily,CZ0514,Turnov,5109,False
561274,Rovná (okr. Pelhřimov),60,51,Vysočina,CZ063,Pelhřimov,CZ0633,Pelhřimov,6110,False
560618,Rovná (okr. Sokolov),338,344,Karlovarský,CZ041,Sokolov,CZ0413,Sokolov,4107,False
536865,Rovná (okr. Strakonice),247,247,Jihočeský,CZ031,Strakonice,CZ0316,Strakonice,3111,False
583791,Rozdrojovice (okr. Brno-venkov),1089,1078,Jihomoravský,CZ064,Brno-venkov,CZ0643,Kuřim,6209,False
547808,Rozhovice (okr. Chrudim),323,326,Pardubický,CZ053,Chrudim,CZ0531,Chrudim,5304,False
578681,Rozhraní (okr. Svitavy),301,307,Pardubický,CZ053,Svitavy,CZ0533,Svitavy,5312,False
594733,Rozkoš (okr. Znojmo),175,175,Jihomoravský,CZ064,Znojmo,CZ0647,Znojmo,6220,False
582271,Rozseč nad Kunštátem (okr. Blansko),576,564,Jihomoravský,CZ064,Blansko,CZ0641,Boskovice,6202,False
587800,Rozseč (okr. Jihlava),174,184,Vysočina,CZ063,Jihlava,CZ0632,Telč,6112,False
596639,Rozseč (okr. Žďár nad Sázavou),93,90,Vysočina,CZ063,Žďár nad Sázavou,CZ0635,Velké Meziříčí,6114,False
582280,Rozsíčka (okr. Blansko),141,143,Jihomoravský,CZ064,Blansko,CZ0641,Boskovice,6202,False
569399,Rozsochatec (okr. Havlíčkův Brod),538,542,Vysočina,CZ063,Havlíčkův Brod,CZ0631,Havlíčkův Brod,6102,False
596647,Rozsochy (okr. Žďár nad Sázavou),673,671,Vysočina,CZ063,Žďár nad Sázavou,CZ0635,Bystřice nad Pernštejnem,6101,False
589977,Rozstání (okr. Prostějov),633,624,Olomoucký,CZ071,Prostějov,CZ0713,Prostějov,7108,False
578690,Rozstání (okr. Svitavy),263,257,Pardubický,CZ053,Svitavy,CZ0533,Moravská Třebová,5308,False
539627,Roztoky (okr. Praha-západ),9147,9088,Středočeský,CZ020,Praha-západ,CZ020A,Černošice,2105,False
598526,Roztoky (okr. Rakovník),1009,1033,Středočeský,CZ020,Rakovník,CZ020C,Rakovník,2121,False
577499,Roztoky u Jilemnice (okr. Semily),1083,1095,Liberecký,CZ051,Semily,CZ0514,Jilemnice,5104,False
577481,Roztoky u Semil (okr. Semily),108,113,Liberecký,CZ051,Semily,CZ0514,Semily,5107,False
561169,Rozvadov (okr. Tachov),858,818,Plzeňský,CZ032,Tachov,CZ0327,Tachov,3215,False
537756,Rožďalovice (okr. Nymburk),1716,1703,Středočeský,CZ020,Nymburk,CZ0208,Nymburk,2118,False
545767,Rožmberk nad Vltavou (okr. Český Krumlov),369,375,Jihočeský,CZ031,Český Krumlov,CZ0312,Český Krumlov,3103,False
545775,Rožmitál na Šumavě (okr. Český Krumlov),427,418,Jihočeský,CZ031,Český Krumlov,CZ0312,Kaplice,3106,False
541231,Rožmitál pod Třemšínem (okr. Příbram),4255,4244,Středočeský,CZ020,Příbram,CZ020B,Příbram,2120,False
596655,Rožná (okr. Žďár nad Sázavou),818,821,Vysočina,CZ063,Žďár nad Sázavou,CZ0635,Bystřice nad Pernštejnem,6101,False
574384,Rožnov (okr. Náchod),382,388,Královéhradecký,CZ052,Náchod,CZ0523,Jaroměř,5206,False
544841,Rožnov pod Radhoštěm (okr. Vsetín),15916,16063,Zlínský,CZ072,Vsetín,CZ0723,Rožnov pod Radhoštěm,7206,False
531715,Rpety (okr. Beroun),493,491,Středočeský,CZ020,Beroun,CZ0202,Hořovice,2108,False
567809,Rtyně nad Bílinou (okr. Teplice),842,837,Ústecký,CZ042,Teplice,CZ0426,Teplice,4213,False
579637,Rtyně v Podkrkonoší (okr. Trutnov),2841,2858,Královéhradecký,CZ052,Trutnov,CZ0525,Trutnov,5214,False
540978,Ruda nad Moravou (okr. Šumperk),2498,2549,Olomoucký,CZ071,Šumperk,CZ0715,Šumperk,7111,False
542326,Ruda (okr. Rakovník),824,802,Středočeský,CZ020,Rakovník,CZ020C,Rakovník,2121,False
596663,Ruda (okr. Žďár nad Sázavou),420,416,Vysočina,CZ063,Žďár nad Sázavou,CZ0635,Velké Meziříčí,6114,False
582298,Rudice (okr. Blansko),978,979,Jihomoravský,CZ064,Blansko,CZ0641,Blansko,6201,False
592552,Rudice (okr. Uherské Hradiště),420,437,Zlínský,CZ072,Uherské Hradiště,CZ0722,Uherský Brod,7208,False
591637,Rudíkov (okr. Třebíč),774,772,Vysočina,CZ063,Třebíč,CZ0634,Třebíč,6113,False
586919,Rudimov (okr. Zlín),243,246,Zlínský,CZ072,Zlín,CZ0724,Luhačovice,7204,False
583804,Rudka (okr. Brno-venkov),408,403,Jihomoravský,CZ064,Brno-venkov,CZ0643,Rosice,6214,False
594741,Rudlice (okr. Znojmo),110,103,Jihomoravský,CZ064,Znojmo,CZ0647,Znojmo,6220,False
531723,Rudná (okr. Praha-západ),5560,5502,Středočeský,CZ020,Praha-západ,CZ020A,Černošice,2105,False
578703,Rudná (okr. Svitavy),137,137,Pardubický,CZ053,Svitavy,CZ0533,Svitavy,5312,False
551945,Rudná pod Pradědem (okr. Bruntál),358,359,Moravskoslezský,CZ080,Bruntál,CZ0801,Bruntál,8103,False
579645,Rudník (okr. Trutnov),1993,1989,Královéhradecký,CZ052,Trutnov,CZ0525,Vrchlabí,5215,False
596671,Rudolec (okr. Žďár nad Sázavou),235,236,Vysočina,CZ063,Žďár nad Sázavou,CZ0635,Žďár nad Sázavou,6115,False
544981,Rudolfov (okr. České Budějovice),2617,2587,Jihočeský,CZ031,České Budějovice,CZ0311,České Budějovice,3102,False
580848,Rudoltice (okr. Ústí nad Orlicí),1955,1960,Pardubický,CZ053,Ústí nad Orlicí,CZ0534,Lanškroun,5306,False
562777,Rumburk (okr. Děčín),10780,10815,Ústecký,CZ042,Děčín,CZ0421,Rumburk,4212,False
593567,Ruprechtov (okr. Vyškov),624,640,Jihomoravský,CZ064,Vyškov,CZ0646,Vyškov,6219,False
588962,Rusava (okr. Kroměříž),590,579,Zlínský,CZ072,Kroměříž,CZ0721,Bystřice pod Hostýnem,7201,False
597775,Rusín (okr. Bruntál),135,129,Moravskoslezský,CZ080,Bruntál,CZ0801,Krnov,8114,False
569402,Rušinov (okr. Havlíčkův Brod),164,161,Vysočina,CZ063,Havlíčkův Brod,CZ0631,Chotěboř,6104,False
544850,Růžďka (okr. Vsetín),887,891,Zlínský,CZ072,Vsetín,CZ0723,Vsetín,7212,False
587818,Růžená (okr. Jihlava),334,333,Vysočina,CZ063,Jihlava,CZ0632,Jihlava,6105,False
566900,Růžová (okr. Děčín),602,588,Ústecký,CZ042,Děčín,CZ0421,Děčín,4202,False
568554,Rybí (okr. Nový Jičín),1263,1261,Moravskoslezský,CZ080,Nový Jičín,CZ0804,Nový Jičín,8115,False
575593,Rybitví (okr. Pardubice),1529,1486,Pardubický,CZ053,Pardubice,CZ0532,Pardubice,5309,False
576727,Rybná nad Zdobnicí (okr. Rychnov nad Kněžnou),400,398,Královéhradecký,CZ052,Rychnov nad Kněžnou,CZ0524,Rychnov nad Kněžnou,5213,False
587826,Rybné (okr. Jihlava),119,124,Vysočina,CZ063,Jihlava,CZ0632,Jihlava,6105,False
559431,Rybnice (okr. Plzeň-sever),629,637,Plzeňský,CZ032,Plzeň-sever,CZ0325,Kralovice,3206,False
569411,Rybníček (okr. Havlíčkův Brod),77,76,Vysočina,CZ063,Havlíčkův Brod,CZ0631,Havlíčkův Brod,6102,False
553972,Rybníček (okr. Vyškov),266,259,Jihomoravský,CZ064,Vyškov,CZ0646,Vyškov,6219,False
554189,Rybník (okr. Domažlice),158,143,Plzeňský,CZ032,Domažlice,CZ0321,Domažlice,3202,False
547905,Rybník (okr. Ústí nad Orlicí),851,857,Pardubický,CZ053,Ústí nad Orlicí,CZ0534,Česká Třebová,5301,False
541257,Rybníky (okr. Příbram),478,476,Středočeský,CZ020,Příbram,CZ020B,Dobříš,2107,False
594750,Rybníky (okr. Znojmo),437,446,Jihomoravský,CZ064,Znojmo,CZ0647,Moravský Krumlov,6212,False
562793,Rybniště (okr. Děčín),728,721,Ústecký,CZ042,Děčín,CZ0421,Varnsdorf,4215,False
578711,Rychnov na Moravě (okr. Svitavy),612,607,Pardubický,CZ053,Svitavy,CZ0533,Moravská Třebová,5308,False
576069,Rychnov nad Kněžnou (okr. Rychnov nad Kněžnou),11693,11420,Královéhradecký,CZ052,Rychnov nad Kněžnou,CZ0524,Rychnov nad Kněžnou,5213,False
563790,Rychnov u Jablonce nad Nisou (okr. Jablonec nad Nisou),2845,2854,Liberecký,CZ051,Jablonec nad Nisou,CZ0512,Jablonec nad Nisou,5103,False
574406,Rychnovek (okr. Náchod),728,746,Královéhradecký,CZ052,Náchod,CZ0523,Jaroměř,5206,False
599107,Rychvald (okr. Karviná),7823,7787,Moravskoslezský,CZ080,Karviná,CZ0803,Bohumín,8102,False
546186,Ryjice (okr. Ústí nad Labem),187,196,Ústecký,CZ042,Ústí nad Labem,CZ0427,Ústí nad Labem,4214,False
597783,Rýmařov (okr. Bruntál),7670,7763,Moravskoslezský,CZ080,Bruntál,CZ0801,Rýmařov,8120,False
588971,Rymice (okr. Kroměříž),596,616,Zlínský,CZ072,Kroměříž,CZ0721,Holešov,7202,False
562009,Rynárec (okr. Pelhřimov),653,657,Vysočina,CZ063,Pelhřimov,CZ0633,Pelhřimov,6110,False
542334,Rynholec (okr. Rakovník),1097,1103,Středočeský,CZ020,Rakovník,CZ020C,Rakovník,2121,False
564397,Rynoltice (okr. Liberec),861,861,Liberecký,CZ051,Liberec,CZ0513,Liberec,5105,False
597791,Ryžoviště (okr. Bruntál),584,581,Moravskoslezský,CZ080,Bruntál,CZ0801,Rýmařov,8120,False
587834,Řásná (okr. Jihlava),297,268,Vysočina,CZ063,Jihlava,CZ0632,Telč,6112,False
575607,Řečany nad Labem (okr. Pardubice),1419,1414,Pardubický,CZ053,Pardubice,CZ0532,Přelouč,5311,False
548715,Řečice (okr. Pelhřimov),158,160,Vysočina,CZ063,Pelhřimov,CZ0633,Humpolec,6103,False
596680,Řečice (okr. Žďár nad Sázavou),459,462,Vysočina,CZ063,Žďár nad Sázavou,CZ0635,Nové Město na Moravě,6108,False
538710,Řehenice (okr. Benešov),572,544,Středočeský,CZ020,Benešov,CZ0201,Benešov,2101,False
568201,Řehlovice (okr. Ústí nad Labem),1456,1446,Ústecký,CZ042,Ústí nad Labem,CZ0427,Ústí nad Labem,4214,False
552640,Řeka (okr. Frýdek-Místek),548,553,Moravskoslezský,CZ080,Frýdek-Místek,CZ0802,Třinec,8121,False
560511,Řemíčov (okr. Tábor),106,99,Jihočeský,CZ031,Tábor,CZ0317,Tábor,3112,False
558303,Řenče (okr. Plzeň-jih),933,931,Plzeňský,CZ032,Plzeň-jih,CZ0324,Přeštice,3210,False
534366,Řendějov (okr. Kutná Hora),252,251,Středočeský,CZ020,Kutná Hora,CZ0205,Kutná Hora,2112,False
553034,Řepeč (okr. Tábor),282,286,Jihočeský,CZ031,Tábor,CZ0317,Tábor,3112,False
536849,Řepice (okr. Strakonice),447,442,Jihočeský,CZ031,Strakonice,CZ0316,Strakonice,3111,False
535168,Řepín (okr. Mělník),721,719,Středočeský,CZ020,Mělník,CZ0206,Mělník,2114,False
568830,Řepiště (okr. Frýdek-Místek),1931,1915,Moravskoslezský,CZ080,Frýdek-Místek,CZ0802,Frýdek-Místek,8106,False
572209,Řepníky (okr. Ústí nad Orlicí),387,392,Pardubický,CZ053,Ústí nad Orlicí,CZ0534,Vysoké Mýto,5314,False
536580,Řepov (okr. Mladá Boleslav),786,790,Středočeský,CZ020,Mladá Boleslav,CZ0207,Mladá Boleslav,2115,False
565504,Řeřichy (okr. Rakovník),109,103,Středočeský,CZ020,Rakovník,CZ020C,Rakovník,2121,False
572217,Řestoky (okr. Chrudim),470,473,Pardubický,CZ053,Chrudim,CZ0531,Chrudim,5304,False
580872,Řetová (okr. Ústí nad Orlicí),678,695,Pardubický,CZ053,Ústí nad Orlicí,CZ0534,Ústí nad Orlicí,5313,False
580881,Řetůvka (okr. Ústí nad Orlicí),281,282,Pardubický,CZ053,Ústí nad Orlicí,CZ0534,Ústí nad Orlicí,5313,False
539643,Řevnice (okr. Praha-západ),3786,3777,Středočeský,CZ020,Praha-západ,CZ020A,Černošice,2105,False
542351,Řevničov (okr. Rakovník),1537,1487,Středočeský,CZ020,Rakovník,CZ020C,Rakovník,2121,False
583821,Řícmanice (okr. Brno-venkov),833,828,Jihomoravský,CZ064,Brno-venkov,CZ0643,Šlapanice,6216,False
583839,Říčany (okr. Brno-venkov),2153,2143,Jihomoravský,CZ064,Brno-venkov,CZ0643,Rosice,6214,False
538728,Říčany (okr. Praha-východ),17314,17143,Středočeský,CZ020,Praha-východ,CZ0209,Říčany,2122,False
549789,Říčky (okr. Brno-venkov),445,426,Jihomoravský,CZ064,Brno-venkov,CZ0643,Rosice,6214,False
576735,Říčky v Orlických horách (okr. Rychnov nad Kněžnou),123,118,Královéhradecký,CZ052,Rychnov nad Kněžnou,CZ0524,Rychnov nad Kněžnou,5213,False
554103,Řídeč (okr. Olomouc),188,184,Olomoucký,CZ071,Olomouc,CZ0712,Šternberk,7110,False
587851,Řídelov (okr. Jihlava),92,87,Vysočina,CZ063,Jihlava,CZ0632,Telč,6112,False
572233,Řídký (okr. Svitavy),59,58,Pardubický,CZ053,Svitavy,CZ0533,Litomyšl,5307,False
596698,Řikonín (okr. Brno-venkov),59,60,Jihomoravský,CZ064,Brno-venkov,CZ0643,Tišnov,6217,False
530786,Říkov (okr. Náchod),254,248,Královéhradecký,CZ052,Náchod,CZ0523,Náchod,5209,False
517666,Říkovice (okr. Přerov),456,457,Olomoucký,CZ071,Přerov,CZ0714,Přerov,7109,False
545007,Římov (okr. České Budějovice),1045,1025,Jihočeský,CZ031,České Budějovice,CZ0311,České Budějovice,3102,False
591645,Římov (okr. Třebíč),416,421,Vysočina,CZ063,Třebíč,CZ0634,Třebíč,6113,False
532941,Řimovice (okr. Benešov),233,231,Středočeský,CZ020,Benešov,CZ0201,Vlašim,2125,False
599115,Řípec (okr. Tábor),339,339,Jihočeský,CZ031,Tábor,CZ0317,Soběslav,3110,False
532797,Řisuty (okr. Kladno),446,428,Středočeský,CZ020,Kladno,CZ0203,Slaný,2124,False
539651,Řitka (okr. Praha-západ),1411,1401,Středočeský,CZ020,Praha-západ,CZ020A,Černošice,2105,False
565661,Řitonice (okr. Mladá Boleslav),83,86,Středočeský,CZ020,Mladá Boleslav,CZ0207,Mladá Boleslav,2115,False
541273,Sádek (okr. Příbram),246,247,Středočeský,CZ020,Příbram,CZ020B,Příbram,2120,False
578720,Sádek (okr. Svitavy),556,566,Pardubický,CZ053,Svitavy,CZ0533,Polička,5310,False
555533,Sadov (okr. Karlovy Vary),1298,1304,Karlovarský,CZ041,Karlovy Vary,CZ0412,Karlovy Vary,4103,False
573191,Sadová (okr. Hradec Králové),320,314,Královéhradecký,CZ052,Hradec Králové,CZ0521,Hradec Králové,5205,False
537764,Sadská (okr. Nymburk),3308,3301,Středočeský,CZ020,Nymburk,CZ0208,Nymburk,2118,False
548731,Salačova Lhota (okr. Pelhřimov),131,131,Vysočina,CZ063,Pelhřimov,CZ0633,Pacov,6109,False
592561,Salaš (okr. Uherské Hradiště),409,416,Zlínský,CZ072,Uherské Hradiště,CZ0722,Uherské Hradiště,7207,False
534374,Samopše (okr. Kutná Hora),221,213,Středočeský,CZ020,Kutná Hora,CZ0205,Kutná Hora,2112,False
547077,Samotišky (okr. Olomouc),1318,1323,Olomoucký,CZ071,Olomouc,CZ0712,Olomouc,7107,False
548740,Samšín (okr. Pelhřimov),153,156,Vysočina,CZ063,Pelhřimov,CZ0633,Pacov,6109,False
573442,Samšina (okr. Jičín),272,264,Královéhradecký,CZ052,Jičín,CZ0522,Jičín,5207,False
537772,Sány (okr. Nymburk),617,594,Středočeský,CZ020,Nymburk,CZ0208,Poděbrady,2119,False
534382,Sázava (okr. Benešov),3906,3867,Středočeský,CZ020,Benešov,CZ0201,Benešov,2101,False
574392,Sázava (okr. Ústí nad Orlicí),553,550,Pardubický,CZ053,Ústí nad Orlicí,CZ0534,Lanškroun,5306,False
596701,Sázava (okr. Žďár nad Sázavou),672,674,Vysočina,CZ063,Žďár nad Sázavou,CZ0635,Žďár nad Sázavou,6115,False
569429,Sázavka (okr. Havlíčkův Brod),324,322,Vysočina,CZ063,Havlíčkův Brod,CZ0631,Světlá nad Sázavou,6111,False
532801,Sazená (okr. Kladno),365,358,Středočeský,CZ020,Kladno,CZ0203,Slaný,2124,False
588237,Sazomín (okr. Žďár nad Sázavou),272,270,Vysočina,CZ063,Žďár nad Sázavou,CZ0635,Žďár nad Sázavou,6115,False
585726,Sazovice (okr. Zlín),899,907,Zlínský,CZ072,Zlín,CZ0724,Zlín,7213,False
573451,Sběř (okr. Jičín),326,331,Královéhradecký,CZ052,Jičín,CZ0522,Jičín,5207,False
531383,Schořov (okr. Kutná Hora),95,91,Středočeský,CZ020,Kutná Hora,CZ0205,Čáslav,2104,False
560146,Sebečice (okr. Rokycany),80,78,Plzeňský,CZ032,Rokycany,CZ0326,Rokycany,3211,False
582310,Sebranice (okr. Blansko),705,695,Jihomoravský,CZ064,Blansko,CZ0641,Boskovice,6202,False
578738,Sebranice (okr. Svitavy),959,972,Pardubický,CZ053,Svitavy,CZ0533,Litomyšl,5307,False
572225,Seč (okr. Chrudim),1869,1848,Pardubický,CZ053,Chrudim,CZ0531,Chrudim,5304,False
558311,Seč (okr. Plzeň-jih),323,325,Plzeňský,CZ032,Plzeň-jih,CZ0324,Blovice,3201,False
580902,Seč (okr. Ústí nad Orlicí),159,157,Pardubický,CZ053,Ústí nad Orlicí,CZ0534,Vysoké Mýto,5314,False
587877,Sedlatice (okr. Jihlava),60,58,Vysočina,CZ063,Jihlava,CZ0632,Telč,6112,False
541281,Sedlčany (okr. Příbram),6784,6767,Středočeský,CZ020,Příbram,CZ020B,Sedlčany,2123,False
584878,Sedlec (okr. Břeclav),839,857,Jihomoravský,CZ064,Břeclav,CZ0644,Mikulov,6211,False
545015,Sedlec (okr. České Budějovice),530,534,Jihočeský,CZ031,České Budějovice,CZ0311,České Budějovice,3102,False
546721,Sedlec (okr. Litoměřice),206,206,Ústecký,CZ042,Litoměřice,CZ0423,Lovosice,4208,False
529591,Sedlec (okr. Mladá Boleslav),256,259,Středočeský,CZ020,Mladá Boleslav,CZ0207,Mladá Boleslav,2115,False
530271,Sedlec (okr. Plzeň-sever),112,108,Plzeňský,CZ032,Plzeň-sever,CZ0325,Kralovice,3206,False
598283,Sedlec (okr. Praha-východ),534,592,Středočeský,CZ020,Praha-východ,CZ0209,Brandýs nad Labem-Stará Boleslav,2103,False
511081,Sedlec (okr. Třebíč),246,246,Vysočina,CZ063,Třebíč,CZ0634,Náměšť nad Oslavou,6107,False
530573,Sedlec-Prčice (okr. Příbram),2952,2979,Středočeský,CZ020,Příbram,CZ020B,Sedlčany,2123,False
599263,Sedlečko u Soběslavě (okr. Tábor),227,222,Jihočeský,CZ031,Tábor,CZ0317,Soběslav,3110,False
587885,Sedlejov (okr. Jihlava),322,319,Vysočina,CZ063,Jihlava,CZ0632,Telč,6112,False
548421,Sedletín (okr. Havlíčkův Brod),302,301,Vysočina,CZ063,Havlíčkův Brod,CZ0631,Chotěboř,6104,False
548766,Sedlice (okr. Pelhřimov),153,145,Vysočina,CZ063,Pelhřimov,CZ0633,Humpolec,6103,False
564630,Sedlice (okr. Příbram),277,275,Středočeský,CZ020,Příbram,CZ020B,Příbram,2120,False
551716,Sedlice (okr. Strakonice),1258,1276,Jihočeský,CZ031,Strakonice,CZ0316,Blatná,3101,False
598674,Sedliště (okr. Frýdek-Místek),1715,1723,Moravskoslezský,CZ080,Frýdek-Místek,CZ0802,Frýdek-Místek,8106,False
548961,Sedliště (okr. Jičín),93,94,Královéhradecký,CZ052,Jičín,CZ0522,Jičín,5207,False
540692,Sedliště (okr. Plzeň-jih),132,137,Plzeňský,CZ032,Plzeň-jih,CZ0324,Nepomuk,3207,False
578746,Sedliště (okr. Svitavy),228,228,Pardubický,CZ053,Svitavy,CZ0533,Litomyšl,5307,False
599832,Sedlnice (okr. Nový Jičín),1840,1834,Moravskoslezský,CZ080,Nový Jičín,CZ0804,Nový Jičín,8115,False
576743,Sedloňov (okr. Rychnov nad Kněžnou),207,210,Královéhradecký,CZ052,Rychnov nad Kněžnou,CZ0524,Dobruška,5202,False
585734,Sehradice (okr. Zlín),652,666,Zlínský,CZ072,Zlín,CZ0724,Luhačovice,7204,False
596710,Sejřek (okr. Žďár nad Sázavou),178,172,Vysočina,CZ063,Žďár nad Sázavou,CZ0635,Bystřice nad Pernštejnem,6101,False
572144,Sekeřice (okr. Jičín),121,116,Královéhradecký,CZ052,Jičín,CZ0522,Jičín,5207,False
534757,Seletice (okr. Nymburk),221,218,Středočeský,CZ020,Nymburk,CZ0208,Nymburk,2118,False
575615,Selmice (okr. Pardubice),152,142,Pardubický,CZ053,Pardubice,CZ0532,Přelouč,5311,False
506770,Seloutky (okr. Prostějov),543,536,Olomoucký,CZ071,Prostějov,CZ0713,Prostějov,7108,False
555240,Semanín (okr. Ústí nad Orlicí),656,642,Pardubický,CZ053,Ústí nad Orlicí,CZ0534,Česká Třebová,5301,False
536610,Semčice (okr. Mladá Boleslav),745,754,Středočeský,CZ020,Mladá Boleslav,CZ0207,Mladá Boleslav,2115,False
576751,Semechnice (okr. Rychnov nad Kněžnou),458,441,Královéhradecký,CZ052,Rychnov nad Kněžnou,CZ0524,Dobruška,5202,False
537781,Semice (okr. Nymburk),1445,1487,Středočeský,CZ020,Nymburk,CZ0208,Lysá nad Labem,2113,False
576964,Semily (okr. Semily),7999,8022,Liberecký,CZ051,Semily,CZ0514,Semily,5107,False
575623,Semín (okr. Pardubice),641,630,Pardubický,CZ053,Pardubice,CZ0532,Přelouč,5311,False
554201,Semněvice (okr. Domažlice),213,225,Plzeňský,CZ032,Domažlice,CZ0321,Horšovský Týn,3204,False
530859,Semtěš (okr. Kutná Hora),276,273,Středočeský,CZ020,Kutná Hora,CZ0205,Čáslav,2104,False
547727,Sendraž (okr. Náchod),111,112,Královéhradecký,CZ052,Náchod,CZ0523,Nové Město nad Metují,5211,False
570796,Sendražice (okr. Hradec Králové),434,430,Královéhradecký,CZ052,Hradec Králové,CZ0521,Hradec Králové,5205,False
542369,Senec (okr. Rakovník),273,273,Středočeský,CZ020,Rakovník,CZ020C,Rakovník,2121,False
582328,Senetářov (okr. Blansko),607,612,Jihomoravský,CZ064,Blansko,CZ0641,Blansko,6201,False
505081,Senice na Hané (okr. Olomouc),1760,1757,Olomoucký,CZ071,Olomouc,CZ0712,Litovel,7105,False
537799,Senice (okr. Nymburk),203,204,Středočeský,CZ020,Nymburk,CZ0208,Poděbrady,2119,False
552267,Senička (okr. Olomouc),354,357,Olomoucký,CZ071,Olomouc,CZ0712,Litovel,7105,False
544906,Seninka (okr. Vsetín),296,293,Zlínský,CZ072,Vsetín,CZ0723,Vsetín,7212,False
538752,Senohraby (okr. Praha-východ),1404,1379,Středočeský,CZ020,Praha-východ,CZ0209,Říčany,2122,False
542377,Senomaty (okr. Rakovník),1307,1280,Středočeský,CZ020,Rakovník,CZ020C,Rakovník,2121,False
591661,Senorady (okr. Brno-venkov),393,389,Jihomoravský,CZ064,Brno-venkov,CZ0643,Ivančice,6208,False
548774,Senožaty (okr. Pelhřimov),882,854,Vysočina,CZ063,Pelhřimov,CZ0633,Humpolec,6103,False
583847,Sentice (okr. Brno-venkov),678,671,Jihomoravský,CZ064,Brno-venkov,CZ0643,Tišnov,6217,False
549843,Sepekov (okr. Písek),1344,1356,Jihočeský,CZ031,Písek,CZ0314,Milevsko,3107,False
599573,Sezemice (okr. Mladá Boleslav),125,127,Středočeský,CZ020,Mladá Boleslav,CZ0207,Mnichovo Hradiště,2116,False
575640,Sezemice (okr. Pardubice),4393,4451,Pardubický,CZ053,Pardubice,CZ0532,Pardubice,5309,False
553069,Sezimovo Ústí (okr. Tábor),7131,7097,Jihočeský,CZ031,Tábor,CZ0317,Tábor,3112,False
538761,Sibřina (okr. Praha-východ),1089,1078,Středočeský,CZ020,Praha-východ,CZ0209,Brandýs nad Labem-Stará Boleslav,2103,False
583855,Silůvky (okr. Brno-venkov),861,853,Jihomoravský,CZ064,Brno-venkov,CZ0643,Šlapanice,6216,False
546488,Sirá (okr. Rokycany),149,158,Plzeňský,CZ032,Rokycany,CZ0326,Rokycany,3211,False
596728,Sirákov (okr. Žďár nad Sázavou),271,269,Vysočina,CZ063,Žďár nad Sázavou,CZ0635,Žďár nad Sázavou,6115,False
565598,Siřejovice (okr. Litoměřice),270,269,Ústecký,CZ042,Litoměřice,CZ0423,Lovosice,4208,False
583863,Sivice (okr. Brno-venkov),1094,1101,Jihomoravský,CZ064,Brno-venkov,CZ0643,Šlapanice,6216,False
582336,Skalice nad Svitavou (okr. Blansko),684,672,Jihomoravský,CZ064,Blansko,CZ0641,Boskovice,6202,False
570800,Skalice (okr. Hradec Králové),668,667,Královéhradecký,CZ052,Hradec Králové,CZ0521,Hradec Králové,5205,False
553077,Skalice (okr. Tábor),535,537,Jihočeský,CZ031,Tábor,CZ0317,Soběslav,3110,False
594768,Skalice (okr. Znojmo),518,515,Jihomoravský,CZ064,Znojmo,CZ0647,Moravský Krumlov,6212,False
562025,Skalice u České Lípy (okr. Česká Lípa),1639,1620,Liberecký,CZ051,Česká Lípa,CZ0511,Nový Bor,5106,False
545295,Skalička (okr. Brno-venkov),164,167,Jihomoravský,CZ064,Brno-venkov,CZ0643,Tišnov,6217,False
517747,Skalička (okr. Přerov),651,673,Olomoucký,CZ071,Přerov,CZ0714,Hranice,7101,False
586536,Skalka (okr. Hodonín),155,154,Jihomoravský,CZ064,Hodonín,CZ0645,Kyjov,6210,False
589993,Skalka (okr. Prostějov),265,269,Olomoucký,CZ071,Prostějov,CZ0713,Prostějov,7108,False
513890,Skalka u Doks (okr. Česká Lípa),176,179,Liberecký,CZ051,Česká Lípa,CZ0511,Česká Lípa,5101,False
554812,Skalná (okr. Cheb),1875,1892,Karlovarský,CZ041,Cheb,CZ0411,Cheb,4102,False
536636,Skalsko (okr. Mladá Boleslav),389,393,Středočeský,CZ020,Mladá Boleslav,CZ0207,Mladá Boleslav,2115,False
549851,Skály (okr. Písek),325,318,Jihočeský,CZ031,Písek,CZ0314,Písek,3108,False
598909,Skály (okr. Strakonice),76,77,Jihočeský,CZ031,Strakonice,CZ0316,Strakonice,3111,False
579467,Skapce (okr. Tachov),117,120,Plzeňský,CZ032,Tachov,CZ0327,Stříbro,3213,False
539937,Skašov (okr. Plzeň-jih),224,221,Plzeňský,CZ032,Plzeň-jih,CZ0324,Přeštice,3210,False
588989,Skaštice (okr. Kroměříž),362,363,Zlínský,CZ072,Kroměříž,CZ0721,Kroměříž,7203,False
596744,Sklené nad Oslavou (okr. Žďár nad Sázavou),241,238,Vysočina,CZ063,Žďár nad Sázavou,CZ0635,Velké Meziříčí,6114,False
578754,Sklené (okr. Svitavy),235,238,Pardubický,CZ053,Svitavy,CZ0533,Svitavy,5312,False
596736,Sklené (okr. Žďár nad Sázavou),100,105,Vysočina,CZ063,Žďár nad Sázavou,CZ0635,Žďár nad Sázavou,6115,False
551741,Skočice (okr. Strakonice),243,237,Jihočeský,CZ031,Strakonice,CZ0316,Vodňany,3117,False
566845,Skomelno (okr. Rokycany),217,212,Plzeňský,CZ032,Rokycany,CZ0326,Rokycany,3211,False
553085,Skopytce (okr. Tábor),170,170,Jihočeský,CZ031,Tábor,CZ0317,Tábor,3112,False
548324,Skorkov (okr. Havlíčkův Brod),111,100,Vysočina,CZ063,Havlíčkův Brod,CZ0631,Havlíčkův Brod,6102,False
557030,Skorkov (okr. Mladá Boleslav),744,716,Středočeský,CZ020,Mladá Boleslav,CZ0207,Mladá Boleslav,2115,False
586544,Skoronice (okr. Hodonín),493,492,Jihomoravský,CZ064,Hodonín,CZ0645,Kyjov,6210,False
553484,Skorošice (okr. Jeseník),656,659,Olomoucký,CZ071,Jeseník,CZ0711,Jeseník,7102,False
596752,Skorotice (okr. Žďár nad Sázavou),138,129,Vysočina,CZ063,Žďár nad Sázavou,CZ0635,Bystřice nad Pernštejnem,6101,False
580929,Skořenice (okr. Ústí nad Orlicí),405,410,Pardubický,CZ053,Ústí nad Orlicí,CZ0534,Vysoké Mýto,5314,False
506664,Skořice (okr. Rokycany),280,279,Plzeňský,CZ032,Rokycany,CZ0326,Rokycany,3211,False
568716,Skotnice (okr. Nový Jičín),884,878,Moravskoslezský,CZ080,Nový Jičín,CZ0804,Kopřivnice,8112,False
552151,Skrbeň (okr. Olomouc),1158,1142,Olomoucký,CZ071,Olomouc,CZ0712,Olomouc,7107,False
582344,Skrchov (okr. Blansko),122,126,Jihomoravský,CZ064,Blansko,CZ0641,Boskovice,6202,False
567361,Skršín (okr. Most),318,305,Ústecký,CZ042,Most,CZ0425,Most,4209,False
560669,Skrýchov u Malšic (okr. Tábor),156,150,Jihočeský,CZ031,Tábor,CZ0317,Tábor,3112,False
549894,Skryje (okr. Brno-venkov),71,72,Jihomoravský,CZ064,Brno-venkov,CZ0643,Tišnov,6217,False
569461,Skryje (okr. Havlíčkův Brod),201,202,Vysočina,CZ063,Havlíčkův Brod,CZ0631,Havlíčkův Brod,6102,False
542385,Skryje (okr. Rakovník),160,160,Středočeský,CZ020,Rakovník,CZ020C,Rakovník,2121,False
596761,Skřinářov (okr. Žďár nad Sázavou),147,150,Vysočina,CZ063,Žďár nad Sázavou,CZ0635,Velké Meziříčí,6114,False
533963,Skřipel (okr. Beroun),142,142,Středočeský,CZ020,Beroun,CZ0202,Hořovice,2108,False
510131,Skřipov (okr. Opava),1025,1013,Moravskoslezský,CZ080,Opava,CZ0805,Opava,8117,False
590002,Skřípov (okr. Prostějov),335,332,Olomoucký,CZ071,Prostějov,CZ0713,Konice,7103,False
570834,Skřivany (okr. Hradec Králové),1145,1153,Královéhradecký,CZ052,Hradec Králové,CZ0521,Nový Bydžov,5212,False
576778,Skuhrov nad Bělou (okr. Rychnov nad Kněžnou),1113,1126,Královéhradecký,CZ052,Rychnov nad Kněžnou,CZ0524,Rychnov nad Kněžnou,5213,False
531740,Skuhrov (okr. Beroun),606,589,Středočeský,CZ020,Beroun,CZ0202,Beroun,2102,False
569470,Skuhrov (okr. Havlíčkův Brod),320,320,Vysočina,CZ063,Havlíčkův Brod,CZ0631,Havlíčkův Brod,6102,False
563803,Skuhrov (okr. Jablonec nad Nisou),643,630,Liberecký,CZ051,Jablonec nad Nisou,CZ0512,Železný Brod,5110,False
572241,Skuteč (okr. Chrudim),5061,5020,Pardubický,CZ053,Chrudim,CZ0531,Chrudim,5304,False
533696,Skvrňov (okr. Kolín),226,226,Středočeský,CZ020,Kolín,CZ0204,Kolín,2110,False
542415,Slabce (okr. Rakovník),734,733,Středočeský,CZ020,Rakovník,CZ020C,Rakovník,2121,False
549860,Slabčice (okr. Písek),369,370,Jihočeský,CZ031,Písek,CZ0314,Písek,3108,False
577529,Slaná (okr. Semily),677,674,Liberecký,CZ051,Semily,CZ0514,Semily,5107,False
536776,Slaník (okr. Strakonice),142,147,Jihočeský,CZ031,Strakonice,CZ0316,Strakonice,3111,False
532819,Slaný (okr. Kladno),17247,16937,Středočeský,CZ020,Kladno,CZ0203,Slaný,2124,False
599026,Slapsko (okr. Tábor),131,126,Jihočeský,CZ031,Tábor,CZ0317,Tábor,3112,False
539660,Slapy (okr. Praha-západ),925,965,Středočeský,CZ020,Praha-západ,CZ020A,Černošice,2105,False
599042,Slapy (okr. Tábor),526,511,Jihočeský,CZ031,Tábor,CZ0317,Tábor,3112,False
574422,Slatina nad Úpou (okr. Náchod),315,313,Královéhradecký,CZ052,Náchod,CZ0523,Náchod,5209,False
576786,Slatina nad Zdobnicí (okr. Rychnov nad Kněžnou),871,865,Královéhradecký,CZ052,Rychnov nad Kněžnou,CZ0524,Rychnov nad Kněžnou,5213,False
532827,Slatina (okr. Kladno),637,635,Středočeský,CZ020,Kladno,CZ0203,Kladno,2109,False
578436,Slatina (okr. Klatovy),91,96,Plzeňský,CZ032,Klatovy,CZ0322,Horažďovice,3203,False
565601,Slatina (okr. Litoměřice),289,292,Ústecký,CZ042,Litoměřice,CZ0423,Lovosice,4208,False
568406,Slatina (okr. Nový Jičín),780,774,Moravskoslezský,CZ080,Nový Jičín,CZ0804,Bílovec,8101,False
566748,Slatina (okr. Plzeň-sever),62,64,Plzeňský,CZ032,Plzeň-sever,CZ0325,Kralovice,3206,False
578762,Slatina (okr. Svitavy),166,162,Pardubický,CZ053,Svitavy,CZ0533,Moravská Třebová,5308,False
580945,Slatina (okr. Ústí nad Orlicí),463,465,Pardubický,CZ053,Ústí nad Orlicí,CZ0534,Vysoké Mýto,5314,False
594776,Slatina (okr. Znojmo),244,240,Jihomoravský,CZ064,Znojmo,CZ0647,Znojmo,6220,False
572268,Slatiňany (okr. Chrudim),4134,4163,Pardubický,CZ053,Chrudim,CZ0531,Chrudim,5304,False
505111,Slatinice (okr. Olomouc),1593,1578,Olomoucký,CZ071,Olomouc,CZ0712,Olomouc,7107,False
590011,Slatinky (okr. Prostějov),572,590,Olomoucký,CZ071,Prostějov,CZ0713,Prostějov,7108,False
573469,Slatiny (okr. Jičín),552,542,Královéhradecký,CZ052,Jičín,CZ0522,Jičín,5207,False
545023,Slavče (okr. České Budějovice),753,742,Jihočeský,CZ031,České Budějovice,CZ0311,Trhové Sviny,3113,False
591688,Slavětice (okr. Třebíč),214,220,Vysočina,CZ063,Třebíč,CZ0634,Třebíč,6113,False
574431,Slavětín nad Metují (okr. Náchod),254,257,Královéhradecký,CZ052,Náchod,CZ0523,Nové Město nad Metují,5211,False
548553,Slavětín (okr. Havlíčkův Brod),132,138,Vysočina,CZ063,Havlíčkův Brod,CZ0631,Chotěboř,6104,False
566713,Slavětín (okr. Louny),667,661,Ústecký,CZ042,Louny,CZ0424,Louny,4207,False
552194,Slavětín (okr. Olomouc),212,206,Olomoucký,CZ071,Olomouc,CZ0712,Litovel,7105,False
572187,Slavhostice (okr. Jičín),129,130,Královéhradecký,CZ052,Jičín,CZ0522,Jičín,5207,False
585751,Slavičín (okr. Zlín),6168,6184,Zlínský,CZ072,Zlín,CZ0724,Luhačovice,7204,False
591700,Slavičky (okr. Třebíč),303,300,Vysočina,CZ063,Třebíč,CZ0634,Třebíč,6113,False
569488,Slavíkov (okr. Havlíčkův Brod),322,316,Vysočina,CZ063,Havlíčkův Brod,CZ0631,Chotěboř,6104,False
545180,Slavíkovice (okr. Třebíč),193,184,Vysočina,CZ063,Třebíč,CZ0634,Moravské Budějovice,6106,False
510289,Slavkov (okr. Opava),2131,2153,Moravskoslezský,CZ080,Opava,CZ0805,Opava,8117,False
592579,Slavkov (okr. Uherské Hradiště),696,700,Zlínský,CZ072,Uherské Hradiště,CZ0722,Uherský Brod,7208,False
588997,Slavkov pod Hostýnem (okr. Kroměříž),656,664,Zlínský,CZ072,Kroměříž,CZ0721,Bystřice pod Hostýnem,7201,False
593583,Slavkov u Brna (okr. Vyškov),7294,7258,Jihomoravský,CZ064,Vyškov,CZ0646,Slavkov u Brna,6215,False
548341,Slavníč (okr. Havlíčkův Brod),69,65,Vysočina,CZ063,Havlíčkův Brod,CZ0631,Havlíčkův Brod,6102,False
547166,Slavonice (okr. Jindřichův Hradec),2207,2229,Jihočeský,CZ031,Jindřichův Hradec,CZ0313,Dačice,3104,False
574457,Slavoňov (okr. Náchod),318,316,Královéhradecký,CZ052,Náchod,CZ0523,Nové Město nad Metují,5211,False
534391,Slavošov (okr. Kutná Hora),145,141,Středočeský,CZ020,Kutná Hora,CZ0205,Kutná Hora,2112,False
575658,Slepotice (okr. Pardubice),466,467,Pardubický,CZ053,Pardubice,CZ0532,Pardubice,5309,False
551881,Slezské Pavlovice (okr. Bruntál),177,183,Moravskoslezský,CZ080,Bruntál,CZ0801,Krnov,8114,False
597813,Slezské Rudoltice (okr. Bruntál),504,495,Moravskoslezský,CZ080,Bruntál,CZ0801,Krnov,8114,False
585769,Slopné (okr. Zlín),545,546,Zlínský,CZ072,Zlín,CZ0724,Luhačovice,7204,False
582352,Sloup (okr. Blansko),962,979,Jihomoravský,CZ064,Blansko,CZ0641,Blansko,6201,False
562050,Sloup v Čechách (okr. Česká Lípa),691,711,Liberecký,CZ051,Česká Lípa,CZ0511,Nový Bor,5106,False
580325,Sloupnice (okr. Svitavy),1829,1845,Pardubický,CZ053,Svitavy,CZ0533,Litomyšl,5307,False
548499,Sloupno (okr. Havlíčkův Brod),44,46,Vysočina,CZ063,Havlíčkův Brod,CZ0631,Chotěboř,6104,False
570851,Sloupno (okr. Hradec Králové),540,526,Královéhradecký,CZ052,Hradec Králové,CZ0521,Nový Bydžov,5212,False
537802,Sloveč (okr. Nymburk),538,529,Středočeský,CZ020,Nymburk,CZ0208,Poděbrady,2119,False
532231,Slověnice (okr. Benešov),50,49,Středočeský,CZ020,Benešov,CZ0201,Vlašim,2125,False
538779,Sluhy (okr. Praha-východ),743,743,Středočeský,CZ020,Praha-východ,CZ0209,Brandýs nad Labem-Stará Boleslav,2103,False
546275,Slunečná (okr. Česká Lípa),153,151,Liberecký,CZ051,Česká Lípa,CZ0511,Nový Bor,5106,False
594784,Slup (okr. Znojmo),538,536,Jihomoravský,CZ064,Znojmo,CZ0647,Znojmo,6220,False
585777,Slušovice (okr. Zlín),2929,2945,Zlínský,CZ072,Zlín,CZ0724,Vizovice,7211,False
538787,Sluštice (okr. Praha-východ),758,747,Středočeský,CZ020,Praha-východ,CZ0209,Říčany,2122,False
573604,Služátky (okr. Havlíčkův Brod),160,158,Vysočina,CZ063,Havlíčkův Brod,CZ0631,Světlá nad Sázavou,6111,False
510297,Služovice (okr. Opava),852,849,Moravskoslezský,CZ080,Opava,CZ0805,Opava,8117,False
532835,Smečno (okr. Kladno),1985,1980,Středočeský,CZ020,Kladno,CZ0203,Slaný,2124,False
540722,Smědčice (okr. Rokycany),314,311,Plzeňský,CZ032,Rokycany,CZ0326,Rokycany,3211,False
549878,Smetanova Lhota (okr. Písek),276,272,Jihočeský,CZ031,Písek,CZ0314,Písek,3108,False
570869,Smidary (okr. Hradec Králové),1557,1583,Královéhradecký,CZ052,Hradec Králové,CZ0521,Nový Bydžov,5212,False
530611,Smilkov (okr. Benešov),259,256,Středočeský,CZ020,Benešov,CZ0201,Votice,2126,False
552658,Smilovice (okr. Frýdek-Místek),874,867,Moravskoslezský,CZ080,Frýdek-Místek,CZ0802,Třinec,8121,False
536652,Smilovice (okr. Mladá Boleslav),819,817,Středočeský,CZ020,Mladá Boleslav,CZ0207,Mladá Boleslav,2115,False
565407,Smilovice (okr. Rakovník),89,82,Středočeský,CZ020,Rakovník,CZ020C,Rakovník,2121,False
553123,Smilovy Hory (okr. Tábor),345,357,Jihočeský,CZ031,Tábor,CZ0317,Tábor,3112,False
570877,Smiřice (okr. Hradec Králové),3142,3138,Královéhradecký,CZ052,Hradec Králové,CZ0521,Hradec Králové,5205,False
538027,Smolné Pece (okr. Karlovy Vary),242,245,Karlovarský,CZ041,Karlovy Vary,CZ0412,Karlovy Vary,4103,False
566721,Smolnice (okr. Louny),444,447,Ústecký,CZ042,Louny,CZ0424,Louny,4207,False
541311,Smolotely (okr. Příbram),306,298,Středočeský,CZ020,Příbram,CZ020B,Příbram,2120,False
573817,Smrček (okr. Chrudim),136,138,Pardubický,CZ053,Chrudim,CZ0531,Chrudim,5304,False
550299,Smrčná (okr. Jihlava),489,480,Vysočina,CZ063,Jihlava,CZ0632,Jihlava,6105,False
591726,Smrk (okr. Třebíč),292,307,Vysočina,CZ063,Třebíč,CZ0634,Třebíč,6113,False
590029,Smržice (okr. Prostějov),1667,1654,Olomoucký,CZ071,Prostějov,CZ0713,Prostějov,7108,False
570885,Smržov (okr. Hradec Králové),549,541,Královéhradecký,CZ052,Hradec Králové,CZ0521,Hradec Králové,5205,False
561045,Smržov (okr. Jindřichův Hradec),110,110,Jihočeský,CZ031,Jindřichův Hradec,CZ0313,Třeboň,3114,False
563811,Smržovka (okr. Jablonec nad Nisou),3901,3915,Liberecký,CZ051,Jablonec nad Nisou,CZ0512,Tanvald,5108,False
565610,Snědovice (okr. Litoměřice),787,780,Ústecký,CZ042,Litoměřice,CZ0423,Litoměřice,4205,False
532436,Snět (okr. Benešov),91,89,Středočeský,CZ020,Benešov,CZ0201,Vlašim,2125,False
576794,Sněžné (okr. Rychnov nad Kněžnou),141,142,Královéhradecký,CZ052,Rychnov nad Kněžnou,CZ0524,Dobruška,5202,False
596787,Sněžné (okr. Žďár nad Sázavou),765,763,Vysočina,CZ063,Žďár nad Sázavou,CZ0635,Nové Město na Moravě,6108,False
593591,Snovídky (okr. Vyškov),316,338,Jihomoravský,CZ064,Vyškov,CZ0646,Bučovice,6205,False
573477,Sobčice (okr. Jičín),296,292,Královéhradecký,CZ052,Jičín,CZ0522,Hořice,5204,False
517844,Soběchleby (okr. Přerov),594,600,Olomoucký,CZ071,Přerov,CZ0714,Lipník nad Bečvou,7104,False
530638,Soběhrdy (okr. Benešov),469,466,Středočeský,CZ020,Benešov,CZ0201,Benešov,2101,False
558346,Soběkury (okr. Plzeň-jih),630,620,Plzeňský,CZ032,Plzeň-jih,CZ0324,Přeštice,3210,False
545805,Soběnov (okr. Český Krumlov),371,380,Jihočeský,CZ031,Český Krumlov,CZ0312,Kaplice,3106,False
573361,Soběraz (okr. Jičín),94,93,Královéhradecký,CZ052,Jičín,CZ0522,Jičín,5207,False
553131,Soběslav (okr. Tábor),6979,7070,Jihočeský,CZ031,Tábor,CZ0317,Soběslav,3110,False
564401,Soběslavice (okr. Liberec),175,180,Liberecký,CZ051,Liberec,CZ0513,Turnov,5109,False
589004,Soběsuky (okr. Kroměříž),397,395,Zlínský,CZ072,Kroměříž,CZ0721,Kroměříž,7203,False
557099,Soběšice (okr. Klatovy),378,386,Plzeňský,CZ032,Klatovy,CZ0322,Sušice,3214,False
534293,Soběšín (okr. Kutná Hora),189,183,Středočeský,CZ020,Kutná Hora,CZ0205,Kutná Hora,2112,False
568791,Soběšovice (okr. Frýdek-Místek),965,964,Moravskoslezský,CZ080,Frýdek-Místek,CZ0802,Frýdek-Místek,8106,False
572276,Sobětuchy (okr. Chrudim),986,1011,Pardubický,CZ053,Chrudim,CZ0531,Chrudim,5304,False
569518,Sobíňov (okr. Havlíčkův Brod),724,721,Vysočina,CZ063,Havlíčkův Brod,CZ0631,Chotěboř,6104,False
517836,Sobíšky (okr. Přerov),155,152,Olomoucký,CZ071,Přerov,CZ0714,Přerov,7109,False
547964,Sobkovice (okr. Ústí nad Orlicí),262,261,Pardubický,CZ053,Ústí nad Orlicí,CZ0534,Žamberk,5315,False
540986,Sobotín (okr. Šumperk),1154,1141,Olomoucký,CZ071,Šumperk,CZ0715,Šumperk,7111,False
573493,Sobotka (okr. Jičín),2401,2400,Královéhradecký,CZ052,Jičín,CZ0522,Jičín,5207,False
583880,Sobotovice (okr. Brno-venkov),679,654,Jihomoravský,CZ064,Brno-venkov,CZ0643,Židlochovice,6221,False
586552,Sobůlky (okr. Hodonín),844,837,Jihomoravský,CZ064,Hodonín,CZ0645,Kyjov,6210,False
536661,Sojovice (okr. Mladá Boleslav),606,605,Středočeský,CZ020,Mladá Boleslav,CZ0207,Mladá Boleslav,2115,False
537811,Sokoleč (okr. Nymburk),1121,1126,Středočeský,CZ020,Nymburk,CZ0208,Poděbrady,2119,False
583898,Sokolnice (okr. Brno-venkov),2515,2490,Jihomoravský,CZ064,Brno-venkov,CZ0643,Šlapanice,6216,False
560286,Sokolov (okr. Sokolov),21908,22007,Karlovarský,CZ041,Sokolov,CZ0413,Sokolov,4107,False
541320,Solenice (okr. Příbram),353,357,Středočeský,CZ020,Příbram,CZ020B,Příbram,2120,False
576808,Solnice (okr. Rychnov nad Kněžnou),2515,2376,Královéhradecký,CZ052,Rychnov nad Kněžnou,CZ0524,Rychnov nad Kněžnou,5213,False
580961,Sopotnice (okr. Ústí nad Orlicí),941,938,Pardubický,CZ053,Ústí nad Orlicí,CZ0534,Ústí nad Orlicí,5313,False
575666,Sopřeč (okr. Pardubice),378,309,Pardubický,CZ053,Pardubice,CZ0532,Přelouč,5311,False
562076,Sosnová (okr. Česká Lípa),691,692,Liberecký,CZ051,Česká Lípa,CZ0511,Česká Lípa,5101,False
597821,Sosnová (okr. Opava),416,405,Moravskoslezský,CZ080,Opava,CZ0805,Opava,8117,False
531065,Souňov (okr. Kutná Hora),143,152,Středočeský,CZ020,Kutná Hora,CZ0205,Čáslav,2104,False
551759,Sousedovice (okr. Strakonice),334,349,Jihočeský,CZ031,Strakonice,CZ0316,Strakonice,3111,False
599387,Soutice (okr. Benešov),272,269,Středočeský,CZ020,Benešov,CZ0201,Vlašim,2125,False
570907,Sovětice (okr. Hradec Králové),236,238,Královéhradecký,CZ052,Hradec Králové,CZ0521,Hradec Králové,5205,False
565539,Sovínky (okr. Mladá Boleslav),371,353,Středočeský,CZ020,Mladá Boleslav,CZ0207,Mladá Boleslav,2115,False
573027,Sovolusky (okr. Pardubice),118,121,Pardubický,CZ053,Pardubice,CZ0532,Přelouč,5311,False
558362,Spálené Poříčí (okr. Plzeň-jih),3034,3008,Plzeňský,CZ032,Plzeň-jih,CZ0324,Blovice,3201,False
599867,Spálov (okr. Nový Jičín),917,897,Moravskoslezský,CZ080,Nový Jičín,CZ0804,Odry,8116,False
554251,Spáňov (okr. Domažlice),214,218,Plzeňský,CZ032,Domažlice,CZ0321,Domažlice,3202,False
596795,Spělkov (okr. Žďár nad Sázavou),35,33,Vysočina,CZ063,Žďár nad Sázavou,CZ0635,Nové Město na Moravě,6108,False
556963,Spešov (okr. Blansko),648,664,Jihomoravský,CZ064,Blansko,CZ0641,Blansko,6201,False
574198,Spojil (okr. Pardubice),531,528,Pardubický,CZ053,Pardubice,CZ0532,Pardubice,5309,False
535192,Spomyšl (okr. Mělník),603,584,Středočeský,CZ020,Mělník,CZ0206,Mělník,2114,False
563340,Spořice (okr. Chomutov),1550,1537,Ústecký,CZ042,Chomutov,CZ0422,Chomutov,4203,False
585793,Spytihněv (okr. Zlín),1618,1642,Zlínský,CZ072,Zlín,CZ0724,Otrokovice,7205,False
590045,Srbce (okr. Prostějov),74,77,Olomoucký,CZ071,Prostějov,CZ0713,Prostějov,7108,False
542431,Srbeč (okr. Rakovník),317,318,Středočeský,CZ020,Rakovník,CZ020C,Rakovník,2121,False
554260,Srbice (okr. Domažlice),406,394,Plzeňský,CZ032,Domažlice,CZ0321,Domažlice,3202,False
567833,Srbice (okr. Teplice),517,498,Ústecký,CZ042,Teplice,CZ0426,Teplice,4213,False
546348,Srbská Kamenice (okr. Děčín),277,278,Ústecký,CZ042,Děčín,CZ0421,Děčín,4202,False
531758,Srbsko (okr. Beroun),557,565,Středočeský,CZ020,Beroun,CZ0202,Beroun,2102,False
554278,Srby (okr. Domažlice),477,491,Plzeňský,CZ032,Domažlice,CZ0321,Horšovský Týn,3204,False
540676,Srby (okr. Plzeň-jih),175,169,Plzeňský,CZ032,Plzeň-jih,CZ0324,Nepomuk,3207,False
575682,Srch (okr. Pardubice),1799,1768,Pardubický,CZ053,Pardubice,CZ0532,Pardubice,5309,False
557111,Srní (okr. Klatovy),269,270,Plzeňský,CZ032,Klatovy,CZ0322,Sušice,3214,False
536245,Srnín (okr. Český Krumlov),382,366,Jihočeský,CZ031,Český Krumlov,CZ0312,Český Krumlov,3103,False
553719,Srnojedy (okr. Pardubice),783,793,Pardubický,CZ053,Pardubice,CZ0532,Pardubice,5309,False
545066,Srubec (okr. České Budějovice),2971,2998,Jihočeský,CZ031,České Budějovice,CZ0311,České Budějovice,3102,False
580970,Sruby (okr. Ústí nad Orlicí),585,597,Pardubický,CZ053,Ústí nad Orlicí,CZ0534,Vysoké Mýto,5314,False
550515,Stachy (okr. Prachatice),1089,1114,Jihočeský,CZ031,Prachatice,CZ0315,Vimperk,3116,False
553140,Stádlec (okr. Tábor),582,588,Jihočeský,CZ031,Tábor,CZ0317,Tábor,3112,False
587915,Stáj (okr. Jihlava),185,187,Vysočina,CZ063,Jihlava,CZ0632,Jihlava,6105,False
594792,Stálky (okr. Znojmo),117,111,Jihomoravský,CZ064,Znojmo,CZ0647,Znojmo,6220,False
554294,Staňkov (okr. Domažlice),3363,3401,Plzeňský,CZ032,Domažlice,CZ0321,Horšovský Týn,3204,False
562378,Staňkov (okr. Jindřichův Hradec),206,202,Jihočeský,CZ031,Jindřichův Hradec,CZ0313,Třeboň,3114,False
534412,Staňkovice (okr. Kutná Hora),257,262,Středočeský,CZ020,Kutná Hora,CZ0205,Kutná Hora,2112,False
546828,Staňkovice (okr. Litoměřice),35,35,Ústecký,CZ042,Litoměřice,CZ0423,Litoměřice,4205,False
543128,Staňkovice (okr. Louny),1148,1118,Ústecký,CZ042,Louny,CZ0424,Žatec,4216,False
555550,Stanovice (okr. Karlovy Vary),652,652,Karlovarský,CZ041,Karlovy Vary,CZ0412,Karlovy Vary,4103,False
548812,Stanovice (okr. Trutnov),58,58,Královéhradecký,CZ052,Trutnov,CZ0525,Dvůr Králové nad Labem,5203,False
583901,Stanoviště (okr. Brno-venkov),415,415,Jihomoravský,CZ064,Brno-venkov,CZ0643,Rosice,6214,False
541036,Stará Červená Voda (okr. Jeseník),590,591,Olomoucký,CZ071,Jeseník,CZ0711,Jeseník,7102,False
541338,Stará Huť (okr. Příbram),1677,1650,Středočeský,CZ020,Příbram,CZ020B,Dobříš,2107,False
537837,Stará Lysá (okr. Nymburk),890,846,Středočeský,CZ020,Nymburk,CZ0208,Lysá nad Labem,2113,False
573507,Stará Paka (okr. Jičín),2142,2156,Královéhradecký,CZ052,Jičín,CZ0522,Nová Paka,5210,False
587923,Stará Říše (okr. Jihlava),627,631,Vysočina,CZ063,Jihlava,CZ0632,Telč,6112,False
598739,Stará Ves nad Ondřejnicí (okr. Ostrava-město),2990,2992,Moravskoslezský,CZ080,Ostrava-město,CZ0806,Ostrava,8119,False
551911,Stará Ves (okr. Bruntál),448,452,Moravskoslezský,CZ080,Bruntál,CZ0801,Rýmařov,8120,False
517887,Stará Ves (okr. Přerov),619,619,Olomoucký,CZ071,Přerov,CZ0714,Přerov,7109,False
539112,Stará Voda (okr. Cheb),494,505,Karlovarský,CZ041,Cheb,CZ0411,Mariánské Lázně,4105,False
570915,Stará Voda (okr. Hradec Králové),145,142,Královéhradecký,CZ052,Hradec Králové,CZ0521,Hradec Králové,5205,False
561843,Staré Bříště (okr. Pelhřimov),84,81,Vysočina,CZ063,Pelhřimov,CZ0633,Humpolec,6103,False
579661,Staré Buky (okr. Trutnov),675,668,Královéhradecký,CZ052,Trutnov,CZ0525,Trutnov,5214,False
598747,Staré Hamry (okr. Frýdek-Místek),541,544,Moravskoslezský,CZ080,Frýdek-Místek,CZ0802,Frýdlant nad Ostravicí,8107,False
551813,Staré Heřminovy (okr. Bruntál),217,212,Moravskoslezský,CZ080,Bruntál,CZ0801,Bruntál,8103,False
547204,Staré Hobzí (okr. Jindřichův Hradec),512,522,Jihočeský,CZ031,Jindřichův Hradec,CZ0313,Dačice,3104,False
545074,Staré Hodějovice (okr. České Budějovice),1370,1345,Jihočeský,CZ031,České Budějovice,CZ0311,České Budějovice,3102,False
575704,Staré Hradiště (okr. Pardubice),2079,2161,Pardubický,CZ053,Pardubice,CZ0532,Pardubice,5309,False
530735,Staré Hrady (okr. Jičín),192,195,Královéhradecký,CZ052,Jičín,CZ0522,Jičín,5207,False
592587,Staré Hutě (okr. Uherské Hradiště),131,135,Zlínský,CZ072,Uherské Hradiště,CZ0722,Uherské Hradiště,7207,False
575712,Staré Jesenčany (okr. Pardubice),421,425,Pardubický,CZ053,Pardubice,CZ0532,Pardubice,5309,False
562823,Staré Křečany (okr. Děčín),1218,1228,Ústecký,CZ042,Děčín,CZ0421,Rumburk,4212,False
551767,Staré Město (okr. Bruntál),913,909,Moravskoslezský,CZ080,Bruntál,CZ0801,Bruntál,8103,False
552551,Staré Město (okr. Frýdek-Místek),1494,1517,Moravskoslezský,CZ080,Frýdek-Místek,CZ0802,Frýdek-Místek,8106,False
578789,Staré Město (okr. Svitavy),1031,1036,Pardubický,CZ053,Svitavy,CZ0533,Moravská Třebová,5308,False
541079,Staré Město (okr. Šumperk),1667,1678,Olomoucký,CZ071,Šumperk,CZ0715,Šumperk,7111,False
550752,Staré Město (okr. Uherské Hradiště),6660,6585,Zlínský,CZ072,Uherské Hradiště,CZ0722,Uherské Hradiště,7207,False
547212,Staré Město pod Landštejnem (okr. Jindřichův Hradec),466,475,Jihočeský,CZ031,Jindřichův Hradec,CZ0313,Jindřichův Hradec,3105,False
549096,Staré Místo (okr. Jičín),292,308,Královéhradecký,CZ052,Jičín,CZ0522,Jičín,5207,False
561185,Staré Sedliště (okr. Tachov),1336,1370,Plzeňský,CZ032,Tachov,CZ0327,Tachov,3215,False
560642,Staré Sedlo (okr. Sokolov),785,796,Karlovarský,CZ041,Sokolov,CZ0413,Sokolov,4107,False
561193,Staré Sedlo (okr. Tachov),287,291,Plzeňský,CZ032,Tachov,CZ0327,Tachov,3215,False
573523,Staré Smrkovice (okr. Jičín),265,258,Královéhradecký,CZ052,Jičín,CZ0522,Hořice,5204,False
568198,Staré Těchanovice (okr. Opava),130,128,Moravskoslezský,CZ080,Opava,CZ0805,Vítkov,8122,False
575721,Staré Ždánice (okr. Pardubice),719,751,Pardubický,CZ053,Pardubice,CZ0532,Pardubice,5309,False
530875,Starkoč (okr. Kutná Hora),155,154,Středočeský,CZ020,Kutná Hora,CZ0205,Čáslav,2104,False
574465,Stárkov (okr. Náchod),646,633,Královéhradecký,CZ052,Náchod,CZ0523,Náchod,5209,False
564583,Starosedlský Hrádek (okr. Příbram),147,148,Středočeský,CZ020,Příbram,CZ020B,Příbram,2120,False
584894,Starovice (okr. Břeclav),1008,988,Jihomoravský,CZ064,Břeclav,CZ0644,Hustopeče,6207,False
584908,Starovičky (okr. Břeclav),967,957,Jihomoravský,CZ064,Břeclav,CZ0644,Hustopeče,6207,False
573132,Starý Bydžov (okr. Hradec Králové),423,440,Královéhradecký,CZ052,Hradec Králové,CZ0521,Nový Bydžov,5212,False
592609,Starý Hrozenkov (okr. Uherské Hradiště),774,784,Zlínský,CZ072,Uherské Hradiště,CZ0722,Uherský Brod,7208,False
599905,Starý Jičín (okr. Nový Jičín),3007,2987,Moravskoslezský,CZ080,Nový Jičín,CZ0804,Nový Jičín,8115,False
533700,Starý Kolín (okr. Kolín),1654,1696,Středočeský,CZ020,Kolín,CZ0204,Kolín,2110,False
575739,Starý Mateřov (okr. Pardubice),944,946,Pardubický,CZ053,Pardubice,CZ0532,Pardubice,5309,False
594806,Starý Petřín (okr. Znojmo),228,230,Jihomoravský,CZ064,Znojmo,CZ0647,Znojmo,6220,False
558371,Starý Plzenec (okr. Plzeň-město),5290,5403,Plzeňský,CZ032,Plzeň-město,CZ0323,Plzeň,3209,False
586561,Starý Poddvorov (okr. Hodonín),921,935,Jihomoravský,CZ064,Hodonín,CZ0645,Hodonín,6206,False
545538,Starý Šachov (okr. Děčín),220,230,Ústecký,CZ042,Děčín,CZ0421,Děčín,4202,False
534889,Starý Vestec (okr. Nymburk),239,236,Středočeský,CZ020,Nymburk,CZ0208,Lysá nad Labem,2113,False
590053,Stařechovice (okr. Prostějov),549,548,Olomoucký,CZ071,Prostějov,CZ0713,Prostějov,7108,False
591742,Stařeč (okr. Třebíč),1713,1691,Vysočina,CZ063,Třebíč,CZ0634,Třebíč,6113,False
552569,Staříč (okr. Frýdek-Místek),2214,2238,Moravskoslezský,CZ080,Frýdek-Místek,CZ0802,Frýdek-Místek,8106,False
531766,Stašov (okr. Beroun),494,491,Středočeský,CZ020,Beroun,CZ0202,Beroun,2102,False
578801,Stašov (okr. Svitavy),277,263,Pardubický,CZ053,Svitavy,CZ0533,Polička,5310,False
539686,Statenice (okr. Praha-západ),1649,1585,Středočeský,CZ020,Praha-západ,CZ020A,Černošice,2105,False
570281,Stavenice (okr. Šumperk),139,139,Olomoucký,CZ071,Šumperk,CZ0715,Mohelnice,7106,False
586579,Stavěšice (okr. Hodonín),378,374,Jihomoravský,CZ064,Hodonín,CZ0645,Kyjov,6210,False
572934,Stéblová (okr. Pardubice),309,335,Pardubický,CZ053,Pardubice,CZ0532,Pardubice,5309,False
546925,Stebno (okr. Ústí nad Labem),472,479,Ústecký,CZ042,Ústí nad Labem,CZ0427,Ústí nad Labem,4214,False
510343,Stěbořice (okr. Opava),1448,1438,Moravskoslezský,CZ080,Opava,CZ0805,Opava,8117,False
532851,Stehelčeves (okr. Kladno),1177,1146,Středočeský,CZ020,Kladno,CZ0203,Kladno,2109,False
529885,Stehlovice (okr. Písek),81,88,Jihočeský,CZ031,Písek,CZ0314,Milevsko,3107,False
570931,Stěžery (okr. Hradec Králové),2140,2174,Královéhradecký,CZ052,Hradec Králové,CZ0521,Hradec Králové,5205,False
590061,Stínava (okr. Prostějov),160,167,Olomoucký,CZ071,Prostějov,CZ0713,Prostějov,7108,False
532860,Stochov (okr. Kladno),5362,5349,Středočeský,CZ020,Kladno,CZ0203,Kladno,2109,False
558389,Stod (okr. Plzeň-jih),3694,3646,Plzeňský,CZ032,Plzeň-jih,CZ0324,Stod,3212,False
561452,Stojčín (okr. Pelhřimov),104,108,Vysočina,CZ063,Pelhřimov,CZ0633,Pelhřimov,6110,False
575755,Stojice (okr. Pardubice),214,219,Pardubický,CZ053,Pardubice,CZ0532,Přelouč,5311,False
547891,Stolany (okr. Chrudim),408,401,Pardubický,CZ053,Chrudim,CZ0531,Chrudim,5304,False
587931,Stonařov (okr. Jihlava),1075,1085,Vysočina,CZ063,Jihlava,CZ0632,Jihlava,6105,False
599140,Stonava (okr. Karviná),1745,1748,Moravskoslezský,CZ080,Karviná,CZ0803,Karviná,8111,False
594814,Stošíkovice na Louce (okr. Znojmo),331,326,Jihomoravský,CZ064,Znojmo,CZ0647,Znojmo,6220,False
550523,Stožec (okr. Prachatice),209,220,Jihočeský,CZ031,Prachatice,CZ0315,Prachatice,3109,False
530034,Stožice (okr. Strakonice),498,486,Jihočeský,CZ031,Strakonice,CZ0316,Vodňany,3117,False
587940,Strachoňovice (okr. Jihlava),100,90,Vysočina,CZ063,Jihlava,CZ0632,Telč,6112,False
594822,Strachotice (okr. Znojmo),1031,1032,Jihomoravský,CZ064,Znojmo,CZ0647,Znojmo,6220,False
584916,Strachotín (okr. Břeclav),823,838,Jihomoravský,CZ064,Břeclav,CZ0644,Hustopeče,6207,False
596809,Strachujov (okr. Žďár nad Sázavou),128,127,Vysočina,CZ063,Žďár nad Sázavou,CZ0635,Bystřice nad Pernštejnem,6101,False
570958,Stračov (okr. Hradec Králové),314,310,Královéhradecký,CZ052,Hradec Králové,CZ0521,Hradec Králové,5205,False
599441,Stradonice (okr. Kladno),148,144,Středočeský,CZ020,Kladno,CZ0203,Slaný,2124,False
572306,Stradouň (okr. Ústí nad Orlicí),187,179,Pardubický,CZ053,Ústí nad Orlicí,CZ0534,Vysoké Mýto,5314,False
512869,Strahovice (okr. Opava),904,891,Moravskoslezský,CZ080,Opava,CZ0805,Kravaře,8113,False
550787,Strakonice (okr. Strakonice),22275,22355,Jihočeský,CZ031,Strakonice,CZ0316,Strakonice,3111,False
578819,Strakov (okr. Svitavy),267,266,Pardubický,CZ053,Svitavy,CZ0533,Litomyšl,5307,False
537853,Straky (okr. Nymburk),529,526,Středočeský,CZ020,Nymburk,CZ0208,Nymburk,2118,False
538809,Strančice (okr. Praha-východ),2990,2899,Středočeský,CZ020,Praha-východ,CZ0209,Říčany,2122,False
596817,Stránecká Zhoř (okr. Žďár nad Sázavou),601,599,Vysočina,CZ063,Žďár nad Sázavou,CZ0635,Velké Meziříčí,6114,False
592617,Strání (okr. Uherské Hradiště),3330,3341,Zlínský,CZ072,Uherské Hradiště,CZ0722,Uherský Brod,7208,False
531731,Stránka (okr. Mělník),213,211,Středočeský,CZ020,Mělník,CZ0206,Mělník,2114,False
599379,Stranný (okr. Benešov),117,119,Středočeský,CZ020,Benešov,CZ0201,Benešov,2101,False
560162,Strašice (okr. Rokycany),2805,2811,Plzeňský,CZ032,Rokycany,CZ0326,Rokycany,3211,False
551775,Strašice (okr. Strakonice),174,175,Jihočeský,CZ031,Strakonice,CZ0316,Strakonice,3111,False
557129,Strašín (okr. Klatovy),310,317,Plzeňský,CZ032,Klatovy,CZ0322,Sušice,3214,False
565679,Straškov-Vodochody (okr. Litoměřice),1100,1108,Ústecký,CZ042,Litoměřice,CZ0423,Roudnice nad Labem,4211,False
536709,Strašnov (okr. Mladá Boleslav),308,309,Středočeský,CZ020,Mladá Boleslav,CZ0207,Mladá Boleslav,2115,False
575763,Strašov (okr. Pardubice),365,356,Pardubický,CZ053,Pardubice,CZ0532,Přelouč,5311,False
537861,Stratov (okr. Nymburk),762,750,Středočeský,CZ020,Nymburk,CZ0208,Lysá nad Labem,2113,False
547221,Stráž nad Nežárkou (okr. Jindřichův Hradec),877,879,Jihočeský,CZ031,Jindřichův Hradec,CZ0313,Jindřichův Hradec,3105,False
544477,Stráž nad Nisou (okr. Liberec),2448,2430,Liberecký,CZ051,Liberec,CZ0513,Liberec,5105,False
555584,Stráž nad Ohří (okr. Karlovy Vary),565,570,Karlovarský,CZ041,Karlovy Vary,CZ0412,Ostrov,4106,False
554316,Stráž (okr. Domažlice),220,223,Plzeňský,CZ032,Domažlice,CZ0321,Domažlice,3202,False
561207,Stráž (okr. Tachov),1369,1376,Plzeňský,CZ032,Tachov,CZ0327,Tachov,3215,False
562092,Stráž pod Ralskem (okr. Česká Lípa),3773,3839,Liberecký,CZ051,Česká Lípa,CZ0511,Česká Lípa,5101,False
596825,Strážek (okr. Žďár nad Sázavou),847,846,Vysočina,CZ063,Žďár nad Sázavou,CZ0635,Bystřice nad Pernštejnem,6101,False
590070,Stražisko (okr. Prostějov),453,444,Olomoucký,CZ071,Prostějov,CZ0713,Konice,7103,False
571881,Strážiště (okr. Mladá Boleslav),133,130,Středočeský,CZ020,Mladá Boleslav,CZ0207,Mnichovo Hradiště,2116,False
545082,Strážkovice (okr. České Budějovice),538,535,Jihočeský,CZ031,České Budějovice,CZ0311,České Budějovice,3102,False
580988,Strážná (okr. Ústí nad Orlicí),110,106,Pardubický,CZ053,Ústí nad Orlicí,CZ0534,Lanškroun,5306,False
579696,Strážné (okr. Trutnov),214,223,Královéhradecký,CZ052,Trutnov,CZ0525,Vrchlabí,5215,False
586587,Strážnice (okr. Hodonín),5282,5311,Jihomoravský,CZ064,Hodonín,CZ0645,Veselí nad Moravou,6218,False
550531,Strážný (okr. Prachatice),405,392,Jihočeský,CZ031,Prachatice,CZ0315,Vimperk,3116,False
557137,Strážov (okr. Klatovy),1374,1362,Plzeňský,CZ032,Klatovy,CZ0322,Klatovy,3205,False
586595,Strážovice (okr. Hodonín),593,603,Jihomoravský,CZ064,Hodonín,CZ0645,Kyjov,6210,False
536717,Strenice (okr. Mladá Boleslav),203,199,Středočeský,CZ020,Mladá Boleslav,CZ0207,Mladá Boleslav,2115,False
582379,Strhaře (okr. Brno-venkov),146,149,Jihomoravský,CZ064,Brno-venkov,CZ0643,Tišnov,6217,False
547239,Strmilov (okr. Jindřichův Hradec),1381,1403,Jihočeský,CZ031,Jindřichův Hradec,CZ0313,Jindřichův Hradec,3105,False
599361,Strojetice (okr. Benešov),145,140,Středočeský,CZ020,Benešov,CZ0201,Vlašim,2125,False
587460,Stropešín (okr. Třebíč),128,126,Vysočina,CZ063,Třebíč,CZ0634,Třebíč,6113,False
530689,Struhařov (okr. Benešov),1021,1015,Středočeský,CZ020,Benešov,CZ0201,Benešov,2101,False
538825,Struhařov (okr. Praha-východ),1024,1009,Středočeský,CZ020,Praha-východ,CZ0209,Říčany,2122,False
569054,Strukov (okr. Olomouc),166,160,Olomoucký,CZ071,Olomouc,CZ0712,Šternberk,7110,False
550540,Strunkovice nad Blanicí (okr. Prachatice),1313,1317,Jihočeský,CZ031,Prachatice,CZ0315,Prachatice,3109,False
536784,Strunkovice nad Volyňkou (okr. Strakonice),135,130,Jihočeský,CZ031,Strakonice,CZ0316,Strakonice,3111,False
563358,Strupčice (okr. Chomutov),1194,1178,Ústecký,CZ042,Chomutov,CZ0422,Chomutov,4203,False
577545,Stružinec (okr. Semily),690,693,Liberecký,CZ051,Semily,CZ0514,Semily,5107,False
555592,Stružná (okr. Karlovy Vary),633,635,Karlovarský,CZ041,Karlovy Vary,CZ0412,Karlovy Vary,4103,False
562106,Stružnice (okr. Česká Lípa),1018,1021,Liberecký,CZ051,Česká Lípa,CZ0511,Česká Lípa,5101,False
536032,Strýčice (okr. České Budějovice),48,54,Jihočeský,CZ031,České Budějovice,CZ0311,České Budějovice,3102,False
539708,Středokluky (okr. Praha-západ),1299,1292,Středočeský,CZ020,Praha-západ,CZ020A,Černošice,2105,False
583910,Střelice (okr. Brno-venkov),3249,3283,Jihomoravský,CZ064,Brno-venkov,CZ0643,Šlapanice,6216,False
540056,Střelice (okr. Plzeň-jih),151,149,Plzeňský,CZ032,Plzeň-jih,CZ0324,Stod,3212,False
594831,Střelice (okr. Znojmo),170,172,Jihomoravský,CZ064,Znojmo,CZ0647,Znojmo,6220,False
544914,Střelná (okr. Vsetín),539,542,Zlínský,CZ072,Vsetín,CZ0723,Vsetín,7212,False
551791,Střelské Hoštice (okr. Strakonice),907,905,Jihočeský,CZ031,Strakonice,CZ0316,Strakonice,3111,False
572314,Střemošice (okr. Chrudim),193,183,Pardubický,CZ053,Chrudim,CZ0531,Chrudim,5304,False
535214,Střemy (okr. Mělník),494,491,Středočeský,CZ020,Mělník,CZ0206,Mělník,2114,False
547018,Střeň (okr. Olomouc),604,609,Olomoucký,CZ071,Olomouc,CZ0712,Litovel,7105,False
573540,Střevač (okr. Jičín),286,279,Královéhradecký,CZ052,Jičín,CZ0522,Jičín,5207,False
570966,Střezetice (okr. Hradec Králové),368,377,Královéhradecký,CZ052,Hradec Králové,CZ0521,Hradec Králové,5205,False
530701,Střezimíř (okr. Benešov),304,307,Středočeský,CZ020,Benešov,CZ0201,Votice,2126,False
560651,Stříbrná (okr. Sokolov),449,441,Karlovarský,CZ041,Sokolov,CZ0413,Kraslice,4104,False
533718,Stříbrná Skalice (okr. Praha-východ),1607,1553,Středočeský,CZ020,Praha-východ,CZ0209,Říčany,2122,False
569534,Stříbrné Hory (okr. Havlíčkův Brod),245,238,Vysočina,CZ063,Havlíčkův Brod,CZ0631,Havlíčkův Brod,6102,False
552887,Stříbrnice (okr. Přerov),234,236,Olomoucký,CZ071,Přerov,CZ0714,Přerov,7109,False
592625,Stříbrnice (okr. Uherské Hradiště),442,429,Zlínský,CZ072,Uherské Hradiště,CZ0722,Uherské Hradiště,7207,False
561215,Stříbro (okr. Tachov),8218,8060,Plzeňský,CZ032,Tachov,CZ0327,Stříbro,3213,False
547247,Stříbřec (okr. Jindřichův Hradec),419,425,Jihočeský,CZ031,Jindřichův Hradec,CZ0313,Třeboň,3114,False
589039,Střílky (okr. Kroměříž),601,607,Zlínský,CZ072,Kroměříž,CZ0721,Kroměříž,7203,False
544922,Střítež nad Bečvou (okr. Vsetín),889,900,Zlínský,CZ072,Vsetín,CZ0723,Valašské Meziříčí,7210,False
517909,Střítež nad Ludinou (okr. Přerov),843,866,Olomoucký,CZ071,Přerov,CZ0714,Hranice,7101,False
551538,Střítež (okr. Český Krumlov),407,422,Jihočeský,CZ031,Český Krumlov,CZ0312,Kaplice,3106,False
552674,Střítež (okr. Frýdek-Místek),1084,1076,Moravskoslezský,CZ080,Frýdek-Místek,CZ0802,Třinec,8121,False
587958,Střítež (okr. Jihlava),481,481,Vysočina,CZ063,Jihlava,CZ0632,Jihlava,6105,False
537594,Střítež (okr. Pelhřimov),111,110,Vysočina,CZ063,Pelhřimov,CZ0633,Pelhřimov,6110,False
554871,Střítež (okr. Třebíč),555,554,Vysočina,CZ063,Třebíč,CZ0634,Třebíč,6113,False
549886,Střítež (okr. Žďár nad Sázavou),98,101,Vysočina,CZ063,Žďár nad Sázavou,CZ0635,Bystřice nad Pernštejnem,6101,False
561487,Střítež pod Křemešníkem (okr. Pelhřimov),63,64,Vysočina,CZ063,Pelhřimov,CZ0633,Pelhřimov,6110,False
545091,Střížov (okr. České Budějovice),216,220,Jihočeský,CZ031,České Budějovice,CZ0311,České Budějovice,3102,False
508152,Střížovice (okr. Jindřichův Hradec),565,563,Jihočeský,CZ031,Jindřichův Hradec,CZ0313,Jindřichův Hradec,3105,False
589047,Střížovice (okr. Kroměříž),249,249,Zlínský,CZ072,Kroměříž,CZ0721,Kroměříž,7203,False
558401,Střížovice (okr. Plzeň-jih),374,372,Plzeňský,CZ032,Plzeň-jih,CZ0324,Blovice,3201,False
561223,Studánka (okr. Tachov),583,576,Plzeňský,CZ032,Tachov,CZ0327,Tachov,3215,False
547263,Studená (okr. Jindřichův Hradec),2177,2190,Jihočeský,CZ031,Jindřichův Hradec,CZ0313,Dačice,3104,False
553603,Studená (okr. Plzeň-sever),37,37,Plzeňský,CZ032,Plzeň-sever,CZ0325,Kralovice,3206,False
580996,Studené (okr. Ústí nad Orlicí),187,188,Pardubický,CZ053,Ústí nad Orlicí,CZ0534,Žamberk,5315,False
577553,Studenec (okr. Semily),1843,1826,Liberecký,CZ051,Semily,CZ0514,Jilemnice,5104,False
591769,Studenec (okr. Třebíč),626,631,Vysočina,CZ063,Třebíč,CZ0634,Náměšť nad Oslavou,6107,False
551457,Studeněves (okr. Kladno),522,517,Středočeský,CZ020,Kladno,CZ0203,Slaný,2124,False
599921,Studénka (okr. Nový Jičín),9166,9302,Moravskoslezský,CZ080,Nový Jičín,CZ0804,Bílovec,8101,False
530719,Studený (okr. Benešov),110,106,Středočeský,CZ020,Benešov,CZ0201,Vlašim,2125,False
572322,Studnice (okr. Chrudim),455,452,Pardubický,CZ053,Chrudim,CZ0531,Hlinsko,5302,False
574481,Studnice (okr. Náchod),1168,1167,Královéhradecký,CZ052,Náchod,CZ0523,Náchod,5209,False
591777,Studnice (okr. Třebíč),131,132,Vysočina,CZ063,Třebíč,CZ0634,Třebíč,6113,False
593605,Studnice (okr. Vyškov),521,503,Jihomoravský,CZ064,Vyškov,CZ0646,Vyškov,6219,False
592633,Stupava (okr. Uherské Hradiště),162,166,Zlínský,CZ072,Uherské Hradiště,CZ0722,Uherské Hradiště,7207,False
562114,Stvolínky (okr. Česká Lípa),342,325,Liberecký,CZ051,Česká Lípa,CZ0511,Česká Lípa,5101,False
582620,Stvolová (okr. Blansko),165,164,Jihomoravský,CZ064,Blansko,CZ0641,Boskovice,6202,False
578835,Suchá Lhota (okr. Svitavy),83,80,Pardubický,CZ053,Svitavy,CZ0533,Litomyšl,5307,False
592641,Suchá Loz (okr. Uherské Hradiště),1165,1176,Zlínský,CZ072,Uherské Hradiště,CZ0722,Uherský Brod,7208,False
587982,Suchá (okr. Jihlava),244,245,Vysočina,CZ063,Jihlava,CZ0632,Jihlava,6105,False
547280,Suchdol nad Lužnicí (okr. Jindřichův Hradec),3559,3597,Jihočeský,CZ031,Jindřichův Hradec,CZ0313,Třeboň,3114,False
599930,Suchdol nad Odrou (okr. Nový Jičín),2902,2850,Moravskoslezský,CZ080,Nový Jičín,CZ0804,Nový Jičín,8115,False
534439,Suchdol (okr. Kutná Hora),1108,1119,Středočeský,CZ020,Kutná Hora,CZ0205,Kutná Hora,2112,False
590088,Suchdol (okr. Prostějov),575,575,Olomoucký,CZ071,Prostějov,CZ0713,Konice,7103,False
541371,Suchodol (okr. Příbram),434,426,Středočeský,CZ020,Příbram,CZ020B,Příbram,2120,False
555231,Suchohrdly (okr. Znojmo),1431,1419,Jihomoravský,CZ064,Znojmo,CZ0647,Znojmo,6220,False
594849,Suchohrdly u Miroslavi (okr. Znojmo),539,526,Jihomoravský,CZ064,Znojmo,CZ0647,Moravský Krumlov,6212,False
531782,Suchomasty (okr. Beroun),547,545,Středočeský,CZ020,Beroun,CZ0202,Beroun,2102,False
569771,Suchonice (okr. Olomouc),175,180,Olomoucký,CZ071,Olomouc,CZ0712,Olomouc,7107,False
586617,Suchov (okr. Hodonín),472,500,Jihomoravský,CZ064,Hodonín,CZ0645,Veselí nad Moravou,6218,False
579726,Suchovršice (okr. Trutnov),376,368,Královéhradecký,CZ052,Trutnov,CZ0525,Trutnov,5214,False
574490,Suchý Důl (okr. Náchod),406,403,Královéhradecký,CZ052,Náchod,CZ0523,Náchod,5209,False
582409,Suchý (okr. Blansko),469,471,Jihomoravský,CZ064,Blansko,CZ0641,Boskovice,6202,False
531391,Sudějov (okr. Kutná Hora),85,82,Středočeský,CZ020,Kutná Hora,CZ0205,Kutná Hora,2112,False
582395,Sudice (okr. Blansko),461,465,Jihomoravský,CZ064,Blansko,CZ0641,Boskovice,6202,False
510378,Sudice (okr. Opava),635,639,Moravskoslezský,CZ080,Opava,CZ0805,Kravaře,8113,False
591785,Sudice (okr. Třebíč),352,343,Vysočina,CZ063,Třebíč,CZ0634,Náměšť nad Oslavou,6107,False
581003,Sudislav nad Orlicí (okr. Ústí nad Orlicí),151,148,Pardubický,CZ053,Ústí nad Orlicí,CZ0534,Ústí nad Orlicí,5313,False
541109,Sudkov (okr. Šumperk),1186,1182,Olomoucký,CZ071,Šumperk,CZ0715,Šumperk,7111,False
565920,Sudoměř (okr. Mladá Boleslav),102,102,Středočeský,CZ020,Mladá Boleslav,CZ0207,Mladá Boleslav,2115,False
586609,Sudoměřice (okr. Hodonín),1247,1257,Jihomoravský,CZ064,Hodonín,CZ0645,Hodonín,6206,False
553166,Sudoměřice u Bechyně (okr. Tábor),765,776,Jihočeský,CZ031,Tábor,CZ0317,Tábor,3112,False
553174,Sudoměřice u Tábora (okr. Tábor),335,330,Jihočeský,CZ031,Tábor,CZ0317,Tábor,3112,False
571954,Sudovo Hlavno (okr. Praha-východ),518,517,Středočeský,CZ020,Praha-východ,CZ0209,Brandýs nad Labem-Stará Boleslav,2103,False
581011,Sudslava (okr. Ústí nad Orlicí),168,167,Pardubický,CZ053,Ústí nad Orlicí,CZ0534,Vysoké Mýto,5314,False
548880,Sukorady (okr. Jičín),226,225,Královéhradecký,CZ052,Jičín,CZ0522,Hořice,5204,False
536768,Sukorady (okr. Mladá Boleslav),385,390,Středočeský,CZ020,Mladá Boleslav,CZ0207,Mladá Boleslav,2115,False
565695,Sulejovice (okr. Litoměřice),694,701,Ústecký,CZ042,Litoměřice,CZ0423,Lovosice,4208,False
538833,Sulice (okr. Praha-východ),2716,2635,Středočeský,CZ020,Praha-východ,CZ0209,Říčany,2122,False
582417,Sulíkov (okr. Blansko),305,309,Jihomoravský,CZ064,Blansko,CZ0641,Boskovice,6202,False
589055,Sulimov (okr. Kroměříž),147,152,Zlínský,CZ072,Kroměříž,CZ0721,Kroměříž,7203,False
561231,Sulislav (okr. Tachov),231,224,Plzeňský,CZ032,Tachov,CZ0327,Stříbro,3213,False
596833,Sulkovec (okr. Žďár nad Sázavou),159,155,Vysočina,CZ063,Žďár nad Sázavou,CZ0635,Bystřice nad Pernštejnem,6101,False
541117,Supíkovice (okr. Jeseník),637,623,Olomoucký,CZ071,Jeseník,CZ0711,Jeseník,7102,False
557153,Sušice (okr. Klatovy),10689,10740,Plzeňský,CZ032,Klatovy,CZ0322,Sušice,3214,False
518026,Sušice (okr. Přerov),314,315,Olomoucký,CZ071,Přerov,CZ0714,Přerov,7109,False
592650,Sušice (okr. Uherské Hradiště),656,668,Zlínský,CZ072,Uherské Hradiště,CZ0722,Uherské Hradiště,7207,False
599433,Svárov (okr. Kladno),622,616,Středočeský,CZ020,Kladno,CZ0203,Kladno,2109,False
592668,Svárov (okr. Uherské Hradiště),230,222,Zlínský,CZ072,Uherské Hradiště,CZ0722,Uherské Hradiště,7207,False
550558,Svatá Maří (okr. Prachatice),630,615,Jihočeský,CZ031,Prachatice,CZ0315,Vimperk,3116,False
531791,Svatá (okr. Beroun),539,533,Středočeský,CZ020,Beroun,CZ0202,Beroun,2102,False
538434,Svatava (okr. Sokolov),1593,1619,Karlovarský,CZ041,Sokolov,CZ0413,Sokolov,4107,False
541389,Svaté Pole (okr. Příbram),551,545,Středočeský,CZ020,Příbram,CZ020B,Dobříš,2107,False
586625,Svatobořice-Mistřín (okr. Hodonín),3557,3549,Jihomoravský,CZ064,Hodonín,CZ0645,Kyjov,6210,False
573302,Svatojanský Újezd (okr. Jičín),90,95,Královéhradecký,CZ052,Jičín,CZ0522,Jičín,5207,False
547131,Svatoňovice (okr. Opava),251,252,Moravskoslezský,CZ080,Opava,CZ0805,Vítkov,8122,False
583928,Svatoslav (okr. Brno-venkov),459,461,Jihomoravský,CZ064,Brno-venkov,CZ0643,Tišnov,6217,False
591793,Svatoslav (okr. Třebíč),279,267,Vysočina,CZ063,Třebíč,CZ0634,Třebíč,6113,False
545104,Svatý Jan nad Malší (okr. České Budějovice),649,640,Jihočeský,CZ031,České Budějovice,CZ0311,Trhové Sviny,3113,False
541397,Svatý Jan (okr. Příbram),636,651,Středočeský,CZ020,Příbram,CZ020B,Sedlčany,2123,False
531804,Svatý Jan pod Skalou (okr. Beroun),213,204,Středočeský,CZ020,Beroun,CZ0202,Beroun,2102,False
580708,Svatý Jiří (okr. Ústí nad Orlicí),290,292,Pardubický,CZ053,Ústí nad Orlicí,CZ0534,Vysoké Mýto,5314,False
534196,Svatý Mikuláš (okr. Kutná Hora),1016,983,Středočeský,CZ020,Kutná Hora,CZ0205,Kutná Hora,2112,False
541125,Svébohov (okr. Šumperk),418,424,Olomoucký,CZ071,Šumperk,CZ0715,Zábřeh,7113,False
598305,Svémyslice (okr. Praha-východ),599,597,Středočeský,CZ020,Praha-východ,CZ0209,Brandýs nad Labem-Stará Boleslav,2103,False
598763,Svépravice (okr. Pelhřimov),113,115,Vysočina,CZ063,Pelhřimov,CZ0633,Pelhřimov,6110,False
557161,Svéradice (okr. Klatovy),285,299,Plzeňský,CZ032,Klatovy,CZ0322,Horažďovice,3203,False
552429,Svésedlice (okr. Olomouc),306,298,Olomoucký,CZ071,Olomouc,CZ0712,Olomouc,7107,False
561029,Světce (okr. Jindřichův Hradec),133,141,Jihočeský,CZ031,Jindřichův Hradec,CZ0313,Jindřichův Hradec,3105,False
567841,Světec (okr. Teplice),977,981,Ústecký,CZ042,Teplice,CZ0426,Bílina,4201,False
548154,Světí (okr. Hradec Králové),356,348,Královéhradecký,CZ052,Hradec Králové,CZ0521,Hradec Králové,5205,False
538841,Světice (okr. Praha-východ),1457,1458,Středočeský,CZ020,Praha-východ,CZ0209,Říčany,2122,False
597872,Světlá Hora (okr. Bruntál),1337,1362,Moravskoslezský,CZ080,Bruntál,CZ0801,Bruntál,8103,False
569569,Světlá nad Sázavou (okr. Havlíčkův Brod),6289,6394,Vysočina,CZ063,Havlíčkův Brod,CZ0631,Světlá nad Sázavou,6111,False
586064,Světlá (okr. Blansko),256,253,Jihomoravský,CZ064,Blansko,CZ0641,Boskovice,6202,False
564427,Světlá pod Ještědem (okr. Liberec),972,983,Liberecký,CZ051,Liberec,CZ0513,Liberec,5105,False
545813,Světlík (okr. Český Krumlov),236,234,Jihočeský,CZ031,Český Krumlov,CZ0312,Český Krumlov,3103,False
596841,Světnov (okr. Žďár nad Sázavou),437,449,Vysočina,CZ063,Žďár nad Sázavou,CZ0635,Žďár nad Sázavou,6115,False
569631,Sviadnov (okr. Frýdek-Místek),2252,2229,Moravskoslezský,CZ080,Frýdek-Místek,CZ0802,Frýdek-Místek,8106,False
572331,Svídnice (okr. Chrudim),413,420,Pardubický,CZ053,Chrudim,CZ0531,Chrudim,5304,False
548693,Svídnice (okr. Rychnov nad Kněžnou),168,169,Královéhradecký,CZ052,Rychnov nad Kněžnou,CZ0524,Kostelec nad Orlicí,5208,False
564435,Svijanský Újezd (okr. Liberec),447,443,Liberecký,CZ051,Liberec,CZ0513,Turnov,5109,False
564443,Svijany (okr. Liberec),373,369,Liberecký,CZ051,Liberec,CZ0513,Turnov,5109,False
531812,Svinaře (okr. Beroun),1013,975,Středočeský,CZ020,Beroun,CZ0202,Beroun,2102,False
532908,Svinařov (okr. Kladno),725,734,Středočeský,CZ020,Kladno,CZ0203,Kladno,2109,False
575771,Svinčany (okr. Pardubice),568,589,Pardubický,CZ053,Pardubice,CZ0532,Přelouč,5311,False
582433,Svinošice (okr. Blansko),396,395,Jihomoravský,CZ064,Blansko,CZ0641,Blansko,6201,False
553182,Sviny (okr. Tábor),335,334,Jihočeský,CZ031,Tábor,CZ0317,Soběslav,3110,False
596850,Sviny (okr. Žďár nad Sázavou),118,118,Vysočina,CZ063,Žďár nad Sázavou,CZ0635,Velké Meziříčí,6114,False
582441,Svitávka (okr. Blansko),1965,1925,Jihomoravský,CZ064,Blansko,CZ0641,Boskovice,6202,False
577731,Svitavy (okr. Svitavy),16041,16073,Pardubický,CZ053,Svitavy,CZ0533,Svitavy,5312,False
579734,Svoboda nad Úpou (okr. Trutnov),1923,1951,Královéhradecký,CZ052,Trutnov,CZ0525,Trutnov,5214,False
597881,Svobodné Heřmanice (okr. Bruntál),543,552,Moravskoslezský,CZ080,Bruntál,CZ0801,Bruntál,8103,False
578843,Svojanov (okr. Svitavy),352,355,Pardubický,CZ053,Svitavy,CZ0533,Polička,5310,False
577561,Svojek (okr. Semily),179,182,Liberecký,CZ051,Semily,CZ0514,Jilemnice,5104,False
538850,Svojetice (okr. Praha-východ),1410,1341,Středočeský,CZ020,Praha-východ,CZ0209,Říčany,2122,False
542458,Svojetín (okr. Rakovník),365,362,Středočeský,CZ020,Rakovník,CZ020C,Rakovník,2121,False
546283,Svojkov (okr. Česká Lípa),298,291,Liberecký,CZ051,Česká Lípa,CZ0511,Nový Bor,5106,False
587991,Svojkovice (okr. Jihlava),46,48,Vysočina,CZ063,Jihlava,CZ0632,Telč,6112,False
541176,Svojkovice (okr. Rokycany),500,492,Plzeňský,CZ032,Rokycany,CZ0326,Rokycany,3211,False
533726,Svojšice (okr. Kolín),532,519,Středočeský,CZ020,Kolín,CZ0204,Kolín,2110,False
575780,Svojšice (okr. Pardubice),283,288,Pardubický,CZ053,Pardubice,CZ0532,Přelouč,5311,False
564273,Svojšice (okr. Příbram),113,114,Středočeský,CZ020,Příbram,CZ020B,Příbram,2120,False
561258,Svojšín (okr. Tachov),479,459,Plzeňský,CZ032,Tachov,CZ0327,Stříbro,3213,False
562131,Svor (okr. Česká Lípa),720,710,Liberecký,CZ051,Česká Lípa,CZ0511,Nový Bor,5106,False
563170,Svrabov (okr. Tábor),49,51,Jihočeský,CZ031,Tábor,CZ0317,Tábor,3112,False
596868,Svratka (okr. Žďár nad Sázavou),1358,1367,Vysočina,CZ063,Žďár nad Sázavou,CZ0635,Žďár nad Sázavou,6115,False
572349,Svratouch (okr. Chrudim),905,924,Pardubický,CZ053,Chrudim,CZ0531,Hlinsko,5302,False
571342,Svrkyně (okr. Praha-západ),312,322,Středočeský,CZ020,Praha-západ,CZ020A,Černošice,2105,False
564451,Sychrov (okr. Liberec),223,218,Liberecký,CZ051,Liberec,CZ0513,Turnov,5109,False
542466,Sýkořice (okr. Rakovník),587,584,Středočeský,CZ020,Rakovník,CZ020C,Rakovník,2121,False
582450,Synalov (okr. Brno-venkov),114,118,Jihomoravský,CZ064,Brno-venkov,CZ0643,Tišnov,6217,False
576816,Synkov-Slemeno (okr. Rychnov nad Kněžnou),459,476,Královéhradecký,CZ052,Rychnov nad Kněžnou,CZ0524,Rychnov nad Kněžnou,5213,False
598771,Syrov (okr. Pelhřimov),60,59,Vysočina,CZ063,Pelhřimov,CZ0633,Humpolec,6103,False
571008,Syrovátka (okr. Hradec Králové),467,463,Královéhradecký,CZ052,Hradec Králové,CZ0521,Hradec Králové,5205,False
583936,Syrovice (okr. Brno-venkov),2126,2097,Jihomoravský,CZ064,Brno-venkov,CZ0643,Židlochovice,6221,False
586633,Syrovín (okr. Hodonín),370,357,Jihomoravský,CZ064,Hodonín,CZ0645,Kyjov,6210,False
577570,Syřenov (okr. Semily),245,234,Liberecký,CZ051,Semily,CZ0514,Semily,5107,False
557081,Sytno (okr. Tachov),296,281,Plzeňský,CZ032,Tachov,CZ0327,Stříbro,3213,False
538396,Šabina (okr. Sokolov),394,407,Karlovarský,CZ041,Sokolov,CZ0413,Sokolov,4107,False
594865,Šafov (okr. Znojmo),131,139,Jihomoravský,CZ064,Znojmo,CZ0647,Znojmo,6220,False
584924,Šakvice (okr. Břeclav),1595,1574,Jihomoravský,CZ064,Břeclav,CZ0644,Hustopeče,6207,False
542474,Šanov (okr. Rakovník),566,574,Středočeský,CZ020,Rakovník,CZ020C,Rakovník,2121,False
585807,Šanov (okr. Zlín),473,463,Zlínský,CZ072,Zlín,CZ0724,Luhačovice,7204,False
594873,Šanov (okr. Znojmo),1729,1716,Jihomoravský,CZ064,Znojmo,CZ0647,Znojmo,6220,False
571016,Šaplava (okr. Hradec Králové),110,111,Královéhradecký,CZ052,Hradec Králové,CZ0521,Nový Bydžov,5212,False
593613,Šaratice (okr. Vyškov),1064,1069,Jihomoravský,CZ064,Vyškov,CZ0646,Slavkov u Brna,6215,False
586641,Šardice (okr. Hodonín),2162,2152,Jihomoravský,CZ064,Hodonín,CZ0645,Kyjov,6210,False
573256,Šárovcova Lhota (okr. Jičín),219,214,Královéhradecký,CZ052,Jičín,CZ0522,Jičín,5207,False
585815,Šarovy (okr. Zlín),272,271,Zlínský,CZ072,Zlín,CZ0724,Zlín,7213,False
594881,Šatov (okr. Znojmo),1144,1133,Jihomoravský,CZ064,Znojmo,CZ0647,Znojmo,6220,False
531421,Šebestěnice (okr. Kutná Hora),84,82,Středočeský,CZ020,Kutná Hora,CZ0205,Čáslav,2104,False
582468,Šebetov (okr. Blansko),826,831,Jihomoravský,CZ064,Blansko,CZ0641,Boskovice,6202,False
553204,Šebířov (okr. Tábor),368,353,Jihočeský,CZ031,Tábor,CZ0317,Tábor,3112,False
591807,Šebkovice (okr. Třebíč),499,489,Vysočina,CZ063,Třebíč,CZ0634,Třebíč,6113,False
582476,Šebrov-Kateřina (okr. Blansko),817,845,Jihomoravský,CZ064,Blansko,CZ0641,Blansko,6201,False
581038,Šedivec (okr. Ústí nad Orlicí),212,202,Pardubický,CZ053,Ústí nad Orlicí,CZ0534,Žamberk,5315,False
557188,Šelešovice (okr. Kroměříž),342,342,Zlínský,CZ072,Kroměříž,CZ0721,Kroměříž,7203,False
555614,Šemnice (okr. Karlovy Vary),659,662,Karlovarský,CZ041,Karlovy Vary,CZ0412,Karlovy Vary,4103,False
598798,Šenov (okr. Ostrava-město),6642,6639,Moravskoslezský,CZ080,Ostrava-město,CZ0806,Ostrava,8119,False
554171,Šenov u Nového Jičína (okr. Nový Jičín),2088,2085,Moravskoslezský,CZ080,Nový Jičín,CZ0804,Nový Jičín,8115,False
583944,Šerkovice (okr. Brno-venkov),344,342,Jihomoravský,CZ064,Brno-venkov,CZ0643,Tišnov,6217,False
547654,Šestajovice (okr. Náchod),165,162,Královéhradecký,CZ052,Náchod,CZ0523,Jaroměř,5206,False
538876,Šestajovice (okr. Praha-východ),4220,4199,Středočeský,CZ020,Praha-východ,CZ0209,Brandýs nad Labem-Stará Boleslav,2103,False
532509,Šetějovice (okr. Benešov),71,72,Středočeský,CZ020,Benešov,CZ0201,Vlašim,2125,False
545121,Ševětín (okr. České Budějovice),1388,1367,Jihočeský,CZ031,České Budějovice,CZ0311,České Budějovice,3102,False
510432,Šilheřovice (okr. Opava),1622,1580,Moravskoslezský,CZ080,Opava,CZ0805,Hlučín,8109,False
588008,Šimanov (okr. Jihlava),233,231,Vysočina,CZ063,Jihlava,CZ0632,Jihlava,6105,False
564460,Šimonovice (okr. Liberec),1536,1542,Liberecký,CZ051,Liberec,CZ0513,Liberec,5105,False
560677,Šindelová (okr. Sokolov),296,296,Karlovarský,CZ041,Sokolov,CZ0413,Kraslice,4104,False
598496,Šípy (okr. Rakovník),154,157,Středočeský,CZ020,Rakovník,CZ020C,Rakovník,2121,False
597899,Široká Niva (okr. Bruntál),544,552,Moravskoslezský,CZ080,Bruntál,CZ0801,Bruntál,8103,False
578851,Široký Důl (okr. Svitavy),397,389,Pardubický,CZ053,Svitavy,CZ0533,Polička,5310,False
552950,Šišma (okr. Přerov),210,216,Olomoucký,CZ071,Přerov,CZ0714,Přerov,7109,False
584932,Šitbořice (okr. Břeclav),2124,2126,Jihomoravský,CZ064,Břeclav,CZ0644,Hustopeče,6207,False
596876,Škrdlovice (okr. Žďár nad Sázavou),711,723,Vysočina,CZ063,Žďár nad Sázavou,CZ0635,Žďár nad Sázavou,6115,False
538884,Škvorec (okr. Praha-východ),2269,2259,Středočeský,CZ020,Praha-východ,CZ0209,Brandýs nad Labem-Stará Boleslav,2103,False
551830,Škvořetice (okr. Strakonice),323,315,Jihočeský,CZ031,Strakonice,CZ0316,Blatná,3101,False
583952,Šlapanice (okr. Brno-venkov),7940,7915,Jihomoravský,CZ064,Brno-venkov,CZ0643,Šlapanice,6216,False
532916,Šlapanice (okr. Kladno),206,206,Středočeský,CZ020,Kladno,CZ0203,Slaný,2124,False
569585,Šlapanov (okr. Havlíčkův Brod),800,784,Vysočina,CZ063,Havlíčkův Brod,CZ0631,Havlíčkův Brod,6102,False
570117,Šléglov (okr. Šumperk),40,38,Olomoucký,CZ071,Šumperk,CZ0715,Šumperk,7111,False
562858,Šluknov (okr. Děčín),5569,5629,Ústecký,CZ042,Děčín,CZ0421,Rumburk,4212,False
574511,Šonov (okr. Náchod),292,302,Královéhradecký,CZ052,Náchod,CZ0523,Broumov,5201,False
582484,Šošůvka (okr. Blansko),694,690,Jihomoravský,CZ064,Blansko,CZ0641,Blansko,6201,False
570061,Špičky (okr. Přerov),264,268,Olomoucký,CZ071,Přerov,CZ0714,Hranice,7101,False
579742,Špindlerův Mlýn (okr. Trutnov),1089,1136,Královéhradecký,CZ052,Trutnov,CZ0525,Vrchlabí,5215,False
568333,Štáblovice (okr. Opava),712,713,Moravskoslezský,CZ080,Opava,CZ0805,Opava,8117,False
558427,Šťáhlavy (okr. Plzeň-město),2894,2901,Plzeňský,CZ032,Plzeň-město,CZ0323,Plzeň,3209,False
552011,Štarnov (okr. Olomouc),862,867,Olomoucký,CZ071,Olomouc,CZ0712,Šternberk,7110,False
582492,Štěchov (okr. Blansko),199,193,Jihomoravský,CZ064,Blansko,CZ0641,Boskovice,6202,False
539732,Štěchovice (okr. Praha-západ),2208,2212,Středočeský,CZ020,Praha-západ,CZ020A,Černošice,2105,False
536920,Štěchovice (okr. Strakonice),203,198,Jihočeský,CZ031,Strakonice,CZ0316,Strakonice,3111,False
555622,Štědrá (okr. Karlovy Vary),543,525,Karlovarský,CZ041,Karlovy Vary,CZ0412,Karlovy Vary,4103,False
551856,Štěkeň (okr. Strakonice),891,889,Jihočeský,CZ031,Strakonice,CZ0316,Strakonice,3111,False
591815,Štěměchy (okr. Třebíč),306,306,Vysočina,CZ063,Třebíč,CZ0634,Třebíč,6113,False
558435,Štěnovice (okr. Plzeň-jih),2356,2341,Plzeňský,CZ032,Plzeň-jih,CZ0324,Přeštice,3210,False
539741,Štěnovický Borek (okr. Plzeň-město),629,626,Plzeňský,CZ032,Plzeň-město,CZ0323,Plzeň,3209,False
510483,Štěpánkovice (okr. Opava),3154,3160,Moravskoslezský,CZ080,Opava,CZ0805,Kravaře,8113,False
596884,Štěpánov nad Svratkou (okr. Žďár nad Sázavou),722,716,Vysočina,CZ063,Žďár nad Sázavou,CZ0635,Bystřice nad Pernštejnem,6101,False
505161,Štěpánov (okr. Olomouc),3489,3555,Olomoucký,CZ071,Olomouc,CZ0712,Olomouc,7107,False
583961,Štěpánovice (okr. Brno-venkov),500,493,Jihomoravský,CZ064,Brno-venkov,CZ0643,Tišnov,6217,False
545139,Štěpánovice (okr. České Budějovice),1019,997,Jihočeský,CZ031,České Budějovice,CZ0311,České Budějovice,3102,False
591823,Štěpkov (okr. Třebíč),116,111,Vysočina,CZ063,Třebíč,CZ0634,Moravské Budějovice,6106,False
505188,Šternberk (okr. Olomouc),13207,13239,Olomoucký,CZ071,Olomouc,CZ0712,Šternberk,7110,False
565709,Štětí (okr. Litoměřice),8536,8553,Ústecký,CZ042,Litoměřice,CZ0423,Litoměřice,4205,False
541419,Štětkovice (okr. Příbram),347,351,Středočeský,CZ020,Příbram,CZ020B,Sedlčany,2123,False
566101,Štichov (okr. Plzeň-jih),83,85,Plzeňský,CZ032,Plzeň-jih,CZ0324,Stod,3212,False
578797,Štichovice (okr. Plzeň-sever),119,119,Plzeňský,CZ032,Plzeň-sever,CZ0325,Kralovice,3206,False
571644,Štíhlice (okr. Praha-východ),244,234,Středočeský,CZ020,Praha-východ,CZ0209,Říčany,2122,False
530930,Štipoklasy (okr. Kutná Hora),134,139,Středočeský,CZ020,Kutná Hora,CZ0205,Kutná Hora,2112,False
594890,Štítary (okr. Znojmo),681,664,Jihomoravský,CZ064,Znojmo,CZ0647,Znojmo,6220,False
510491,Štítina (okr. Opava),1281,1282,Moravskoslezský,CZ080,Opava,CZ0805,Opava,8117,False
585831,Štítná nad Vláří-Popov (okr. Zlín),2067,2103,Zlínský,CZ072,Zlín,CZ0724,Valašské Klobouky,7209,False
579343,Štítov (okr. Rokycany),49,51,Plzeňský,CZ032,Rokycany,CZ0326,Rokycany,3211,False
541168,Štíty (okr. Šumperk),1892,1905,Olomoucký,CZ071,Šumperk,CZ0715,Zábřeh,7113,False
569593,Štoky (okr. Havlíčkův Brod),1980,1975,Vysočina,CZ063,Havlíčkův Brod,CZ0631,Havlíčkův Brod,6102,False
599948,Štramberk (okr. Nový Jičín),3478,3470,Moravskoslezský,CZ080,Nový Jičín,CZ0804,Kopřivnice,8112,False
578860,Študlov (okr. Svitavy),111,111,Pardubický,CZ053,Svitavy,CZ0533,Svitavy,5312,False
544931,Študlov (okr. Zlín),478,478,Zlínský,CZ072,Zlín,CZ0724,Valašské Klobouky,7209,False
590096,Šubířov (okr. Prostějov),265,258,Olomoucký,CZ071,Prostějov,CZ0713,Konice,7103,False
550574,Šumavské Hoštice (okr. Prachatice),411,416,Jihočeský,CZ031,Prachatice,CZ0315,Vimperk,3116,False
594903,Šumice (okr. Brno-venkov),325,311,Jihomoravský,CZ064,Brno-venkov,CZ0643,Pohořelice,6213,False
592676,Šumice (okr. Uherské Hradiště),1598,1610,Zlínský,CZ072,Uherské Hradiště,CZ0722,Uherský Brod,7208,False
594911,Šumná (okr. Znojmo),639,625,Jihomoravský,CZ064,Znojmo,CZ0647,Znojmo,6220,False
523704,Šumperk (okr. Šumperk),24444,24735,Olomoucký,CZ071,Šumperk,CZ0715,Šumperk,7111,False
505218,Šumvald (okr. Olomouc),1639,1666,Olomoucký,CZ071,Olomouc,CZ0712,Uničov,7112,False
593621,Švábenice (okr. Vyškov),1052,1037,Jihomoravský,CZ064,Vyškov,CZ0646,Vyškov,6219,False
547255,Švábov (okr. Jihlava),86,89,Vysočina,CZ063,Jihlava,CZ0632,Jihlava,6105,False
557200,Švihov (okr. Klatovy),1673,1666,Plzeňský,CZ032,Klatovy,CZ0322,Klatovy,3205,False
565326,Švihov (okr. Rakovník),74,78,Středočeský,CZ020,Rakovník,CZ020C,Rakovník,2121,False
552046,Tábor (okr. Tábor),34339,34356,Jihočeský,CZ031,Tábor,CZ0317,Tábor,3112,False
531821,Tachlovice (okr. Praha-západ),963,950,Středočeský,CZ020,Praha-západ,CZ020A,Černošice,2105,False
553638,Tachov (okr. Česká Lípa),222,221,Liberecký,CZ051,Česká Lípa,CZ0511,Česká Lípa,5101,False
560715,Tachov (okr. Tachov),14308,14097,Plzeňský,CZ032,Tachov,CZ0327,Tachov,3215,False
549932,Tálín (okr. Písek),172,170,Jihočeský,CZ031,Písek,CZ0314,Písek,3108,False
563820,Tanvald (okr. Jablonec nad Nisou),5941,5970,Liberecký,CZ051,Jablonec nad Nisou,CZ0512,Tanvald,5108,False
586650,Tasov (okr. Hodonín),502,515,Jihomoravský,CZ064,Hodonín,CZ0645,Veselí nad Moravou,6218,False
591831,Tasov (okr. Žďár nad Sázavou),673,673,Vysočina,CZ063,Žďár nad Sázavou,CZ0635,Velké Meziříčí,6114,False
582506,Tasovice (okr. Blansko),73,78,Jihomoravský,CZ064,Blansko,CZ0641,Boskovice,6202,False
594920,Tasovice (okr. Znojmo),1429,1420,Jihomoravský,CZ064,Znojmo,CZ0647,Znojmo,6220,False
568287,Tašov (okr. Ústí nad Labem),138,138,Ústecký,CZ042,Ústí nad Labem,CZ0427,Ústí nad Labem,4214,False
537888,Tatce (okr. Kolín),679,680,Středočeský,CZ020,Kolín,CZ0204,Kolín,2110,False
581046,Tatenice (okr. Ústí nad Orlicí),906,903,Pardubický,CZ053,Ústí nad Orlicí,CZ0534,Lanškroun,5306,False
578983,Tatiná (okr. Plzeň-sever),237,245,Plzeňský,CZ032,Plzeň-sever,CZ0325,Nýřany,3208,False
577596,Tatobity (okr. Semily),626,615,Liberecký,CZ051,Semily,CZ0514,Turnov,5109,False
538663,Tatrovice (okr. Sokolov),166,162,Karlovarský,CZ041,Sokolov,CZ0413,Sokolov,4107,False
594938,Tavíkovice (okr. Znojmo),552,549,Jihomoravský,CZ064,Znojmo,CZ0647,Moravský Krumlov,6212,False
536598,Tchořovice (okr. Strakonice),236,238,Jihočeský,CZ031,Strakonice,CZ0316,Blatná,3101,False
529664,Těchařovice (okr. Příbram),37,40,Středočeský,CZ020,Příbram,CZ020B,Příbram,2120,False
555193,Těchlovice (okr. Děčín),503,497,Ústecký,CZ042,Děčín,CZ0421,Děčín,4202,False
571024,Těchlovice (okr. Hradec Králové),372,365,Královéhradecký,CZ052,Hradec Králové,CZ0521,Hradec Králové,5205,False
561355,Těchobuz (okr. Pelhřimov),77,74,Vysočina,CZ063,Pelhřimov,CZ0633,Pacov,6109,False
581054,Těchonín (okr. Ústí nad Orlicí),604,599,Pardubický,CZ053,Ústí nad Orlicí,CZ0534,Žamberk,5315,False
549649,Tečovice (okr. Zlín),1480,1475,Zlínský,CZ072,Zlín,CZ0724,Zlín,7213,False
530751,Tehov (okr. Benešov),358,342,Středočeský,CZ020,Benešov,CZ0201,Vlašim,2125,False
538892,Tehov (okr. Praha-východ),1196,1169,Středočeský,CZ020,Praha-východ,CZ0209,Říčany,2122,False
599719,Tehovec (okr. Praha-východ),700,671,Středočeský,CZ020,Praha-východ,CZ0209,Říčany,2122,False
588024,Telč (okr. Jihlava),5105,5134,Vysočina,CZ063,Jihlava,CZ0632,Telč,6112,False
578878,Telecí (okr. Svitavy),412,419,Pardubický,CZ053,Svitavy,CZ0533,Polička,5310,False
583979,Telnice (okr. Brno-venkov),1642,1670,Jihomoravský,CZ064,Brno-venkov,CZ0643,Šlapanice,6216,False
568295,Telnice (okr. Ústí nad Labem),704,698,Ústecký,CZ042,Ústí nad Labem,CZ0427,Ústí nad Labem,4214,False
545155,Temelín (okr. České Budějovice),916,905,Jihočeský,CZ031,České Budějovice,CZ0311,Týn nad Vltavou,3115,False
562271,Temešvár (okr. Písek),127,132,Jihočeský,CZ031,Písek,CZ0314,Písek,3108,False
586668,Těmice (okr. Hodonín),904,918,Jihomoravský,CZ064,Hodonín,CZ0645,Kyjov,6210,False
548936,Těmice (okr. Pelhřimov),418,419,Vysočina,CZ063,Pelhřimov,CZ0633,Pelhřimov,6110,False
560189,Těně (okr. Rokycany),308,302,Plzeňský,CZ032,Rokycany,CZ0326,Rokycany,3211,False
555631,Teplá (okr. Cheb),2909,2903,Karlovarský,CZ041,Cheb,CZ0411,Mariánské Lázně,4105,False
519031,Teplice nad Bečvou (okr. Přerov),454,438,Olomoucký,CZ071,Přerov,CZ0714,Hranice,7101,False
574538,Teplice nad Metují (okr. Náchod),1584,1614,Královéhradecký,CZ052,Náchod,CZ0523,Broumov,5201,False
567442,Teplice (okr. Teplice),50856,50912,Ústecký,CZ042,Teplice,CZ0426,Teplice,4213,False
537845,Teplička (okr. Karlovy Vary),103,102,Karlovarský,CZ041,Karlovy Vary,CZ0412,Karlovy Vary,4103,False
530760,Teplýšovice (okr. Benešov),554,552,Středočeský,CZ020,Benešov,CZ0201,Benešov,2101,False
566802,Terešov (okr. Rokycany),183,182,Plzeňský,CZ032,Rokycany,CZ0326,Rokycany,3211,False
586676,Terezín (okr. Hodonín),387,383,Jihomoravský,CZ064,Hodonín,CZ0645,Hodonín,6206,False
565717,Terezín (okr. Litoměřice),2852,2850,Ústecký,CZ042,Litoměřice,CZ0423,Litoměřice,4205,False
599158,Těrlicko (okr. Karviná),4876,4877,Moravskoslezský,CZ080,Karviná,CZ0803,Havířov,8108,False
583995,Těšany (okr. Brno-venkov),1299,1299,Jihomoravský,CZ064,Brno-venkov,CZ0643,Židlochovice,6221,False
505269,Těšetice (okr. Olomouc),1304,1350,Olomoucký,CZ071,Olomouc,CZ0712,Olomouc,7107,False
594946,Těšetice (okr. Znojmo),639,634,Jihomoravský,CZ064,Znojmo,CZ0647,Znojmo,6220,False
546526,Těškov (okr. Rokycany),322,320,Plzeňský,CZ032,Rokycany,CZ0326,Rokycany,3211,False
512745,Těškovice (okr. Opava),817,821,Moravskoslezský,CZ080,Opava,CZ0805,Opava,8117,False
550582,Těšovice (okr. Prachatice),336,320,Jihočeský,CZ031,Prachatice,CZ0315,Prachatice,3109,False
579360,Těšovice (okr. Sokolov),265,269,Karlovarský,CZ041,Sokolov,CZ0413,Sokolov,4107,False
583987,Tetčice (okr. Brno-venkov),1156,1124,Jihomoravský,CZ064,Brno-venkov,CZ0643,Rosice,6214,False
531839,Tetín (okr. Beroun),851,867,Středočeský,CZ020,Beroun,CZ0202,Beroun,2102,False
572756,Tetín (okr. Jičín),156,154,Královéhradecký,CZ052,Jičín,CZ0522,Hořice,5204,False
575810,Tetov (okr. Pardubice),163,167,Pardubický,CZ053,Pardubice,CZ0532,Přelouč,5311,False
599956,Tichá (okr. Nový Jičín),2002,2012,Moravskoslezský,CZ080,Nový Jičín,CZ0804,Frenštát pod Radhoštěm,8105,False
530778,Tichonice (okr. Benešov),213,213,Středočeský,CZ020,Benešov,CZ0201,Vlašim,2125,False
535184,Tichov (okr. Zlín),347,346,Zlínský,CZ072,Zlín,CZ0724,Valašské Klobouky,7209,False
569615,Tis (okr. Havlíčkův Brod),396,399,Vysočina,CZ063,Havlíčkův Brod,CZ0631,Havlíčkův Brod,6102,False
559482,Tis u Blatna (okr. Plzeň-sever),117,108,Plzeňský,CZ032,Plzeň-sever,CZ0325,Kralovice,3206,False
568309,Tisá (okr. Ústí nad Labem),994,1005,Ústecký,CZ042,Ústí nad Labem,CZ0427,Ústí nad Labem,4214,False
599964,Tísek (okr. Nový Jičín),980,976,Moravskoslezský,CZ080,Nový Jičín,CZ0804,Bílovec,8101,False
532592,Tisem (okr. Benešov),219,218,Středočeský,CZ020,Benešov,CZ0201,Benešov,2101,False
533734,Tismice (okr. Kolín),587,585,Středočeský,CZ020,Kolín,CZ0204,Český Brod,2106,False
541621,Tisová (okr. Tachov),542,527,Plzeňský,CZ032,Tachov,CZ0327,Tachov,3215,False
581062,Tisová (okr. Ústí nad Orlicí),628,627,Pardubický,CZ053,Ústí nad Orlicí,CZ0534,Vysoké Mýto,5314,False
572381,Tisovec (okr. Chrudim),360,350,Pardubický,CZ053,Chrudim,CZ0531,Hlinsko,5302,False
535222,Tišice (okr. Mělník),2636,2574,Středočeský,CZ020,Mělník,CZ0206,Neratovice,2117,False
584002,Tišnov (okr. Brno-venkov),9270,9225,Jihomoravský,CZ064,Brno-venkov,CZ0643,Tišnov,6217,False
596892,Tišnovská Nová Ves (okr. Brno-venkov),98,102,Jihomoravský,CZ064,Brno-venkov,CZ0643,Tišnov,6217,False
590100,Tištín (okr. Prostějov),461,468,Olomoucký,CZ071,Prostějov,CZ0713,Prostějov,7108,False
559491,Tlučná (okr. Plzeň-sever),3427,3390,Plzeňský,CZ032,Plzeň-sever,CZ0325,Nýřany,3208,False
554341,Tlumačov (okr. Domažlice),404,403,Plzeňský,CZ032,Domažlice,CZ0321,Domažlice,3202,False
585858,Tlumačov (okr. Zlín),2425,2439,Zlínský,CZ072,Zlín,CZ0724,Otrokovice,7205,False
531847,Tlustice (okr. Beroun),1124,1093,Středočeský,CZ020,Beroun,CZ0202,Hořovice,2108,False
531855,Tmaň (okr. Beroun),1256,1265,Středočeský,CZ020,Beroun,CZ0202,Beroun,2102,False
541427,Tochovice (okr. Příbram),670,654,Středočeský,CZ020,Příbram,CZ020B,Příbram,2120,False
534463,Točník (okr. Beroun),281,269,Středočeský,CZ020,Beroun,CZ0202,Hořovice,2108,False
578614,Tojice (okr. Plzeň-jih),106,107,Plzeňský,CZ032,Plzeň-jih,CZ0324,Nepomuk,3207,False
532541,Tomice (okr. Benešov),122,125,Středočeský,CZ020,Benešov,CZ0201,Vlašim,2125,False
593630,Topolany (okr. Vyškov),382,382,Jihomoravský,CZ064,Vyškov,CZ0646,Vyškov,6219,False
592692,Topolná (okr. Uherské Hradiště),1585,1582,Zlínský,CZ072,Uherské Hradiště,CZ0722,Uherské Hradiště,7207,False
533742,Toušice (okr. Kolín),383,374,Středočeský,CZ020,Kolín,CZ0204,Kolín,2110,False
566829,Toužetín (okr. Louny),264,264,Ústecký,CZ042,Louny,CZ0424,Louny,4207,False
555657,Toužim (okr. Karlovy Vary),3458,3465,Karlovarský,CZ041,Karlovy Vary,CZ0412,Karlovy Vary,4103,False
519146,Tovačov (okr. Přerov),2472,2467,Olomoucký,CZ071,Přerov,CZ0714,Přerov,7109,False
552089,Tovéř (okr. Olomouc),630,653,Olomoucký,CZ071,Olomouc,CZ0712,Olomouc,7107,False
592706,Traplice (okr. Uherské Hradiště),1185,1193,Zlínský,CZ072,Uherské Hradiště,CZ0722,Uherské Hradiště,7207,False
565741,Travčice (okr. Litoměřice),617,609,Ústecký,CZ042,Litoměřice,CZ0423,Litoměřice,4205,False
584011,Trboušany (okr. Brno-venkov),389,389,Jihomoravský,CZ064,Brno-venkov,CZ0643,Ivančice,6208,False
554359,Trhanov (okr. Domažlice),521,512,Plzeňský,CZ032,Domažlice,CZ0321,Domažlice,3202,False
572390,Trhová Kamenice (okr. Chrudim),1007,1016,Pardubický,CZ053,Chrudim,CZ0531,Hlinsko,5302,False
598429,Trhové Dušníky (okr. Příbram),703,726,Středočeský,CZ020,Příbram,CZ020B,Příbram,2120,False
545171,Trhové Sviny (okr. České Budějovice),5292,5262,Jihočeský,CZ031,České Budějovice,CZ0311,Trhové Sviny,3113,False
530816,Trhový Štěpánov (okr. Benešov),1489,1506,Středočeský,CZ020,Benešov,CZ0201,Vlašim,2125,False
553697,Trmice (okr. Ústí nad Labem),3372,3381,Ústecký,CZ042,Ústí nad Labem,CZ0427,Ústí nad Labem,4214,False
591840,Trnava (okr. Třebíč),785,762,Vysočina,CZ063,Třebíč,CZ0634,Třebíč,6113,False
585866,Trnava (okr. Zlín),1167,1178,Zlínský,CZ072,Zlín,CZ0724,Vizovice,7211,False
569755,Trnávka (okr. Nový Jičín),776,774,Moravskoslezský,CZ080,Nový Jičín,CZ0804,Kopřivnice,8112,False
530794,Trnávka (okr. Pardubice),209,204,Pardubický,CZ053,Pardubice,CZ0532,Přelouč,5311,False
576824,Trnov (okr. Rychnov nad Kněžnou),779,763,Královéhradecký,CZ052,Rychnov nad Kněžnou,CZ0524,Dobruška,5202,False
559504,Trnová (okr. Plzeň-sever),980,987,Plzeňský,CZ032,Plzeň-sever,CZ0325,Nýřany,3208,False
598313,Trnová (okr. Praha-západ),622,613,Středočeský,CZ020,Praha-západ,CZ020A,Černošice,2105,False
542407,Trnovany (okr. Litoměřice),481,482,Ústecký,CZ042,Litoměřice,CZ0423,Litoměřice,4205,False
594954,Trnové Pole (okr. Znojmo),115,114,Jihomoravský,CZ064,Znojmo,CZ0647,Moravský Krumlov,6212,False
599999,Trojanovice (okr. Nový Jičín),2710,2758,Moravskoslezský,CZ080,Nový Jičín,CZ0804,Frenštát pod Radhoštěm,8105,False
572403,Trojovice (okr. Chrudim),179,183,Pardubický,CZ053,Chrudim,CZ0531,Chrudim,5304,False
579246,Trokavec (okr. Rokycany),109,111,Plzeňský,CZ032,Rokycany,CZ0326,Rokycany,3211,False
594962,Troskotovice (okr. Brno-venkov),778,749,Jihomoravský,CZ064,Brno-venkov,CZ0643,Pohořelice,6213,False
577600,Troskovice (okr. Semily),77,80,Liberecký,CZ051,Semily,CZ0514,Turnov,5109,False
579751,Trotina (okr. Trutnov),99,95,Královéhradecký,CZ052,Trutnov,CZ0525,Dvůr Králové nad Labem,5203,False
505293,Troubelice (okr. Olomouc),1840,1843,Olomoucký,CZ071,Olomouc,CZ0712,Uničov,7112,False
519651,Troubky (okr. Přerov),1996,2009,Olomoucký,CZ071,Přerov,CZ0714,Přerov,7109,False
589080,Troubky-Zdislavice (okr. Kroměříž),420,420,Zlínský,CZ072,Kroměříž,CZ0721,Kroměříž,7203,False
584029,Troubsko (okr. Brno-venkov),2394,2397,Jihomoravský,CZ064,Brno-venkov,CZ0643,Šlapanice,6216,False
547921,Trpík (okr. Ústí nad Orlicí),85,86,Pardubický,CZ053,Ústí nad Orlicí,CZ0534,Lanškroun,5306,False
578886,Trpín (okr. Svitavy),449,446,Pardubický,CZ053,Svitavy,CZ0533,Polička,5310,False
561291,Trpísty (okr. Tachov),268,271,Plzeňský,CZ032,Tachov,CZ0327,Stříbro,3213,False
569623,Trpišovice (okr. Havlíčkův Brod),164,164,Vysočina,CZ063,Havlíčkův Brod,CZ0631,Světlá nad Sázavou,6111,False
554855,Trstěnice (okr. Cheb),407,418,Karlovarský,CZ041,Cheb,CZ0411,Mariánské Lázně,4105,False
578894,Trstěnice (okr. Svitavy),547,551,Pardubický,CZ053,Svitavy,CZ0533,Litomyšl,5307,False
594971,Trstěnice (okr. Znojmo),514,520,Jihomoravský,CZ064,Znojmo,CZ0647,Moravský Krumlov,6212,False
505366,Tršice (okr. Olomouc),1889,1885,Olomoucký,CZ071,Olomouc,CZ0712,Olomouc,7107,False
533106,Trubín (okr. Beroun),588,584,Středočeský,CZ020,Beroun,CZ0202,Beroun,2102,False
531880,Trubská (okr. Beroun),194,199,Středočeský,CZ020,Beroun,CZ0202,Beroun,2102,False
536512,Truskovice (okr. Strakonice),211,211,Jihočeský,CZ031,Strakonice,CZ0316,Vodňany,3117,False
575828,Trusnov (okr. Pardubice),212,219,Pardubický,CZ053,Pardubice,CZ0532,Holice,5303,False
579025,Trutnov (okr. Trutnov),29337,29607,Královéhradecký,CZ052,Trutnov,CZ0525,Trutnov,5214,False
572616,Tržek (okr. Svitavy),160,159,Pardubický,CZ053,Svitavy,CZ0533,Litomyšl,5307,False
552623,Třanovice (okr. Frýdek-Místek),1111,1101,Moravskoslezský,CZ080,Frýdek-Místek,CZ0802,Frýdek-Místek,8106,False
578908,Třebařov (okr. Svitavy),904,916,Pardubický,CZ053,Svitavy,CZ0533,Moravská Třebová,5308,False
578592,Třebčice (okr. Plzeň-jih),107,115,Plzeňský,CZ032,Plzeň-jih,CZ0324,Nepomuk,3207,False
571041,Třebechovice pod Orebem (okr. Hradec Králové),5907,5869,Královéhradecký,CZ052,Hradec Králové,CZ0521,Hradec Králové,5205,False
563153,Třebějice (okr. Tábor),72,70,Jihočeský,CZ031,Tábor,CZ0317,Soběslav,3110,False
591858,Třebelovice (okr. Třebíč),429,424,Vysočina,CZ063,Třebíč,CZ0634,Moravské Budějovice,6106,False
539023,Třebeň (okr. Cheb),484,475,Karlovarský,CZ041,Cheb,CZ0411,Cheb,4102,False
565768,Třebenice (okr. Litoměřice),1885,1889,Ústecký,CZ042,Litoměřice,CZ0423,Lovosice,4208,False
591866,Třebenice (okr. Třebíč),479,465,Vysočina,CZ063,Třebíč,CZ0634,Třebíč,6113,False
537896,Třebestovice (okr. Nymburk),1334,1358,Středočeský,CZ020,Nymburk,CZ0208,Nymburk,2118,False
532304,Třebešice (okr. Benešov),112,113,Středočeský,CZ020,Benešov,CZ0201,Benešov,2101,False
530981,Třebešice (okr. Kutná Hora),324,311,Středočeský,CZ020,Kutná Hora,CZ0205,Čáslav,2104,False
576832,Třebešov (okr. Rychnov nad Kněžnou),326,327,Královéhradecký,CZ052,Rychnov nad Kněžnou,CZ0524,Rychnov nad Kněžnou,5213,False
562327,Třebětice (okr. Jindřichův Hradec),335,324,Jihočeský,CZ031,Jindřichův Hradec,CZ0313,Dačice,3104,False
589098,Třebětice (okr. Kroměříž),283,284,Zlínský,CZ072,Kroměříž,CZ0721,Holešov,7202,False
530972,Třebětín (okr. Kutná Hora),100,114,Středočeský,CZ020,Kutná Hora,CZ0205,Kutná Hora,2112,False
532959,Třebichovice (okr. Kladno),598,590,Středočeský,CZ020,Kladno,CZ0203,Kladno,2109,False
590266,Třebíč (okr. Třebíč),34476,34530,Vysočina,CZ063,Třebíč,CZ0634,Třebíč,6113,False
579769,Třebihošť (okr. Trutnov),463,460,Královéhradecký,CZ052,Trutnov,CZ0525,Dvůr Králové nad Labem,5203,False
565776,Třebívlice (okr. Litoměřice),841,835,Ústecký,CZ042,Litoměřice,CZ0423,Lovosice,4208,False
532967,Třebíz (okr. Kladno),230,241,Středočeský,CZ020,Kladno,CZ0203,Slaný,2124,False
573612,Třebnouševes (okr. Jičín),297,291,Královéhradecký,CZ052,Jičín,CZ0522,Hořice,5204,False
542504,Třeboc (okr. Rakovník),161,154,Středočeský,CZ020,Rakovník,CZ020C,Rakovník,2121,False
551899,Třebohostice (okr. Strakonice),303,309,Jihočeský,CZ031,Strakonice,CZ0316,Strakonice,3111,False
569101,Třebom (okr. Opava),191,197,Moravskoslezský,CZ080,Opava,CZ0805,Kravaře,8113,False
547336,Třeboň (okr. Jindřichův Hradec),8249,8270,Jihočeský,CZ031,Jindřichův Hradec,CZ0313,Třeboň,3114,False
571741,Třebonín (okr. Kutná Hora),130,133,Středočeský,CZ020,Kutná Hora,CZ0205,Čáslav,2104,False
572985,Třebosice (okr. Pardubice),253,257,Pardubický,CZ053,Pardubice,CZ0532,Pardubice,5309,False
539759,Třebotov (okr. Praha-západ),1531,1516,Středočeský,CZ020,Praha-západ,CZ020A,Černošice,2105,False
581071,Třebovice (okr. Ústí nad Orlicí),819,822,Pardubický,CZ053,Ústí nad Orlicí,CZ0534,Česká Třebová,5301,False
533751,Třebovle (okr. Kolín),575,555,Středočeský,CZ020,Kolín,CZ0204,Kolín,2110,False
541451,Třebsko (okr. Příbram),282,280,Středočeský,CZ020,Příbram,CZ020B,Příbram,2120,False
532975,Třebusice (okr. Kladno),544,522,Středočeský,CZ020,Kladno,CZ0203,Kladno,2109,False
565792,Třebušín (okr. Litoměřice),630,606,Ústecký,CZ042,Litoměřice,CZ0423,Litoměřice,4205,False
597911,Třemešná (okr. Bruntál),870,871,Moravskoslezský,CZ080,Bruntál,CZ0801,Krnov,8114,False
561304,Třemešné (okr. Tachov),359,365,Plzeňský,CZ032,Tachov,CZ0327,Tachov,3215,False
559521,Třemošná (okr. Plzeň-sever),5112,5052,Plzeňský,CZ032,Plzeň-sever,CZ0325,Nýřany,3208,False
572411,Třemošnice (okr. Chrudim),3380,3314,Pardubický,CZ053,Chrudim,CZ0531,Chrudim,5304,False
550311,Třesov (okr. Třebíč),107,104,Vysočina,CZ063,Třebíč,CZ0634,Náměšť nad Oslavou,6107,False
571059,Třesovice (okr. Hradec Králové),272,276,Královéhradecký,CZ052,Hradec Králové,CZ0521,Hradec Králové,5205,False
536679,Třešovice (okr. Strakonice),69,67,Jihočeský,CZ031,Strakonice,CZ0316,Strakonice,3111,False
588032,Třešť (okr. Jihlava),5801,5790,Vysočina,CZ063,Jihlava,CZ0632,Jihlava,6105,False
588041,Třeštice (okr. Jihlava),158,162,Vysočina,CZ063,Jihlava,CZ0632,Jihlava,6105,False
553336,Třeština (okr. Šumperk),410,405,Olomoucký,CZ071,Šumperk,CZ0715,Mohelnice,7106,False
533769,Tři Dvory (okr. Kolín),985,988,Středočeský,CZ020,Kolín,CZ0204,Kolín,2110,False
554880,Tři Sekery (okr. Cheb),1072,1071,Karlovarský,CZ041,Cheb,CZ0411,Mariánské Lázně,4105,False
587753,Tři Studně (okr. Žďár nad Sázavou),106,102,Vysočina,CZ063,Žďár nad Sázavou,CZ0635,Nové Město na Moravě,6108,False
504921,Třibřichy (okr. Chrudim),277,276,Pardubický,CZ053,Chrudim,CZ0531,Chrudim,5304,False
598810,Třinec (okr. Frýdek-Místek),33523,33852,Moravskoslezský,CZ080,Frýdek-Místek,CZ0802,Třinec,8121,False
573639,Třtěnice (okr. Jičín),345,344,Královéhradecký,CZ052,Jičín,CZ0522,Jičín,5207,False
542512,Třtice (okr. Rakovník),525,518,Středočeský,CZ020,Rakovník,CZ020C,Rakovník,2121,False
532983,Tuchlovice (okr. Kladno),2785,2792,Středočeský,CZ020,Kladno,CZ0203,Kladno,2109,False
539767,Tuchoměřice (okr. Praha-západ),1718,1724,Středočeský,CZ020,Praha-západ,CZ020A,Černošice,2105,False
533777,Tuchoraz (okr. Kolín),682,680,Středočeský,CZ020,Kolín,CZ0204,Český Brod,2106,False
566853,Tuchořice (okr. Louny),697,698,Ústecký,CZ042,Louny,CZ0424,Žatec,4216,False
553239,Tučapy (okr. Tábor),818,813,Jihočeský,CZ031,Tábor,CZ0317,Soběslav,3110,False
592714,Tučapy (okr. Uherské Hradiště),265,256,Zlínský,CZ072,Uherské Hradiště,CZ0722,Uherské Hradiště,7207,False
593648,Tučapy (okr. Vyškov),662,658,Jihomoravský,CZ064,Vyškov,CZ0646,Vyškov,6219,False
520047,Tučín (okr. Přerov),435,433,Olomoucký,CZ071,Přerov,CZ0714,Přerov,7109,False
546267,Tuhaň (okr. Česká Lípa),264,261,Liberecký,CZ051,Česká Lípa,CZ0511,Česká Lípa,5101,False
531561,Tuhaň (okr. Mělník),893,855,Středočeský,CZ020,Mělník,CZ0206,Mělník,2114,False
533785,Tuklaty (okr. Kolín),1118,1094,Středočeský,CZ020,Kolín,CZ0204,Český Brod,2106,False
594989,Tulešice (okr. Znojmo),205,201,Jihomoravský,CZ064,Znojmo,CZ0647,Moravský Krumlov,6212,False
572420,Tuněchody (okr. Chrudim),599,608,Pardubický,CZ053,Chrudim,CZ0531,Chrudim,5304,False
534480,Tupadly (okr. Kutná Hora),683,688,Středočeský,CZ020,Kutná Hora,CZ0205,Čáslav,2104,False
529583,Tupadly (okr. Mělník),157,155,Středočeský,CZ020,Mělník,CZ0206,Mělník,2114,False
592722,Tupesy (okr. Uherské Hradiště),1096,1110,Zlínský,CZ072,Uherské Hradiště,CZ0722,Uherské Hradiště,7207,False
575844,Turkovice (okr. Pardubice),330,325,Pardubický,CZ053,Pardubice,CZ0532,Přelouč,5311,False
577626,Turnov (okr. Semily),14607,14577,Liberecký,CZ051,Semily,CZ0514,Turnov,5109,False
551601,Turovec (okr. Tábor),281,284,Jihočeský,CZ031,Tábor,CZ0317,Tábor,3112,False
552836,Turovice (okr. Přerov),253,246,Olomoucký,CZ071,Přerov,CZ0714,Přerov,7109,False
539775,Tursko (okr. Praha-západ),998,993,Středočeský,CZ020,Praha-západ,CZ020A,Černošice,2105,False
573647,Tuř (okr. Jičín),136,135,Královéhradecký,CZ052,Jičín,CZ0522,Jičín,5207,False
539619,Tuřany (okr. Cheb),137,141,Karlovarský,CZ041,Cheb,CZ0411,Cheb,4102,False
532177,Tuřany (okr. Kladno),725,729,Středočeský,CZ020,Kladno,CZ0203,Slaný,2124,False
570982,Tuřice (okr. Mladá Boleslav),516,516,Středočeský,CZ020,Mladá Boleslav,CZ0207,Mladá Boleslav,2115,False
598330,Tušovice (okr. Příbram),102,100,Středočeský,CZ020,Příbram,CZ020B,Příbram,2120,False
576841,Tutleky (okr. Rychnov nad Kněžnou),338,332,Královéhradecký,CZ052,Rychnov nad Kněžnou,CZ0524,Kostelec nad Orlicí,5208,False
553522,Tužice (okr. Klatovy),89,87,Plzeňský,CZ032,Klatovy,CZ0322,Horažďovice,3203,False
586684,Tvarožná Lhota (okr. Hodonín),921,921,Jihomoravský,CZ064,Hodonín,CZ0645,Veselí nad Moravou,6218,False
584037,Tvarožná (okr. Brno-venkov),1355,1370,Jihomoravský,CZ064,Brno-venkov,CZ0643,Šlapanice,6216,False
590118,Tvorovice (okr. Prostějov),288,295,Olomoucký,CZ071,Prostějov,CZ0713,Prostějov,7108,False
594997,Tvořihráz (okr. Znojmo),432,421,Jihomoravský,CZ064,Znojmo,CZ0647,Znojmo,6220,False
551821,Tvrdkov (okr. Bruntál),244,238,Moravskoslezský,CZ080,Bruntál,CZ0801,Rýmařov,8120,False
584941,Tvrdonice (okr. Břeclav),2075,2067,Jihomoravský,CZ064,Břeclav,CZ0644,Břeclav,6204,False
550604,Tvrzice (okr. Prachatice),131,130,Jihočeský,CZ031,Prachatice,CZ0315,Prachatice,3109,False
546534,Týček (okr. Rokycany),262,251,Plzeňský,CZ032,Rokycany,CZ0326,Rokycany,3211,False
558460,Tymákov (okr. Plzeň-město),1089,1075,Plzeňský,CZ032,Plzeň-město,CZ0323,Plzeň,3209,False
570079,Týn nad Bečvou (okr. Přerov),869,854,Olomoucký,CZ071,Přerov,CZ0714,Lipník nad Bečvou,7104,False
545201,Týn nad Vltavou (okr. České Budějovice),7728,7774,Jihočeský,CZ031,České Budějovice,CZ0311,Týn nad Vltavou,3115,False
533807,Týnec nad Labem (okr. Kolín),2173,2211,Středočeský,CZ020,Kolín,CZ0204,Kolín,2110,False
530841,Týnec nad Sázavou (okr. Benešov),5732,5752,Středočeský,CZ020,Benešov,CZ0201,Benešov,2101,False
584959,Týnec (okr. Břeclav),1082,1099,Jihomoravský,CZ064,Břeclav,CZ0644,Břeclav,6204,False
541885,Týnec (okr. Klatovy),365,364,Plzeňský,CZ032,Klatovy,CZ0322,Klatovy,3205,False
576859,Týniště nad Orlicí (okr. Rychnov nad Kněžnou),6133,6148,Královéhradecký,CZ052,Rychnov nad Kněžnou,CZ0524,Kostelec nad Orlicí,5208,False
539929,Týniště (okr. Plzeň-jih),52,54,Plzeňský,CZ032,Plzeň-jih,CZ0324,Přeštice,3210,False
575861,Týnišťko (okr. Ústí nad Orlicí),161,160,Pardubický,CZ053,Ústí nad Orlicí,CZ0534,Vysoké Mýto,5314,False
573655,Úbislavice (okr. Jičín),490,481,Královéhradecký,CZ052,Jičín,CZ0522,Nová Paka,5210,False
585874,Ublo (okr. Zlín),299,298,Zlínský,CZ072,Zlín,CZ0724,Vizovice,7211,False
566161,Úboč (okr. Domažlice),159,155,Plzeňský,CZ032,Domažlice,CZ0321,Domažlice,3202,False
549959,Ubušínek (okr. Žďár nad Sázavou),85,84,Vysočina,CZ063,Žďár nad Sázavou,CZ0635,Bystřice nad Pernštejnem,6101,False
563382,Údlice (okr. Chomutov),1325,1304,Ústecký,CZ042,Chomutov,CZ0422,Chomutov,4203,False
573663,Údrnice (okr. Jičín),332,323,Královéhradecký,CZ052,Jičín,CZ0522,Jičín,5207,False
541214,Uhelná (okr. Jeseník),470,469,Olomoucký,CZ071,Jeseník,CZ0711,Jeseník,7102,False
569640,Uhelná Příbram (okr. Havlíčkův Brod),511,508,Vysočina,CZ063,Havlíčkův Brod,CZ0631,Chotěboř,6104,False
546178,Úherce (okr. Louny),96,101,Ústecký,CZ042,Louny,CZ0424,Louny,4207,False
546411,Úherce (okr. Plzeň-sever),425,435,Plzeňský,CZ032,Plzeň-sever,CZ0325,Nýřany,3208,False
584967,Uherčice (okr. Břeclav),1127,1120,Jihomoravský,CZ064,Břeclav,CZ0644,Hustopeče,6207,False
530697,Úherčice (okr. Chrudim),131,131,Pardubický,CZ053,Chrudim,CZ0531,Chrudim,5304,False
595004,Uherčice (okr. Znojmo),366,359,Jihomoravský,CZ064,Znojmo,CZ0647,Znojmo,6220,False
592005,Uherské Hradiště (okr. Uherské Hradiště),24852,24887,Zlínský,CZ072,Uherské Hradiště,CZ0722,Uherské Hradiště,7207,False
575879,Uhersko (okr. Pardubice),304,412,Pardubický,CZ053,Pardubice,CZ0532,Holice,5303,False
592731,Uherský Brod (okr. Uherské Hradiště),16280,16367,Zlínský,CZ072,Uherské Hradiště,CZ0722,Uherský Brod,7208,False
592749,Uherský Ostroh (okr. Uherské Hradiště),4168,4209,Zlínský,CZ072,Uherské Hradiště,CZ0722,Uherské Hradiště,7207,False
573671,Úhlejov (okr. Jičín),138,137,Královéhradecký,CZ052,Jičín,CZ0522,Hořice,5204,False
568341,Uhlířov (okr. Opava),416,413,Moravskoslezský,CZ080,Opava,CZ0805,Opava,8117,False
533815,Uhlířská Lhota (okr. Kolín),356,350,Středočeský,CZ020,Kolín,CZ0204,Kolín,2110,False
534498,Uhlířské Janovice (okr. Kutná Hora),3114,3131,Středočeský,CZ020,Kutná Hora,CZ0205,Kutná Hora,2112,False
571351,Úholičky (okr. Praha-západ),843,817,Středočeský,CZ020,Praha-západ,CZ020A,Černošice,2105,False
532991,Úhonice (okr. Praha-západ),1301,1280,Středočeský,CZ020,Praha-západ,CZ020A,Černošice,2105,False
548537,Úhořilka (okr. Havlíčkův Brod),53,53,Vysočina,CZ063,Havlíčkův Brod,CZ0631,Havlíčkův Brod,6102,False
572446,Úhřetice (okr. Chrudim),486,492,Pardubický,CZ053,Chrudim,CZ0531,Chrudim,5304,False
575887,Úhřetická Lhota (okr. Pardubice),334,342,Pardubický,CZ053,Pardubice,CZ0532,Pardubice,5309,False
582531,Uhřice (okr. Blansko),295,298,Jihomoravský,CZ064,Blansko,CZ0641,Boskovice,6202,False
586692,Uhřice (okr. Hodonín),769,764,Jihomoravský,CZ064,Hodonín,CZ0645,Kyjov,6210,False
589110,Uhřice (okr. Kroměříž),178,179,Zlínský,CZ072,Kroměříž,CZ0721,Kroměříž,7203,False
550191,Uhřice (okr. Vyškov),266,265,Jihomoravský,CZ064,Vyškov,CZ0646,Bučovice,6205,False
552879,Uhřičice (okr. Přerov),531,535,Olomoucký,CZ071,Přerov,CZ0714,Přerov,7109,False
596906,Uhřínov (okr. Žďár nad Sázavou),402,394,Vysočina,CZ063,Žďár nad Sázavou,CZ0635,Velké Meziříčí,6114,False
533009,Uhy (okr. Kladno),412,407,Středočeský,CZ020,Kladno,CZ0203,Slaný,2124,False
596914,Ujčov (okr. Žďár nad Sázavou),468,461,Vysočina,CZ063,Žďár nad Sázavou,CZ0635,Bystřice nad Pernštejnem,6101,False
566594,Újezd nade Mží (okr. Plzeň-sever),116,117,Plzeňský,CZ032,Plzeň-sever,CZ0325,Nýřany,3208,False
531901,Újezd (okr. Beroun),688,682,Středočeský,CZ020,Beroun,CZ0202,Hořovice,2108,False
554383,Újezd (okr. Domažlice),449,440,Plzeňský,CZ032,Domažlice,CZ0321,Domažlice,3202,False
505501,Újezd (okr. Olomouc),1509,1509,Olomoucký,CZ071,Olomouc,CZ0712,Uničov,7112,False
585882,Újezd (okr. Zlín),1189,1184,Zlínský,CZ072,Zlín,CZ0724,Valašské Klobouky,7209,False
595012,Újezd (okr. Znojmo),105,89,Jihomoravský,CZ064,Znojmo,CZ0647,Znojmo,6220,False
596922,Újezd (okr. Žďár nad Sázavou),302,285,Vysočina,CZ063,Žďár nad Sázavou,CZ0635,Žďár nad Sázavou,6115,False
573680,Újezd pod Troskami (okr. Jičín),329,358,Královéhradecký,CZ052,Jičín,CZ0522,Jičín,5207,False
534692,Újezd u Boskovic (okr. Blansko),453,457,Jihomoravský,CZ064,Blansko,CZ0641,Boskovice,6202,False
584045,Újezd u Brna (okr. Brno-venkov),3422,3375,Jihomoravský,CZ064,Brno-venkov,CZ0643,Šlapanice,6216,False
581089,Újezd u Chocně (okr. Ústí nad Orlicí),337,343,Pardubický,CZ053,Ústí nad Orlicí,CZ0534,Vysoké Mýto,5314,False
582557,Újezd u Černé Hory (okr. Blansko),280,287,Jihomoravský,CZ064,Blansko,CZ0641,Blansko,6201,False
578321,Újezd u Plánice (okr. Klatovy),123,122,Plzeňský,CZ032,Klatovy,CZ0322,Klatovy,3205,False
575909,Újezd u Přelouče (okr. Pardubice),244,232,Pardubický,CZ053,Pardubice,CZ0532,Přelouč,5311,False
584053,Újezd u Rosic (okr. Brno-venkov),277,275,Jihomoravský,CZ064,Brno-venkov,CZ0643,Rosice,6214,False
572888,Újezd u Sezemic (okr. Pardubice),236,235,Pardubický,CZ053,Pardubice,CZ0532,Pardubice,5309,False
546551,Újezd u Svatého Kříže (okr. Rokycany),241,233,Plzeňský,CZ032,Rokycany,CZ0326,Rokycany,3211,False
549908,Újezd u Tišnova (okr. Brno-venkov),151,145,Jihomoravský,CZ064,Brno-venkov,CZ0643,Tišnov,6217,False
507644,Újezdec (okr. Jindřichův Hradec),72,69,Jihočeský,CZ031,Jindřichův Hradec,CZ0313,Jindřichův Hradec,3105,False
599492,Újezdec (okr. Mělník),141,139,Středočeský,CZ020,Mělník,CZ0206,Kralupy nad Vltavou,2111,False
537535,Újezdec (okr. Prachatice),79,81,Jihočeský,CZ031,Prachatice,CZ0315,Prachatice,3109,False
578916,Újezdec (okr. Svitavy),117,118,Pardubický,CZ053,Svitavy,CZ0533,Litomyšl,5307,False
592757,Újezdec (okr. Uherské Hradiště),260,264,Zlínský,CZ072,Uherské Hradiště,CZ0722,Uherské Hradiště,7207,False
567850,Újezdeček (okr. Teplice),866,875,Ústecký,CZ042,Teplice,CZ0426,Teplice,4213,False
570761,Ujkovice (okr. Mladá Boleslav),114,113,Středočeský,CZ020,Mladá Boleslav,CZ0207,Mladá Boleslav,2115,False
536695,Úlehle (okr. Strakonice),92,90,Jihočeský,CZ031,Strakonice,CZ0316,Strakonice,3111,False
573698,Úlibice (okr. Jičín),366,337,Královéhradecký,CZ052,Jičín,CZ0522,Jičín,5207,False
559555,Úlice (okr. Plzeň-sever),485,458,Plzeňský,CZ032,Plzeň-sever,CZ0325,Nýřany,3208,False
534501,Úmonín (okr. Kutná Hora),545,543,Středočeský,CZ020,Kutná Hora,CZ0205,Kutná Hora,2112,False
537900,Úmyslovice (okr. Nymburk),333,331,Středočeský,CZ020,Nymburk,CZ0208,Poděbrady,2119,False
595021,Únanov (okr. Znojmo),1282,1292,Jihomoravský,CZ064,Znojmo,CZ0647,Znojmo,6220,False
596931,Unčín (okr. Žďár nad Sázavou),199,204,Vysočina,CZ063,Žďár nad Sázavou,CZ0635,Bystřice nad Pernštejnem,6101,False
541435,Únehle (okr. Tachov),140,133,Plzeňský,CZ032,Tachov,CZ0327,Stříbro,3213,False
554391,Únějovice (okr. Domažlice),107,107,Plzeňský,CZ032,Domažlice,CZ0321,Domažlice,3202,False
559563,Úněšov (okr. Plzeň-sever),624,628,Plzeňský,CZ032,Plzeň-sever,CZ0325,Nýřany,3208,False
540528,Únětice (okr. Plzeň-jih),166,160,Plzeňský,CZ032,Plzeň-jih,CZ0324,Blovice,3201,False
539805,Únětice (okr. Praha-západ),919,913,Středočeský,CZ020,Praha-západ,CZ020A,Černošice,2105,False
533017,Unhošť (okr. Kladno),5324,5292,Středočeský,CZ020,Kladno,CZ0203,Kladno,2109,False
563951,Únice (okr. Strakonice),63,65,Jihočeský,CZ031,Strakonice,CZ0316,Strakonice,3111,False
505587,Uničov (okr. Olomouc),11060,11237,Olomoucký,CZ071,Olomouc,CZ0712,Uničov,7112,False
582565,Unín (okr. Brno-venkov),237,242,Jihomoravský,CZ064,Brno-venkov,CZ0643,Tišnov,6217,False
584061,Unkovice (okr. Brno-venkov),713,713,Jihomoravský,CZ064,Brno-venkov,CZ0643,Židlochovice,6221,False
579777,Úpice (okr. Trutnov),5379,5448,Královéhradecký,CZ052,Trutnov,CZ0525,Trutnov,5214,False
565806,Úpohlavy (okr. Litoměřice),282,281,Ústecký,CZ042,Litoměřice,CZ0423,Lovosice,4208,False
513717,Urbanice (okr. Hradec Králové),320,317,Královéhradecký,CZ052,Hradec Králové,CZ0521,Hradec Králové,5205,False
575917,Urbanice (okr. Pardubice),61,65,Pardubický,CZ053,Pardubice,CZ0532,Přelouč,5311,False
588067,Urbanov (okr. Jihlava),120,123,Vysočina,CZ063,Jihlava,CZ0632,Telč,6112,False
590126,Určice (okr. Prostějov),1383,1397,Olomoucký,CZ071,Prostějov,CZ0713,Prostějov,7108,False
535494,Úsilné (okr. České Budějovice),497,487,Jihočeský,CZ031,České Budějovice,CZ0311,České Budějovice,3102,False
554405,Úsilov (okr. Domažlice),130,134,Plzeňský,CZ032,Domažlice,CZ0321,Domažlice,3202,False
569658,Úsobí (okr. Havlíčkův Brod),724,704,Vysočina,CZ063,Havlíčkův Brod,CZ0631,Havlíčkův Brod,6102,False
582573,Úsobrno (okr. Blansko),412,418,Jihomoravský,CZ064,Blansko,CZ0641,Boskovice,6202,False
541222,Úsov (okr. Šumperk),1162,1164,Olomoucký,CZ071,Šumperk,CZ0715,Mohelnice,7106,False
554804,Ústí nad Labem (okr. Ústí nad Labem),90035,90866,Ústecký,CZ042,Ústí nad Labem,CZ0427,Ústí nad Labem,4214,False
579891,Ústí nad Orlicí (okr. Ústí nad Orlicí),13988,14011,Pardubický,CZ053,Ústí nad Orlicí,CZ0534,Ústí nad Orlicí,5313,False
588075,Ústí (okr. Jihlava),225,216,Vysočina,CZ063,Jihlava,CZ0632,Jihlava,6105,False
520306,Ústí (okr. Přerov),530,535,Olomoucký,CZ071,Přerov,CZ0714,Hranice,7101,False
570371,Ústí (okr. Vsetín),633,615,Zlínský,CZ072,Vsetín,CZ0723,Vsetín,7212,False
552364,Ústín (okr. Olomouc),491,474,Olomoucký,CZ071,Olomouc,CZ0712,Olomouc,7107,False
599123,Ústrašice (okr. Tábor),406,404,Jihočeský,CZ031,Tábor,CZ0317,Tábor,3112,False
537608,Ústrašín (okr. Pelhřimov),260,258,Vysočina,CZ063,Pelhřimov,CZ0633,Pelhřimov,6110,False
553883,Ústup (okr. Blansko),38,37,Jihomoravský,CZ064,Blansko,CZ0641,Boskovice,6202,False
584070,Úsuší (okr. Brno-venkov),122,125,Jihomoravský,CZ064,Brno-venkov,CZ0643,Tišnov,6217,False
565814,Úštěk (okr. Litoměřice),2830,2844,Ústecký,CZ042,Litoměřice,CZ0423,Litoměřice,4205,False
572624,Útěchov (okr. Svitavy),348,353,Pardubický,CZ053,Svitavy,CZ0533,Moravská Třebová,5308,False
548987,Útěchovice (okr. Pelhřimov),63,64,Vysočina,CZ063,Pelhřimov,CZ0633,Pelhřimov,6110,False
562033,Útěchovice pod Stražištěm (okr. Pelhřimov),104,112,Vysočina,CZ063,Pelhřimov,CZ0633,Pacov,6109,False
537730,Útěchovičky (okr. Pelhřimov),71,69,Vysočina,CZ063,Pelhřimov,CZ0633,Pelhřimov,6110,False
559571,Úterý (okr. Plzeň-sever),434,438,Plzeňský,CZ032,Plzeň-sever,CZ0325,Nýřany,3208,False
558486,Útušice (okr. Plzeň-jih),711,727,Plzeňský,CZ032,Plzeň-jih,CZ0324,Přeštice,3210,False
555681,Útvina (okr. Karlovy Vary),590,580,Karlovarský,CZ041,Karlovy Vary,CZ0412,Karlovy Vary,4103,False
597937,Úvalno (okr. Bruntál),975,983,Moravskoslezský,CZ080,Bruntál,CZ0801,Krnov,8114,False
538957,Úvaly (okr. Praha-východ),7507,7515,Středočeský,CZ020,Praha-východ,CZ0209,Brandýs nad Labem-Stará Boleslav,2103,False
551937,Uzenice (okr. Strakonice),101,102,Jihočeský,CZ031,Strakonice,CZ0316,Blatná,3101,False
536890,Uzeničky (okr. Strakonice),112,116,Jihočeský,CZ031,Strakonice,CZ0316,Blatná,3101,False
534510,Úžice (okr. Kutná Hora),736,741,Středočeský,CZ020,Kutná Hora,CZ0205,Kutná Hora,2112,False
535257,Úžice (okr. Mělník),1133,1144,Středočeský,CZ020,Mělník,CZ0206,Kralupy nad Vltavou,2111,False
586706,Vacenovice (okr. Hodonín),2156,2162,Jihomoravský,CZ064,Hodonín,CZ0645,Kyjov,6210,False
532061,Václavice (okr. Benešov),645,648,Středočeský,CZ020,Benešov,CZ0201,Benešov,2101,False
597945,Václavov u Bruntálu (okr. Bruntál),474,489,Moravskoslezský,CZ080,Bruntál,CZ0801,Bruntál,8103,False
598836,Václavovice (okr. Ostrava-město),2125,2136,Moravskoslezský,CZ080,Ostrava-město,CZ0806,Ostrava,8119,False
565512,Václavy (okr. Rakovník),60,63,Středočeský,CZ020,Rakovník,CZ020C,Rakovník,2121,False
550621,Vacov (okr. Prachatice),1430,1467,Jihočeský,CZ031,Prachatice,CZ0315,Vimperk,3116,False
536504,Vacovice (okr. Strakonice),50,52,Jihočeský,CZ031,Strakonice,CZ0316,Strakonice,3111,False
576875,Val (okr. Rychnov nad Kněžnou),317,303,Královéhradecký,CZ052,Rychnov nad Kněžnou,CZ0524,Dobruška,5202,False
553255,Val (okr. Tábor),253,253,Jihočeský,CZ031,Tábor,CZ0317,Soběslav,3110,False
544949,Valašská Bystřice (okr. Vsetín),2197,2218,Zlínský,CZ072,Vsetín,CZ0723,Rožnov pod Radhoštěm,7206,False
544990,Valašská Polanka (okr. Vsetín),1477,1482,Zlínský,CZ072,Vsetín,CZ0723,Vsetín,7212,False
553026,Valašská Senice (okr. Vsetín),423,423,Zlínský,CZ072,Vsetín,CZ0723,Vsetín,7212,False
585891,Valašské Klobouky (okr. Zlín),4864,4864,Zlínský,CZ072,Zlín,CZ0724,Valašské Klobouky,7209,False
545058,Valašské Meziříčí (okr. Vsetín),22568,22580,Zlínský,CZ072,Vsetín,CZ0723,Valašské Meziříčí,7210,False
545112,Valašské Příkazy (okr. Zlín),313,321,Zlínský,CZ072,Zlín,CZ0724,Valašské Klobouky,7209,False
582581,Valchov (okr. Blansko),471,457,Jihomoravský,CZ064,Blansko,CZ0641,Boskovice,6202,False
573701,Valdice (okr. Jičín),1272,1281,Královéhradecký,CZ052,Jičín,CZ0522,Jičín,5207,False
587699,Valdíkov (okr. Třebíč),118,113,Vysočina,CZ063,Třebíč,CZ0634,Třebíč,6113,False
555690,Valeč (okr. Karlovy Vary),320,326,Karlovarský,CZ041,Karlovy Vary,CZ0412,Karlovy Vary,4103,False
591874,Valeč (okr. Třebíč),873,848,Vysočina,CZ063,Třebíč,CZ0634,Třebíč,6113,False
562874,Valkeřice (okr. Děčín),412,405,Ústecký,CZ042,Děčín,CZ0421,Děčín,4202,False
551783,Valšov (okr. Bruntál),255,253,Moravskoslezský,CZ080,Bruntál,CZ0801,Bruntál,8103,False
584975,Valtice (okr. Břeclav),3568,3580,Jihomoravský,CZ064,Břeclav,CZ0644,Břeclav,6204,False
595039,Valtrovice (okr. Znojmo),410,419,Jihomoravský,CZ064,Znojmo,CZ0647,Znojmo,6220,False
539481,Valy (okr. Cheb),468,487,Karlovarský,CZ041,Cheb,CZ0411,Mariánské Lázně,4105,False
575925,Valy (okr. Pardubice),512,518,Pardubický,CZ053,Pardubice,CZ0532,Přelouč,5311,False
576883,Vamberk (okr. Rychnov nad Kněžnou),4580,4568,Královéhradecký,CZ052,Rychnov nad Kněžnou,CZ0524,Rychnov nad Kněžnou,5213,False
588083,Vanov (okr. Jihlava),82,84,Vysočina,CZ063,Jihlava,CZ0632,Telč,6112,False
582590,Vanovice (okr. Blansko),571,575,Jihomoravský,CZ064,Blansko,CZ0641,Boskovice,6202,False
588091,Vanůvek (okr. Jihlava),40,37,Vysočina,CZ063,Jihlava,CZ0632,Telč,6112,False
592773,Vápenice (okr. Uherské Hradiště),189,190,Zlínský,CZ072,Uherské Hradiště,CZ0722,Uherský Brod,7208,False
541249,Vápenná (okr. Jeseník),1161,1181,Olomoucký,CZ071,Jeseník,CZ0711,Jeseník,7102,False
572454,Vápenný Podol (okr. Chrudim),311,291,Pardubický,CZ053,Chrudim,CZ0531,Chrudim,5304,False
575933,Vápno (okr. Pardubice),122,126,Pardubický,CZ053,Pardubice,CZ0532,Přelouč,5311,False
588105,Vápovice (okr. Jihlava),40,40,Vysočina,CZ063,Jihlava,CZ0632,Telč,6112,False
562882,Varnsdorf (okr. Děčín),14645,14704,Ústecký,CZ042,Děčín,CZ0421,Varnsdorf,4215,False
562211,Varvažov (okr. Písek),197,186,Jihočeský,CZ031,Písek,CZ0314,Písek,3108,False
596949,Vatín (okr. Žďár nad Sázavou),292,304,Vysočina,CZ063,Žďár nad Sázavou,CZ0635,Žďár nad Sázavou,6115,False
582603,Vavřinec (okr. Blansko),916,901,Jihomoravský,CZ064,Blansko,CZ0641,Blansko,6201,False
534528,Vavřinec (okr. Kutná Hora),592,594,Středočeský,CZ020,Kutná Hora,CZ0205,Kutná Hora,2112,False
593664,Vážany nad Litavou (okr. Vyškov),777,766,Jihomoravský,CZ064,Vyškov,CZ0646,Slavkov u Brna,6215,False
582611,Vážany (okr. Blansko),249,243,Jihomoravský,CZ064,Blansko,CZ0641,Boskovice,6202,False
592781,Vážany (okr. Uherské Hradiště),432,430,Zlínský,CZ072,Uherské Hradiště,CZ0722,Uherské Hradiště,7207,False
593656,Vážany (okr. Vyškov),427,434,Jihomoravský,CZ064,Vyškov,CZ0646,Vyškov,6219,False
565865,Vchynice (okr. Litoměřice),307,313,Ústecký,CZ042,Litoměřice,CZ0423,Lovosice,4208,False
572462,Včelákov (okr. Chrudim),562,568,Pardubický,CZ053,Chrudim,CZ0531,Hlinsko,5302,False
545228,Včelná (okr. České Budějovice),2286,2274,Jihočeský,CZ031,České Budějovice,CZ0311,České Budějovice,3102,False
549002,Včelnička (okr. Pelhřimov),271,265,Vysočina,CZ063,Pelhřimov,CZ0633,Pelhřimov,6110,False
596965,Věchnov (okr. Žďár nad Sázavou),321,332,Vysočina,CZ063,Žďár nad Sázavou,CZ0635,Bystřice nad Pernštejnem,6101,False
596957,Věcov (okr. Žďár nad Sázavou),708,706,Vysočina,CZ063,Žďár nad Sázavou,CZ0635,Nové Město na Moravě,6108,False
565831,Vědomice (okr. Litoměřice),975,958,Ústecký,CZ042,Litoměřice,CZ0423,Roudnice nad Labem,4211,False
595047,Vedrovice (okr. Znojmo),914,913,Jihomoravský,CZ064,Znojmo,CZ0647,Moravský Krumlov,6212,False
559580,Vejprnice (okr. Plzeň-sever),4665,4617,Plzeňský,CZ032,Plzeň-sever,CZ0325,Nýřany,3208,False
563404,Vejprty (okr. Chomutov),2750,2766,Ústecký,CZ042,Chomutov,CZ0422,Kadaň,4204,False
560227,Vejvanov (okr. Rokycany),254,251,Plzeňský,CZ032,Rokycany,CZ0326,Rokycany,3211,False
572471,Vejvanovice (okr. Chrudim),294,297,Pardubický,CZ053,Chrudim,CZ0531,Chrudim,5304,False
584096,Velatice (okr. Brno-venkov),774,769,Jihomoravský,CZ064,Brno-venkov,CZ0643,Šlapanice,6216,False
578924,Velečín (okr. Plzeň-sever),71,65,Plzeňský,CZ032,Plzeň-sever,CZ0325,Kralovice,3206,False
592790,Velehrad (okr. Uherské Hradiště),1119,1130,Zlínský,CZ072,Uherské Hradiště,CZ0722,Uherské Hradiště,7207,False
565849,Velemín (okr. Litoměřice),1722,1695,Ústecký,CZ042,Litoměřice,CZ0423,Lovosice,4208,False
566870,Velemyšleves (okr. Louny),360,343,Ústecký,CZ042,Louny,CZ0424,Žatec,4216,False
538965,Veleň (okr. Praha-východ),2072,2036,Středočeský,CZ020,Praha-východ,CZ0209,Brandýs nad Labem-Stará Boleslav,2103,False
562173,Velenice (okr. Česká Lípa),172,175,Liberecký,CZ051,Česká Lípa,CZ0511,Česká Lípa,5101,False
536083,Velenice (okr. Nymburk),222,208,Středočeský,CZ020,Nymburk,CZ0208,Poděbrady,2119,False
534871,Velenka (okr. Nymburk),395,378,Středočeský,CZ020,Nymburk,CZ0208,Nymburk,2118,False
530824,Velenov (okr. Blansko),267,265,Jihomoravský,CZ064,Blansko,CZ0641,Boskovice,6202,False
545821,Velešín (okr. Český Krumlov),3846,3861,Jihočeský,CZ031,Český Krumlov,CZ0312,Kaplice,3106,False
593681,Velešovice (okr. Vyškov),1209,1225,Jihomoravský,CZ064,Vyškov,CZ0646,Slavkov u Brna,6215,False
592803,Veletiny (okr. Uherské Hradiště),543,523,Zlínský,CZ072,Uherské Hradiště,CZ0722,Uherský Brod,7208,False
533823,Veletov (okr. Kolín),262,260,Středočeský,CZ020,Kolín,CZ0204,Kolín,2110,False
557366,Velhartice (okr. Klatovy),858,845,Plzeňský,CZ032,Klatovy,CZ0322,Sušice,3214,False
555703,Velichov (okr. Karlovy Vary),499,501,Karlovarský,CZ041,Karlovy Vary,CZ0412,Ostrov,4106,False
574554,Velichovky (okr. Náchod),777,774,Královéhradecký,CZ052,Náchod,CZ0523,Jaroměř,5206,False
563412,Veliká Ves (okr. Chomutov),328,328,Ústecký,CZ042,Chomutov,CZ0422,Kadaň,4204,False
538973,Veliká Ves (okr. Praha-východ),402,409,Středočeský,CZ020,Praha-východ,CZ0209,Brandýs nad Labem-Stará Boleslav,2103,False
533831,Velim (okr. Kolín),2215,2222,Středočeský,CZ020,Kolín,CZ0204,Kolín,2110,False
575941,Veliny (okr. Pardubice),496,500,Pardubický,CZ053,Pardubice,CZ0532,Holice,5303,False
530867,Veliš (okr. Benešov),354,352,Středočeský,CZ020,Benešov,CZ0201,Vlašim,2125,False
573728,Veliš (okr. Jičín),197,194,Královéhradecký,CZ052,Jičín,CZ0522,Jičín,5207,False
596973,Velká Bíteš (okr. Žďár nad Sázavou),5535,5482,Vysočina,CZ063,Žďár nad Sázavou,CZ0635,Velké Meziříčí,6114,False
542563,Velká Buková (okr. Rakovník),279,280,Středočeský,CZ020,Rakovník,CZ020C,Rakovník,2121,False
562891,Velká Bukovina (okr. Děčín),524,515,Ústecký,CZ042,Děčín,CZ0421,Děčín,4202,False
505609,Velká Bystřice (okr. Olomouc),3736,3779,Olomoucký,CZ071,Olomouc,CZ0712,Olomouc,7107,False
529699,Velká Chmelištná (okr. Rakovník),54,56,Středočeský,CZ020,Rakovník,CZ020C,Rakovník,2121,False
549011,Velká Chyška (okr. Pelhřimov),268,261,Vysočina,CZ063,Pelhřimov,CZ0633,Pacov,6109,False
533025,Velká Dobrá (okr. Kladno),1785,1793,Středočeský,CZ020,Kladno,CZ0203,Kladno,2109,False
539279,Velká Hleďsebe (okr. Cheb),2483,2402,Karlovarský,CZ041,Cheb,CZ0411,Mariánské Lázně,4105,False
574562,Velká Jesenice (okr. Náchod),733,740,Královéhradecký,CZ052,Náchod,CZ0523,Náchod,5209,False
553468,Velká Kraš (okr. Jeseník),725,721,Olomoucký,CZ071,Jeseník,CZ0711,Jeseník,7102,False
513539,Velká Lečice (okr. Příbram),193,201,Středočeský,CZ020,Příbram,CZ020B,Dobříš,2107,False
545147,Velká Lhota (okr. Vsetín),535,532,Zlínský,CZ072,Vsetín,CZ0723,Valašské Meziříčí,7210,False
596981,Velká Losenice (okr. Žďár nad Sázavou),1215,1217,Vysočina,CZ063,Žďár nad Sázavou,CZ0635,Žďár nad Sázavou,6115,False
586714,Velká nad Veličkou (okr. Hodonín),2778,2791,Jihomoravský,CZ064,Hodonín,CZ0645,Veselí nad Moravou,6218,False
510882,Velká Polom (okr. Ostrava-město),2217,2194,Moravskoslezský,CZ080,Ostrava-město,CZ0806,Ostrava,8119,False
581101,Velká Skrovnice (okr. Ústí nad Orlicí),295,305,Pardubický,CZ053,Ústí nad Orlicí,CZ0534,Ústí nad Orlicí,5313,False
551694,Velká Štáhle (okr. Bruntál),330,317,Moravskoslezský,CZ080,Bruntál,CZ0801,Rýmařov,8120,False
536741,Velká Turná (okr. Strakonice),169,174,Jihočeský,CZ031,Strakonice,CZ0316,Strakonice,3111,False
568422,Velké Albrechtice (okr. Nový Jičín),1179,1177,Moravskoslezský,CZ080,Nový Jičín,CZ0804,Bílovec,8101,False
584983,Velké Bílovice (okr. Břeclav),3862,3854,Jihomoravský,CZ064,Břeclav,CZ0644,Břeclav,6204,False
568350,Velké Březno (okr. Ústí nad Labem),2422,2433,Ústecký,CZ042,Ústí nad Labem,CZ0427,Ústí nad Labem,4214,False
555223,Velké Chvojno (okr. Ústí nad Labem),872,880,Ústecký,CZ042,Ústí nad Labem,CZ0427,Ústí nad Labem,4214,False
563838,Velké Hamry (okr. Jablonec nad Nisou),2716,2717,Liberecký,CZ051,Jablonec nad Nisou,CZ0512,Tanvald,5108,False
510891,Velké Heraltice (okr. Opava),1629,1620,Moravskoslezský,CZ080,Opava,CZ0805,Opava,8117,False
584991,Velké Hostěrádky (okr. Břeclav),504,501,Jihomoravský,CZ064,Břeclav,CZ0644,Hustopeče,6207,False
510939,Velké Hoštice (okr. Opava),1846,1829,Moravskoslezský,CZ080,Opava,CZ0805,Opava,8117,False
557374,Velké Hydčice (okr. Klatovy),218,218,Plzeňský,CZ032,Klatovy,CZ0322,Horažďovice,3203,False
596990,Velké Janovice (okr. Žďár nad Sázavou),143,139,Vysočina,CZ063,Žďár nad Sázavou,CZ0635,Bystřice nad Pernštejnem,6101,False
545163,Velké Karlovice (okr. Vsetín),2342,2376,Zlínský,CZ072,Vsetín,CZ0723,Vsetín,7212,False
569453,Velké Kunětice (okr. Jeseník),511,509,Olomoucký,CZ071,Jeseník,CZ0711,Jeseník,7102,False
541265,Velké Losiny (okr. Šumperk),2460,2511,Olomoucký,CZ071,Šumperk,CZ0715,Šumperk,7111,False
597007,Velké Meziříčí (okr. Žďár nad Sázavou),11709,11608,Vysočina,CZ063,Žďár nad Sázavou,CZ0635,Velké Meziříčí,6114,False
585009,Velké Němčice (okr. Břeclav),1886,2070,Jihomoravský,CZ064,Břeclav,CZ0644,Hustopeče,6207,False
582646,Velké Opatovice (okr. Blansko),3410,3457,Jihomoravský,CZ064,Blansko,CZ0641,Boskovice,6202,False
585017,Velké Pavlovice (okr. Břeclav),3112,3100,Jihomoravský,CZ064,Břeclav,CZ0644,Hustopeče,6207,False
574571,Velké Petrovice (okr. Náchod),435,419,Královéhradecký,CZ052,Náchod,CZ0523,Náchod,5209,False
538981,Velké Popovice (okr. Praha-východ),3338,3329,Středočeský,CZ020,Praha-východ,CZ0209,Říčany,2122,False
547646,Velké Poříčí (okr. Náchod),2310,2328,Královéhradecký,CZ052,Náchod,CZ0523,Náchod,5209,False
539813,Velké Přílepy (okr. Praha-západ),3598,3601,Středočeský,CZ020,Praha-západ,CZ020A,Černošice,2105,False
533033,Velké Přítočno (okr. Kladno),1117,1112,Středočeský,CZ020,Kladno,CZ0203,Kladno,2109,False
579785,Velké Svatoňovice (okr. Trutnov),1254,1243,Královéhradecký,CZ052,Trutnov,CZ0525,Trutnov,5214,False
587893,Velké Tresné (okr. Žďár nad Sázavou),98,97,Vysočina,CZ063,Žďár nad Sázavou,CZ0635,Bystřice nad Pernštejnem,6101,False
536857,Velké Všelisy (okr. Mladá Boleslav),409,405,Středočeský,CZ020,Mladá Boleslav,CZ0207,Mladá Boleslav,2115,False
565857,Velké Žernoseky (okr. Litoměřice),507,493,Ústecký,CZ042,Litoměřice,CZ0423,Litoměřice,4205,False
588113,Velký Beranov (okr. Jihlava),1316,1315,Vysočina,CZ063,Jihlava,CZ0632,Jihlava,6105,False
557382,Velký Bor (okr. Klatovy),566,568,Plzeňský,CZ032,Klatovy,CZ0322,Horažďovice,3203,False
535265,Velký Borek (okr. Mělník),1216,1200,Středočeský,CZ020,Mělník,CZ0206,Mělník,2114,False
531910,Velký Chlumec (okr. Beroun),450,431,Středočeský,CZ020,Beroun,CZ0202,Hořovice,2108,False
545325,Velký Karlov (okr. Znojmo),400,407,Jihomoravský,CZ064,Znojmo,CZ0647,Znojmo,6220,False
578002,Velký Luh (okr. Cheb),180,180,Karlovarský,CZ041,Cheb,CZ0411,Cheb,4102,False
554413,Velký Malahov (okr. Domažlice),227,233,Plzeňský,CZ032,Domažlice,CZ0321,Horšovský Týn,3204,False
585912,Velký Ořechov (okr. Zlín),715,725,Zlínský,CZ072,Zlín,CZ0724,Zlín,7213,False
533840,Velký Osek (okr. Kolín),2666,2619,Středočeský,CZ020,Kolín,CZ0204,Kolín,2110,False
562599,Velký Ratmírov (okr. Jindřichův Hradec),232,235,Jihočeský,CZ031,Jindřichův Hradec,CZ0313,Jindřichův Hradec,3105,False
549045,Velký Rybník (okr. Pelhřimov),202,207,Vysočina,CZ063,Pelhřimov,CZ0633,Pelhřimov,6110,False
562912,Velký Šenov (okr. Děčín),1996,2013,Ústecký,CZ042,Děčín,CZ0421,Rumburk,4212,False
574589,Velký Třebešov (okr. Náchod),316,333,Královéhradecký,CZ052,Náchod,CZ0523,Náchod,5209,False
505650,Velký Týnec (okr. Olomouc),3211,3205,Olomoucký,CZ071,Olomouc,CZ0712,Olomouc,7107,False
505668,Velký Újezd (okr. Olomouc),1415,1415,Olomoucký,CZ071,Olomouc,CZ0712,Olomouc,7107,False
562203,Velký Valtinov (okr. Česká Lípa),196,198,Liberecký,CZ051,Česká Lípa,CZ0511,Česká Lípa,5101,False
579793,Velký Vřešťov (okr. Trutnov),252,256,Královéhradecký,CZ052,Trutnov,CZ0525,Dvůr Králové nad Labem,5203,False
552615,Vělopolí (okr. Frýdek-Místek),326,302,Moravskoslezský,CZ080,Frýdek-Místek,CZ0802,Třinec,8121,False
566896,Veltěže (okr. Louny),417,429,Ústecký,CZ042,Louny,CZ0424,Louny,4207,False
533858,Veltruby (okr. Kolín),1467,1471,Středočeský,CZ020,Kolín,CZ0204,Kolín,2110,False
535273,Veltrusy (okr. Mělník),2328,2311,Středočeský,CZ020,Mělník,CZ0206,Kralupy nad Vltavou,2111,False
533041,Velvary (okr. Kladno),3147,3080,Středočeský,CZ020,Kladno,CZ0203,Slaný,2124,False
595055,Vémyslice (okr. Znojmo),687,693,Jihomoravský,CZ064,Znojmo,CZ0647,Moravský Krumlov,6212,False
578932,Vendolí (okr. Svitavy),988,994,Pardubický,CZ053,Svitavy,CZ0533,Svitavy,5312,False
554928,Vendryně (okr. Frýdek-Místek),4511,4507,Moravskoslezský,CZ080,Frýdek-Místek,CZ0802,Třinec,8121,False
569674,Vepříkov (okr. Havlíčkův Brod),346,337,Vysočina,CZ063,Havlíčkův Brod,CZ0631,Chotěboř,6104,False
597015,Vepřová (okr. Žďár nad Sázavou),449,445,Vysočina,CZ063,Žďár nad Sázavou,CZ0635,Žďár nad Sázavou,6115,False
581119,Verměřovice (okr. Ústí nad Orlicí),787,795,Pardubický,CZ053,Ústí nad Orlicí,CZ0534,Žamberk,5315,False
562921,Verneřice (okr. Děčín),1166,1171,Ústecký,CZ042,Děčín,CZ0421,Děčín,4202,False
547743,Vernéřovice (okr. Náchod),318,322,Královéhradecký,CZ052,Náchod,CZ0523,Broumov,5201,False
554146,Vernířovice (okr. Šumperk),196,199,Olomoucký,CZ071,Šumperk,CZ0715,Šumperk,7111,False
552119,Věrovany (okr. Olomouc),1405,1399,Olomoucký,CZ071,Olomouc,CZ0712,Olomouc,7107,False
555711,Verušičky (okr. Karlovy Vary),456,463,Karlovarský,CZ041,Karlovy Vary,CZ0412,Karlovy Vary,4103,False
500259,Veřovice (okr. Nový Jičín),2009,1978,Moravskoslezský,CZ080,Nový Jičín,CZ0804,Frenštát pod Radhoštěm,8105,False
558494,Ves Touškov (okr. Plzeň-jih),332,347,Plzeňský,CZ032,Plzeň-jih,CZ0324,Stod,3212,False
553263,Vesce (okr. Tábor),302,306,Jihočeský,CZ031,Tábor,CZ0317,Soběslav,3110,False
549053,Veselá (okr. Pelhřimov),232,226,Vysočina,CZ063,Pelhřimov,CZ0633,Pelhřimov,6110,False
560235,Veselá (okr. Rokycany),321,320,Plzeňský,CZ032,Rokycany,CZ0326,Rokycany,3211,False
577642,Veselá (okr. Semily),235,238,Liberecký,CZ051,Semily,CZ0514,Semily,5107,False
585921,Veselá (okr. Zlín),860,851,Zlínský,CZ072,Zlín,CZ0724,Vizovice,7211,False
562939,Veselé (okr. Děčín),398,387,Ústecký,CZ042,Děčín,CZ0421,Děčín,4202,False
553271,Veselí nad Lužnicí (okr. Tábor),6492,6515,Jihočeský,CZ031,Tábor,CZ0317,Soběslav,3110,False
586722,Veselí nad Moravou (okr. Hodonín),10574,10623,Jihomoravský,CZ064,Hodonín,CZ0645,Veselí nad Moravou,6218,False
575968,Veselí (okr. Pardubice),400,407,Pardubický,CZ053,Pardubice,CZ0532,Přelouč,5311,False
565725,Veselice (okr. Mladá Boleslav),122,124,Středočeský,CZ020,Mladá Boleslav,CZ0207,Mladá Boleslav,2115,False
549975,Veselíčko (okr. Písek),204,222,Jihočeský,CZ031,Písek,CZ0314,Milevsko,3107,False
520420,Veselíčko (okr. Přerov),922,921,Olomoucký,CZ071,Přerov,CZ0714,Lipník nad Bečvou,7104,False
569682,Veselý Žďár (okr. Havlíčkův Brod),604,607,Vysočina,CZ063,Havlíčkův Brod,CZ0631,Havlíčkův Brod,6102,False
547565,Vestec (okr. Náchod),191,192,Královéhradecký,CZ052,Náchod,CZ0523,Náchod,5209,False
537942,Vestec (okr. Nymburk),359,349,Středočeský,CZ020,Nymburk,CZ0208,Nymburk,2118,False
513458,Vestec (okr. Praha-západ),3252,3195,Středočeský,CZ020,Praha-západ,CZ020A,Černošice,2105,False
597031,Věstín (okr. Žďár nad Sázavou),166,162,Vysočina,CZ063,Žďár nad Sázavou,CZ0635,Bystřice nad Pernštejnem,6101,False
541508,Věšín (okr. Příbram),685,684,Středočeský,CZ020,Příbram,CZ020B,Příbram,2120,False
586731,Věteřov (okr. Hodonín),540,536,Jihomoravský,CZ064,Hodonín,CZ0645,Kyjov,6210,False
588121,Větrný Jeníkov (okr. Jihlava),650,653,Vysočina,CZ063,Jihlava,CZ0632,Jihlava,6105,False
538990,Větrušice (okr. Praha-východ),719,712,Středočeský,CZ020,Praha-východ,CZ0209,Brandýs nad Labem-Stará Boleslav,2103,False
570036,Větřkovice (okr. Opava),793,779,Moravskoslezský,CZ080,Opava,CZ0805,Vítkov,8122,False
545830,Větřní (okr. Český Krumlov),3753,3761,Jihočeský,CZ031,Český Krumlov,CZ0312,Český Krumlov,3103,False
595063,Vevčice (okr. Znojmo),63,67,Jihomoravský,CZ064,Znojmo,CZ0647,Znojmo,6220,False
584100,Veverská Bítýška (okr. Brno-venkov),3521,3512,Jihomoravský,CZ064,Brno-venkov,CZ0643,Kuřim,6209,False
584118,Veverské Knínice (okr. Brno-venkov),975,999,Jihomoravský,CZ064,Brno-venkov,CZ0643,Rosice,6214,False
569691,Věž (okr. Havlíčkův Brod),832,823,Vysočina,CZ063,Havlíčkův Brod,CZ0631,Havlíčkův Brod,6102,False
589128,Věžky (okr. Kroměříž),449,453,Zlínský,CZ072,Kroměříž,CZ0721,Kroměříž,7203,False
552755,Věžky (okr. Přerov),205,207,Olomoucký,CZ071,Přerov,CZ0714,Přerov,7109,False
549061,Věžná (okr. Pelhřimov),138,142,Vysočina,CZ063,Pelhřimov,CZ0633,Pacov,6109,False
597040,Věžná (okr. Žďár nad Sázavou),239,237,Vysočina,CZ063,Žďár nad Sázavou,CZ0635,Bystřice nad Pernštejnem,6101,False
569704,Věžnice (okr. Havlíčkův Brod),453,527,Vysočina,CZ063,Havlíčkův Brod,CZ0631,Havlíčkův Brod,6102,False
588130,Věžnice (okr. Jihlava),157,160,Vysočina,CZ063,Jihlava,CZ0632,Jihlava,6105,False
588148,Věžnička (okr. Jihlava),149,149,Vysočina,CZ063,Jihlava,CZ0632,Jihlava,6105,False
536300,Věžovatá Pláně (okr. Český Krumlov),164,162,Jihočeský,CZ031,Český Krumlov,CZ0312,Český Krumlov,3103,False
590134,Víceměřice (okr. Prostějov),561,574,Olomoucký,CZ071,Prostějov,CZ0713,Prostějov,7108,False
561037,Vícemil (okr. Jindřichův Hradec),69,71,Jihočeský,CZ031,Jindřichův Hradec,CZ0313,Jindřichův Hradec,3105,False
588342,Vícenice (okr. Třebíč),199,203,Vysočina,CZ063,Třebíč,CZ0634,Moravské Budějovice,6106,False
511242,Vícenice u Náměště nad Oslavou (okr. Třebíč),423,420,Vysočina,CZ063,Třebíč,CZ0634,Náměšť nad Oslavou,6107,False
577651,Víchová nad Jizerou (okr. Semily),837,843,Liberecký,CZ051,Semily,CZ0514,Jilemnice,5104,False
590142,Vícov (okr. Prostějov),580,568,Olomoucký,CZ071,Prostějov,CZ0713,Prostějov,7108,False
545198,Vidče (okr. Vsetín),1754,1765,Zlínský,CZ072,Vsetín,CZ0723,Rožnov pod Radhoštěm,7206,False
597058,Vídeň (okr. Žďár nad Sázavou),469,461,Vysočina,CZ063,Žďár nad Sázavou,CZ0635,Velké Meziříčí,6114,False
554421,Vidice (okr. Domažlice),183,184,Plzeňský,CZ032,Domažlice,CZ0321,Horšovský Týn,3204,False
534536,Vidice (okr. Kutná Hora),278,276,Středočeský,CZ020,Kutná Hora,CZ0205,Kutná Hora,2112,False
531936,Vidim (okr. Mělník),129,128,Středočeský,CZ020,Mělník,CZ0206,Mělník,2114,False
578941,Vidlatá Seč (okr. Svitavy),292,299,Pardubický,CZ053,Svitavy,CZ0533,Litomyšl,5307,False
541303,Vidnava (okr. Jeseník),1192,1190,Olomoucký,CZ071,Jeseník,CZ0711,Jeseník,7102,False
573736,Vidochov (okr. Jičín),354,361,Královéhradecký,CZ052,Jičín,CZ0522,Nová Paka,5210,False
597066,Vidonín (okr. Žďár nad Sázavou),174,170,Vysočina,CZ063,Žďár nad Sázavou,CZ0635,Velké Meziříčí,6114,False
535737,Vidov (okr. České Budějovice),599,594,Jihočeský,CZ031,České Budějovice,CZ0311,České Budějovice,3102,False
545210,Vigantice (okr. Vsetín),1078,1088,Zlínský,CZ072,Vsetín,CZ0723,Rožnov pod Radhoštěm,7206,False
553191,Vikantice (okr. Šumperk),66,71,Olomoucký,CZ071,Šumperk,CZ0715,Šumperk,7111,False
569445,Vikýřovice (okr. Šumperk),2290,2289,Olomoucký,CZ071,Šumperk,CZ0715,Šumperk,7111,False
588156,Vílanec (okr. Jihlava),318,315,Vysočina,CZ063,Jihlava,CZ0632,Jihlava,6105,False
574597,Vilantice (okr. Trutnov),203,202,Královéhradecký,CZ052,Trutnov,CZ0525,Dvůr Králové nad Labem,5203,False
563439,Vilémov (okr. Chomutov),641,634,Ústecký,CZ042,Chomutov,CZ0422,Kadaň,4204,False
562947,Vilémov (okr. Děčín),855,859,Ústecký,CZ042,Děčín,CZ0421,Rumburk,4212,False
569712,Vilémov (okr. Havlíčkův Brod),985,975,Vysočina,CZ063,Havlíčkův Brod,CZ0631,Chotěboř,6104,False
568961,Vilémov (okr. Olomouc),436,436,Olomoucký,CZ071,Olomouc,CZ0712,Litovel,7105,False
582654,Vilémovice (okr. Blansko),343,349,Jihomoravský,CZ064,Blansko,CZ0641,Blansko,6201,False
569721,Vilémovice (okr. Havlíčkův Brod),268,267,Vysočina,CZ063,Havlíčkův Brod,CZ0631,Světlá nad Sázavou,6111,False
553280,Vilice (okr. Tábor),151,153,Jihočeský,CZ031,Tábor,CZ0317,Tábor,3112,False
550647,Vimperk (okr. Prachatice),7270,7289,Jihočeský,CZ031,Prachatice,CZ0315,Vimperk,3116,False
571083,Vinary (okr. Hradec Králové),472,471,Královéhradecký,CZ052,Hradec Králové,CZ0521,Nový Bydžov,5212,False
572489,Vinary (okr. Ústí nad Orlicí),136,132,Pardubický,CZ053,Ústí nad Orlicí,CZ0534,Vysoké Mýto,5314,False
534544,Vinaře (okr. Kutná Hora),265,266,Středočeský,CZ020,Kutná Hora,CZ0205,Čáslav,2104,False
534234,Vinařice (okr. Beroun),109,104,Středočeský,CZ020,Beroun,CZ0202,Beroun,2102,False
533050,Vinařice (okr. Kladno),2137,2137,Středočeský,CZ020,Kladno,CZ0203,Kladno,2109,False
566918,Vinařice (okr. Louny),245,242,Ústecký,CZ042,Louny,CZ0424,Louny,4207,False
565628,Vinařice (okr. Mladá Boleslav),290,298,Středočeský,CZ020,Mladá Boleslav,CZ0207,Mladá Boleslav,2115,False
544710,Vincencov (okr. Prostějov),123,120,Olomoucký,CZ071,Prostějov,CZ0713,Prostějov,7108,False
570842,Vinec (okr. Mladá Boleslav),266,263,Středočeský,CZ020,Mladá Boleslav,CZ0207,Mladá Boleslav,2115,False
584126,Viničné Šumice (okr. Brno-venkov),1381,1372,Jihomoravský,CZ064,Brno-venkov,CZ0643,Šlapanice,6216,False
560685,Vintířov (okr. Sokolov),1245,1235,Karlovarský,CZ041,Sokolov,CZ0413,Sokolov,4107,False
597074,Vír (okr. Žďár nad Sázavou),643,659,Vysočina,CZ063,Žďár nad Sázavou,CZ0635,Bystřice nad Pernštejnem,6101,False
573582,Víska (okr. Havlíčkův Brod),187,184,Vysočina,CZ063,Havlíčkův Brod,CZ0631,Chotěboř,6104,False
578959,Víska u Jevíčka (okr. Svitavy),186,184,Pardubický,CZ053,Svitavy,CZ0533,Moravská Třebová,5308,False
582662,Vísky (okr. Blansko),253,255,Jihomoravský,CZ064,Blansko,CZ0641,Boskovice,6202,False
579289,Vísky (okr. Rokycany),61,64,Plzeňský,CZ032,Rokycany,CZ0326,Rokycany,3211,False
507652,Višňová (okr. Jindřichův Hradec),100,99,Jihočeský,CZ031,Jindřichův Hradec,CZ0313,Jindřichův Hradec,3105,False
564494,Višňová (okr. Liberec),1344,1364,Liberecký,CZ051,Liberec,CZ0513,Frýdlant,5102,False
541516,Višňová (okr. Příbram),720,711,Středočeský,CZ020,Příbram,CZ020B,Příbram,2120,False
595071,Višňové (okr. Znojmo),1077,1076,Jihomoravský,CZ064,Znojmo,CZ0647,Znojmo,6220,False
572497,Vítanov (okr. Chrudim),481,477,Pardubický,CZ053,Chrudim,CZ0531,Hlinsko,5302,False
590151,Vitčice (okr. Prostějov),185,182,Olomoucký,CZ071,Prostějov,CZ0713,Prostějov,7108,False
578967,Vítějeves (okr. Svitavy),430,437,Pardubický,CZ053,Svitavy,CZ0533,Svitavy,5312,False
550655,Vitějovice (okr. Prachatice),511,529,Jihočeský,CZ031,Prachatice,CZ0315,Prachatice,3109,False
579815,Vítězná (okr. Trutnov),1498,1499,Královéhradecký,CZ052,Trutnov,CZ0525,Dvůr Králové nad Labem,5203,False
533866,Vitice (okr. Kolín),1191,1184,Středočeský,CZ020,Kolín,CZ0204,Český Brod,2106,False
535893,Vitín (okr. České Budějovice),489,487,Jihočeský,CZ031,České Budějovice,CZ0311,České Budějovice,3102,False
573752,Vitiněves (okr. Jičín),340,332,Královéhradecký,CZ052,Jičín,CZ0522,Jičín,5207,False
511021,Vítkov (okr. Opava),5430,5508,Moravskoslezský,CZ080,Opava,CZ0805,Vítkov,8122,False
577669,Vítkovice (okr. Semily),366,360,Liberecký,CZ051,Semily,CZ0514,Jilemnice,5104,False
589136,Vítonice (okr. Kroměříž),374,385,Zlínský,CZ072,Kroměříž,CZ0721,Bystřice pod Hostýnem,7201,False
595080,Vítonice (okr. Znojmo),287,287,Jihomoravský,CZ064,Znojmo,CZ0647,Znojmo,6220,False
585939,Vizovice (okr. Zlín),4776,4845,Zlínský,CZ072,Zlín,CZ0724,Vizovice,7211,False
534048,Vižina (okr. Beroun),276,275,Středočeský,CZ020,Beroun,CZ0202,Hořovice,2108,False
586994,Vlachova Lhota (okr. Zlín),206,216,Zlínský,CZ072,Zlín,CZ0724,Valašské Klobouky,7209,False
585955,Vlachovice (okr. Zlín),1485,1460,Zlínský,CZ072,Zlín,CZ0724,Valašské Klobouky,7209,False
587869,Vlachovice (okr. Žďár nad Sázavou),128,129,Vysočina,CZ063,Žďár nad Sázavou,CZ0635,Nové Město na Moravě,6108,False
550663,Vlachovo Březí (okr. Prachatice),1738,1750,Jihočeský,CZ031,Prachatice,CZ0315,Prachatice,3109,False
534552,Vlačice (okr. Kutná Hora),251,260,Středočeský,CZ020,Kutná Hora,CZ0205,Čáslav,2104,False
591904,Vladislav (okr. Třebíč),1151,1171,Vysočina,CZ063,Třebíč,CZ0634,Třebíč,6113,False
585025,Vlasatice (okr. Brno-venkov),978,952,Jihomoravský,CZ064,Brno-venkov,CZ0643,Pohořelice,6213,False
598844,Vlastec (okr. Písek),238,234,Jihočeský,CZ031,Písek,CZ0314,Písek,3108,False
534561,Vlastějovice (okr. Kutná Hora),471,471,Středočeský,CZ020,Kutná Hora,CZ0205,Kutná Hora,2112,False
563846,Vlastiboř (okr. Jablonec nad Nisou),142,133,Liberecký,CZ051,Jablonec nad Nisou,CZ0512,Železný Brod,5110,False
553298,Vlastiboř (okr. Tábor),341,332,Jihočeský,CZ031,Tábor,CZ0317,Soběslav,3110,False
564516,Vlastibořice (okr. Liberec),350,355,Liberecký,CZ051,Liberec,CZ0513,Turnov,5109,False
565873,Vlastislav (okr. Litoměřice),167,165,Ústecký,CZ042,Litoměřice,CZ0423,Lovosice,4208,False
530883,Vlašim (okr. Benešov),11329,11434,Středočeský,CZ020,Benešov,CZ0201,Vlašim,2125,False
591912,Vlčatín (okr. Třebíč),147,146,Vysočina,CZ063,Třebíč,CZ0634,Třebíč,6113,False
598640,Vlčetínec (okr. Jindřichův Hradec),51,51,Jihočeský,CZ031,Jindřichův Hradec,CZ0313,Jindřichův Hradec,3105,False
563447,Vlčeves (okr. Tábor),103,104,Jihočeský,CZ031,Tábor,CZ0317,Tábor,3112,False
575984,Vlčí Habřina (okr. Pardubice),331,327,Pardubický,CZ053,Pardubice,CZ0532,Pardubice,5309,False
566691,Vlčí (okr. Plzeň-jih),81,80,Plzeňský,CZ032,Plzeň-jih,CZ0324,Přeštice,3210,False
541346,Vlčice (okr. Jeseník),452,453,Olomoucký,CZ071,Jeseník,CZ0711,Jeseník,7102,False
579823,Vlčice (okr. Trutnov),578,570,Královéhradecký,CZ052,Trutnov,CZ0525,Trutnov,5214,False
581127,Vlčkov (okr. Svitavy),119,110,Pardubický,CZ053,Svitavy,CZ0533,Litomyšl,5307,False
585963,Vlčková (okr. Zlín),422,424,Zlínský,CZ072,Zlín,CZ0724,Zlín,7213,False
579831,Vlčkovice v Podkrkonoší (okr. Trutnov),372,364,Královéhradecký,CZ052,Trutnov,CZ0525,Dvůr Králové nad Labem,5203,False
592820,Vlčnov (okr. Uherské Hradiště),2936,2956,Zlínský,CZ072,Uherské Hradiště,CZ0722,Uherský Brod,7208,False
540706,Vlčtejn (okr. Plzeň-jih),93,96,Plzeňský,CZ032,Plzeň-jih,CZ0324,Blovice,3201,False
533874,Vlkančice (okr. Praha-východ),239,243,Středočeský,CZ020,Praha-východ,CZ0209,Říčany,2122,False
534579,Vlkaneč (okr. Kutná Hora),629,632,Středočeský,CZ020,Kutná Hora,CZ0205,Čáslav,2104,False
566250,Vlkanov (okr. Domažlice),123,120,Plzeňský,CZ032,Domažlice,CZ0321,Domažlice,3202,False
569739,Vlkanov (okr. Havlíčkův Brod),44,50,Vysočina,CZ063,Havlíčkův Brod,CZ0631,Světlá nad Sázavou,6111,False
565571,Vlkava (okr. Mladá Boleslav),493,482,Středočeský,CZ020,Mladá Boleslav,CZ0207,Mladá Boleslav,2115,False
586749,Vlkoš (okr. Hodonín),1007,1027,Jihomoravský,CZ064,Hodonín,CZ0645,Kyjov,6210,False
547433,Vlkoš (okr. Přerov),666,677,Olomoucký,CZ071,Přerov,CZ0714,Přerov,7109,False
535915,Vlkov (okr. České Budějovice),55,49,Jihočeský,CZ031,České Budějovice,CZ0311,České Budějovice,3102,False
574601,Vlkov (okr. Náchod),379,374,Královéhradecký,CZ052,Náchod,CZ0523,Jaroměř,5206,False
553310,Vlkov (okr. Tábor),187,180,Jihočeský,CZ031,Tábor,CZ0317,Soběslav,3110,False
597082,Vlkov (okr. Žďár nad Sázavou),280,282,Vysočina,CZ063,Žďár nad Sázavou,CZ0635,Velké Meziříčí,6114,False
537951,Vlkov pod Oškobrhem (okr. Nymburk),97,96,Středočeský,CZ020,Nymburk,CZ0208,Poděbrady,2119,False
539376,Vlkovice (okr. Cheb),120,122,Karlovarský,CZ041,Cheb,CZ0411,Mariánské Lázně,4105,False
598852,Vlksice (okr. Písek),149,147,Jihočeský,CZ031,Písek,CZ0314,Milevsko,3107,False
586757,Vnorovy (okr. Hodonín),2914,2914,Jihomoravský,CZ064,Hodonín,CZ0645,Veselí nad Moravou,6218,False
559601,Vochov (okr. Plzeň-sever),1989,1853,Plzeňský,CZ032,Plzeň-sever,CZ0325,Nýřany,3208,False
582671,Voděrady (okr. Blansko),558,558,Jihomoravský,CZ064,Blansko,CZ0641,Boskovice,6202,False
576891,Voděrady (okr. Rychnov nad Kněžnou),730,723,Královéhradecký,CZ052,Rychnov nad Kněžnou,CZ0524,Rychnov nad Kněžnou,5213,False
581143,Voděrady (okr. Ústí nad Orlicí),330,332,Pardubický,CZ053,Ústí nad Orlicí,CZ0534,Ústí nad Orlicí,5313,False
553328,Vodice (okr. Tábor),153,154,Jihočeský,CZ031,Tábor,CZ0317,Tábor,3112,False
551953,Vodňany (okr. Strakonice),7464,7383,Jihočeský,CZ031,Strakonice,CZ0316,Vodňany,3117,False
539015,Vodochody (okr. Praha-východ),849,836,Středočeský,CZ020,Praha-východ,CZ0209,Brandýs nad Labem-Stará Boleslav,2103,False
531014,Vodranty (okr. Kutná Hora),82,76,Středočeský,CZ020,Kutná Hora,CZ0205,Čáslav,2104,False
532614,Vodslivy (okr. Benešov),103,104,Středočeský,CZ020,Benešov,CZ0201,Benešov,2101,False
584134,Vohančice (okr. Brno-venkov),194,193,Jihomoravský,CZ064,Brno-venkov,CZ0643,Tišnov,6217,False
530891,Vojkov (okr. Benešov),490,480,Středočeský,CZ020,Benešov,CZ0201,Votice,2126,False
584142,Vojkovice (okr. Brno-venkov),1186,1190,Jihomoravský,CZ064,Brno-venkov,CZ0643,Židlochovice,6221,False
552488,Vojkovice (okr. Frýdek-Místek),800,799,Moravskoslezský,CZ080,Frýdek-Místek,CZ0802,Frýdek-Místek,8106,False
555738,Vojkovice (okr. Karlovy Vary),640,636,Karlovarský,CZ041,Karlovy Vary,CZ0412,Ostrov,4106,False
535290,Vojkovice (okr. Mělník),1055,1039,Středočeský,CZ020,Mělník,CZ0206,Kralupy nad Vltavou,2111,False
562289,Vojníkov (okr. Písek),85,90,Jihočeský,CZ031,Písek,CZ0314,Písek,3108,False
597091,Vojnův Městec (okr. Žďár nad Sázavou),792,803,Vysočina,CZ063,Žďár nad Sázavou,CZ0635,Žďár nad Sázavou,6115,False
549126,Vojslavice (okr. Pelhřimov),103,103,Vysočina,CZ063,Pelhřimov,CZ0633,Humpolec,6103,False
539074,Vojtanov (okr. Cheb),248,254,Karlovarský,CZ041,Cheb,CZ0411,Cheb,4102,False
572501,Vojtěchov (okr. Chrudim),395,392,Pardubický,CZ053,Chrudim,CZ0531,Hlinsko,5302,False
599239,Vokov (okr. Pelhřimov),210,208,Vysočina,CZ063,Pelhřimov,CZ0633,Pelhřimov,6110,False
573761,Volanice (okr. Jičín),231,221,Královéhradecký,CZ052,Jičín,CZ0522,Jičín,5207,False
533882,Volárna (okr. Kolín),554,558,Středočeský,CZ020,Kolín,CZ0204,Kolín,2110,False
550671,Volary (okr. Prachatice),3657,3692,Jihočeský,CZ031,Prachatice,CZ0315,Prachatice,3109,False
560251,Volduchy (okr. Rokycany),1263,1260,Plzeňský,CZ032,Rokycany,CZ0326,Rokycany,3211,False
575992,Voleč (okr. Pardubice),387,387,Pardubický,CZ053,Pardubice,CZ0532,Pardubice,5309,False
541524,Volenice (okr. Příbram),376,374,Středočeský,CZ020,Příbram,CZ020B,Příbram,2120,False
551961,Volenice (okr. Strakonice),580,582,Jihočeský,CZ031,Strakonice,CZ0316,Strakonice,3111,False
588164,Volevčice (okr. Jihlava),70,68,Vysočina,CZ063,Jihlava,CZ0632,Telč,6112,False
546437,Volevčice (okr. Most),135,128,Ústecký,CZ042,Most,CZ0425,Most,4209,False
562220,Volfartice (okr. Česká Lípa),736,738,Liberecký,CZ051,Česká Lípa,CZ0511,Česká Lípa,5101,False
547441,Volfířov (okr. Jindřichův Hradec),736,744,Jihočeský,CZ031,Jindřichův Hradec,CZ0313,Dačice,3104,False
551970,Volyně (okr. Strakonice),3033,3036,Jihočeský,CZ031,Strakonice,CZ0316,Strakonice,3111,False
539830,Vonoklasy (okr. Praha-západ),567,567,Středočeský,CZ020,Praha-západ,CZ020A,Černošice,2105,False
572527,Vortová (okr. Chrudim),234,231,Pardubický,CZ053,Chrudim,CZ0531,Hlinsko,5302,False
530905,Votice (okr. Benešov),4777,4760,Středočeský,CZ020,Benešov,CZ0201,Votice,2126,False
541541,Voznice (okr. Příbram),744,715,Středočeský,CZ020,Příbram,CZ020B,Dobříš,2107,False
545261,Vrábče (okr. České Budějovice),887,868,Jihočeský,CZ031,České Budějovice,CZ0311,České Budějovice,3102,False
581151,Vraclav (okr. Ústí nad Orlicí),749,748,Pardubický,CZ053,Ústí nad Orlicí,CZ0534,Vysoké Mýto,5314,False
586765,Vracov (okr. Hodonín),4528,4496,Jihomoravský,CZ064,Hodonín,CZ0645,Kyjov,6210,False
530913,Vracovice (okr. Benešov),406,403,Středočeský,CZ020,Benešov,CZ0201,Vlašim,2125,False
550019,Vracovice (okr. Znojmo),190,186,Jihomoravský,CZ064,Znojmo,CZ0647,Znojmo,6220,False
548022,Vračovice-Orlov (okr. Ústí nad Orlicí),175,171,Pardubický,CZ053,Ústí nad Orlicí,CZ0534,Vysoké Mýto,5314,False
535303,Vraňany (okr. Mělník),973,998,Středočeský,CZ020,Mělník,CZ0206,Mělník,2114,False
564362,Vrančice (okr. Příbram),178,176,Středočeský,CZ020,Příbram,CZ020B,Příbram,2120,False
539848,Vrané nad Vltavou (okr. Praha-západ),2688,2704,Středočeský,CZ020,Praha-západ,CZ020A,Černošice,2105,False
595098,Vranov nad Dyjí (okr. Znojmo),777,791,Jihomoravský,CZ064,Znojmo,CZ0647,Znojmo,6220,False
530921,Vranov (okr. Benešov),432,430,Středočeský,CZ020,Benešov,CZ0201,Benešov,2101,False
584151,Vranov (okr. Brno-venkov),922,920,Jihomoravský,CZ064,Brno-venkov,CZ0643,Šlapanice,6216,False
579491,Vranov (okr. Tachov),212,207,Plzeňský,CZ032,Tachov,CZ0327,Stříbro,3213,False
578975,Vranová Lhota (okr. Svitavy),427,436,Pardubický,CZ053,Svitavy,CZ0533,Moravská Třebová,5308,False
582689,Vranová (okr. Blansko),407,404,Jihomoravský,CZ064,Blansko,CZ0641,Boskovice,6202,False
585033,Vranovice (okr. Brno-venkov),2426,2446,Jihomoravský,CZ064,Brno-venkov,CZ0643,Pohořelice,6213,False
541567,Vranovice (okr. Příbram),336,331,Středočeský,CZ020,Příbram,CZ020B,Příbram,2120,False
590177,Vranovice-Kelčice (okr. Prostějov),611,617,Olomoucký,CZ071,Prostějov,CZ0713,Prostějov,7108,False
595101,Vranovská Ves (okr. Znojmo),284,294,Jihomoravský,CZ064,Znojmo,CZ0647,Znojmo,6220,False
533068,Vraný (okr. Kladno),780,803,Středočeský,CZ020,Kladno,CZ0203,Slaný,2124,False
595110,Vratěnín (okr. Znojmo),270,273,Jihomoravský,CZ064,Znojmo,CZ0647,Znojmo,6220,False
598879,Vratimov (okr. Ostrava-město),7469,7434,Moravskoslezský,CZ080,Ostrava-město,CZ0806,Ostrava,8119,False
597104,Vratislávka (okr. Brno-venkov),87,89,Jihomoravský,CZ064,Brno-venkov,CZ0643,Tišnov,6217,False
564826,Vrátkov (okr. Kolín),306,296,Středočeský,CZ020,Kolín,CZ0204,Český Brod,2106,False
572021,Vrátno (okr. Mladá Boleslav),160,153,Středočeský,CZ020,Mladá Boleslav,CZ0207,Mladá Boleslav,2115,False
535796,Vráto (okr. České Budějovice),512,505,Jihočeský,CZ031,České Budějovice,CZ0311,České Budějovice,3102,False
531944,Vráž (okr. Beroun),1265,1257,Středočeský,CZ020,Beroun,CZ0202,Beroun,2102,False
549991,Vráž (okr. Písek),324,320,Jihočeský,CZ031,Písek,CZ0314,Písek,3108,False
565881,Vražkov (okr. Litoměřice),444,442,Ústecký,CZ042,Litoměřice,CZ0423,Roudnice nad Labem,4211,False
554910,Vražné (okr. Nový Jičín),848,837,Moravskoslezský,CZ080,Nový Jičín,CZ0804,Odry,8116,False
572292,Vrážné (okr. Svitavy),64,64,Pardubický,CZ053,Svitavy,CZ0533,Moravská Třebová,5308,False
590185,Vrbátky (okr. Prostějov),1728,1729,Olomoucký,CZ071,Prostějov,CZ0713,Prostějov,7108,False
572535,Vrbatův Kostelec (okr. Chrudim),374,374,Pardubický,CZ053,Chrudim,CZ0531,Chrudim,5304,False
533891,Vrbčany (okr. Kolín),424,415,Středočeský,CZ020,Kolín,CZ0204,Kolín,2110,False
585041,Vrbice (okr. Břeclav),1098,1076,Jihomoravský,CZ064,Břeclav,CZ0644,Hustopeče,6207,False
572128,Vrbice (okr. Jičín),165,155,Královéhradecký,CZ052,Jičín,CZ0522,Jičín,5207,False
566675,Vrbice (okr. Karlovy Vary),202,206,Karlovarský,CZ041,Karlovy Vary,CZ0412,Karlovy Vary,4103,False
565890,Vrbice (okr. Litoměřice),600,575,Ústecký,CZ042,Litoměřice,CZ0423,Roudnice nad Labem,4211,False
599611,Vrbice (okr. Nymburk),188,186,Středočeský,CZ020,Nymburk,CZ0208,Poděbrady,2119,False
529915,Vrbice (okr. Prachatice),61,62,Jihočeský,CZ031,Prachatice,CZ0315,Vimperk,3116,False
548707,Vrbice (okr. Rychnov nad Kněžnou),158,154,Královéhradecký,CZ052,Rychnov nad Kněžnou,CZ0524,Kostelec nad Orlicí,5208,False
571431,Vrbičany (okr. Kladno),213,211,Středočeský,CZ020,Kladno,CZ0203,Slaný,2124,False
565903,Vrbičany (okr. Litoměřice),315,314,Ústecký,CZ042,Litoměřice,CZ0423,Lovosice,4208,False
542393,Vrbka (okr. Kroměříž),194,195,Zlínský,CZ072,Kroměříž,CZ0721,Kroměříž,7203,False
566926,Vrbno nad Lesy (okr. Louny),207,206,Ústecký,CZ042,Louny,CZ0424,Louny,4207,False
597961,Vrbno pod Pradědem (okr. Bruntál),4627,4714,Moravskoslezský,CZ080,Bruntál,CZ0801,Bruntál,8103,False
537977,Vrbová Lhota (okr. Nymburk),561,574,Středočeský,CZ020,Nymburk,CZ0208,Poděbrady,2119,False
595128,Vrbovec (okr. Znojmo),1292,1304,Jihomoravský,CZ064,Znojmo,CZ0647,Znojmo,6220,False
579858,Vrchlabí (okr. Trutnov),12028,12102,Královéhradecký,CZ052,Trutnov,CZ0525,Vrchlabí,5215,False
590193,Vrchoslavice (okr. Prostějov),607,606,Olomoucký,CZ071,Prostějov,CZ0713,Prostějov,7108,False
530948,Vrchotovy Janovice (okr. Benešov),1079,1077,Středočeský,CZ020,Benešov,CZ0201,Votice,2126,False
562238,Vrchovany (okr. Česká Lípa),123,119,Liberecký,CZ051,Česká Lípa,CZ0511,Česká Lípa,5101,False
548057,Vrchovnice (okr. Hradec Králové),90,85,Královéhradecký,CZ052,Hradec Králové,CZ0521,Hradec Králové,5205,False
569747,Vrchy (okr. Nový Jičín),223,225,Moravskoslezský,CZ080,Nový Jičín,CZ0804,Odry,8116,False
550001,Vrcovice (okr. Písek),196,194,Jihočeský,CZ031,Písek,CZ0314,Písek,3108,False
558559,Vrčeň (okr. Plzeň-jih),408,386,Plzeňský,CZ032,Plzeň-jih,CZ0324,Nepomuk,3207,False
534587,Vrdy (okr. Kutná Hora),3104,3118,Středočeský,CZ020,Kutná Hora,CZ0205,Čáslav,2104,False
557455,Vrhaveč (okr. Klatovy),930,930,Plzeňský,CZ032,Klatovy,CZ0322,Klatovy,3205,False
566934,Vroutek (okr. Louny),1860,1854,Ústecký,CZ042,Louny,CZ0424,Podbořany,4210,False
563463,Vrskmaň (okr. Chomutov),368,353,Ústecký,CZ042,Chomutov,CZ0422,Chomutov,4203,False
573795,Vršce (okr. Jičín),237,246,Královéhradecký,CZ052,Jičín,CZ0522,Jičín,5207,False
546887,Vršovice (okr. Louny),248,246,Ústecký,CZ042,Louny,CZ0424,Louny,4207,False
511161,Vršovice (okr. Opava),526,521,Moravskoslezský,CZ080,Opava,CZ0805,Opava,8117,False
574627,Vršovka (okr. Náchod),148,147,Královéhradecký,CZ052,Náchod,CZ0523,Nové Město nad Metují,5211,False
565911,Vrutice (okr. Litoměřice),321,318,Ústecký,CZ042,Litoměřice,CZ0423,Litoměřice,4205,False
568244,Vřesina (okr. Opava),1674,1679,Moravskoslezský,CZ080,Opava,CZ0805,Hlučín,8109,False
500291,Vřesina (okr. Ostrava-město),2819,2820,Moravskoslezský,CZ080,Ostrava-město,CZ0806,Ostrava,8119,False
566055,Vřeskovice (okr. Klatovy),343,337,Plzeňský,CZ032,Klatovy,CZ0322,Klatovy,3205,False
549029,Vřesník (okr. Jičín),102,103,Královéhradecký,CZ052,Jičín,CZ0522,Hořice,5204,False
560707,Vřesová (okr. Sokolov),430,420,Karlovarský,CZ041,Sokolov,CZ0413,Sokolov,4107,False
586773,Vřesovice (okr. Hodonín),586,583,Jihomoravský,CZ064,Hodonín,CZ0645,Kyjov,6210,False
590207,Vřesovice (okr. Prostějov),580,579,Olomoucký,CZ071,Prostějov,CZ0713,Prostějov,7108,False
541630,Vsetín (okr. Vsetín),24974,25185,Zlínský,CZ072,Vsetín,CZ0723,Vsetín,7212,False
558567,Vstiš (okr. Plzeň-jih),575,576,Plzeňský,CZ032,Plzeň-jih,CZ0324,Stod,3212,False
532266,Všechlapy (okr. Benešov),122,116,Středočeský,CZ020,Benešov,CZ0201,Vlašim,2125,False
537985,Všechlapy (okr. Nymburk),833,841,Středočeský,CZ020,Nymburk,CZ0208,Nymburk,2118,False
584169,Všechovice (okr. Brno-venkov),278,268,Jihomoravský,CZ064,Brno-venkov,CZ0643,Tišnov,6217,False
521531,Všechovice (okr. Přerov),893,900,Olomoucký,CZ071,Přerov,CZ0714,Hranice,7101,False
563471,Všehrdy (okr. Chomutov),143,153,Ústecký,CZ042,Chomutov,CZ0422,Chomutov,4203,False
566497,Všehrdy (okr. Plzeň-sever),56,57,Plzeňský,CZ032,Plzeň-sever,CZ0325,Kralovice,3206,False
536938,Všejany (okr. Mladá Boleslav),725,714,Středočeský,CZ020,Mladá Boleslav,CZ0207,Mladá Boleslav,2115,False
566071,Všekary (okr. Plzeň-jih),106,104,Plzeňský,CZ032,Plzeň-jih,CZ0324,Stod,3212,False
564532,Všelibice (okr. Liberec),658,650,Liberecký,CZ051,Liberec,CZ0513,Liberec,5105,False
585971,Všemina (okr. Zlín),1141,1147,Zlínský,CZ072,Zlín,CZ0724,Vizovice,7211,False
545287,Všemyslice (okr. České Budějovice),1204,1190,Jihočeský,CZ031,České Budějovice,CZ0311,Týn nad Vltavou,3115,False
577677,Všeň (okr. Semily),612,617,Liberecký,CZ051,Semily,CZ0514,Turnov,5109,False
566799,Všenice (okr. Rokycany),298,289,Plzeňský,CZ032,Rokycany,CZ0326,Rokycany,3211,False
539856,Všenory (okr. Praha-západ),1778,1746,Středočeský,CZ020,Praha-západ,CZ020A,Černošice,2105,False
554448,Všepadly (okr. Domažlice),46,48,Plzeňský,CZ032,Domažlice,CZ0321,Domažlice,3202,False
531952,Všeradice (okr. Beroun),480,498,Středočeský,CZ020,Beroun,CZ0202,Beroun,2102,False
572543,Všeradov (okr. Chrudim),132,137,Pardubický,CZ053,Chrudim,CZ0531,Hlinsko,5302,False
554456,Všeruby (okr. Domažlice),806,810,Plzeňský,CZ032,Domažlice,CZ0321,Domažlice,3202,False
559628,Všeruby (okr. Plzeň-sever),1746,1716,Plzeňský,CZ032,Plzeň-sever,CZ0325,Nýřany,3208,False
571091,Všestary (okr. Hradec Králové),1770,1782,Královéhradecký,CZ052,Hradec Králové,CZ0521,Hradec Králové,5205,False
539031,Všestary (okr. Praha-východ),1044,1009,Středočeský,CZ020,Praha-východ,CZ0209,Říčany,2122,False
563480,Všestudy (okr. Chomutov),186,176,Ústecký,CZ042,Chomutov,CZ0422,Chomutov,4203,False
535311,Všestudy (okr. Mělník),459,434,Středočeský,CZ020,Mělník,CZ0206,Kralupy nad Vltavou,2111,False
565130,Všesulov (okr. Rakovník),107,106,Středočeský,CZ020,Rakovník,CZ020C,Rakovník,2121,False
535320,Všetaty (okr. Mělník),2495,2506,Středočeský,CZ020,Mělník,CZ0206,Neratovice,2117,False
542598,Všetaty (okr. Rakovník),310,313,Středočeský,CZ020,Rakovník,CZ020C,Rakovník,2121,False
598437,Vševily (okr. Příbram),140,141,Středočeský,CZ020,Příbram,CZ020B,Příbram,2120,False
591939,Výčapy (okr. Třebíč),865,855,Vysočina,CZ063,Třebíč,CZ0634,Třebíč,6113,False
562629,Vydří (okr. Jindřichův Hradec),118,122,Jihočeský,CZ031,Jindřichův Hradec,CZ0313,Jindřichův Hradec,3105,False
537993,Vykáň (okr. Nymburk),438,432,Středočeský,CZ020,Nymburk,CZ0208,Lysá nad Labem,2113,False
549134,Vyklantice (okr. Pelhřimov),142,147,Vysočina,CZ063,Pelhřimov,CZ0633,Pacov,6109,False
547450,Výkleky (okr. Přerov),289,288,Olomoucký,CZ071,Přerov,CZ0714,Přerov,7109,False
581178,Výprachtice (okr. Ústí nad Orlicí),947,960,Pardubický,CZ053,Ústí nad Orlicí,CZ0534,Lanškroun,5306,False
571105,Výrava (okr. Hradec Králové),447,447,Královéhradecký,CZ052,Hradec Králové,CZ0521,Hradec Králové,5205,False
566969,Výrov (okr. Plzeň-sever),458,466,Plzeňský,CZ032,Plzeň-sever,CZ0325,Kralovice,3206,False
595136,Výrovice (okr. Znojmo),188,174,Jihomoravský,CZ064,Znojmo,CZ0647,Znojmo,6220,False
577685,Vyskeř (okr. Semily),406,405,Liberecký,CZ051,Semily,CZ0514,Turnov,5109,False
588172,Vyskytná nad Jihlavou (okr. Jihlava),979,969,Vysočina,CZ063,Jihlava,CZ0632,Jihlava,6105,False
549142,Vyskytná (okr. Pelhřimov),707,729,Vysočina,CZ063,Pelhřimov,CZ0633,Pelhřimov,6110,False
563498,Výsluní (okr. Chomutov),299,295,Ústecký,CZ042,Chomutov,CZ0422,Chomutov,4203,False
582701,Vysočany (okr. Blansko),766,785,Jihomoravský,CZ064,Blansko,CZ0641,Blansko,6201,False
595144,Vysočany (okr. Znojmo),88,89,Jihomoravský,CZ064,Znojmo,CZ0647,Znojmo,6220,False
572551,Vysočina (okr. Chrudim),699,701,Pardubický,CZ053,Chrudim,CZ0531,Hlinsko,5302,False
561771,Vysoká Lhota (okr. Pelhřimov),16,16,Vysočina,CZ063,Pelhřimov,CZ0633,Pacov,6109,False
530280,Vysoká Libyně (okr. Plzeň-sever),202,212,Plzeňský,CZ032,Plzeň-sever,CZ0325,Kralovice,3206,False
571113,Vysoká nad Labem (okr. Hradec Králové),1804,1822,Královéhradecký,CZ052,Hradec Králové,CZ0521,Hradec Králové,5205,False
597970,Vysoká (okr. Bruntál),322,323,Moravskoslezský,CZ080,Bruntál,CZ0801,Krnov,8114,False
530654,Vysoká (okr. Havlíčkův Brod),277,264,Vysočina,CZ063,Havlíčkův Brod,CZ0631,Havlíčkův Brod,6102,False
535338,Vysoká (okr. Mělník),937,917,Středočeský,CZ020,Mělník,CZ0206,Mělník,2114,False
578991,Vysoká (okr. Svitavy),43,39,Pardubický,CZ053,Svitavy,CZ0533,Moravská Třebová,5308,False
563501,Vysoká Pec (okr. Chomutov),1188,1173,Ústecký,CZ042,Chomutov,CZ0422,Chomutov,4203,False
578029,Vysoká Pec (okr. Karlovy Vary),340,349,Karlovarský,CZ041,Karlovy Vary,CZ0412,Karlovy Vary,4103,False
574635,Vysoká Srbská (okr. Náchod),290,291,Královéhradecký,CZ052,Náchod,CZ0523,Náchod,5209,False
541583,Vysoká u Příbramě (okr. Příbram),365,361,Středočeský,CZ020,Příbram,CZ020B,Příbram,2120,False
576000,Vysoké Chvojno (okr. Pardubice),456,439,Pardubický,CZ053,Pardubice,CZ0532,Holice,5303,False
581186,Vysoké Mýto (okr. Ústí nad Orlicí),12849,12560,Pardubický,CZ053,Ústí nad Orlicí,CZ0534,Vysoké Mýto,5314,False
577693,Vysoké nad Jizerou (okr. Semily),1263,1278,Liberecký,CZ051,Semily,CZ0514,Semily,5107,False
588334,Vysoké (okr. Žďár nad Sázavou),211,205,Vysočina,CZ063,Žďár nad Sázavou,CZ0635,Žďár nad Sázavou,6115,False
585980,Vysoké Pole (okr. Zlín),855,855,Zlínský,CZ072,Zlín,CZ0724,Valašské Klobouky,7209,False
584177,Vysoké Popovice (okr. Brno-venkov),763,777,Jihomoravský,CZ064,Brno-venkov,CZ0643,Rosice,6214,False
588181,Vysoké Studnice (okr. Jihlava),425,418,Vysočina,CZ063,Jihlava,CZ0632,Jihlava,6105,False
573809,Vysoké Veselí (okr. Jičín),889,883,Královéhradecký,CZ052,Jičín,CZ0522,Jičín,5207,False
574643,Vysokov (okr. Náchod),534,529,Královéhradecký,CZ052,Náchod,CZ0523,Náchod,5209,False
541591,Vysoký Chlumec (okr. Příbram),790,803,Středočeský,CZ020,Příbram,CZ020B,Sedlčany,2123,False
513482,Vysoký Újezd (okr. Benešov),192,189,Středočeský,CZ020,Benešov,CZ0201,Benešov,2101,False
531961,Vysoký Újezd (okr. Beroun),2137,1995,Středočeský,CZ020,Beroun,CZ0202,Beroun,2102,False
548677,Vysoký Újezd (okr. Hradec Králové),109,108,Královéhradecký,CZ052,Hradec Králové,CZ0521,Hradec Králové,5205,False
588199,Vystrčenovice (okr. Jihlava),125,124,Vysočina,CZ063,Jihlava,CZ0632,Telč,6112,False
561797,Vystrkov (okr. Pelhřimov),271,269,Vysočina,CZ063,Pelhřimov,CZ0633,Humpolec,6103,False
576018,Vyšehněvice (okr. Pardubice),258,258,Pardubický,CZ053,Pardubice,CZ0532,Přelouč,5311,False
570095,Vyšehoří (okr. Šumperk),284,277,Olomoucký,CZ071,Šumperk,CZ0715,Zábřeh,7113,False
539040,Vyšehořovice (okr. Praha-východ),682,696,Středočeský,CZ020,Praha-východ,CZ0209,Brandýs nad Labem-Stará Boleslav,2103,False
566951,Výškov (okr. Louny),474,461,Ústecký,CZ042,Louny,CZ0424,Louny,4207,False
592889,Vyškov (okr. Vyškov),20664,20645,Jihomoravský,CZ064,Vyškov,CZ0646,Vyškov,6219,False
592838,Vyškovec (okr. Uherské Hradiště),187,180,Zlínský,CZ072,Uherské Hradiště,CZ0722,Uherský Brod,7208,False
552682,Vyšní Lhoty (okr. Frýdek-Místek),903,896,Moravskoslezský,CZ080,Frýdek-Místek,CZ0802,Frýdek-Místek,8106,False
590215,Výšovice (okr. Prostějov),630,604,Olomoucký,CZ071,Prostějov,CZ0713,Prostějov,7108,False
545848,Vyšší Brod (okr. Český Krumlov),2649,2597,Jihočeský,CZ031,Český Krumlov,CZ0312,Český Krumlov,3103,False
564796,Výžerky (okr. Praha-východ),183,175,Středočeský,CZ020,Praha-východ,CZ0209,Říčany,2122,False
547841,Vyžice (okr. Chrudim),249,246,Pardubický,CZ053,Chrudim,CZ0531,Chrudim,5304,False
533904,Vyžlovka (okr. Praha-východ),857,823,Středočeský,CZ020,Praha-východ,CZ0209,Říčany,2122,False
571415,Xaverov (okr. Benešov),57,57,Středočeský,CZ020,Benešov,CZ0201,Benešov,2101,False
547514,Zábeštní Lhota (okr. Přerov),175,177,Olomoucký,CZ071,Přerov,CZ0714,Přerov,7109,False
508683,Záblatí (okr. Jindřichův Hradec),103,102,Jihočeský,CZ031,Jindřichův Hradec,CZ0313,Třeboň,3114,False
550680,Záblatí (okr. Prachatice),335,313,Jihočeský,CZ031,Prachatice,CZ0315,Prachatice,3109,False
597112,Záblatí (okr. Žďár nad Sázavou),275,280,Vysočina,CZ063,Žďár nad Sázavou,CZ0635,Velké Meziříčí,6114,False
588202,Záborná (okr. Jihlava),246,250,Vysočina,CZ063,Jihlava,CZ0632,Jihlava,6105,False
534595,Záboří nad Labem (okr. Kutná Hora),832,825,Středočeský,CZ020,Kutná Hora,CZ0205,Kutná Hora,2112,False
545317,Záboří (okr. České Budějovice),373,366,Jihočeský,CZ031,České Budějovice,CZ0311,České Budějovice,3102,False
551988,Záboří (okr. Strakonice),335,340,Jihočeský,CZ031,Strakonice,CZ0316,Blatná,3101,False
537195,Zábrdí (okr. Prachatice),67,66,Jihočeský,CZ031,Prachatice,CZ0315,Prachatice,3109,False
574651,Zábrodí (okr. Náchod),583,591,Královéhradecký,CZ052,Náchod,CZ0523,Náchod,5209,False
567868,Zabrušany (okr. Teplice),1146,1146,Ústecký,CZ042,Teplice,CZ0426,Teplice,4213,False
541354,Zábřeh (okr. Šumperk),13157,13320,Olomoucký,CZ071,Šumperk,CZ0715,Zábřeh,7113,False
548839,Zábřezí-Řečice (okr. Trutnov),148,146,Královéhradecký,CZ052,Trutnov,CZ0525,Dvůr Králové nad Labem,5203,False
541664,Záchlumí (okr. Tachov),477,479,Plzeňský,CZ032,Tachov,CZ0327,Stříbro,3213,False
581208,Záchlumí (okr. Ústí nad Orlicí),774,784,Pardubický,CZ053,Ústí nad Orlicí,CZ0534,Žamberk,5315,False
549177,Zachotín (okr. Pelhřimov),228,234,Vysočina,CZ063,Pelhřimov,CZ0633,Pelhřimov,6110,False
571130,Zachrašťany (okr. Hradec Králové),260,262,Královéhradecký,CZ052,Hradec Králové,CZ0521,Nový Bydžov,5212,False
541362,Zadní Chodov (okr. Tachov),240,245,Plzeňský,CZ032,Tachov,CZ0327,Tachov,3215,False
563927,Zadní Střítež (okr. Tábor),36,36,Jihočeský,CZ031,Tábor,CZ0317,Tábor,3112,False
531979,Zadní Třebaň (okr. Beroun),982,977,Středočeský,CZ020,Beroun,CZ0202,Beroun,2102,False
587231,Zadní Vydří (okr. Jihlava),60,61,Vysočina,CZ063,Jihlava,CZ0632,Telč,6112,False
597121,Zadní Zhořec (okr. Žďár nad Sázavou),137,149,Vysočina,CZ063,Žďár nad Sázavou,CZ0635,Velké Meziříčí,6114,False
581194,Zádolí (okr. Ústí nad Orlicí),87,90,Pardubický,CZ053,Ústí nad Orlicí,CZ0534,Vysoké Mýto,5314,False
539431,Zádub-Závišín (okr. Cheb),430,495,Karlovarský,CZ041,Cheb,CZ0411,Mariánské Lázně,4105,False
585998,Zádveřice-Raková (okr. Zlín),1532,1546,Zlínský,CZ072,Zlín,CZ0724,Vizovice,7211,False
536016,Zahájí (okr. České Budějovice),458,463,Jihočeský,CZ031,České Budějovice,CZ0311,České Budějovice,3102,False
589152,Zahnašovice (okr. Kroměříž),305,312,Zlínský,CZ072,Kroměříž,CZ0721,Holešov,7202,False
536482,Zahorčice (okr. Strakonice),51,51,Jihočeský,CZ031,Strakonice,CZ0316,Strakonice,3111,False
534471,Záhornice (okr. Nymburk),433,420,Středočeský,CZ020,Nymburk,CZ0208,Poděbrady,2119,False
592846,Záhorovice (okr. Uherské Hradiště),1037,1034,Zlínský,CZ072,Uherské Hradiště,CZ0722,Uherský Brod,7208,False
554464,Zahořany (okr. Domažlice),1070,1048,Plzeňský,CZ032,Domažlice,CZ0321,Domažlice,3202,False
571288,Zahořany (okr. Praha-západ),363,356,Středočeský,CZ020,Praha-západ,CZ020A,Černošice,2105,False
507695,Záhoří (okr. Jindřichův Hradec),110,111,Jihočeský,CZ031,Jindřichův Hradec,CZ0313,Jindřichův Hradec,3105,False
550027,Záhoří (okr. Písek),789,802,Jihočeský,CZ031,Písek,CZ0314,Písek,3108,False
577707,Záhoří (okr. Semily),515,516,Liberecký,CZ051,Semily,CZ0514,Semily,5107,False
599000,Záhoří (okr. Tábor),72,69,Jihočeský,CZ031,Tábor,CZ0317,Tábor,3112,False
578827,Zahrádka (okr. Plzeň-sever),171,167,Plzeňský,CZ032,Plzeň-sever,CZ0325,Nýřany,3208,False
591947,Zahrádka (okr. Třebíč),137,137,Vysočina,CZ063,Třebíč,CZ0634,Náměšť nad Oslavou,6107,False
562246,Zahrádky (okr. Česká Lípa),708,705,Liberecký,CZ051,Česká Lípa,CZ0511,Česká Lípa,5101,False
547468,Zahrádky (okr. Jindřichův Hradec),246,251,Jihočeský,CZ031,Jindřichův Hradec,CZ0313,Jindřichův Hradec,3105,False
585050,Zaječí (okr. Břeclav),1583,1567,Jihomoravský,CZ064,Břeclav,CZ0644,Břeclav,6204,False
572578,Zaječice (okr. Chrudim),1035,1040,Pardubický,CZ053,Chrudim,CZ0531,Chrudim,5304,False
531995,Zaječov (okr. Beroun),1510,1502,Středočeský,CZ020,Beroun,CZ0202,Hořovice,2108,False
571598,Zájezd (okr. Kladno),152,142,Středočeský,CZ020,Kladno,CZ0203,Kladno,2109,False
547859,Zájezdec (okr. Chrudim),107,118,Pardubický,CZ053,Chrudim,CZ0531,Chrudim,5304,False
561975,Zajíčkov (okr. Pelhřimov),228,227,Vysočina,CZ063,Pelhřimov,CZ0633,Pelhřimov,6110,False
533092,Zákolany (okr. Kladno),610,631,Středočeský,CZ020,Kladno,CZ0203,Kladno,2109,False
584185,Zakřany (okr. Brno-venkov),817,805,Jihomoravský,CZ064,Brno-venkov,CZ0643,Rosice,6214,False
562262,Zákupy (okr. Česká Lípa),2907,2954,Liberecký,CZ051,Česká Lípa,CZ0511,Česká Lípa,5101,False
595152,Zálesí (okr. Znojmo),152,154,Jihomoravský,CZ064,Znojmo,CZ0647,Znojmo,6220,False
584193,Zálesná Zhoř (okr. Brno-venkov),66,67,Jihomoravský,CZ064,Brno-venkov,CZ0643,Rosice,6214,False
513202,Zalešany (okr. Kolín),104,110,Středočeský,CZ020,Kolín,CZ0204,Kolín,2110,False
535354,Zálezlice (okr. Mělník),458,445,Středočeský,CZ020,Mělník,CZ0206,Neratovice,2117,False
550698,Zálezly (okr. Prachatice),344,346,Jihočeský,CZ031,Prachatice,CZ0315,Vimperk,3116,False
574660,Zaloňov (okr. Náchod),447,445,Královéhradecký,CZ052,Náchod,CZ0523,Jaroměř,5206,False
553361,Zálší (okr. Tábor),231,241,Jihočeský,CZ031,Tábor,CZ0317,Soběslav,3110,False
581216,Zálší (okr. Ústí nad Orlicí),232,240,Pardubický,CZ053,Ústí nad Orlicí,CZ0534,Vysoké Mýto,5314,False
541613,Zalužany (okr. Příbram),325,328,Středočeský,CZ020,Příbram,CZ020B,Příbram,2120,False
532002,Záluží (okr. Beroun),507,504,Středočeský,CZ020,Beroun,CZ0202,Hořovice,2108,False
542482,Záluží (okr. Litoměřice),220,220,Ústecký,CZ042,Litoměřice,CZ0423,Roudnice nad Labem,4211,False
530603,Zálužice (okr. Louny),102,96,Ústecký,CZ042,Louny,CZ0424,Žatec,4216,False
576921,Záměl (okr. Rychnov nad Kněžnou),662,653,Královéhradecký,CZ052,Rychnov nad Kněžnou,CZ0524,Rychnov nad Kněžnou,5213,False
549193,Zámostí-Blata (okr. Jičín),116,123,Královéhradecký,CZ052,Jičín,CZ0522,Jičín,5207,False
581224,Zámrsk (okr. Ústí nad Orlicí),765,754,Pardubický,CZ053,Ústí nad Orlicí,CZ0534,Vysoké Mýto,5314,False
522775,Zámrsky (okr. Přerov),226,228,Olomoucký,CZ071,Přerov,CZ0714,Hranice,7101,False
505781,Zápy (okr. Praha-východ),974,947,Středočeský,CZ020,Praha-východ,CZ0209,Brandýs nad Labem-Stará Boleslav,2103,False
591955,Zárubice (okr. Třebíč),129,131,Vysočina,CZ063,Třebíč,CZ0634,Třebíč,6113,False
535362,Záryby (okr. Praha-východ),1143,1146,Středočeský,CZ020,Praha-východ,CZ0209,Brandýs nad Labem-Stará Boleslav,2103,False
581232,Zářecká Lhota (okr. Ústí nad Orlicí),222,213,Pardubický,CZ053,Ústí nad Orlicí,CZ0534,Vysoké Mýto,5314,False
589161,Záříčí (okr. Kroměříž),749,746,Zlínský,CZ072,Kroměříž,CZ0721,Kroměříž,7203,False
563854,Zásada (okr. Jablonec nad Nisou),901,914,Liberecký,CZ051,Jablonec nad Nisou,CZ0512,Železný Brod,5110,False
533921,Zásmuky (okr. Kolín),2182,2156,Středočeský,CZ020,Kolín,CZ0204,Kolín,2110,False
584207,Zastávka (okr. Brno-venkov),2483,2495,Jihomoravský,CZ064,Brno-venkov,CZ0643,Rosice,6214,False
587257,Zástřizly (okr. Kroměříž),148,145,Zlínský,CZ072,Kroměříž,CZ0721,Kroměříž,7203,False
545236,Zašová (okr. Vsetín),3082,3084,Zlínský,CZ072,Vsetín,CZ0723,Valašské Meziříčí,7210,False
591963,Zašovice (okr. Třebíč),132,134,Vysočina,CZ063,Třebíč,CZ0634,Třebíč,6113,False
597988,Zátor (okr. Bruntál),1141,1147,Moravskoslezský,CZ080,Bruntál,CZ0801,Krnov,8114,False
553492,Závada (okr. Opava),624,620,Moravskoslezský,CZ080,Opava,CZ0805,Hlučín,8109,False
542601,Zavidov (okr. Rakovník),372,354,Středočeský,CZ020,Rakovník,CZ020C,Rakovník,2121,False
586005,Závist (okr. Blansko),154,162,Jihomoravský,CZ064,Blansko,CZ0641,Blansko,6201,False
568473,Závišice (okr. Nový Jičín),1156,1161,Moravskoslezský,CZ080,Nový Jičín,CZ0804,Kopřivnice,8112,False
557463,Zavlekov (okr. Klatovy),413,422,Plzeňský,CZ032,Klatovy,CZ0322,Klatovy,3205,False
599778,Závraty (okr. České Budějovice),62,65,Jihočeský,CZ031,České Budějovice,CZ0311,České Budějovice,3102,False
542610,Zbečno (okr. Rakovník),627,616,Středočeský,CZ020,Rakovník,CZ020C,Rakovník,2121,False
550035,Zbelítov (okr. Písek),323,324,Jihočeský,CZ031,Písek,CZ0314,Milevsko,3107,False
564320,Zbenice (okr. Příbram),133,143,Středočeský,CZ020,Příbram,CZ020B,Příbram,2120,False
550043,Zběšičky (okr. Písek),165,165,Jihočeský,CZ031,Písek,CZ0314,Milevsko,3107,False
588211,Zbilidy (okr. Jihlava),213,221,Vysočina,CZ063,Jihlava,CZ0632,Jihlava,6105,False
588229,Zbinohy (okr. Jihlava),119,123,Vysočina,CZ063,Jihlava,CZ0632,Jihlava,6105,False
560260,Zbiroh (okr. Rokycany),2500,2541,Plzeňský,CZ032,Rokycany,CZ0326,Rokycany,3211,False
534609,Zbizuby (okr. Kutná Hora),511,503,Středočeský,CZ020,Kutná Hora,CZ0205,Kutná Hora,2112,False
595161,Zblovice (okr. Znojmo),38,37,Jihomoravský,CZ064,Znojmo,CZ0647,Znojmo,6220,False
570338,Zborov (okr. Šumperk),241,248,Olomoucký,CZ071,Šumperk,CZ0715,Zábřeh,7113,False
589187,Zborovice (okr. Kroměříž),1448,1428,Zlínský,CZ072,Kroměříž,CZ0721,Kroměříž,7203,False
578312,Zborovy (okr. Klatovy),130,130,Plzeňský,CZ032,Klatovy,CZ0322,Klatovy,3205,False
599697,Zbožíčko (okr. Nymburk),291,269,Středočeský,CZ020,Nymburk,CZ0208,Nymburk,2118,False
584215,Zbraslav (okr. Brno-venkov),1313,1285,Jihomoravský,CZ064,Brno-venkov,CZ0643,Rosice,6214,False
582727,Zbraslavec (okr. Blansko),238,231,Jihomoravský,CZ064,Blansko,CZ0641,Boskovice,6202,False
534617,Zbraslavice (okr. Kutná Hora),1426,1415,Středočeský,CZ020,Kutná Hora,CZ0205,Kutná Hora,2112,False
566977,Zbrašín (okr. Louny),418,407,Ústecký,CZ042,Louny,CZ0424,Louny,4207,False
559661,Zbůch (okr. Plzeň-sever),3057,3080,Plzeňský,CZ032,Plzeň-sever,CZ0325,Nýřany,3208,False
539872,Zbuzany (okr. Praha-západ),1416,1433,Středočeský,CZ020,Praha-západ,CZ020A,Černošice,2105,False
568449,Zbyslavice (okr. Ostrava-město),667,664,Moravskoslezský,CZ080,Ostrava-město,CZ0806,Ostrava,8119,False
584223,Zbýšov (okr. Brno-venkov),3707,3671,Jihomoravský,CZ064,Brno-venkov,CZ0643,Rosice,6214,False
534625,Zbýšov (okr. Kutná Hora),600,600,Středočeský,CZ020,Kutná Hora,CZ0205,Čáslav,2104,False
593699,Zbýšov (okr. Vyškov),720,727,Jihomoravský,CZ064,Vyškov,CZ0646,Slavkov u Brna,6215,False
550701,Zbytiny (okr. Prachatice),357,361,Jihočeský,CZ031,Prachatice,CZ0315,Prachatice,3109,False
545244,Zděchov (okr. Vsetín),546,554,Zlínský,CZ072,Vsetín,CZ0723,Vsetín,7212,False
573744,Zdechovice (okr. Hradec Králové),164,161,Královéhradecký,CZ052,Hradec Králové,CZ0521,Nový Bydžov,5212,False
576026,Zdechovice (okr. Pardubice),686,693,Pardubický,CZ053,Pardubice,CZ0532,Přelouč,5311,False
576930,Zdelov (okr. Rychnov nad Kněžnou),269,263,Královéhradecký,CZ052,Rychnov nad Kněžnou,CZ0524,Kostelec nad Orlicí,5208,False
558583,Zdemyslice (okr. Plzeň-jih),682,666,Plzeňský,CZ032,Plzeň-jih,CZ0324,Blovice,3201,False
588245,Zdeňkov (okr. Jihlava),62,61,Vysočina,CZ063,Jihlava,CZ0632,Telč,6112,False
573876,Zderaz (okr. Chrudim),278,275,Pardubický,CZ053,Chrudim,CZ0531,Chrudim,5304,False
571814,Zdětín (okr. Mladá Boleslav),657,640,Středočeský,CZ020,Mladá Boleslav,CZ0207,Mladá Boleslav,2115,False
590223,Zdětín (okr. Prostějov),416,390,Olomoucký,CZ071,Prostějov,CZ0713,Prostějov,7108,False
539058,Zdiby (okr. Praha-východ),4088,4097,Středočeský,CZ020,Praha-východ,CZ0209,Brandýs nad Labem-Stará Boleslav,2103,False
532011,Zdice (okr. Beroun),4125,4124,Středočeský,CZ020,Beroun,CZ0202,Beroun,2102,False
550728,Zdíkov (okr. Prachatice),1697,1721,Jihočeský,CZ031,Prachatice,CZ0315,Vimperk,3116,False
564541,Zdislava (okr. Liberec),271,278,Liberecký,CZ051,Liberec,CZ0513,Liberec,5105,False
531022,Zdislavice (okr. Benešov),517,515,Středočeský,CZ020,Benešov,CZ0201,Vlašim,2125,False
548847,Zdobín (okr. Trutnov),149,147,Královéhradecký,CZ052,Trutnov,CZ0525,Dvůr Králové nad Labem,5203,False
576948,Zdobnice (okr. Rychnov nad Kněžnou),184,185,Královéhradecký,CZ052,Rychnov nad Kněžnou,CZ0524,Rychnov nad Kněžnou,5213,False
589195,Zdounky (okr. Kroměříž),2082,2077,Zlínský,CZ072,Kroměříž,CZ0721,Kroměříž,7203,False
513512,Zduchovice (okr. Příbram),314,316,Středočeský,CZ020,Příbram,CZ020B,Příbram,2120,False
593702,Zelená Hora (okr. Vyškov),322,328,Jihomoravský,CZ064,Vyškov,CZ0646,Vyškov,6219,False
573183,Zelenecká Lhota (okr. Jičín),178,183,Královéhradecký,CZ052,Jičín,CZ0522,Jičín,5207,False
539066,Zeleneč (okr. Praha-východ),3197,3178,Středočeský,CZ020,Praha-východ,CZ0209,Brandýs nad Labem-Stará Boleslav,2103,False
558591,Zemětice (okr. Plzeň-jih),363,345,Plzeňský,CZ032,Plzeň-jih,CZ0324,Stod,3212,False
582735,Zhoř (okr. Brno-venkov),78,75,Jihomoravský,CZ064,Brno-venkov,CZ0643,Tišnov,6217,False
588253,Zhoř (okr. Jihlava),479,485,Vysočina,CZ063,Jihlava,CZ0632,Jihlava,6105,False
550060,Zhoř (okr. Písek),313,318,Jihočeský,CZ031,Písek,CZ0314,Milevsko,3107,False
541460,Zhoř (okr. Tachov),176,178,Plzeňský,CZ032,Tachov,CZ0327,Stříbro,3213,False
599034,Zhoř u Mladé Vožice (okr. Tábor),115,107,Jihočeský,CZ031,Tábor,CZ0317,Tábor,3112,False
560430,Zhoř u Tábora (okr. Tábor),177,169,Jihočeský,CZ031,Tábor,CZ0317,Tábor,3112,False
561363,Zhořec (okr. Pelhřimov),110,110,Vysočina,CZ063,Pelhřimov,CZ0633,Pacov,6109,False
571423,Zichovec (okr. Kladno),215,208,Středočeský,CZ020,Kladno,CZ0203,Slaný,2124,False
592854,Zlámanec (okr. Uherské Hradiště),337,335,Zlínský,CZ072,Uherské Hradiště,CZ0722,Uherské Hradiště,7207,False
545864,Zlatá Koruna (okr. Český Krumlov),799,789,Jihočeský,CZ031,Český Krumlov,CZ0312,Český Krumlov,3103,False
513644,Zlatá (okr. Praha-východ),449,428,Středočeský,CZ020,Praha-východ,CZ0209,Brandýs nad Labem-Stará Boleslav,2103,False
563862,Zlatá Olešnice (okr. Jablonec nad Nisou),506,495,Liberecký,CZ051,Jablonec nad Nisou,CZ0512,Tanvald,5108,False
579866,Zlatá Olešnice (okr. Trutnov),211,216,Královéhradecký,CZ052,Trutnov,CZ0525,Trutnov,5214,False
597996,Zlaté Hory (okr. Jeseník),3933,3701,Olomoucký,CZ071,Jeseník,CZ0711,Jeseník,7102,False
598666,Zlátenka (okr. Pelhřimov),46,45,Vysočina,CZ063,Pelhřimov,CZ0633,Pacov,6109,False
539881,Zlatníky-Hodkovice (okr. Praha-západ),1392,1415,Středočeský,CZ020,Praha-západ,CZ020A,Černošice,2105,False
592862,Zlechov (okr. Uherské Hradiště),1607,1624,Zlínský,CZ072,Uherské Hradiště,CZ0722,Uherské Hradiště,7207,False
585068,Zlín (okr. Zlín),74917,74684,Zlínský,CZ072,Zlín,CZ0724,Zlín,7213,False
545341,Zliv (okr. České Budějovice),3426,3453,Jihočeský,CZ031,České Budějovice,CZ0311,České Budějovice,3102,False
589217,Zlobice (okr. Kroměříž),589,594,Zlínský,CZ072,Kroměříž,CZ0721,Kroměříž,7203,False
531511,Zlončice (okr. Mělník),613,608,Středočeský,CZ020,Mělník,CZ0206,Kralupy nad Vltavou,2111,False
533114,Zlonice (okr. Kladno),2275,2294,Středočeský,CZ020,Kladno,CZ0203,Slaný,2124,False
539082,Zlonín (okr. Praha-východ),1421,1377,Středočeský,CZ020,Praha-východ,CZ0209,Brandýs nad Labem-Stará Boleslav,2103,False
535389,Zlosyň (okr. Mělník),477,489,Středočeský,CZ020,Mělník,CZ0206,Kralupy nad Vltavou,2111,False
599271,Zlukov (okr. Tábor),289,290,Jihočeský,CZ031,Tábor,CZ0317,Soběslav,3110,False
597139,Znětínek (okr. Žďár nad Sázavou),224,213,Vysočina,CZ063,Žďár nad Sázavou,CZ0635,Žďár nad Sázavou,6115,False
593711,Znojmo (okr. Znojmo),33989,34172,Jihomoravský,CZ064,Znojmo,CZ0647,Znojmo,6220,False
534633,Zruč nad Sázavou (okr. Kutná Hora),4777,4755,Středočeský,CZ020,Kutná Hora,CZ0205,Kutná Hora,2112,False
559679,Zruč-Senec (okr. Plzeň-sever),3522,3494,Plzeňský,CZ032,Plzeň-sever,CZ0325,Nýřany,3208,False
545872,Zubčice (okr. Český Krumlov),428,432,Jihočeský,CZ031,Český Krumlov,CZ0312,Český Krumlov,3103,False
568384,Zubrnice (okr. Ústí nad Labem),223,226,Ústecký,CZ042,Ústí nad Labem,CZ0427,Ústí nad Labem,4214,False
545252,Zubří (okr. Vsetín),5603,5561,Zlínský,CZ072,Vsetín,CZ0723,Rožnov pod Radhoštěm,7206,False
597147,Zubří (okr. Žďár nad Sázavou),529,534,Vysočina,CZ063,Žďár nad Sázavou,CZ0635,Nové Město na Moravě,6108,False
539091,Zvánovice (okr. Praha-východ),619,599,Středočeský,CZ020,Praha-východ,CZ0209,Říčany,2122,False
591980,Zvěrkovice (okr. Třebíč),217,216,Vysočina,CZ063,Třebíč,CZ0634,Moravské Budějovice,6106,False
553409,Zvěrotice (okr. Tábor),399,401,Jihočeský,CZ031,Tábor,CZ0317,Soběslav,3110,False
534862,Zvěřínek (okr. Nymburk),317,306,Středočeský,CZ020,Nymburk,CZ0208,Nymburk,2118,False
531049,Zvěstov (okr. Benešov),429,426,Středočeský,CZ020,Benešov,CZ0201,Votice,2126,False
548626,Zvěstovice (okr. Havlíčkův Brod),79,90,Vysočina,CZ063,Havlíčkův Brod,CZ0631,Havlíčkův Brod,6102,False
535591,Zvíkov (okr. České Budějovice),267,260,Jihočeský,CZ031,České Budějovice,CZ0311,České Budějovice,3102,False
536237,Zvíkov (okr. Český Krumlov),95,96,Jihočeský,CZ031,Český Krumlov,CZ0312,Kaplice,3106,False
541061,Zvíkovec (okr. Rokycany),201,198,Plzeňský,CZ032,Rokycany,CZ0326,Rokycany,3211,False
562165,Zvíkovské Podhradí (okr. Písek),204,201,Jihočeský,CZ031,Písek,CZ0314,Písek,3108,False
539902,Zvole (okr. Praha-západ),1985,1964,Středočeský,CZ020,Praha-západ,CZ020A,Černošice,2105,False
541478,Zvole (okr. Šumperk),857,849,Olomoucký,CZ071,Šumperk,CZ0715,Zábřeh,7113,False
597155,Zvole (okr. Žďár nad Sázavou),659,651,Vysočina,CZ063,Žďár nad Sázavou,CZ0635,Bystřice nad Pernštejnem,6101,False
533122,Zvoleněves (okr. Kladno),921,911,Středočeský,CZ020,Kladno,CZ0203,Slaný,2124,False
588261,Zvolenovice (okr. Jihlava),83,83,Vysočina,CZ063,Jihlava,CZ0632,Telč,6112,False
536873,Zvotoky (okr. Strakonice),55,56,Jihočeský,CZ031,Strakonice,CZ0316,Strakonice,3111,False
584231,Žabčice (okr. Brno-venkov),1665,1664,Jihomoravský,CZ064,Brno-venkov,CZ0643,Židlochovice,6221,False
552691,Žabeň (okr. Frýdek-Místek),981,978,Moravskoslezský,CZ080,Frýdek-Místek,CZ0802,Frýdek-Místek,8106,False
513261,Žabonosy (okr. Kolín),264,264,Středočeský,CZ020,Kolín,CZ0204,Kolín,2110,False
565938,Žabovřesky nad Ohří (okr. Litoměřice),269,273,Ústecký,CZ042,Litoměřice,CZ0423,Roudnice nad Labem,4211,False
545368,Žabovřesky (okr. České Budějovice),454,443,Jihočeský,CZ031,České Budějovice,CZ0311,České Budějovice,3102,False
579874,Žacléř (okr. Trutnov),3097,3072,Královéhradecký,CZ052,Trutnov,CZ0525,Trutnov,5214,False
586781,Žádovice (okr. Hodonín),718,720,Jihomoravský,CZ064,Hodonín,CZ0645,Kyjov,6210,False
530182,Žákava (okr. Plzeň-jih),491,486,Plzeňský,CZ032,Plzeň-jih,CZ0324,Blovice,3201,False
523453,Žákovice (okr. Přerov),248,245,Olomoucký,CZ071,Přerov,CZ0714,Přerov,7109,False
534641,Žáky (okr. Kutná Hora),412,416,Středočeský,CZ020,Kutná Hora,CZ0205,Čáslav,2104,False
567876,Žalany (okr. Teplice),511,505,Ústecký,CZ042,Teplice,CZ0426,Teplice,4213,False
565946,Žalhostice (okr. Litoměřice),593,584,Ústecký,CZ042,Litoměřice,CZ0423,Litoměřice,4205,False
589225,Žalkovice (okr. Kroměříž),587,588,Zlínský,CZ072,Kroměříž,CZ0721,Kroměříž,7203,False
581259,Žamberk (okr. Ústí nad Orlicí),5770,5819,Pardubický,CZ053,Ústí nad Orlicí,CZ0534,Žamberk,5315,False
581267,Žampach (okr. Ústí nad Orlicí),298,293,Pardubický,CZ053,Ústí nad Orlicí,CZ0534,Žamberk,5315,False
562297,Žandov (okr. Česká Lípa),1915,1922,Liberecký,CZ051,Česká Lípa,CZ0511,Česká Lípa,5101,False
545376,Žár (okr. České Budějovice),343,346,Jihočeský,CZ031,České Budějovice,CZ0311,Trhové Sviny,3113,False
576042,Žáravice (okr. Pardubice),114,112,Pardubický,CZ053,Pardubice,CZ0532,Přelouč,5311,False
586790,Žarošice (okr. Hodonín),1117,1117,Jihomoravský,CZ064,Hodonín,CZ0645,Kyjov,6210,False
529923,Žárovná (okr. Prachatice),114,115,Jihočeský,CZ031,Prachatice,CZ0315,Vimperk,3116,False
584240,Žatčany (okr. Brno-venkov),961,957,Jihomoravský,CZ064,Brno-venkov,CZ0643,Židlochovice,6221,False
588270,Žatec (okr. Jihlava),113,110,Vysočina,CZ063,Jihlava,CZ0632,Telč,6112,False
566985,Žatec (okr. Louny),18984,18959,Ústecký,CZ042,Louny,CZ0424,Žatec,4216,False
586803,Ždánice (okr. Hodonín),2549,2543,Jihomoravský,CZ064,Hodonín,CZ0645,Kyjov,6210,False
513164,Ždánice (okr. Kolín),376,370,Středočeský,CZ020,Kolín,CZ0204,Kolín,2110,False
597163,Ždánice (okr. Žďár nad Sázavou),234,230,Vysočina,CZ063,Žďár nad Sázavou,CZ0635,Bystřice nad Pernštejnem,6101,False
554472,Ždánov (okr. Domažlice),150,147,Plzeňský,CZ032,Domažlice,CZ0321,Domažlice,3202,False
574686,Žďár nad Metují (okr. Náchod),643,654,Královéhradecký,CZ052,Náchod,CZ0523,Náchod,5209,False
576956,Žďár nad Orlicí (okr. Rychnov nad Kněžnou),537,539,Královéhradecký,CZ052,Rychnov nad Kněžnou,CZ0524,Kostelec nad Orlicí,5208,False
595209,Žďár nad Sázavou (okr. Žďár nad Sázavou),20247,20404,Vysočina,CZ063,Žďár nad Sázavou,CZ0635,Žďár nad Sázavou,6115,False
582743,Žďár (okr. Blansko),394,389,Jihomoravský,CZ064,Blansko,CZ0641,Blansko,6201,False
529761,Žďár (okr. Jindřichův Hradec),125,127,Jihočeský,CZ031,Jindřichův Hradec,CZ0313,Jindřichův Hradec,3105,False
536971,Žďár (okr. Mladá Boleslav),1501,1514,Středočeský,CZ020,Mladá Boleslav,CZ0207,Mnichovo Hradiště,2116,False
598861,Žďár (okr. Písek),254,252,Jihočeský,CZ031,Písek,CZ0314,Písek,3108,False
598518,Žďár (okr. Rakovník),130,127,Středočeský,CZ020,Rakovník,CZ020C,Rakovník,2121,False
597171,Žďárec (okr. Brno-venkov),384,377,Jihomoravský,CZ064,Brno-venkov,CZ0643,Tišnov,6217,False
544604,Žďárek (okr. Liberec),165,169,Liberecký,CZ051,Liberec,CZ0513,Turnov,5109,False
574694,Žďárky (okr. Náchod),584,584,Královéhradecký,CZ052,Náchod,CZ0523,Náchod,5209,False
582751,Žďárná (okr. Blansko),828,813,Jihomoravský,CZ064,Blansko,CZ0641,Boskovice,6202,False
569780,Ždírec nad Doubravou (okr. Havlíčkův Brod),3064,3083,Vysočina,CZ063,Havlíčkův Brod,CZ0631,Chotěboř,6104,False
514195,Ždírec (okr. Česká Lípa),120,122,Liberecký,CZ051,Česká Lípa,CZ0511,Česká Lípa,5101,False
530662,Ždírec (okr. Havlíčkův Brod),125,126,Vysočina,CZ063,Havlíčkův Brod,CZ0631,Havlíčkův Brod,6102,False
588288,Ždírec (okr. Jihlava),437,440,Vysočina,CZ063,Jihlava,CZ0632,Jihlava,6105,False
558605,Ždírec (okr. Plzeň-jih),498,491,Plzeňský,CZ032,Plzeň-jih,CZ0324,Blovice,3201,False
532029,Žebrák (okr. Beroun),2243,2248,Středočeský,CZ020,Beroun,CZ0202,Hořovice,2108,False
538035,Žehuň (okr. Kolín),444,443,Středočeský,CZ020,Kolín,CZ0204,Kolín,2110,False
534650,Žehušice (okr. Kutná Hora),905,901,Středočeský,CZ020,Kutná Hora,CZ0205,Čáslav,2104,False
523640,Želatovice (okr. Přerov),532,526,Olomoucký,CZ071,Přerov,CZ0714,Přerov,7109,False
500011,Želechovice nad Dřevnicí (okr. Zlín),1897,1859,Zlínský,CZ072,Zlín,CZ0724,Zlín,7213,False
552399,Želechovice (okr. Olomouc),250,253,Olomoucký,CZ071,Olomouc,CZ0712,Uničov,7112,False
590240,Želeč (okr. Prostějov),576,584,Olomoucký,CZ071,Prostějov,CZ0713,Prostějov,7108,False
553417,Želeč (okr. Tábor),1046,1036,Jihočeský,CZ031,Tábor,CZ0317,Tábor,3112,False
599425,Želenice (okr. Kladno),208,210,Středočeský,CZ020,Kladno,CZ0203,Slaný,2124,False
567426,Želenice (okr. Most),489,496,Ústecký,CZ042,Most,CZ0425,Most,4209,False
584266,Želešice (okr. Brno-venkov),2005,1959,Jihomoravský,CZ064,Brno-venkov,CZ0643,Šlapanice,6216,False
591998,Želetava (okr. Třebíč),1476,1488,Vysočina,CZ063,Třebíč,CZ0634,Moravské Budějovice,6106,False
586811,Želetice (okr. Hodonín),512,517,Jihomoravský,CZ064,Hodonín,CZ0645,Kyjov,6210,False
595179,Želetice (okr. Znojmo),305,309,Jihomoravský,CZ064,Znojmo,CZ0647,Znojmo,6220,False
599417,Železná (okr. Beroun),329,320,Středočeský,CZ020,Beroun,CZ0202,Beroun,2102,False
557528,Železná Ruda (okr. Klatovy),1580,1599,Plzeňský,CZ032,Klatovy,CZ0322,Klatovy,3205,False
584274,Železné (okr. Brno-venkov),628,631,Jihomoravský,CZ064,Brno-venkov,CZ0643,Tišnov,6217,False
573825,Železnice (okr. Jičín),1435,1405,Královéhradecký,CZ052,Jičín,CZ0522,Jičín,5207,False
563871,Železný Brod (okr. Jablonec nad Nisou),5993,6043,Liberecký,CZ051,Jablonec nad Nisou,CZ0512,Železný Brod,5110,False
549215,Želiv (okr. Pelhřimov),1142,1169,Vysočina,CZ063,Pelhřimov,CZ0633,Humpolec,6103,False
572195,Želivsko (okr. Svitavy),40,41,Pardubický,CZ053,Svitavy,CZ0533,Svitavy,5312,False
535397,Želízy (okr. Mělník),512,518,Středočeský,CZ020,Mělník,CZ0206,Mělník,2114,False
530565,Želkovice (okr. Louny),100,95,Ústecký,CZ042,Louny,CZ0424,Louny,4207,False
550761,Želnava (okr. Prachatice),128,134,Jihočeský,CZ031,Prachatice,CZ0315,Prachatice,3109,False
568732,Ženklava (okr. Nový Jičín),1154,1163,Moravskoslezský,CZ080,Nový Jičín,CZ0804,Kopřivnice,8112,False
589233,Žeranovice (okr. Kroměříž),793,801,Zlínský,CZ072,Kroměříž,CZ0721,Holešov,7202,False
586820,Žeravice (okr. Hodonín),984,990,Jihomoravský,CZ064,Hodonín,CZ0645,Kyjov,6210,False
586838,Žeraviny (okr. Hodonín),188,182,Jihomoravský,CZ064,Hodonín,CZ0645,Veselí nad Moravou,6218,False
536989,Žerčice (okr. Mladá Boleslav),406,412,Středočeský,CZ020,Mladá Boleslav,CZ0207,Mladá Boleslav,2115,False
573833,Žeretice (okr. Jičín),243,233,Královéhradecký,CZ052,Jičín,CZ0522,Jičín,5207,False
568163,Žermanice (okr. Frýdek-Místek),391,368,Moravskoslezský,CZ080,Frýdek-Místek,CZ0802,Frýdek-Místek,8106,False
574708,Žernov (okr. Náchod),327,322,Královéhradecký,CZ052,Náchod,CZ0523,Náchod,5209,False
577723,Žernov (okr. Semily),245,234,Liberecký,CZ051,Semily,CZ0514,Turnov,5109,False
537209,Žernovice (okr. Prachatice),343,344,Jihočeský,CZ031,Prachatice,CZ0315,Prachatice,3109,False
582760,Žernovník (okr. Blansko),269,273,Jihomoravský,CZ064,Blansko,CZ0641,Blansko,6201,False
595187,Žerotice (okr. Znojmo),348,350,Jihomoravský,CZ064,Znojmo,CZ0647,Znojmo,6220,False
543012,Žerotín (okr. Louny),226,228,Ústecký,CZ042,Louny,CZ0424,Louny,4207,False
505862,Žerotín (okr. Olomouc),446,456,Olomoucký,CZ071,Olomouc,CZ0712,Šternberk,7110,False
582778,Žerůtky (okr. Blansko),79,80,Jihomoravský,CZ064,Blansko,CZ0641,Boskovice,6202,False
595195,Žerůtky (okr. Znojmo),283,282,Jihomoravský,CZ064,Znojmo,CZ0647,Znojmo,6220,False
581275,Žichlínek (okr. Ústí nad Orlicí),988,989,Pardubický,CZ053,Ústí nad Orlicí,CZ0534,Lanškroun,5306,False
557544,Žichovice (okr. Klatovy),619,613,Plzeňský,CZ032,Klatovy,CZ0322,Sušice,3214,False
584282,Židlochovice (okr. Brno-venkov),3662,3676,Jihomoravský,CZ064,Brno-venkov,CZ0643,Židlochovice,6221,False
536997,Židněves (okr. Mladá Boleslav),433,438,Středočeský,CZ020,Mladá Boleslav,CZ0207,Mladá Boleslav,2115,False
573841,Židovice (okr. Jičín),101,99,Královéhradecký,CZ052,Jičín,CZ0522,Jičín,5207,False
565954,Židovice (okr. Litoměřice),385,389,Ústecký,CZ042,Litoměřice,CZ0423,Roudnice nad Labem,4211,False
559695,Žihle (okr. Plzeň-sever),1275,1283,Plzeňský,CZ032,Plzeň-sever,CZ0325,Kralovice,3206,False
557536,Žihobce (okr. Klatovy),579,566,Plzeňský,CZ032,Klatovy,CZ0322,Sušice,3214,False
533149,Žilina (okr. Kladno),844,848,Středočeský,CZ020,Kladno,CZ0203,Kladno,2109,False
559709,Žilov (okr. Plzeň-sever),459,457,Plzeňský,CZ032,Plzeň-sever,CZ0325,Nýřany,3208,False
567884,Žim (okr. Teplice),242,238,Ústecký,CZ042,Teplice,CZ0426,Teplice,4213,False
545384,Žimutice (okr. České Budějovice),622,629,Jihočeský,CZ031,České Budějovice,CZ0311,Týn nad Vltavou,3115,False
558630,Žinkovy (okr. Plzeň-jih),857,853,Plzeňský,CZ032,Plzeň-jih,CZ0324,Nepomuk,3207,False
561908,Žirov (okr. Pelhřimov),87,89,Vysočina,CZ063,Pelhřimov,CZ0633,Pelhřimov,6110,False
549231,Žirovnice (okr. Pelhřimov),3135,3178,Vysočina,CZ063,Pelhřimov,CZ0633,Pelhřimov,6110,False
563897,Žíšov (okr. Tábor),280,288,Jihočeský,CZ031,Tábor,CZ0317,Soběslav,3110,False
565962,Žitenice (okr. Litoměřice),1656,1643,Ústecký,CZ042,Litoměřice,CZ0423,Litoměřice,4205,False
592871,Žítková (okr. Uherské Hradiště),175,183,Zlínský,CZ072,Uherské Hradiště,CZ0722,Uherský Brod,7208,False
503410,Žitovlice (okr. Nymburk),219,211,Středočeský,CZ020,Nymburk,CZ0208,Nymburk,2118,False
576051,Živanice (okr. Pardubice),1016,1023,Pardubický,CZ053,Pardubice,CZ0532,Pardubice,5309,False
540137,Životice (okr. Plzeň-jih),56,58,Plzeňský,CZ032,Plzeň-jih,CZ0324,Nepomuk,3207,False
547000,Životice u Nového Jičína (okr. Nový Jičín),651,664,Moravskoslezský,CZ080,Nový Jičín,CZ0804,Nový Jičín,8115,False
533947,Žiželice (okr. Kolín),2002,1904,Středočeský,CZ020,Kolín,CZ0204,Kolín,2110,False
567019,Žiželice (okr. Louny),430,444,Ústecký,CZ042,Louny,CZ0424,Žatec,4216,False
533157,Žižice (okr. Kladno),780,750,Středočeský,CZ020,Kladno,CZ0203,Slaný,2124,False
569801,Žižkovo Pole (okr. Havlíčkův Brod),404,397,Vysočina,CZ063,Havlíčkův Brod,CZ0631,Havlíčkův Brod,6102,False
574091,Žlebské Chvalovice (okr. Chrudim),137,142,Pardubický,CZ053,Chrudim,CZ0531,Chrudim,5304,False
534668,Žleby (okr. Kutná Hora),1423,1429,Středočeský,CZ020,Kutná Hora,CZ0205,Čáslav,2104,False
573850,Žlunice (okr. Jičín),258,245,Královéhradecký,CZ052,Jičín,CZ0522,Jičín,5207,False
586013,Žlutava (okr. Zlín),1148,1172,Zlínský,CZ072,Zlín,CZ0724,Otrokovice,7205,False
555762,Žlutice (okr. Karlovy Vary),2153,2187,Karlovarský,CZ041,Karlovy Vary,CZ0412,Karlovy Vary,4103,False
541575,Žulová (okr. Jeseník),1119,1128,Olomoucký,CZ071,Jeseník,CZ0711,Jeseník,7102,False
572641,Žumberk (okr. Chrudim),289,284,Pardubický,CZ053,Chrudim,CZ0531,Chrudim,5304,False
562424,Županovice (okr. Jindřichův Hradec),50,49,Jihočeský,CZ031,Jindřichův Hradec,CZ0313,Dačice,3104,False
564338,Županovice (okr. Příbram),80,80,Středočeský,CZ020,Příbram,CZ020B,Dobříš,2107,False
