TYPZASTUP,KODZASTUP,NAZEVZAST,mand,obyv,stav,kand,listin,rok
1,500011,Želechovice nad Dřevnicí,15,1897,0,90.0,6.0,2026
1,500020,Petrov nad Desnou,11,1226,0,76.0,7.0,2026
1,500046,Libhošť,15,1769,0,30.0,2.0,2026
1,500062,Krhová,15,2165,0,60.0,4.0,2026
1,500071,Poličná,15,1798,0,45.0,3.0,2026
1,500101,Bražec,7,264,0,30.0,4.0,2026
1,500127,Doupovské Hradiště,7,172,0,9.0,1.0,2026
1,500135,Kozlov,7,256,0,21.0,3.0,2026
1,500151,Luboměř pod Strážnou,7,119,0,18.0,3.0,2026
1,500160,Město Libavá,7,540,0,35.0,5.0,2026
1,500194,Polná na Šumavě,7,202,0,21.0,3.0,2026
1,500259,Veřovice,13,2009,0,26.0,2.0,2026
1,500291,Vřesina,15,2819,0,45.0,3.0,2026
1,500496,Olomouc,45,105297,0,472.0,12.0,2026
1,500526,Bělkovice-Lašťany,15,2315,0,30.0,2.0,2026
1,500623,Bílá Lhota,15,1146,0,44.0,3.0,2026
1,500801,Blatec,7,645,0,36.0,4.0,2026
1,500852,Bohuňovice,15,2486,0,15.0,1.0,2026
1,500861,Bouzov,15,1508,0,75.0,5.0,2026
1,500879,Bystročice,7,842,0,8.0,2.0,2026
1,501476,Dlouhá Loučka,15,1983,0,75.0,5.0,2026
1,501646,Dolany,15,2876,0,90.0,6.0,2026
1,501751,Drahanovice,15,1811,0,60.0,4.0,2026
1,501794,Dub nad Moravou,15,1619,0,30.0,2.0,2026
1,501841,Grygov,9,1532,0,18.0,2.0,2026
1,502146,Hlubočky,15,4176,0,75.0,5.0,2026
1,502235,Hněvotín,9,1842,0,36.0,4.0,2026
1,502405,Hnojice,9,659,0,45.0,5.0,2026
1,502545,Horka nad Moravou,11,2659,0,44.0,4.0,2026
1,502839,Cholina,11,721,0,34.0,4.0,2026
1,503142,Jívová,7,644,0,27.0,3.0,2026
1,503304,Kožušany-Tážaly,9,862,0,18.0,2.0,2026
1,503410,Žitovlice,5,219,0,6.0,1.0,2026
1,503444,Litovel,21,9448,0,126.0,6.0,2026
1,503622,Luká,9,901,0,17.0,2.0,2026
1,503657,Lutín,15,3076,0,45.0,3.0,2026
1,503738,Majetín,9,1212,0,27.0,3.0,2026
1,503916,Kostelec,9,652,0,18.0,2.0,2026
1,504246,Mladeč,9,730,0,28.0,4.0,2026
1,504301,Dřenice,7,413,0,7.0,1.0,2026
1,504441,Náklo,15,1494,0,60.0,4.0,2026
1,504505,Náměšť na Hané,15,2255,0,60.0,4.0,2026
1,504785,Paseka,15,1266,0,55.0,4.0,2026
1,504807,Lány,7,296,0,7.0,7.0,2026
1,504921,Třibřichy,5,277,0,12.0,12.0,2026
1,504955,Dvakačovice,7,139,0,10.0,10.0,2026
1,505005,Bítovany,7,457,0,13.0,2.0,2026
1,505013,Příkazy,15,1311,0,61.0,5.0,2026
1,505030,Dolní Bezděkov,7,271,0,14.0,2.0,2026
1,505081,Senice na Hané,15,1760,0,75.0,5.0,2026
1,505099,Červená Hora,7,194,0,9.0,9.0,2026
1,505111,Slatinice,15,1593,0,38.0,3.0,2026
1,505145,Březová nad Svitavou,15,1578,0,30.0,2.0,2026
1,505161,Štěpánov,15,3489,0,90.0,6.0,2026
1,505188,Šternberk,21,13207,0,126.0,6.0,2026
1,505218,Šumvald,9,1639,0,45.0,5.0,2026
1,505269,Těšetice,15,1304,0,60.0,4.0,2026
1,505293,Troubelice,11,1840,0,44.0,4.0,2026
1,505366,Tršice,11,1889,0,44.0,4.0,2026
1,505391,Bělá u Jevíčka,7,345,0,9.0,1.0,2026
1,505501,Újezd,11,1509,0,33.0,3.0,2026
1,505528,Jenčice,7,347,0,12.0,2.0,2026
1,505587,Uničov,21,11060,0,137.0,7.0,2026
1,505609,Velká Bystřice,15,3736,0,45.0,3.0,2026
1,505650,Velký Týnec,11,3211,0,33.0,3.0,2026
1,505668,Velký Újezd,15,1415,0,30.0,2.0,2026
1,505781,Zápy,7,974,0,9.0,1.0,2026
1,505862,Žerotín,7,446,0,18.0,2.0,2026
1,505927,Opava,39,54881,0,351.0,9.0,2026
1,506192,Bohuslavice,15,1798,0,45.0,3.0,2026
1,506214,Bolatice,17,4508,0,68.0,4.0,2026
1,506320,Brumovice,15,1534,0,45.0,3.0,2026
1,506451,Březová,15,1410,0,45.0,3.0,2026
1,506460,Budišov nad Budišovkou,15,2787,0,45.0,3.0,2026
1,506486,Boží Dar,7,250,0,23.0,4.0,2026
1,506494,Nové Hamry,9,354,0,11.0,3.0,2026
1,506621,Čichalov,7,158,0,18.0,2.0,2026
1,506664,Skořice,7,280,0,9.0,1.0,2026
1,506699,Otmarov,7,393,0,10.0,10.0,2026
1,506702,Dolní Benešov,15,3824,0,75.0,5.0,2026
1,506711,Dolní Lhota,7,1527,0,14.0,2.0,2026
1,506729,Dvorce,7,203,0,13.0,5.0,2026
1,506737,Chvalčov,15,1597,0,75.0,5.0,2026
1,506753,Háj ve Slezsku,21,3241,0,84.0,4.0,2026
1,506761,Alojzov,5,259,0,12.0,2.0,2026
1,506770,Seloutky,7,543,0,16.0,2.0,2026
1,507016,Hlučín,21,13245,0,174.0,9.0,2026
1,507091,Nýdek,15,2047,0,45.0,3.0,2026
1,507105,Hněvošice,9,987,0,27.0,3.0,2026
1,507113,Holasovice,15,1372,0,34.0,20.0,2026
1,507181,Pržno,9,1098,0,18.0,2.0,2026
1,507237,Komorní Lhotka,11,1517,0,44.0,4.0,2026
1,507261,Hrabyně,11,1083,0,33.0,3.0,2026
1,507270,Hradec nad Moravicí,21,5444,0,105.0,5.0,2026
1,507334,Chuchelná,15,1283,0,60.0,4.0,2026
1,507377,Jakartovice,15,1063,0,60.0,4.0,2026
1,507423,Janovice,15,2052,0,31.0,3.0,2026
1,507458,Košařiska,9,361,0,27.0,3.0,2026
1,507504,Kobeřice,15,3194,0,75.0,5.0,2026
1,507547,Milíkov,13,1305,0,39.0,3.0,2026
1,507580,Kravaře,21,6691,0,126.0,6.0,2026
1,507610,Doňov,7,75,0,7.0,1.0,2026
1,507628,Pleše,9,183,0,17.0,17.0,2026
1,507644,Újezdec,5,72,0,7.0,7.0,2026
1,507652,Višňová,7,100,0,12.0,2.0,2026
1,507695,Záhoří,7,110,0,11.0,2.0,2026
1,507717,Peč,9,460,0,18.0,2.0,2026
1,507733,Březina,7,127,0,8.0,1.0,2026
1,507784,Ratiboř,7,206,0,17.0,11.0,2026
1,507920,Litultovice,15,929,0,30.0,2.0,2026
1,507971,Ludgeřovice,19,4959,0,95.0,5.0,2026
1,508004,Roseč,7,227,0,9.0,1.0,2026
1,508128,Markvartovice,15,2219,0,15.0,1.0,2026
1,508144,Melč,9,652,0,14.0,14.0,2026
1,508152,Střížovice,9,565,0,9.0,1.0,2026
1,508357,Kostelní Vydří,7,164,0,9.0,1.0,2026
1,508373,Mokré Lazce,9,1144,0,45.0,5.0,2026
1,508501,Lužnice,9,423,0,18.0,2.0,2026
1,508683,Záblatí,7,103,0,7.0,1.0,2026
1,509078,Plavsko,9,480,0,10.0,10.0,2026
1,509108,Kostelní Radouň,7,298,0,25.0,3.0,2026
1,509116,Červený Hrádek,9,197,0,11.0,11.0,2026
1,509141,Dvory nad Lužnicí,7,365,0,9.0,1.0,2026
1,509191,Cep,7,205,0,8.0,1.0,2026
1,509388,Arneštovice,7,92,0,9.0,9.0,2026
1,509418,Bořetín,7,112,0,7.0,1.0,2026
1,509574,Oldřišov,9,1438,0,9.0,1.0,2026
1,509612,Otice,15,1525,0,30.0,2.0,2026
1,509621,Předotice,9,606,0,44.0,5.0,2026
1,509647,Píšť,15,2115,0,60.0,4.0,2026
1,509736,Pustá Polom,15,1320,0,75.0,5.0,2026
1,509752,Křižanov,7,94,0,14.0,2.0,2026
1,509841,Raduň,9,1184,0,45.0,5.0,2026
1,510068,Čečelovice,7,185,0,9.0,9.0,2026
1,510131,Skřipov,11,1025,0,44.0,4.0,2026
1,510289,Slavkov,15,2131,0,30.0,2.0,2026
1,510297,Služovice,9,852,0,27.0,3.0,2026
1,510343,Stěbořice,15,1448,0,58.0,4.0,2026
1,510378,Sudice,9,635,0,18.0,2.0,2026
1,510432,Šilheřovice,15,1622,0,60.0,4.0,2026
1,510483,Štěpánkovice,15,3154,0,60.0,4.0,2026
1,510491,Štítina,9,1281,0,27.0,3.0,2026
1,510556,Láz,7,289,0,10.0,2.0,2026
1,510645,Kojatín,7,87,0,10.0,10.0,2026
1,510882,Velká Polom,15,2217,0,60.0,4.0,2026
1,510891,Velké Heraltice,9,1629,0,9.0,1.0,2026
1,510939,Velké Hoštice,15,1846,0,104.0,7.0,2026
1,510980,Ocmanice,7,335,0,15.0,2.0,2026
1,511021,Vítkov,21,5430,0,105.0,5.0,2026
1,511081,Sedlec,9,246,0,11.0,11.0,2026
1,511161,Vršovice,7,526,0,14.0,2.0,2026
1,511242,Vícenice u Náměště nad Oslavou,7,423,0,12.0,7.0,2026
1,511307,Rácovice,7,124,0,8.0,8.0,2026
1,511382,Přerov,35,40492,0,315.0,9.0,2026
1,511412,Oslavička,7,131,0,9.0,9.0,2026
1,511587,Josefov,7,442,0,27.0,3.0,2026
1,511633,Bocanovice,7,498,0,15.0,2.0,2026
1,511935,Bukovec,11,1391,0,66.0,6.0,2026
1,511951,Dolní Lomná,7,914,0,25.0,3.0,2026
1,511986,Horní Lomná,7,381,0,16.0,2.0,2026
1,512028,Písek,9,1882,0,27.0,3.0,2026
1,512176,Hrádek,15,1908,0,45.0,3.0,2026
1,512184,Metylovice,11,1790,0,22.0,2.0,2026
1,512192,Horní Domaslavice,13,1109,0,65.0,5.0,2026
1,512231,Bělotín,11,1883,0,33.0,3.0,2026
1,512281,Beňov,9,662,0,45.0,5.0,2026
1,512401,Bezuchov,7,182,0,16.0,2.0,2026
1,512532,Bochoř,11,962,0,33.0,3.0,2026
1,512745,Těškovice,9,817,0,18.0,2.0,2026
1,512800,Brodek u Přerova,15,1843,0,74.0,5.0,2026
1,512826,Buk,7,385,0,8.0,1.0,2026
1,512869,Strahovice,15,904,0,23.0,2.0,2026
1,512877,Býškovice,7,373,0,9.0,1.0,2026
1,512893,Nové Lublice,7,186,0,7.0,1.0,2026
1,512907,Kyjovice,9,870,0,18.0,2.0,2026
1,512923,Chlebičov,9,1188,0,27.0,3.0,2026
1,512974,Bělá,11,648,0,11.0,1.0,2026
1,512982,Citov,9,520,0,9.0,1.0,2026
1,512991,Drnek,7,185,0,7.0,1.0,2026
1,513032,Kamenný Most,7,429,0,23.0,3.0,2026
1,513041,Lhota,9,663,0,18.0,2.0,2026
1,513059,Čelechovice,7,131,0,9.0,1.0,2026
1,513067,Černotín,9,816,0,18.0,2.0,2026
1,513075,Hobšovice,7,349,0,14.0,2.0,2026
1,513105,Dobrčice,7,233,0,11.0,5.0,2026
1,513113,Malé Přítočno,7,283,0,7.0,1.0,2026
1,513130,Dolany,7,328,0,8.0,1.0,2026
1,513148,Polní Voděrady,5,209,0,6.0,1.0,2026
1,513164,Ždánice,5,376,0,12.0,2.0,2026
1,513181,Dománovice,7,114,0,14.0,2.0,2026
1,513199,Dolní Újezd,11,1224,0,33.0,3.0,2026
1,513202,Zalešany,5,104,0,7.0,7.0,2026
1,513211,Domaželice,7,531,0,14.0,2.0,2026
1,513229,Dřevohostice,15,1427,0,45.0,3.0,2026
1,513237,Polní Chrčice,7,183,0,8.0,8.0,2026
1,513261,Žabonosy,5,264,0,11.0,2.0,2026
1,513270,Lipec,7,184,0,9.0,9.0,2026
1,513288,Mrzky,5,169,0,6.0,1.0,2026
1,513369,Přehvozdí,7,327,0,8.0,1.0,2026
1,513393,Přistoupim,7,471,0,16.0,2.0,2026
1,513415,Kbel,7,219,0,7.0,1.0,2026
1,513423,Pašinka,9,397,0,9.0,1.0,2026
1,513431,Chýnice,7,436,0,9.0,1.0,2026
1,513458,Vestec,15,3252,0,31.0,3.0,2026
1,513482,Vysoký Újezd,7,192,0,9.0,1.0,2026
1,513491,Horní Moštěnice,15,1676,0,57.0,4.0,2026
1,513504,Dlouhá Lhota,5,458,0,8.0,3.0,2026
1,513512,Zduchovice,7,314,0,14.0,8.0,2026
1,513521,Lešetice,7,231,0,9.0,1.0,2026
1,513539,Velká Lečice,7,193,0,7.0,1.0,2026
1,513547,Příčovy,7,360,0,11.0,11.0,2026
1,513555,Kotenčice,7,216,0,17.0,2.0,2026
1,513571,Občov,7,208,0,14.0,2.0,2026
1,513580,Hudčice,7,266,0,18.0,2.0,2026
1,513628,Klokočná,7,312,0,8.0,1.0,2026
1,513636,Hrabůvka,7,334,0,9.0,1.0,2026
1,513644,Zlatá,7,449,0,9.0,1.0,2026
1,513661,Nová Ves,5,415,0,8.0,2.0,2026
1,513695,Horní Smržov,7,123,0,10.0,10.0,2026
1,513709,Roubanina,7,121,0,7.0,7.0,2026
1,513717,Urbanice,11,320,0,11.0,1.0,2026
1,513733,Hradčany,7,339,0,15.0,3.0,2026
1,513750,Hranice,23,17910,0,205.0,9.0,2026
1,513768,Hustopeče nad Bečvou,15,1705,0,32.0,3.0,2026
1,513873,Jindřichov,9,491,0,18.0,2.0,2026
1,513890,Skalka u Doks,7,176,0,9.0,1.0,2026
1,514047,Klokočí,7,252,0,10.0,10.0,2026
1,514055,Kojetín,21,5721,0,126.0,6.0,2026
1,514152,Kokory,15,1064,0,45.0,3.0,2026
1,514161,Luka,5,103,0,6.0,1.0,2026
1,514195,Ždírec,7,120,0,14.0,2.0,2026
1,514276,Pertoltice pod Ralskem,7,417,0,7.0,1.0,2026
1,514446,Lazníčky,5,182,0,6.0,1.0,2026
1,514471,Lazníky,9,534,0,34.0,4.0,2026
1,514497,Lhota,7,342,0,8.0,1.0,2026
1,514527,Lhotka,5,66,0,6.0,1.0,2026
1,514705,Lipník nad Bečvou,21,8000,0,146.0,7.0,2026
1,514772,Lipová,9,259,0,27.0,3.0,2026
1,514802,Líšná,7,262,0,7.0,1.0,2026
1,515191,Lobodice,9,703,0,45.0,5.0,2026
1,515329,Malhotice,7,358,0,24.0,3.0,2026
1,515418,Milenov,9,430,0,18.0,2.0,2026
1,515477,Milotice nad Bečvou,7,320,0,9.0,9.0,2026
1,515787,Nelešovice,7,192,0,16.0,2.0,2026
1,515825,Oldřichov,5,110,0,6.0,1.0,2026
1,516201,Opatovice,11,801,0,22.0,2.0,2026
1,516350,Oprostovice,7,81,0,7.0,1.0,2026
1,516619,Osek nad Bečvou,11,1365,0,22.0,2.0,2026
1,516635,Paršovice,9,389,0,22.0,3.0,2026
1,516686,Partutovice,7,533,0,10.0,2.0,2026
1,516694,Pavlovice u Přerova,15,706,0,15.0,1.0,2026
1,516864,Podolí,7,198,0,8.0,1.0,2026
1,516899,Polkovice,7,511,0,30.0,4.0,2026
1,516911,Polom,7,300,0,23.0,3.0,2026
1,517101,Potštát,9,1241,0,27.0,3.0,2026
1,517151,Prosenice,15,812,0,30.0,2.0,2026
1,517208,Provodovice,5,165,0,6.0,1.0,2026
1,517224,Přestavlky,7,254,0,17.0,2.0,2026
1,517275,Radíkov,7,160,0,9.0,9.0,2026
1,517321,Radkova Lhota,7,199,0,7.0,1.0,2026
1,517437,Radkovy,7,148,0,9.0,1.0,2026
1,517445,Radotín,7,176,0,14.0,2.0,2026
1,517534,Radslavice,15,1124,0,30.0,2.0,2026
1,517569,Radvanice,7,269,0,9.0,1.0,2026
1,517585,Rakov,7,412,0,25.0,3.0,2026
1,517607,Rokytnice,15,1514,0,60.0,4.0,2026
1,517615,Rouské,5,266,0,12.0,2.0,2026
1,517666,Říkovice,9,456,0,18.0,2.0,2026
1,517747,Skalička,7,651,0,9.0,1.0,2026
1,517836,Sobíšky,7,155,0,9.0,1.0,2026
1,517844,Soběchleby,15,594,0,15.0,1.0,2026
1,517887,Stará Ves,9,619,0,18.0,2.0,2026
1,517909,Střítež nad Ludinou,9,843,0,27.0,3.0,2026
1,518026,Sušice,7,314,0,9.0,1.0,2026
1,519031,Teplice nad Bečvou,7,454,0,9.0,1.0,2026
1,519146,Tovačov,15,2472,0,60.0,4.0,2026
1,519651,Troubky,15,1996,0,60.0,4.0,2026
1,520047,Tučín,9,435,0,24.0,3.0,2026
1,520306,Ústí,7,530,0,9.0,1.0,2026
1,520420,Veselíčko,9,922,0,64.0,8.0,2026
1,521531,Všechovice,11,893,0,44.0,4.0,2026
1,522775,Zámrsky,7,226,0,8.0,1.0,2026
1,523453,Žákovice,7,248,0,16.0,2.0,2026
1,523640,Želatovice,9,532,0,27.0,3.0,2026
1,523704,Šumperk,27,24444,0,243.0,9.0,2026
1,523917,Bělá pod Pradědem,15,1701,0,60.0,4.0,2026
1,524891,Bernartice,7,820,0,62.0,8.0,2026
1,525227,Bílá Voda,9,336,0,9.0,1.0,2026
1,525588,Bludov,15,2972,0,75.0,5.0,2026
1,525804,Bohdíkov,15,1262,0,75.0,5.0,2026
1,525880,Bohuslavice,9,490,0,27.0,3.0,2026
1,525979,Bohutín,7,764,0,9.0,1.0,2026
1,526169,Branná,7,272,0,9.0,1.0,2026
1,526622,Rohozec,7,319,0,11.0,11.0,2026
1,528196,Podveky,9,228,0,18.0,2.0,2026
1,529303,Benešov,27,17025,0,206.0,8.0,2026
1,529451,Bystřice,17,4694,0,51.0,3.0,2026
1,529478,Čakov,7,135,0,7.0,1.0,2026
1,529486,Čechtice,15,1448,0,45.0,3.0,2026
1,529516,Čerčany,15,3175,0,60.0,4.0,2026
1,529524,Čejkovice,5,28,0,5.0,5.0,2026
1,529532,Červený Újezd,7,350,0,11.0,11.0,2026
1,529541,Český Šternberk,7,179,0,11.0,2.0,2026
1,529559,Dobrovítov,9,133,0,11.0,11.0,2026
1,529567,Čtyřkoly,7,823,0,7.0,1.0,2026
1,529575,Medonosy,7,157,0,24.0,3.0,2026
1,529583,Tupadly,7,157,0,11.0,3.0,2026
1,529591,Sedlec,7,256,0,7.0,1.0,2026
1,529605,Rokytá,9,367,0,9.0,1.0,2026
1,529613,Josefův Důl,7,441,0,9.0,1.0,2026
1,529621,Divišov,15,1849,0,16.0,2.0,2026
1,529630,Kostomlátky,7,328,0,12.0,2.0,2026
1,529648,Dolní Kralovice,15,931,0,45.0,3.0,2026
1,529656,Pětihosty,7,299,0,10.0,2.0,2026
1,529664,Těchařovice,7,37,0,9.0,1.0,2026
1,529672,Bezděkov pod Třemšínem,7,168,0,8.0,8.0,2026
1,529681,Koupě,7,115,0,17.0,2.0,2026
1,529699,Velká Chmelištná,7,54,0,9.0,1.0,2026
1,529702,Heřmaničky,9,735,0,9.0,1.0,2026
1,529711,Drahouš,7,79,0,7.0,1.0,2026
1,529729,Kvítkovice,5,135,0,6.0,1.0,2026
1,529737,Hulice,7,271,0,7.0,1.0,2026
1,529745,Hvězdonice,7,351,0,8.0,1.0,2026
1,529753,Dívčí Kopy,5,65,0,6.0,1.0,2026
1,529761,Žďár,5,125,0,6.0,1.0,2026
1,529770,Chlum,7,124,0,8.0,8.0,2026
1,529788,Chmelná,7,164,0,16.0,10.0,2026
1,529796,Chocerady,11,1444,0,33.0,3.0,2026
1,529818,Chotýšany,7,670,0,14.0,2.0,2026
1,529826,Čelistná,9,88,0,9.0,9.0,2026
1,529834,Mezná,7,167,0,10.0,10.0,2026
1,529842,Jankov,15,919,0,45.0,3.0,2026
1,529851,Javorník,7,153,0,9.0,9.0,2026
1,529869,Důl,7,53,0,7.0,1.0,2026
1,529877,Okrouhlá,7,69,0,7.0,7.0,2026
1,529885,Stehlovice,7,81,0,7.0,1.0,2026
1,529893,Nicov,7,85,0,11.0,11.0,2026
1,529907,Keblov,5,188,0,7.0,2.0,2026
1,529915,Vrbice,7,61,0,8.0,1.0,2026
1,529923,Žárovná,7,114,0,15.0,2.0,2026
1,529931,Kondrac,9,535,0,18.0,2.0,2026
1,529940,Kozmice,7,423,0,11.0,2.0,2026
1,529958,Krhanice,9,1141,0,18.0,2.0,2026
1,529966,Buzice,7,183,0,7.0,1.0,2026
1,529974,Krňany,7,520,0,7.0,1.0,2026
1,529982,Chlum,9,200,0,18.0,2.0,2026
1,529991,Křečovice,11,811,0,55.0,5.0,2026
1,530000,Křivsoudov,9,490,0,11.0,3.0,2026
1,530018,Březí,5,64,0,6.0,1.0,2026
1,530026,Kuňovice,7,83,0,8.0,1.0,2026
1,530034,Stožice,9,498,0,36.0,4.0,2026
1,530042,Katov,7,70,0,9.0,9.0,2026
1,530051,Lešany,15,894,0,45.0,3.0,2026
1,530069,Libež,7,291,0,15.0,2.0,2026
1,530085,Bukovník,7,67,0,7.0,7.0,2026
1,530093,Loket,11,624,0,17.0,17.0,2026
1,530107,Louňovice pod Blaníkem,15,665,0,15.0,1.0,2026
1,530115,Maršovice,11,796,0,44.0,4.0,2026
1,530123,Dobršín,7,104,0,13.0,2.0,2026
1,530131,Přestavlky,7,234,0,8.0,1.0,2026
1,530140,Milínov,7,230,0,17.0,11.0,2026
1,530158,Mezno,9,378,0,21.0,21.0,2026
1,530166,Miličín,9,896,0,27.0,3.0,2026
1,530174,Miřetice,7,261,0,22.0,4.0,2026
1,530182,Žákava,7,491,0,9.0,1.0,2026
1,530191,Mnichovice,7,223,0,7.0,1.0,2026
1,530204,Mrač,11,886,0,22.0,2.0,2026
1,530212,Načeradec,15,1148,0,45.0,3.0,2026
1,530221,Hněvnice,7,127,0,7.0,1.0,2026
1,530239,Bílov,7,83,0,9.0,1.0,2026
1,530247,Potvorov,7,133,0,10.0,3.0,2026
1,530263,Nespeky,9,811,0,27.0,3.0,2026
1,530271,Sedlec,7,112,0,8.0,1.0,2026
1,530280,Vysoká Libyně,7,202,0,9.0,1.0,2026
1,530298,Netvořice,15,1211,0,16.0,2.0,2026
1,530301,Neustupov,9,562,0,45.0,5.0,2026
1,530310,Neveklov,15,2779,0,75.0,5.0,2026
1,530328,Čerňovice,5,201,0,6.0,1.0,2026
1,530336,Pláně,9,282,0,14.0,2.0,2026
1,530344,Olbramovice,15,1437,0,45.0,3.0,2026
1,530352,Ostředek,7,497,0,7.0,1.0,2026
1,530361,Kařízek,7,54,0,14.0,2.0,2026
1,530379,Drahoňův Újezd,5,131,0,6.0,1.0,2026
1,530387,Radvanec,9,289,0,9.0,1.0,2026
1,530395,Janská,7,212,0,8.0,1.0,2026
1,530409,Petroupim,7,374,0,7.0,7.0,2026
1,530417,Doubice,7,102,0,9.0,1.0,2026
1,530425,Dalešice,7,225,0,18.0,2.0,2026
1,530433,Kunratice,9,350,0,9.0,1.0,2026
1,530441,Poříčí nad Sázavou,15,1661,0,30.0,2.0,2026
1,530450,Postupice,9,1446,0,12.0,2.0,2026
1,530468,Dlouhý Most,9,990,0,19.0,3.0,2026
1,530476,Pravonín,11,570,0,15.0,2.0,2026
1,530484,Jeřmanice,9,686,0,18.0,2.0,2026
1,530492,Přestavlky u Čerčan,7,446,0,10.0,10.0,2026
1,530506,Miřejovice,5,216,0,6.0,1.0,2026
1,530514,Psáře,9,141,0,9.0,1.0,2026
1,530522,Rabyně,7,289,0,18.0,2.0,2026
1,530531,Radošovice,13,406,0,18.0,4.0,2026
1,530549,Rataje,7,176,0,7.0,1.0,2026
1,530557,Kozly,7,125,0,9.0,1.0,2026
1,530565,Želkovice,7,100,0,7.0,1.0,2026
1,530573,Sedlec-Prčice,15,2952,0,41.0,3.0,2026
1,530581,Čeradice,7,303,0,25.0,3.0,2026
1,530590,Libočany,9,535,0,9.0,1.0,2026
1,530603,Zálužice,5,102,0,8.0,8.0,2026
1,530611,Smilkov,7,259,0,14.0,2.0,2026
1,530620,Přestanov,7,672,0,9.0,1.0,2026
1,530638,Soběhrdy,9,469,0,15.0,15.0,2026
1,530646,Hurtova Lhota,7,254,0,8.0,8.0,2026
1,530654,Vysoká,7,277,0,8.0,8.0,2026
1,530662,Ždírec,5,125,0,12.0,2.0,2026
1,530671,Pšánky,7,72,0,7.0,1.0,2026
1,530689,Struhařov,11,1021,0,33.0,3.0,2026
1,530697,Úherčice,7,131,0,14.0,2.0,2026
1,530701,Střezimíř,7,304,0,18.0,2.0,2026
1,530719,Studený,7,110,0,14.0,6.0,2026
1,530727,Brníčko,7,635,0,14.0,2.0,2026
1,530735,Staré Hrady,9,192,0,27.0,3.0,2026
1,530743,Bílkovice,7,220,0,8.0,2.0,2026
1,530751,Tehov,9,358,0,9.0,1.0,2026
1,530760,Teplýšovice,7,554,0,10.0,10.0,2026
1,530778,Tichonice,9,213,0,14.0,14.0,2026
1,530786,Říkov,7,254,0,9.0,9.0,2026
1,530794,Trnávka,7,209,0,28.0,4.0,2026
1,530808,Královec,5,183,0,12.0,2.0,2026
1,530816,Trhový Štěpánov,15,1489,0,134.0,9.0,2026
1,530824,Velenov,7,267,0,18.0,2.0,2026
1,530832,Brambory,7,114,0,7.0,7.0,2026
1,530841,Týnec nad Sázavou,17,5732,0,52.0,4.0,2026
1,530859,Semtěš,7,276,0,18.0,2.0,2026
1,530867,Veliš,7,354,0,11.0,11.0,2026
1,530875,Starkoč,7,155,0,7.0,1.0,2026
1,530883,Vlašim,21,11329,0,144.0,7.0,2026
1,530891,Vojkov,7,490,0,9.0,1.0,2026
1,530905,Votice,19,4777,0,98.0,6.0,2026
1,530913,Vracovice,7,406,0,9.0,1.0,2026
1,530921,Vranov,7,432,0,10.0,10.0,2026
1,530930,Štipoklasy,7,134,0,8.0,8.0,2026
1,530948,Vrchotovy Janovice,15,1079,0,15.0,1.0,2026
1,530956,Opatovice I,5,190,0,12.0,2.0,2026
1,530964,Bludov,5,25,0,6.0,1.0,2026
1,530972,Třebětín,7,100,0,16.0,2.0,2026
1,530981,Třebešice,7,324,0,7.0,1.0,2026
1,530999,Močovice,7,406,0,15.0,2.0,2026
1,531006,Ludíkov,7,365,0,7.0,1.0,2026
1,531014,Vodranty,6,82,0,14.0,2.0,2026
1,531022,Zdislavice,7,517,0,7.0,1.0,2026
1,531031,Kamberk,6,174,0,6.0,6.0,2026
1,531049,Zvěstov,7,429,0,9.0,1.0,2026
1,531057,Beroun,21,21744,0,168.0,8.0,2026
1,531065,Souňov,7,143,0,14.0,14.0,2026
1,531073,Běštín,7,341,0,9.0,1.0,2026
1,531081,Broumy,9,990,0,9.0,1.0,2026
1,531090,Březová,5,338,0,6.0,2.0,2026
1,531103,Bubovice,7,578,0,9.0,1.0,2026
1,531111,Bernardov,5,165,0,6.0,1.0,2026
1,531120,Bzová,9,464,0,9.0,1.0,2026
1,531138,Cerhovice,15,1209,0,15.0,1.0,2026
1,531146,Drahelčice,9,1667,0,18.0,2.0,2026
1,531154,Drozdov,9,807,0,36.0,4.0,2026
1,531162,Felbabka,7,312,0,14.0,2.0,2026
1,531171,Hlásná Třebaň,9,1272,0,9.0,1.0,2026
1,531189,Hořovice,21,8245,0,147.0,7.0,2026
1,531197,Hlízov,9,680,0,27.0,3.0,2026
1,531201,Hostomice,9,1961,0,36.0,4.0,2026
1,531219,Hředle,7,406,0,15.0,2.0,2026
1,531227,Hudlice,15,1266,0,30.0,2.0,2026
1,531235,Hvozdec,7,261,0,13.0,2.0,2026
1,531243,Hýskov,15,2253,0,30.0,2.0,2026
1,531251,Chaloupky,7,527,0,18.0,2.0,2026
1,531260,Dolní Pohleď,7,126,0,7.0,1.0,2026
1,531278,Paběnice,7,223,0,10.0,10.0,2026
1,531286,Bratčice,7,431,0,9.0,9.0,2026
1,531294,Chyňava,15,1906,0,15.0,1.0,2026
1,531308,Jivina,7,201,0,11.0,4.0,2026
1,531316,Karlštejn,9,833,0,36.0,4.0,2026
1,531324,Komárov,15,2439,0,30.0,2.0,2026
1,531332,Koněprusy,7,263,0,9.0,1.0,2026
1,531341,Drobovice,7,384,0,9.0,9.0,2026
1,531359,Horky,7,383,0,9.0,9.0,2026
1,531367,Adamov,5,133,0,6.0,1.0,2026
1,531375,Kublov,9,676,0,9.0,1.0,2026
1,531383,Schořov,5,95,0,8.0,8.0,2026
1,531391,Sudějov,5,85,0,9.0,10.0,2026
1,531405,Kobylnice,5,224,0,6.0,1.0,2026
1,531413,Hraběšín,7,113,0,9.0,9.0,2026
1,531421,Šebestěnice,5,84,0,6.0,1.0,2026
1,531430,Horka I,7,408,0,7.0,1.0,2026
1,531448,Libomyšl,9,639,0,18.0,2.0,2026
1,531456,Liteň,11,1267,0,22.0,2.0,2026
1,531464,Loděnice,15,2019,0,15.0,1.0,2026
1,531472,Lochovice,11,1376,0,11.0,1.0,2026
1,531481,Horušice,7,165,0,7.0,1.0,2026
1,531499,Hostín,7,309,0,14.0,2.0,2026
1,531502,Liblice,7,498,0,17.0,2.0,2026
1,531511,Zlončice,7,613,0,7.0,1.0,2026
1,531529,Měňany,7,310,0,9.0,1.0,2026
1,531537,Mezouň,7,600,0,15.0,2.0,2026
1,531545,Mořina,9,964,0,9.0,1.0,2026
1,531553,Konětopy,7,344,0,8.0,1.0,2026
1,531561,Tuhaň,9,893,0,18.0,2.0,2026
1,531570,Dobřeň,7,164,0,18.0,2.0,2026
1,531588,Neumětely,9,584,0,27.0,3.0,2026
1,531596,Nižbor,15,2109,0,75.0,5.0,2026
1,531600,Nový Jáchymov,11,755,0,11.0,1.0,2026
1,531618,Nučice,9,2494,0,18.0,2.0,2026
1,531626,Olešná,7,461,0,16.0,2.0,2026
1,531634,Osek,9,879,0,18.0,2.0,2026
1,531642,Osov,7,316,0,9.0,1.0,2026
1,531651,Kanina,7,109,0,16.0,3.0,2026
1,531669,Otročiněves,7,502,0,7.0,1.0,2026
1,531677,Lobeč,7,167,0,9.0,1.0,2026
1,531685,Podluhy,7,669,0,9.0,1.0,2026
1,531693,Praskolesy,11,895,0,22.0,2.0,2026
1,531707,Nosálov,7,179,0,9.0,1.0,2026
1,531715,Rpety,7,493,0,10.0,2.0,2026
1,531723,Rudná,15,5560,0,75.0,5.0,2026
1,531731,Stránka,7,213,0,16.0,2.0,2026
1,531740,Skuhrov,9,606,0,9.0,1.0,2026
1,531758,Srbsko,9,557,0,43.0,5.0,2026
1,531766,Stašov,7,494,0,9.0,1.0,2026
1,531774,Kadlín,7,149,0,9.0,1.0,2026
1,531782,Suchomasty,9,547,0,27.0,3.0,2026
1,531791,Svatá,7,539,0,25.0,3.0,2026
1,531804,Svatý Jan pod Skalou,7,213,0,7.0,1.0,2026
1,531812,Svinaře,7,1013,0,24.0,4.0,2026
1,531821,Tachlovice,7,963,0,18.0,2.0,2026
1,531839,Tetín,9,851,0,16.0,2.0,2026
1,531847,Tlustice,15,1124,0,20.0,20.0,2026
1,531855,Tmaň,15,1256,0,15.0,1.0,2026
1,531863,Nedomice,7,356,0,8.0,1.0,2026
1,531871,Jeviněves,7,279,0,7.0,1.0,2026
1,531880,Trubská,5,194,0,6.0,1.0,2026
1,531898,Lhotka,7,334,0,10.0,10.0,2026
1,531901,Újezd,7,688,0,14.0,2.0,2026
1,531910,Velký Chlumec,7,450,0,9.0,1.0,2026
1,531928,Hostín u Vojkovic,7,328,0,9.0,1.0,2026
1,531936,Vidim,5,129,0,6.0,1.0,2026
1,531944,Vráž,15,1265,0,15.0,1.0,2026
1,531952,Všeradice,7,480,0,9.0,1.0,2026
1,531961,Vysoký Újezd,9,2137,0,18.0,2.0,2026
1,531979,Zadní Třebaň,9,982,0,36.0,4.0,2026
1,531987,Dolní Zimoř,7,103,0,8.0,1.0,2026
1,531995,Zaječov,9,1510,0,54.0,6.0,2026
1,532002,Záluží,7,507,0,19.0,3.0,2026
1,532011,Zdice,15,4125,0,60.0,4.0,2026
1,532029,Žebrák,15,2243,0,45.0,3.0,2026
1,532037,Chrášťany,7,262,0,7.0,1.0,2026
1,532045,Chlístov,7,459,0,9.0,3.0,2026
1,532053,Kladno,33,69728,0,294.0,9.0,2026
1,532061,Václavice,9,645,0,18.0,2.0,2026
1,532070,Běloky,7,181,0,9.0,1.0,2026
1,532088,Beřovice,7,417,0,20.0,3.0,2026
1,532096,Borovnice,7,95,0,8.0,1.0,2026
1,532100,Blevice,7,294,0,14.0,2.0,2026
1,532118,Brandýsek,15,2299,0,75.0,5.0,2026
1,532126,Braškov,15,1125,0,60.0,4.0,2026
1,532134,Ješetice,7,129,0,8.0,8.0,2026
1,532142,Bratronice,9,1006,0,27.0,3.0,2026
1,532151,Drahňovice,7,103,0,9.0,1.0,2026
1,532169,Buštěhrad,15,4073,0,63.0,5.0,2026
1,532177,Tuřany,9,725,0,9.0,1.0,2026
1,532185,Cvrčovice,7,793,0,13.0,2.0,2026
1,532193,Lštění,7,567,0,7.0,1.0,2026
1,532207,Černuc,11,1021,0,11.0,1.0,2026
1,532215,Červený Újezd,9,1650,0,27.0,3.0,2026
1,532223,Doksy,11,1734,0,11.0,1.0,2026
1,532231,Slověnice,5,50,0,6.0,1.0,2026
1,532258,Litichovice,5,75,0,6.0,1.0,2026
1,532266,Všechlapy,7,122,0,8.0,1.0,2026
1,532274,Družec,9,1057,0,9.0,1.0,2026
1,532282,Dřetovice,5,467,0,12.0,2.0,2026
1,532291,Dřínov,7,332,0,9.0,1.0,2026
1,532304,Třebešice,7,112,0,7.0,1.0,2026
1,532312,Horní Bezděkov,9,731,0,27.0,3.0,2026
1,532321,Hořešovice,7,260,0,9.0,1.0,2026
1,532339,Hospozín,9,587,0,18.0,2.0,2026
1,532347,Hostouň,9,1645,0,27.0,3.0,2026
1,532355,Hradečno,7,562,0,17.0,2.0,2026
1,532363,Hrdlív,7,531,0,7.0,1.0,2026
1,532371,Hřebeč,9,2156,0,9.0,1.0,2026
1,532380,Blažejovice,7,113,0,7.0,1.0,2026
1,532398,Chržín,5,315,0,11.0,2.0,2026
1,532401,Jarpice,7,315,0,8.0,1.0,2026
1,532410,Jedomělice,7,455,0,9.0,1.0,2026
1,532428,Jemníky,9,298,0,11.0,11.0,2026
1,532436,Snět,7,91,0,9.0,1.0,2026
1,532444,Kačice,9,1236,0,27.0,3.0,2026
1,532452,Kamenné Žehrovice,9,1636,0,9.0,1.0,2026
1,532461,Klobuky,9,1034,0,18.0,2.0,2026
1,532479,Kmetiněves,9,304,0,18.0,2.0,2026
1,532487,Knovíz,7,604,0,9.0,1.0,2026
1,532495,Koleč,9,624,0,18.0,2.0,2026
1,532509,Šetějovice,6,71,0,8.0,1.0,2026
1,532517,Kvílice,5,88,0,6.0,1.0,2026
1,532525,Kyšice,7,614,0,15.0,2.0,2026
1,532533,Ledce,7,503,0,14.0,2.0,2026
1,532541,Tomice,7,122,0,9.0,9.0,2026
1,532550,Ratměřice,9,316,0,13.0,2.0,2026
1,532568,Bernartice,7,222,0,7.0,7.0,2026
1,532576,Libušín,15,3534,0,30.0,2.0,2026
1,532584,Lidice,7,552,0,8.0,1.0,2026
1,532592,Tisem,7,219,0,8.0,1.0,2026
1,532606,Choratice,7,62,0,12.0,2.0,2026
1,532614,Vodslivy,7,103,0,13.0,13.0,2026
1,532622,Makotřasy,7,518,0,15.0,2.0,2026
1,532631,Malé Kyšice,9,562,0,9.0,1.0,2026
1,532649,Popovice,9,299,0,13.0,2.0,2026
1,532657,Malíkovice,7,388,0,9.0,1.0,2026
1,532665,Neuměřice,7,444,0,7.0,1.0,2026
1,532673,Olovnice,7,580,0,8.0,8.0,2026
1,532681,Otvovice,9,789,0,9.0,1.0,2026
1,532690,Ctiboř,7,176,0,7.0,7.0,2026
1,532711,Pavlov,9,242,0,23.0,3.0,2026
1,532720,Pchery,9,2027,0,9.0,1.0,2026
1,532738,Pletený Újezd,7,728,0,14.0,2.0,2026
1,532746,Děkanovice,5,65,0,5.0,2.0,2026
1,532754,Podlešín,5,382,0,12.0,3.0,2026
1,532762,Pozdeň,7,454,0,9.0,1.0,2026
1,532771,Přelíc,7,380,0,16.0,2.0,2026
1,532789,Ptice,7,1015,0,18.0,2.0,2026
1,532797,Řisuty,7,446,0,16.0,2.0,2026
1,532801,Sazená,7,365,0,7.0,1.0,2026
1,532819,Slaný,27,17247,0,219.0,10.0,2026
1,532827,Slatina,7,637,0,9.0,1.0,2026
1,532835,Smečno,15,1985,0,70.0,5.0,2026
1,532843,Dunice,5,65,0,5.0,5.0,2026
1,532851,Stehelčeves,7,1177,0,14.0,2.0,2026
1,532860,Stochov,21,5362,0,84.0,4.0,2026
1,532878,Chleby,5,52,0,6.0,1.0,2026
1,532886,Chářovice,7,226,0,9.0,2.0,2026
1,532894,Bušín,7,382,0,18.0,2.0,2026
1,532908,Svinařov,9,725,0,16.0,2.0,2026
1,532916,Šlapanice,7,206,0,7.0,1.0,2026
1,532924,Bukovany,11,863,0,11.0,1.0,2026
1,532932,Hradiště,7,34,0,7.0,1.0,2026
1,532941,Řimovice,7,233,0,7.0,1.0,2026
1,532959,Třebichovice,7,598,0,7.0,1.0,2026
1,532967,Třebíz,7,230,0,9.0,1.0,2026
1,532975,Třebusice,7,544,0,7.0,1.0,2026
1,532983,Tuchlovice,15,2785,0,30.0,2.0,2026
1,532991,Úhonice,9,1301,0,45.0,5.0,2026
1,533009,Uhy,7,412,0,12.0,2.0,2026
1,533017,Unhošť,19,5324,0,133.0,7.0,2026
1,533025,Velká Dobrá,7,1785,0,10.0,2.0,2026
1,533033,Velké Přítočno,7,1117,0,23.0,3.0,2026
1,533041,Velvary,15,3147,0,45.0,3.0,2026
1,533050,Vinařice,9,2137,0,18.0,2.0,2026
1,533068,Vraný,11,780,0,38.0,4.0,2026
1,533076,Pavlovice,7,280,0,9.0,1.0,2026
1,533084,Kladruby,9,291,0,14.0,14.0,2026
1,533092,Zákolany,9,610,0,27.0,3.0,2026
1,533106,Trubín,7,588,0,8.0,1.0,2026
1,533114,Zlonice,15,2275,0,60.0,4.0,2026
1,533122,Zvoleněves,9,921,0,11.0,3.0,2026
1,533149,Žilina,9,844,0,18.0,2.0,2026
1,533157,Žižice,7,780,0,24.0,3.0,2026
1,533165,Kolín,27,33392,0,202.0,9.0,2026
1,533173,Barchovice,7,256,0,18.0,2.0,2026
1,533181,Bečváry,11,1068,0,22.0,2.0,2026
1,533190,Bělušice,5,306,0,5.0,1.0,2026
1,533203,Králův Dvůr,19,10677,0,76.0,4.0,2026
1,533211,Břežany I,7,315,0,7.0,1.0,2026
1,533220,Břežany II,7,922,0,16.0,2.0,2026
1,533238,Býchory,9,699,0,22.0,3.0,2026
1,533246,Cerhenice,11,1955,0,11.0,1.0,2026
1,533254,Černé Voděrady,7,385,0,22.0,3.0,2026
1,533262,Červené Pečky,13,2098,0,26.0,2.0,2026
1,533271,Český Brod,21,7355,0,115.0,6.0,2026
1,533289,Dobřichov,7,788,0,8.0,1.0,2026
1,533297,Dolní Chvatliny,9,534,0,9.0,1.0,2026
1,533301,Doubravčice,7,1415,0,9.0,1.0,2026
1,533319,Malá Víska,5,109,0,6.0,1.0,2026
1,533327,Horní Kruty,7,499,0,24.0,3.0,2026
1,533335,Lhotka,7,372,0,8.0,1.0,2026
1,533343,Chotutice,7,500,0,14.0,2.0,2026
1,533351,Chrášťany,9,795,0,18.0,2.0,2026
1,533360,Jestřabí Lhota,7,552,0,8.0,1.0,2026
1,533378,Jevany,9,856,0,45.0,5.0,2026
1,533386,Klučov,15,1104,0,30.0,2.0,2026
1,533394,Konárovice,9,1029,0,9.0,1.0,2026
1,533408,Kořenice,9,631,0,9.0,1.0,2026
1,533416,Kostelec nad Černými lesy,15,4360,0,105.0,7.0,2026
1,533424,Kouřim,15,1981,0,45.0,3.0,2026
1,533432,Kozojedy,9,1009,0,35.0,4.0,2026
1,533441,Krakovany,9,946,0,28.0,4.0,2026
1,533459,Krupá,7,406,0,8.0,1.0,2026
1,533467,Křečhoř,9,584,0,18.0,2.0,2026
1,533475,Libenice,7,323,0,7.0,1.0,2026
1,533483,Libodřice,5,316,0,6.0,1.0,2026
1,533491,Černá Voda,9,536,0,36.0,4.0,2026
1,533505,Lošany,7,345,0,9.0,1.0,2026
1,533513,Malotice,7,374,0,18.0,2.0,2026
1,533521,Nebovidy,7,776,0,17.0,2.0,2026
1,533530,Nová Ves I,11,1390,0,33.0,3.0,2026
1,533548,Nučice,7,392,0,18.0,2.0,2026
1,533556,Ohaře,7,329,0,26.0,3.0,2026
1,533564,Oleška,15,997,0,15.0,1.0,2026
1,533572,Ovčáry,9,921,0,18.0,2.0,2026
1,533581,Plaňany,9,1931,0,36.0,4.0,2026
1,533599,Polepy,7,649,0,26.0,3.0,2026
1,533602,Nenačovice,5,317,0,5.0,1.0,2026
1,533611,Přišimasy,9,889,0,18.0,2.0,2026
1,533629,Radim,9,1206,0,18.0,2.0,2026
1,533637,Radovesnice I,7,383,0,7.0,1.0,2026
1,533645,Radovesnice II,9,523,0,18.0,2.0,2026
1,533653,Ratboř,7,571,0,14.0,2.0,2026
1,533661,Rostoklaty,9,652,0,9.0,1.0,2026
1,533670,Chrustenice,11,1078,0,33.0,3.0,2026
1,533688,Dlouhomilov,7,454,0,9.0,1.0,2026
1,533696,Skvrňov,7,226,0,8.0,1.0,2026
1,533700,Starý Kolín,11,1654,0,11.0,1.0,2026
1,533718,Stříbrná Skalice,13,1607,0,26.0,2.0,2026
1,533726,Svojšice,7,532,0,9.0,1.0,2026
1,533734,Tismice,7,587,0,18.0,2.0,2026
1,533742,Toušice,7,383,0,9.0,1.0,2026
1,533751,Třebovle,7,575,0,33.0,5.0,2026
1,533769,Tři Dvory,9,985,0,18.0,2.0,2026
1,533777,Tuchoraz,7,682,0,9.0,1.0,2026
1,533785,Tuklaty,9,1118,0,9.0,1.0,2026
1,533793,Korno,7,119,0,10.0,2.0,2026
1,533807,Týnec nad Labem,11,2173,0,11.0,1.0,2026
1,533815,Uhlířská Lhota,7,356,0,12.0,3.0,2026
1,533823,Veletov,5,262,0,5.0,1.0,2026
1,533831,Velim,11,2215,0,44.0,4.0,2026
1,533840,Velký Osek,15,2666,0,60.0,4.0,2026
1,533858,Veltruby,11,1467,0,22.0,2.0,2026
1,533866,Vitice,11,1191,0,22.0,2.0,2026
1,533874,Vlkančice,9,239,0,9.0,1.0,2026
1,533882,Volárna,7,554,0,36.0,4.0,2026
1,533891,Vrbčany,7,424,0,18.0,2.0,2026
1,533904,Vyžlovka,9,857,0,9.0,1.0,2026
1,533912,Mořinka,5,168,0,6.0,1.0,2026
1,533921,Zásmuky,15,2182,0,30.0,2.0,2026
1,533939,Lážovice,5,114,0,6.0,6.0,2026
1,533947,Žiželice,11,2002,0,11.0,1.0,2026
1,533955,Kutná Hora,27,21787,0,162.0,6.0,2026
1,533963,Skřipel,5,142,0,7.0,2.0,2026
1,533971,Bílé Podolí,9,582,0,27.0,3.0,2026
1,533980,Bohdaneč,7,443,0,9.0,1.0,2026
1,533998,Církvice,9,1350,0,36.0,4.0,2026
1,534005,Čáslav,21,10387,0,126.0,6.0,2026
1,534013,Černíny,7,444,0,23.0,3.0,2026
1,534021,Červené Janovice,9,656,0,19.0,3.0,2026
1,534030,Čestín,9,471,0,18.0,2.0,2026
1,534048,Vižina,5,276,0,6.0,1.0,2026
1,534056,Horka II,9,415,0,14.0,5.0,2026
1,534064,Hostovlice,7,250,0,9.0,1.0,2026
1,534072,Kotopeky,5,293,0,5.0,1.0,2026
1,534081,Chabeřice,7,284,0,18.0,2.0,2026
1,534099,Chlístovice,13,779,0,52.0,4.0,2026
1,534102,Chotusice,7,821,0,10.0,10.0,2026
1,534111,Otmíče,5,188,0,5.0,1.0,2026
1,534129,Kácov,9,812,0,18.0,2.0,2026
1,534137,Kluky,7,557,0,9.0,1.0,2026
1,534145,Bykoš,7,256,0,9.0,1.0,2026
1,534153,Krchleby,7,406,0,13.0,2.0,2026
1,534161,Křesetice,9,748,0,9.0,1.0,2026
1,534170,Ledečko,7,238,0,15.0,2.0,2026
1,534188,Malešov,15,1065,0,15.0,1.0,2026
1,534196,Svatý Mikuláš,9,1016,0,63.0,7.0,2026
1,534200,Miskovice,15,1165,0,15.0,1.0,2026
1,534218,Málkov,7,119,0,12.0,2.0,2026
1,534226,Nepoměřice,9,212,0,9.0,1.0,2026
1,534234,Vinařice,5,109,0,5.0,1.0,2026
1,534242,Nové Dvory,9,910,0,9.0,1.0,2026
1,534251,Okřesaneč,7,204,0,7.0,1.0,2026
1,534269,Nesvačily,7,181,0,7.0,1.0,2026
1,534277,Onomyšl,7,347,0,14.0,8.0,2026
1,534285,Podbrdy,6,254,0,7.0,7.0,2026
1,534293,Soběšín,7,189,0,7.0,1.0,2026
1,534307,Pertoltice,7,169,0,8.0,8.0,2026
1,534315,Petrovice I,7,307,0,8.0,1.0,2026
1,534323,Petrovice II,7,155,0,7.0,1.0,2026
1,534331,Potěhy,9,651,0,12.0,12.0,2026
1,534340,Rašovice,7,442,0,16.0,2.0,2026
1,534358,Rataje nad Sázavou,9,560,0,18.0,2.0,2026
1,534366,Řendějov,7,252,0,11.0,2.0,2026
1,534374,Samopše,7,221,0,16.0,2.0,2026
1,534382,Sázava,15,3906,0,45.0,3.0,2026
1,534391,Slavošov,7,145,0,17.0,2.0,2026
1,534404,Lužce,5,146,0,6.0,1.0,2026
1,534412,Staňkovice,7,257,0,7.0,5.0,2026
1,534421,Bavoryně,9,454,0,9.0,1.0,2026
1,534439,Suchdol,15,1108,0,45.0,3.0,2026
1,534447,Chodouň,7,720,0,8.0,1.0,2026
1,534455,Chlustina,7,254,0,9.0,1.0,2026
1,534463,Točník,7,281,0,7.0,1.0,2026
1,534471,Záhornice,7,433,0,18.0,2.0,2026
1,534480,Tupadly,9,683,0,10.0,10.0,2026
1,534498,Uhlířské Janovice,15,3114,0,75.0,5.0,2026
1,534501,Úmonín,9,545,0,9.0,1.0,2026
1,534510,Úžice,9,736,0,18.0,2.0,2026
1,534528,Vavřinec,9,592,0,27.0,3.0,2026
1,534536,Vidice,7,278,0,7.0,1.0,2026
1,534544,Vinaře,7,265,0,7.0,1.0,2026
1,534552,Vlačice,7,251,0,7.0,1.0,2026
1,534561,Vlastějovice,9,471,0,9.0,1.0,2026
1,534579,Vlkaneč,9,629,0,27.0,3.0,2026
1,534587,Vrdy,15,3104,0,75.0,5.0,2026
1,534595,Záboří nad Labem,9,832,0,9.0,1.0,2026
1,534609,Zbizuby,9,511,0,10.0,2.0,2026
1,534617,Zbraslavice,11,1426,0,22.0,2.0,2026
1,534625,Zbýšov,9,600,0,19.0,3.0,2026
1,534633,Zruč nad Sázavou,15,4777,0,75.0,5.0,2026
1,534641,Žáky,7,412,0,8.0,2.0,2026
1,534650,Žehušice,9,905,0,9.0,1.0,2026
1,534668,Žleby,11,1423,0,44.0,4.0,2026
1,534676,Mělník,21,20301,0,190.0,10.0,2026
1,534684,Borek,7,349,0,9.0,1.0,2026
1,534692,Újezd u Boskovic,7,453,0,9.0,1.0,2026
1,534706,Chroustov,7,196,0,8.0,8.0,2026
1,534714,Býkev,7,596,0,22.0,3.0,2026
1,534722,Byšice,9,1450,0,9.0,1.0,2026
1,534731,Cítov,15,1320,0,45.0,3.0,2026
1,534749,Čečelice,9,696,0,18.0,2.0,2026
1,534757,Seletice,7,221,0,9.0,1.0,2026
1,534765,Dolní Beřkovice,15,1580,0,45.0,3.0,2026
1,534773,Dřínov,7,515,0,8.0,1.0,2026
1,534781,Dřísy,9,1111,0,18.0,2.0,2026
1,534790,Horní Počaply,15,1225,0,60.0,4.0,2026
1,534803,Hořín,9,939,0,36.0,4.0,2026
1,534811,Podhradí,7,205,0,9.0,1.0,2026
1,534820,Chlumín,7,482,0,9.0,1.0,2026
1,534838,Chorušice,9,567,0,21.0,21.0,2026
1,534846,Chvatěruby,9,608,0,10.0,2.0,2026
1,534854,Hořany,7,166,0,17.0,2.0,2026
1,534862,Zvěřínek,7,317,0,9.0,1.0,2026
1,534871,Velenka,7,395,0,8.0,1.0,2026
1,534889,Starý Vestec,7,239,0,7.0,1.0,2026
1,534897,Kly,9,1807,0,18.0,2.0,2026
1,534901,Kokořín,9,405,0,18.0,2.0,2026
1,534919,Netřebice,7,260,0,23.0,3.0,2026
1,534927,Dubicko,15,1131,0,30.0,2.0,2026
1,534935,Kostelec nad Labem,15,4459,0,30.0,2.0,2026
1,534943,Kouty,7,337,0,17.0,2.0,2026
1,534951,Kralupy nad Vltavou,21,19138,0,126.0,6.0,2026
1,534960,Křenek,7,332,0,17.0,11.0,2026
1,534978,Ledčice,15,704,0,15.0,1.0,2026
1,534986,Lhota,7,548,0,20.0,4.0,2026
1,534994,Choťovice,7,257,0,9.0,1.0,2026
1,535001,Liběchov,9,1077,0,9.0,1.0,2026
1,535010,Běleč,7,326,0,10.0,2.0,2026
1,535028,Lužec nad Vltavou,15,1587,0,15.0,1.0,2026
1,535036,Malý Újezd,9,1154,0,18.0,2.0,2026
1,535044,Mělnické Vtelno,9,1012,0,27.0,3.0,2026
1,535052,Mšeno,15,1406,0,30.0,2.0,2026
1,535061,Nebužely,7,408,0,14.0,2.0,2026
1,535079,Nelahozeves,9,2213,0,27.0,3.0,2026
1,535087,Neratovice,21,16279,0,168.0,8.0,2026
1,535095,Loucká,7,145,0,7.0,1.0,2026
1,535109,Královice,7,270,0,9.0,1.0,2026
1,535117,Nová Ves,9,1032,0,45.0,5.0,2026
1,535125,Bílichov,7,215,0,9.0,1.0,2026
1,535133,Obříství,11,1689,0,22.0,2.0,2026
1,535141,Ovčáry,9,525,0,9.0,1.0,2026
1,535150,Hořešovičky,5,148,0,6.0,1.0,2026
1,535168,Řepín,9,721,0,9.0,1.0,2026
1,535176,Planá,7,256,0,7.0,1.0,2026
1,535184,Tichov,7,347,0,8.0,1.0,2026
1,535192,Spomyšl,7,603,0,23.0,3.0,2026
1,535206,Dobrá Voda u Českých Budějovic,11,2625,0,33.0,3.0,2026
1,535214,Střemy,9,494,0,34.0,4.0,2026
1,535222,Tišice,11,2636,0,33.0,3.0,2026
1,535231,Ostrolovský Újezd,7,188,0,9.0,2.0,2026
1,535249,Dasný,7,357,0,9.0,1.0,2026
1,535257,Úžice,9,1133,0,10.0,2.0,2026
1,535265,Velký Borek,9,1216,0,18.0,2.0,2026
1,535273,Veltrusy,11,2328,0,44.0,4.0,2026
1,535281,Mydlovary,9,299,0,18.0,2.0,2026
1,535290,Vojkovice,7,1055,0,11.0,3.0,2026
1,535303,Vraňany,9,973,0,27.0,3.0,2026
1,535311,Všestudy,7,459,0,17.0,3.0,2026
1,535320,Všetaty,15,2495,0,15.0,1.0,2026
1,535338,Vysoká,9,937,0,36.0,4.0,2026
1,535346,Plav,7,438,0,8.0,1.0,2026
1,535354,Zálezlice,7,458,0,7.0,1.0,2026
1,535362,Záryby,7,1143,0,9.0,1.0,2026
1,535371,Nákří,7,226,0,8.0,1.0,2026
1,535389,Zlosyň,7,477,0,15.0,2.0,2026
1,535397,Želízy,7,512,0,10.0,2.0,2026
1,535401,Bošilec,7,226,0,12.0,12.0,2026
1,535419,Mladá Boleslav,33,47874,0,264.0,8.0,2026
1,535427,Bakov nad Jizerou,21,5355,0,105.0,5.0,2026
1,535435,Neplachov,7,365,0,24.0,6.0,2026
1,535443,Bělá pod Bezdězem,21,4815,0,147.0,7.0,2026
1,535451,Benátky nad Jizerou,23,7963,0,92.0,4.0,2026
1,535460,Hradce,7,116,0,14.0,2.0,2026
1,535478,Bezno,9,993,0,10.0,2.0,2026
1,535486,Bítouchov,6,441,0,6.0,1.0,2026
1,535494,Úsilné,9,497,0,12.0,12.0,2026
1,535508,Boreč,7,281,0,15.0,9.0,2026
1,535516,Boseň,9,540,0,12.0,12.0,2026
1,535524,Hosty,7,167,0,12.0,3.0,2026
1,535532,Hanušovice,15,2837,0,75.0,5.0,2026
1,535541,Čakov,7,303,0,12.0,4.0,2026
1,535559,Brodce,9,1137,0,24.0,3.0,2026
1,535567,Březina,5,445,0,17.0,3.0,2026
1,535575,Habří,7,126,0,7.0,1.0,2026
1,535583,Březno,15,1060,0,30.0,2.0,2026
1,535591,Zvíkov,7,267,0,14.0,2.0,2026
1,535605,Bukovno,9,815,0,9.0,1.0,2026
1,535613,Hvozdec,7,147,0,9.0,1.0,2026
1,535621,Čachovice,9,880,0,36.0,4.0,2026
1,535630,Čistá,7,886,0,17.0,2.0,2026
1,535648,Nová Ves,7,784,0,8.0,2.0,2026
1,535656,Dlouhá Lhota,7,492,0,12.0,4.0,2026
1,535664,Doubravice,7,337,0,7.0,1.0,2026
1,535672,Dobrovice,15,3643,0,60.0,4.0,2026
1,535681,Borovnice,5,156,0,6.0,1.0,2026
1,535699,Petříkov,7,322,0,7.0,1.0,2026
1,535702,Dolní Bousov,15,3059,0,15.0,1.0,2026
1,535711,Dolní Krupá,9,248,0,9.0,1.0,2026
1,535729,Dolní Slivno,7,399,0,11.0,11.0,2026
1,535737,Vidov,9,599,0,9.0,1.0,2026
1,535745,Domousnice,7,307,0,7.0,1.0,2026
1,535753,Hůry,7,607,0,7.0,1.0,2026
1,535761,Jivno,5,423,0,11.0,2.0,2026
1,535770,Horní Studénky,7,350,0,16.0,2.0,2026
1,535788,Dubičné,7,417,0,18.0,2.0,2026
1,535796,Vráto,7,512,0,7.0,1.0,2026
1,535800,Libníč,7,599,0,36.0,4.0,2026
1,535818,Horky nad Jizerou,7,623,0,10.0,2.0,2026
1,535826,Adamov,9,1025,0,24.0,3.0,2026
1,535834,Horní Bukovina,5,292,0,6.0,1.0,2026
1,535842,Mokrý Lom,7,113,0,9.0,2.0,2026
1,535851,Hlavatce,7,146,0,9.0,1.0,2026
1,535869,Hrdlořezy,9,741,0,18.0,2.0,2026
1,535877,Komařice,7,364,0,7.0,1.0,2026
1,535885,Hoštejn,9,433,0,27.0,3.0,2026
1,535893,Vitín,9,489,0,12.0,12.0,2026
1,535907,Chotýčany,7,262,0,18.0,4.0,2026
1,535915,Vlkov,5,55,0,9.0,2.0,2026
1,535923,Chocnějovice,9,431,0,22.0,5.0,2026
1,535931,Chotětov,9,1439,0,27.0,3.0,2026
1,535940,Mazelov,7,235,0,17.0,3.0,2026
1,535958,Drahotěšice,7,335,0,8.0,1.0,2026
1,535966,Jabkenice,7,495,0,9.0,1.0,2026
1,535974,Jivina,7,500,0,9.0,1.0,2026
1,535982,Kamenná,7,341,0,26.0,3.0,2026
1,535991,Pištín,9,682,0,9.0,1.0,2026
1,536008,Katusice,9,853,0,28.0,4.0,2026
1,536016,Zahájí,7,458,0,7.0,1.0,2026
1,536024,Klášter Hradiště nad Jizerou,9,1026,0,36.0,4.0,2026
1,536032,Strýčice,5,48,0,9.0,2.0,2026
1,536041,Kněžmost,15,2346,0,60.0,4.0,2026
1,536059,Břehov,7,178,0,19.0,19.0,2026
1,536067,Kochánky,7,516,0,9.0,1.0,2026
1,536075,Hartmanice,7,194,0,11.0,11.0,2026
1,536083,Velenice,7,222,0,18.0,2.0,2026
1,536091,Hrabišín,9,876,0,45.0,5.0,2026
1,536105,Horní Kněžeklady,7,115,0,7.0,1.0,2026
1,536113,Hynčina,7,203,0,8.0,1.0,2026
1,536121,Kosořice,7,527,0,7.0,1.0,2026
1,536130,Kostelní Hlavno,7,512,0,17.0,2.0,2026
1,536148,Javorník,15,2544,0,91.0,7.0,2026
1,536156,Bečice,7,106,0,7.0,7.0,2026
1,536164,Krásná Ves,7,186,0,14.0,2.0,2026
1,536172,Krnsko,7,592,0,9.0,1.0,2026
1,536181,Kropáčova Vrutice,11,940,0,30.0,3.0,2026
1,536199,Dobšice,7,141,0,9.0,1.0,2026
1,536202,Ledce,7,413,0,34.0,4.0,2026
1,536211,Lhotky,5,161,0,6.0,1.0,2026
1,536229,Chlumec,7,111,0,7.0,1.0,2026
1,536237,Zvíkov,7,95,0,15.0,2.0,2026
1,536245,Srnín,7,382,0,7.0,1.0,2026
1,536253,Bohdalovice,5,291,0,6.0,1.0,2026
1,536261,Loukovec,7,398,0,9.0,2.0,2026
1,536270,Luštěnice,15,2369,0,15.0,1.0,2026
1,536288,Jedlí,9,662,0,27.0,3.0,2026
1,536296,Malšín,7,176,0,23.0,3.0,2026
1,536300,Věžovatá Pláně,7,164,0,21.0,3.0,2026
1,536326,Mnichovo Hradiště,23,9123,0,92.0,4.0,2026
1,536334,Němčice,7,187,0,7.0,1.0,2026
1,536342,Krajníčko,7,98,0,12.0,12.0,2026
1,536351,Nepřevázka,7,424,0,15.0,2.0,2026
1,536369,Hornosín,7,62,0,9.0,1.0,2026
1,536377,Nová Telib,7,301,0,8.0,1.0,2026
1,536385,Jeseník,21,10324,0,189.0,9.0,2026
1,536393,Jestřebí,9,701,0,18.0,2.0,2026
1,536407,Obruby,7,256,0,8.0,1.0,2026
1,536415,Měkynec,5,51,0,7.0,7.0,2026
1,536423,Radějovice,5,47,0,5.0,1.0,2026
1,536431,Petkovy,7,359,0,7.0,1.0,2026
1,536440,Písková Lhota,9,1111,0,27.0,3.0,2026
1,536458,Plazy,7,507,0,12.0,12.0,2026
1,536466,Mačkov,7,299,0,9.0,1.0,2026
1,536474,Němčice,5,102,0,6.0,1.0,2026
1,536482,Zahorčice,5,51,0,6.0,1.0,2026
1,536491,Předměřice nad Jizerou,9,996,0,27.0,3.0,2026
1,536504,Vacovice,5,50,0,11.0,2.0,2026
1,536512,Truskovice,7,211,0,9.0,1.0,2026
1,536521,Jindřichov,9,1087,0,17.0,2.0,2026
1,536539,Milejovice,7,73,0,18.0,2.0,2026
1,536547,Přechovice,7,149,0,8.0,1.0,2026
1,536555,Krty-Hradec,7,127,0,10.0,11.0,2026
1,536563,Mnichov,9,252,0,11.0,11.0,2026
1,536571,Kamenná,9,475,0,18.0,2.0,2026
1,536580,Řepov,10,786,0,10.0,1.0,2026
1,536598,Tchořovice,7,236,0,15.0,2.0,2026
1,536601,Kocelovice,7,159,0,7.0,1.0,2026
1,536610,Semčice,7,745,0,7.0,1.0,2026
1,536628,Hlupín,5,89,0,12.0,2.0,2026
1,536636,Skalsko,7,389,0,7.0,1.0,2026
1,536644,Nebřehovice,5,181,0,10.0,5.0,2026
1,536652,Smilovice,9,819,0,9.0,1.0,2026
1,536661,Sojovice,9,606,0,9.0,1.0,2026
1,536679,Třešovice,7,69,0,7.0,7.0,2026
1,536687,Klopina,9,626,0,9.0,1.0,2026
1,536695,Úlehle,7,92,0,10.0,10.0,2026
1,536709,Strašnov,7,308,0,9.0,1.0,2026
1,536717,Strenice,5,203,0,6.0,1.0,2026
1,536725,Němětice,5,125,0,6.0,1.0,2026
1,536733,Kolšov,7,701,0,38.0,5.0,2026
1,536741,Velká Turná,5,169,0,7.0,2.0,2026
1,536750,Kváskovice,7,115,0,17.0,3.0,2026
1,536768,Sukorady,7,385,0,9.0,1.0,2026
1,536776,Slaník,7,142,0,9.0,1.0,2026
1,536784,Strunkovice nad Volyňkou,7,135,0,7.0,1.0,2026
1,536792,Přední Zborovice,5,88,0,5.0,5.0,2026
1,536806,Krašlovice,7,172,0,9.0,1.0,2026
1,536814,Kosov,7,321,0,15.0,2.0,2026
1,536822,Lom,7,121,0,14.0,14.0,2026
1,536831,Libětice,7,87,0,7.0,1.0,2026
1,536849,Řepice,7,447,0,9.0,9.0,2026
1,536857,Velké Všelisy,7,409,0,7.0,1.0,2026
1,536865,Rovná,9,247,0,47.0,6.0,2026
1,536873,Zvotoky,7,55,0,7.0,1.0,2026
1,536881,Horní Poříčí,7,306,0,9.0,1.0,2026
1,536890,Uzeničky,7,112,0,14.0,2.0,2026
1,536903,Chobot,7,39,0,8.0,1.0,2026
1,536911,Pohorovice,7,82,0,7.0,1.0,2026
1,536920,Štěchovice,7,203,0,13.0,13.0,2026
1,536938,Všejany,9,725,0,19.0,3.0,2026
1,536946,Kalenice,7,81,0,7.0,1.0,2026
1,536954,Krejnice,7,68,0,9.0,1.0,2026
1,536962,Nišovice,7,246,0,19.0,3.0,2026
1,536971,Žďár,9,1501,0,27.0,3.0,2026
1,536989,Žerčice,7,406,0,16.0,2.0,2026
1,536997,Židněves,7,433,0,7.0,1.0,2026
1,537004,Nymburk,21,15795,0,168.0,8.0,2026
1,537021,Běrunice,11,890,0,22.0,2.0,2026
1,537039,Bobnice,9,882,0,9.0,1.0,2026
1,537047,Bříství,7,392,0,7.0,1.0,2026
1,537055,Budiměřice,7,652,0,8.0,1.0,2026
1,537063,Bratronice,5,77,0,7.0,7.0,2026
1,537071,Lipovice,7,222,0,10.0,2.0,2026
1,537080,Činěves,9,503,0,26.0,3.0,2026
1,537098,Dlouhopolsko,7,238,0,9.0,1.0,2026
1,537101,Dobšice,9,257,0,18.0,2.0,2026
1,537110,Dvory,7,619,0,7.0,1.0,2026
1,537128,Dymokury,9,919,0,19.0,3.0,2026
1,537136,Kratušín,5,42,0,6.0,1.0,2026
1,537144,Dvory,7,99,0,14.0,2.0,2026
1,537152,Hořátev,9,796,0,18.0,2.0,2026
1,537161,Hradčany,7,291,0,8.0,1.0,2026
1,537179,Hradištko,9,948,0,18.0,2.0,2026
1,537187,Drslavice,7,90,0,9.0,1.0,2026
1,537195,Zábrdí,5,67,0,5.0,1.0,2026
1,537209,Žernovice,7,343,0,8.0,2.0,2026
1,537217,Choťánky,7,534,0,18.0,2.0,2026
1,537225,Chotěšice,9,321,0,13.0,3.0,2026
1,537233,Chrást,7,538,0,14.0,2.0,2026
1,537241,Babice,5,159,0,6.0,1.0,2026
1,537250,Jíkev,7,349,0,26.0,3.0,2026
1,537268,Jizbice,7,395,0,16.0,2.0,2026
1,537276,Kamenné Zboží,7,508,0,16.0,2.0,2026
1,537284,Lesnice,9,627,0,26.0,3.0,2026
1,537292,Kněžice,7,565,0,25.0,3.0,2026
1,537306,Kolaje,5,85,0,6.0,1.0,2026
1,537314,Kostelní Lhota,9,986,0,18.0,2.0,2026
1,537322,Lužice,6,45,0,8.0,1.0,2026
1,537331,Kostomlaty nad Labem,15,1939,0,15.0,1.0,2026
1,537349,Košík,7,361,0,23.0,3.0,2026
1,537357,Kounice,9,1755,0,36.0,4.0,2026
1,537365,Olšovice,5,60,0,6.0,1.0,2026
1,537373,Kovanice,9,974,0,27.0,3.0,2026
1,537381,Mahouš,5,147,0,6.0,1.0,2026
1,537390,Krchleby,7,804,0,27.0,3.0,2026
1,537403,Křečkov,5,449,0,12.0,2.0,2026
1,537411,Křinec,11,1391,0,33.0,3.0,2026
1,537420,Chvalovice,7,174,0,11.0,11.0,2026
1,537438,Libice nad Cidlinou,11,1219,0,22.0,2.0,2026
1,537446,Loučeň,9,1422,0,9.0,1.0,2026
1,537454,Lysá nad Labem,15,10072,0,75.0,5.0,2026
1,537462,Mcely,7,423,0,9.0,1.0,2026
1,537489,Městec Králové,15,2867,0,75.0,5.0,2026
1,537497,Milčice,7,303,0,7.0,1.0,2026
1,537501,Milovice,15,14609,0,135.0,9.0,2026
1,537519,Buk,7,313,0,23.0,3.0,2026
1,537527,Bohunice,5,43,0,6.0,1.0,2026
1,537535,Újezdec,7,79,0,7.0,1.0,2026
1,537543,Pěčnov,7,175,0,15.0,2.0,2026
1,537551,Odřepsy,7,307,0,7.0,1.0,2026
1,537560,Okřínek,7,207,0,12.0,12.0,2026
1,537578,Opočnice,7,479,0,18.0,2.0,2026
1,537586,Opolany,9,940,0,9.0,1.0,2026
1,537594,Střítež,9,111,0,9.0,1.0,2026
1,537608,Ústrašín,9,260,0,18.0,3.0,2026
1,537616,Oskořínek,7,566,0,18.0,2.0,2026
1,537624,Ostrá,7,697,0,16.0,2.0,2026
1,537632,Pátek,7,780,0,14.0,2.0,2026
1,537641,Pečky,21,4951,0,105.0,5.0,2026
1,537659,Písková Lhota,7,578,0,14.0,2.0,2026
1,537667,Písty,7,452,0,9.0,1.0,2026
1,537675,Pňov-Předhradí,7,621,0,8.0,1.0,2026
1,537683,Poděbrady,21,15238,0,231.0,11.0,2026
1,537691,Ondřejov,9,168,0,13.0,13.0,2026
1,537705,Poříčany,11,1580,0,19.0,2.0,2026
1,537713,Leština,9,1228,0,36.0,4.0,2026
1,537721,Přerov nad Labem,9,1278,0,9.0,1.0,2026
1,537730,Útěchovičky,7,71,0,7.0,1.0,2026
1,537748,Ratenice,9,682,0,9.0,1.0,2026
1,537756,Rožďalovice,9,1716,0,9.0,1.0,2026
1,537764,Sadská,15,3308,0,59.0,4.0,2026
1,537772,Sány,9,617,0,27.0,3.0,2026
1,537781,Semice,7,1445,0,18.0,2.0,2026
1,537799,Senice,5,203,0,10.0,10.0,2026
1,537802,Sloveč,7,538,0,17.0,2.0,2026
1,537811,Sokoleč,9,1121,0,18.0,2.0,2026
1,537829,Proseč,7,70,0,10.0,10.0,2026
1,537837,Stará Lysá,7,890,0,21.0,3.0,2026
1,537845,Teplička,5,103,0,6.0,1.0,2026
1,537853,Straky,9,529,0,19.0,3.0,2026
1,537861,Stratov,7,762,0,8.0,1.0,2026
1,537870,Březová,7,714,0,11.0,2.0,2026
1,537888,Tatce,9,679,0,21.0,4.0,2026
1,537896,Třebestovice,7,1334,0,32.0,4.0,2026
1,537900,Úmyslovice,7,333,0,21.0,3.0,2026
1,537918,Dalovice,7,1992,0,31.0,4.0,2026
1,537926,Jenišov,11,1116,0,44.0,4.0,2026
1,537934,Mírová,9,382,0,10.0,2.0,2026
1,537942,Vestec,9,359,0,27.0,3.0,2026
1,537951,Vlkov pod Oškobrhem,7,97,0,7.0,7.0,2026
1,537969,Otovice,7,1061,0,19.0,3.0,2026
1,537977,Vrbová Lhota,7,561,0,16.0,2.0,2026
1,537985,Všechlapy,9,833,0,18.0,2.0,2026
1,537993,Vykáň,7,438,0,9.0,1.0,2026
1,538001,Andělská Hora,7,408,0,9.0,3.0,2026
1,538019,Černava,7,308,0,15.0,15.0,2026
1,538027,Smolné Pece,7,242,0,15.0,2.0,2026
1,538035,Žehuň,7,444,0,7.0,1.0,2026
1,538043,Babice,13,1529,0,13.0,1.0,2026
1,538051,Bašť,15,3071,0,120.0,8.0,2026
1,538086,Bořanovice,9,986,0,10.0,2.0,2026
1,538094,Brandýs nad Labem-Stará Boleslav,21,20926,0,168.0,8.0,2026
1,538108,Brázdim,9,720,0,9.0,1.0,2026
1,538116,Děpoltovice,7,466,0,14.0,2.0,2026
1,538132,Čelákovice,21,12507,0,84.0,4.0,2026
1,538141,Čestlice,9,778,0,27.0,3.0,2026
1,538159,Hájek,7,643,0,7.0,1.0,2026
1,538167,Dobřejovice,9,1356,0,27.0,3.0,2026
1,538183,Kbelany,7,127,0,8.0,1.0,2026
1,538191,Dřevčice,11,764,0,22.0,2.0,2026
1,538221,Horoušany,11,2155,0,22.0,2.0,2026
1,538230,Hovorčovice,15,2657,0,15.0,1.0,2026
1,538248,Hrusice,9,964,0,9.0,1.0,2026
1,538256,Husinec,9,1578,0,27.0,3.0,2026
1,538264,Jenštejn,11,1526,0,11.0,1.0,2026
1,538272,Jirny,13,3280,0,52.0,4.0,2026
1,538281,Kaliště,7,384,0,18.0,2.0,2026
1,538299,Kamenice,15,5307,0,60.0,4.0,2026
1,538311,Klecany,15,3997,0,45.0,3.0,2026
1,538329,Klíčany,7,665,0,8.0,2.0,2026
1,538337,Krásno,11,712,0,55.0,5.0,2026
1,538345,Kojetice,9,1050,0,18.0,2.0,2026
1,538370,Kostelec u Křížků,7,784,0,14.0,2.0,2026
1,538396,Šabina,7,394,0,9.0,1.0,2026
1,538418,Křížkový Újezdec,7,338,0,23.0,3.0,2026
1,538426,Kunice,11,1946,0,11.0,1.0,2026
1,538434,Svatava,11,1593,0,49.0,5.0,2026
1,538442,Líbeznice,15,3303,0,30.0,2.0,2026
1,538451,Louňovice,9,1296,0,18.0,2.0,2026
1,538469,Máslovice,7,396,0,24.0,3.0,2026
1,538477,Měšice,15,2211,0,15.0,1.0,2026
1,538485,Mirošovice,9,1531,0,18.0,2.0,2026
1,538493,Mnichovice,11,4206,0,22.0,2.0,2026
1,538507,Mochov,11,1642,0,11.0,1.0,2026
1,538515,Mratín,7,1394,0,18.0,2.0,2026
1,538523,Mukařov,15,3036,0,75.0,5.0,2026
1,538540,Nehvizdy,15,4528,0,45.0,3.0,2026
1,538558,Nová Ves,7,1578,0,9.0,1.0,2026
1,538566,Nový Vestec,7,515,0,7.0,1.0,2026
1,538574,Odolena Voda,15,6639,0,90.0,6.0,2026
1,538582,Ondřejov,15,1867,0,15.0,1.0,2026
1,538591,Dolní Rychnov,9,1280,0,18.0,2.0,2026
1,538604,Panenské Břežany,7,684,0,8.0,1.0,2026
1,538612,Petříkov,7,648,0,9.0,1.0,2026
1,538621,Podolanka,7,639,0,14.0,2.0,2026
1,538639,Polerady,7,876,0,7.0,1.0,2026
1,538647,Postřižín,9,2033,0,36.0,4.0,2026
1,538655,Předboj,9,1453,0,25.0,3.0,2026
1,538663,Tatrovice,7,166,0,10.0,2.0,2026
1,538671,Přezletice,11,2495,0,43.0,5.0,2026
1,538680,Pyšely,9,2361,0,28.0,4.0,2026
1,538698,Radějovice,9,540,0,36.0,4.0,2026
1,538701,Radonice,15,1159,0,15.0,1.0,2026
1,538710,Řehenice,7,572,0,8.0,8.0,2026
1,538728,Říčany,21,17314,0,105.0,5.0,2026
1,538744,Březnice,15,1470,0,30.0,2.0,2026
1,538752,Senohraby,9,1404,0,36.0,4.0,2026
1,538761,Sibřina,9,1089,0,45.0,5.0,2026
1,538779,Sluhy,7,743,0,16.0,2.0,2026
1,538787,Sluštice,9,758,0,27.0,4.0,2026
1,538795,Krásná,7,632,0,8.0,1.0,2026
1,538809,Strančice,15,2990,0,45.0,3.0,2026
1,538817,Podhradí,7,219,0,9.0,1.0,2026
1,538825,Struhařov,9,1024,0,9.0,1.0,2026
1,538833,Sulice,13,2716,0,38.0,3.0,2026
1,538841,Světice,9,1457,0,18.0,2.0,2026
1,538850,Svojetice,9,1410,0,18.0,2.0,2026
1,538868,Pomezí nad Ohří,7,378,0,17.0,2.0,2026
1,538876,Šestajovice,11,4220,0,11.0,1.0,2026
1,538884,Škvorec,11,2269,0,44.0,4.0,2026
1,538892,Tehov,9,1196,0,28.0,4.0,2026
1,538906,Milíkov,5,293,0,6.0,1.0,2026
1,538914,Lázně Toušeň,15,1500,0,75.0,5.0,2026
1,538922,Okrouhlá,7,266,0,16.0,2.0,2026
1,538957,Úvaly,15,7507,0,72.0,5.0,2026
1,538965,Veleň,11,2072,0,11.0,1.0,2026
1,538973,Veliká Ves,5,402,0,6.0,1.0,2026
1,538981,Velké Popovice,15,3338,0,75.0,5.0,2026
1,538990,Větrušice,7,719,0,16.0,2.0,2026
1,539015,Vodochody,9,849,0,9.0,1.0,2026
1,539023,Třebeň,9,484,0,18.0,2.0,2026
1,539031,Všestary,9,1044,0,18.0,2.0,2026
1,539040,Vyšehořovice,9,682,0,18.0,2.0,2026
1,539058,Zdiby,15,4088,0,45.0,3.0,2026
1,539066,Zeleneč,15,3197,0,26.0,2.0,2026
1,539074,Vojtanov,7,248,0,17.0,3.0,2026
1,539082,Zlonín,7,1421,0,18.0,2.0,2026
1,539091,Zvánovice,11,619,0,11.0,1.0,2026
1,539104,Bojanovice,7,495,0,17.0,3.0,2026
1,539112,Stará Voda,9,494,0,9.0,1.0,2026
1,539121,Černolice,9,591,0,18.0,2.0,2026
1,539139,Černošice,21,7781,0,105.0,5.0,2026
1,539147,Číčovice,7,335,0,8.0,1.0,2026
1,539155,Čisovice,7,1182,0,16.0,3.0,2026
1,539163,Davle,11,1911,0,11.0,1.0,2026
1,539171,Dobrovíz,7,570,0,17.0,2.0,2026
1,539180,Dobříč,7,461,0,13.0,2.0,2026
1,539198,Dobřichovice,15,3821,0,45.0,3.0,2026
1,539201,Dolany nad Vltavou,9,939,0,18.0,2.0,2026
1,539210,Dolní Břežany,17,4806,0,51.0,3.0,2026
1,539228,Holubice,9,2200,0,12.0,2.0,2026
1,539236,Horoměřice,15,5586,0,45.0,3.0,2026
1,539244,Hostivice,15,9266,0,75.0,5.0,2026
1,539252,Hradištko,11,2543,0,44.0,4.0,2026
1,539261,Hvozdnice,9,586,0,9.0,1.0,2026
1,539279,Velká Hleďsebe,15,2483,0,60.0,4.0,2026
1,539287,Choteč,9,367,0,9.0,1.0,2026
1,539295,Chrášťany,7,1257,0,18.0,2.0,2026
1,539309,Chýně,15,5168,0,15.0,1.0,2026
1,539317,Jeneč,7,1353,0,27.0,3.0,2026
1,539325,Jesenice,21,10625,0,105.0,5.0,2026
1,539333,Jílové u Prahy,15,5301,0,75.0,5.0,2026
1,539341,Jíloviště,9,689,0,18.0,2.0,2026
1,539350,Jinočany,9,2427,0,18.0,2.0,2026
1,539368,Kamenný Přívoz,15,1612,0,30.0,2.0,2026
1,539376,Vlkovice,7,120,0,12.0,4.0,2026
1,539384,Kněževes,15,653,0,45.0,3.0,2026
1,539392,Kosoř,9,864,0,18.0,2.0,2026
1,539406,Lety,7,1697,0,16.0,2.0,2026
1,539414,Libčice nad Vltavou,15,3575,0,60.0,4.0,2026
1,539422,Libeř,9,1655,0,9.0,1.0,2026
1,539431,Zádub-Závišín,9,430,0,27.0,3.0,2026
1,539457,Líšnice,7,798,0,25.0,3.0,2026
1,539473,Ovesné Kladruby,7,149,0,16.0,2.0,2026
1,539481,Valy,7,468,0,8.0,1.0,2026
1,539490,Měchenice,9,875,0,18.0,2.0,2026
1,539503,Ohrobec,9,1617,0,36.0,4.0,2026
1,539511,Okrouhlo,7,813,0,7.0,1.0,2026
1,539520,Ořech,9,957,0,9.0,1.0,2026
1,539538,Prameny,9,89,0,18.0,2.0,2026
1,539546,Petrov,7,841,0,7.0,1.0,2026
1,539554,Odrava,7,238,0,17.0,2.0,2026
1,539562,Pohoří,7,426,0,9.0,1.0,2026
1,539571,Průhonice,11,2867,0,22.0,2.0,2026
1,539597,Psáry,15,4322,0,30.0,2.0,2026
1,539619,Tuřany,5,137,0,6.0,1.0,2026
1,539627,Roztoky,21,9147,0,105.0,5.0,2026
1,539643,Řevnice,15,3786,0,120.0,8.0,2026
1,539651,Řitka,11,1411,0,44.0,4.0,2026
1,539660,Slapy,11,925,0,22.0,2.0,2026
1,539686,Statenice,9,1649,0,45.0,5.0,2026
1,539708,Středokluky,9,1299,0,18.0,2.0,2026
1,539716,Měcholupy,7,206,0,13.0,2.0,2026
1,539732,Štěchovice,15,2208,0,101.0,7.0,2026
1,539741,Štěnovický Borek,7,629,0,9.0,1.0,2026
1,539759,Třebotov,9,1531,0,18.0,2.0,2026
1,539767,Tuchoměřice,9,1718,0,36.0,4.0,2026
1,539775,Tursko,9,998,0,9.0,1.0,2026
1,539783,Oplot,7,349,0,8.0,1.0,2026
1,539805,Únětice,7,919,0,18.0,2.0,2026
1,539813,Velké Přílepy,15,3598,0,45.0,3.0,2026
1,539821,Horní Lukavice,7,507,0,14.0,2.0,2026
1,539830,Vonoklasy,9,567,0,18.0,2.0,2026
1,539848,Vrané nad Vltavou,15,2688,0,45.0,3.0,2026
1,539856,Všenory,9,1778,0,27.0,3.0,2026
1,539872,Zbuzany,9,1416,0,18.0,2.0,2026
1,539881,Zlatníky-Hodkovice,11,1392,0,55.0,5.0,2026
1,539902,Zvole,15,1985,0,30.0,2.0,2026
1,539911,Příbram,25,32917,0,217.0,9.0,2026
1,539929,Týniště,6,52,0,8.0,8.0,2026
1,539937,Skašov,7,224,0,21.0,13.0,2026
1,539945,Dolce,6,300,0,6.0,6.0,2026
1,539953,Bohutín,11,2030,0,22.0,2.0,2026
1,539961,Libina,15,3230,0,75.0,5.0,2026
1,539970,Borotice,9,416,0,13.0,13.0,2026
1,539988,Bratkovice,7,334,0,7.0,1.0,2026
1,540005,Lipinka,5,182,0,8.0,3.0,2026
1,540013,Březnice,15,3546,0,60.0,4.0,2026
1,540021,Buková u Příbramě,9,459,0,14.0,2.0,2026
1,540030,Lipová-lázně,15,2020,0,105.0,7.0,2026
1,540048,Buš,11,339,0,16.0,2.0,2026
1,540056,Střelice,7,151,0,7.0,1.0,2026
1,540064,Lisov,5,142,0,6.0,1.0,2026
1,540072,Čenkov,7,403,0,10.0,10.0,2026
1,540081,Čím,7,405,0,9.0,1.0,2026
1,540099,Daleké Dušníky,7,443,0,15.0,15.0,2026
1,540102,Nezdřev,7,103,0,9.0,1.0,2026
1,540111,Dobříš,21,8882,0,126.0,6.0,2026
1,540129,Dolní Hbity,15,912,0,15.0,1.0,2026
1,540137,Životice,7,56,0,8.0,1.0,2026
1,540145,Drahlín,9,578,0,18.0,2.0,2026
1,540153,Drásov,7,436,0,9.0,1.0,2026
1,540161,Líšnice,7,421,0,7.0,1.0,2026
1,540170,Drevníky,6,414,0,7.0,7.0,2026
1,540188,Drhovy,7,314,0,18.0,3.0,2026
1,540196,Loštice,15,3078,0,60.0,4.0,2026
1,540200,Kozlovice,7,100,0,10.0,10.0,2026
1,540218,Dublovice,9,1094,0,45.0,5.0,2026
1,540226,Loučná nad Desnou,9,1409,0,45.0,5.0,2026
1,540234,Lukavice,13,869,0,26.0,2.0,2026
1,540242,Hluboš,9,692,0,9.0,1.0,2026
1,540251,Drahkov,5,137,0,6.0,1.0,2026
1,540269,Nová Ves,7,294,0,10.0,4.0,2026
1,540285,Hřiměždice,9,423,0,18.0,2.0,2026
1,540293,Otěšice,7,149,0,7.0,1.0,2026
1,540307,Chlumy,7,100,0,7.0,1.0,2026
1,540315,Hvožďany,11,795,0,22.0,2.0,2026
1,540323,Chotilsko,9,598,0,18.0,2.0,2026
1,540331,Malá Morava,9,511,0,18.0,2.0,2026
1,540340,Nebílovy,7,390,0,7.0,1.0,2026
1,540358,Chraštice,7,251,0,7.0,1.0,2026
1,540366,Maletín,9,449,0,54.0,6.0,2026
1,540374,Jablonná,7,419,0,7.0,1.0,2026
1,540382,Mikulovice,15,2462,0,90.0,6.0,2026
1,540391,Jesenice,11,556,0,15.0,15.0,2026
1,540404,Jince,15,2468,0,45.0,3.0,2026
1,540412,Předenice,7,254,0,24.0,3.0,2026
1,540421,Radkovice,7,113,0,9.0,9.0,2026
1,540439,Kamýk nad Vltavou,15,1010,0,45.0,3.0,2026
1,540447,Klučenice,9,481,0,27.0,3.0,2026
1,540463,Bolkov,7,59,0,7.0,1.0,2026
1,540471,Mohelnice,21,9886,0,147.0,7.0,2026
1,540480,Moravičany,9,1385,0,36.0,4.0,2026
1,540498,Kosova Hora,15,1350,0,30.0,2.0,2026
1,540501,Nový Malín,15,3637,0,60.0,4.0,2026
1,540510,Olšany,11,1017,0,22.0,2.0,2026
1,540528,Únětice,5,166,0,12.0,2.0,2026
1,540536,Kozárovice,9,411,0,18.0,2.0,2026
1,540544,Oskava,15,1283,0,15.0,1.0,2026
1,540552,Krásná Hora nad Vltavou,15,1144,0,60.0,4.0,2026
1,540561,Letkov,9,918,0,9.0,1.0,2026
1,540579,Křepenice,9,212,0,13.0,13.0,2026
1,540587,Křešín,5,152,0,5.0,1.0,2026
1,540595,Palonín,7,346,0,15.0,2.0,2026
1,540609,Pavlov,11,663,0,11.0,1.0,2026
1,540617,Líšina,5,154,0,6.0,1.0,2026
1,540625,Láz,7,626,0,7.0,1.0,2026
1,540633,Kotovice,7,294,0,6.0,6.0,2026
1,540641,Mokrouše,7,352,0,16.0,2.0,2026
1,540650,Písařov,9,728,0,18.0,2.0,2026
1,540668,Honezovice,7,294,0,9.0,2.0,2026
1,540676,Srby,7,175,0,16.0,2.0,2026
1,540684,Písečná,15,1025,0,30.0,2.0,2026
1,540692,Sedliště,7,132,0,11.0,11.0,2026
1,540706,Vlčtejn,5,93,0,6.0,1.0,2026
1,540714,Malá Hraštice,9,1166,0,18.0,2.0,2026
1,540722,Smědčice,7,314,0,15.0,2.0,2026
1,540731,Police,7,244,0,7.0,1.0,2026
1,540749,Milešov,9,325,0,27.0,3.0,2026
1,540757,Milín,15,2184,0,72.0,5.0,2026
1,540765,Mníšek pod Brdy,15,6377,0,90.0,6.0,2026
1,540773,Postřelmov,15,2894,0,75.0,5.0,2026
1,540781,Mokrovraty,9,797,0,25.0,3.0,2026
1,540790,Nalžovice,13,628,0,21.0,3.0,2026
1,540803,Chlum,7,50,0,10.0,10.0,2026
1,540811,Nečín,11,778,0,19.0,2.0,2026
1,540820,Nedrahovice,9,475,0,18.0,2.0,2026
1,540846,Nechvalice,9,660,0,36.0,4.0,2026
1,540854,Rájec,7,559,0,25.0,3.0,2026
1,540862,Rapotín,15,3322,0,105.0,7.0,2026
1,540871,Rohle,9,615,0,45.0,5.0,2026
1,540889,Nová Ves pod Pleší,7,1604,0,37.0,5.0,2026
1,540897,Nové Dvory,7,277,0,24.0,3.0,2026
1,540901,Nový Knín,15,2156,0,89.0,6.0,2026
1,540919,Rovensko,9,815,0,18.0,2.0,2026
1,540927,Čilá,5,20,0,5.0,1.0,2026
1,540935,Obecnice,15,1260,0,25.0,3.0,2026
1,540943,Obory,7,280,0,9.0,9.0,2026
1,540951,Obořiště,7,721,0,17.0,2.0,2026
1,540960,Ohrazenice,7,308,0,9.0,1.0,2026
1,540978,Ruda nad Moravou,15,2498,0,60.0,4.0,2026
1,540986,Sobotín,11,1154,0,66.0,6.0,2026
1,541001,Hradiště,7,46,0,7.0,1.0,2026
1,541010,Ouběnice,9,255,0,12.0,13.0,2026
1,541028,Pečice,7,405,0,9.0,1.0,2026
1,541036,Stará Červená Voda,7,590,0,22.0,3.0,2026
1,541044,Petrovice,15,1334,0,60.0,4.0,2026
1,541052,Pičín,7,655,0,14.0,2.0,2026
1,541061,Zvíkovec,7,201,0,7.0,1.0,2026
1,541079,Staré Město,15,1667,0,126.0,9.0,2026
1,541087,Počepice,9,549,0,18.0,2.0,2026
1,541095,Bezděkov,5,162,0,6.0,1.0,2026
1,541109,Sudkov,15,1186,0,45.0,3.0,2026
1,541117,Supíkovice,9,637,0,27.0,3.0,2026
1,541125,Svébohov,7,418,0,17.0,2.0,2026
1,541133,Prosenická Lhota,7,534,0,7.0,7.0,2026
1,541141,Chomle,5,79,0,5.0,1.0,2026
1,541150,Kamenný Újezd,9,983,0,18.0,2.0,2026
1,541168,Štíty,15,1892,0,84.0,6.0,2026
1,541176,Svojkovice,7,500,0,10.0,2.0,2026
1,541192,Nevid,7,191,0,9.0,1.0,2026
1,541206,Rosovice,9,898,0,45.0,5.0,2026
1,541214,Uhelná,9,470,0,27.0,3.0,2026
1,541222,Úsov,15,1162,0,15.0,1.0,2026
1,541231,Rožmitál pod Třemšínem,15,4255,0,135.0,9.0,2026
1,541249,Vápenná,15,1161,0,105.0,7.0,2026
1,541257,Rybníky,7,478,0,8.0,1.0,2026
1,541265,Velké Losiny,15,2460,0,105.0,7.0,2026
1,541273,Sádek,7,246,0,9.0,1.0,2026
1,541281,Sedlčany,21,6784,0,105.0,5.0,2026
1,541290,Horní Kozolupy,7,255,0,8.0,1.0,2026
1,541303,Vidnava,15,1192,0,75.0,5.0,2026
1,541311,Smolotely,7,306,0,18.0,2.0,2026
1,541320,Solenice,7,353,0,9.0,1.0,2026
1,541338,Stará Huť,15,1677,0,15.0,1.0,2026
1,541346,Vlčice,5,452,0,11.0,2.0,2026
1,541354,Zábřeh,21,13157,0,164.0,8.0,2026
1,541362,Zadní Chodov,7,240,0,34.0,6.0,2026
1,541371,Suchodol,7,434,0,7.0,7.0,2026
1,541389,Svaté Pole,7,551,0,27.0,3.0,2026
1,541397,Svatý Jan,11,636,0,33.0,3.0,2026
1,541401,Broumov,7,137,0,7.0,1.0,2026
1,541419,Štětkovice,7,347,0,7.0,1.0,2026
1,541427,Tochovice,11,670,0,29.0,3.0,2026
1,541435,Únehle,7,140,0,9.0,2.0,2026
1,541443,Obora,7,180,0,17.0,2.0,2026
1,541451,Třebsko,7,282,0,16.0,8.0,2026
1,541460,Zhoř,7,176,0,9.0,1.0,2026
1,541478,Zvole,9,857,0,24.0,3.0,2026
1,541486,Prostiboř,5,249,0,6.0,1.0,2026
1,541494,Kokašice,7,282,0,9.0,1.0,2026
1,541508,Věšín,11,685,0,55.0,5.0,2026
1,541516,Višňová,9,720,0,9.0,1.0,2026
1,541524,Volenice,11,376,0,11.0,1.0,2026
1,541532,Milíře,7,227,0,16.0,2.0,2026
1,541541,Voznice,7,744,0,7.0,1.0,2026
1,541559,Kočov,7,225,0,14.0,2.0,2026
1,541567,Vranovice,7,336,0,9.0,1.0,2026
1,541575,Žulová,15,1119,0,85.0,6.0,2026
1,541583,Vysoká u Příbramě,5,365,0,15.0,3.0,2026
1,541591,Vysoký Chlumec,9,790,0,27.0,3.0,2026
1,541605,Brod nad Tichou,7,254,0,15.0,2.0,2026
1,541613,Zalužany,7,325,0,9.0,1.0,2026
1,541621,Tisová,7,542,0,18.0,2.0,2026
1,541630,Vsetín,21,24974,0,189.0,9.0,2026
1,541648,Branky,15,1029,0,75.0,5.0,2026
1,541656,Rakovník,21,15745,0,189.0,9.0,2026
1,541664,Záchlumí,7,477,0,10.0,2.0,2026
1,541672,Branov,7,196,0,9.0,1.0,2026
1,541681,Ošelín,7,162,0,18.0,2.0,2026
1,541699,Čistá,11,907,0,22.0,2.0,2026
1,541702,Lom u Tachova,7,501,0,9.0,1.0,2026
1,541711,Bystřička,11,1038,0,44.0,4.0,2026
1,541729,Hořesedly,7,428,0,31.0,4.0,2026
1,541737,Hořovičky,9,491,0,36.0,4.0,2026
1,541745,Myslovice,5,128,0,6.0,1.0,2026
1,541753,Ježovy,7,207,0,7.0,1.0,2026
1,541761,Hřebečníky,7,244,0,17.0,2.0,2026
1,541770,Hředle,9,570,0,18.0,2.0,2026
1,541788,Poleň,7,297,0,7.0,1.0,2026
1,541796,Hejná,7,153,0,7.0,1.0,2026
1,541800,Dolní Bečva,15,1919,0,30.0,2.0,2026
1,541818,Chrášťany,7,688,0,9.0,1.0,2026
1,541826,Kejnice,7,100,0,7.0,7.0,2026
1,541834,Jesenice,15,1638,0,59.0,4.0,2026
1,541842,Běhařov,5,191,0,6.0,1.0,2026
1,541851,Klenová,7,105,0,7.0,1.0,2026
1,541869,Javor,7,82,0,7.0,1.0,2026
1,541877,Kněževes,13,1025,0,26.0,2.0,2026
1,541885,Týnec,9,365,0,18.0,2.0,2026
1,541893,Kolešovice,9,840,0,36.0,4.0,2026
1,541907,Kounov,7,556,0,23.0,3.0,2026
1,541915,Obytce,9,238,0,9.0,1.0,2026
1,541923,Břežany,7,210,0,7.0,1.0,2026
1,541931,Kvášňovice,7,125,0,7.0,1.0,2026
1,541940,Kroučová,5,285,0,12.0,2.0,2026
1,541958,Olšany,7,197,0,7.0,7.0,2026
1,541966,Krupá,9,459,0,18.0,2.0,2026
1,541974,Krušovice,7,634,0,16.0,2.0,2026
1,541982,Křivoklát,7,655,0,23.0,3.0,2026
1,541991,Lány,11,2294,0,33.0,3.0,2026
1,542008,Lašovice,7,129,0,8.0,1.0,2026
1,542016,Lišany,9,694,0,27.0,3.0,2026
1,542024,Číhaň,7,222,0,8.0,1.0,2026
1,542032,Lubná,11,1119,0,44.0,4.0,2026
1,542041,Lužná,15,1988,0,75.0,5.0,2026
1,542059,Mlýnské Struhadlo,5,56,0,6.0,1.0,2026
1,542067,Městečko,7,447,0,7.0,1.0,2026
1,542075,Milostín,7,312,0,9.0,1.0,2026
1,542083,Hnačov,9,83,0,9.0,1.0,2026
1,542091,Horská Kvilda,7,69,0,9.0,1.0,2026
1,542105,Mšec,9,879,0,9.0,1.0,2026
1,542113,Mšecké Žehrovice,7,664,0,24.0,3.0,2026
1,542121,Mutějovice,11,855,0,33.0,3.0,2026
1,542130,Nesuchyně,7,452,0,8.0,2.0,2026
1,542148,Modrava,7,103,0,18.0,2.0,2026
1,542156,Borovy,7,217,0,12.0,2.0,2026
1,542164,Nové Strašecí,21,5710,0,126.0,6.0,2026
1,542172,Červené Poříčí,7,235,0,7.0,1.0,2026
1,542181,Nový Dům,5,176,0,6.0,1.0,2026
1,542199,Olešná,9,654,0,36.0,4.0,2026
1,542202,Oráčov,7,389,0,7.0,1.0,2026
1,542211,Panoší Újezd,7,274,0,9.0,1.0,2026
1,542229,Petrovice,7,277,0,18.0,2.0,2026
1,542237,Pochvalov,7,232,0,7.0,1.0,2026
1,542253,Příčina,7,210,0,8.0,1.0,2026
1,542270,Pšovlky,5,259,0,6.0,1.0,2026
1,542288,Pustověty,7,116,0,8.0,1.0,2026
1,542296,Nezdice,7,206,0,18.0,2.0,2026
1,542318,Blazice,7,218,0,9.0,1.0,2026
1,542326,Ruda,7,824,0,25.0,3.0,2026
1,542334,Rynholec,7,1097,0,23.0,3.0,2026
1,542342,Honětice,7,82,0,14.0,2.0,2026
1,542351,Řevničov,11,1537,0,55.0,5.0,2026
1,542369,Senec,7,273,0,7.0,1.0,2026
1,542377,Senomaty,13,1307,0,25.0,2.0,2026
1,542385,Skryje,7,160,0,7.0,1.0,2026
1,542393,Vrbka,7,194,0,7.0,1.0,2026
1,542407,Trnovany,7,481,0,9.0,1.0,2026
1,542415,Slabce,9,734,0,43.0,5.0,2026
1,542423,Černouček,7,343,0,17.0,2.0,2026
1,542431,Srbeč,9,317,0,9.0,1.0,2026
1,542440,Oleško,7,101,0,7.0,1.0,2026
1,542458,Svojetín,7,365,0,18.0,2.0,2026
1,542466,Sýkořice,9,587,0,18.0,2.0,2026
1,542474,Šanov,7,566,0,10.0,2.0,2026
1,542482,Záluží,5,220,0,6.0,1.0,2026
1,542491,Malíč,7,192,0,8.0,1.0,2026
1,542504,Třeboc,5,161,0,7.0,7.0,2026
1,542512,Třtice,7,525,0,17.0,2.0,2026
1,542521,Michalovice,7,177,0,7.0,1.0,2026
1,542539,Píšťany,7,219,0,9.0,1.0,2026
1,542547,Blšany u Loun,7,408,0,7.0,1.0,2026
1,542555,Opočno,5,117,0,6.0,1.0,2026
1,542563,Velká Buková,9,279,0,9.0,1.0,2026
1,542571,Cítoliby,15,1093,0,75.0,5.0,2026
1,542580,Obora,7,440,0,18.0,3.0,2026
1,542598,Všetaty,7,310,0,7.0,1.0,2026
1,542601,Zavidov,7,372,0,18.0,2.0,2026
1,542610,Zbečno,7,627,0,9.0,1.0,2026
1,542628,Černčice,15,1311,0,30.0,2.0,2026
1,542636,Nová Ves,5,125,0,12.0,2.0,2026
1,542644,Francova Lhota,15,1463,0,60.0,4.0,2026
1,542679,Halenkov,15,2354,0,60.0,4.0,2026
1,542687,Horní Bečva,15,2435,0,30.0,2.0,2026
1,542725,Horní Lideč,15,1317,0,60.0,4.0,2026
1,542750,Hošťálková,15,2289,0,29.0,29.0,2026
1,542768,Hovězí,15,2329,0,45.0,3.0,2026
1,542784,Huslenky,15,2159,0,45.0,3.0,2026
1,542814,Hutisko-Solanec,15,1947,0,15.0,1.0,2026
1,542831,Choryně,9,752,0,27.0,3.0,2026
1,542865,Jablůnka,11,2067,0,74.0,7.0,2026
1,542903,Jarcová,11,848,0,12.0,12.0,2026
1,542911,Karolinka,15,2340,0,45.0,3.0,2026
1,542946,Kateřinice,15,1084,0,30.0,30.0,2026
1,542989,Kelč,15,2700,0,30.0,2.0,2026
1,542997,Kladeruby,9,488,0,36.0,4.0,2026
1,543012,Žerotín,7,226,0,9.0,1.0,2026
1,543021,Kunovice,9,660,0,27.0,3.0,2026
1,543098,Lačnov,9,851,0,18.0,2.0,2026
1,543128,Staňkovice,9,1148,0,54.0,6.0,2026
1,543543,Hruška,7,249,0,29.0,4.0,2026
1,544248,Pavlíkov,9,1071,0,36.0,4.0,2026
1,544256,České Budějovice,45,97128,0,406.0,10.0,2026
1,544264,Leskovec,9,676,0,27.0,3.0,2026
1,544272,Borek,11,1583,0,55.0,5.0,2026
1,544281,Borovany,17,4168,0,85.0,5.0,2026
1,544299,Boršov nad Vltavou,9,2143,0,36.0,4.0,2026
1,544302,Lešná,15,2159,0,60.0,4.0,2026
1,544329,Čejkovice,7,397,0,11.0,11.0,2026
1,544337,Hamr na Jezeře,7,473,0,27.0,3.0,2026
1,544345,Proseč pod Ještědem,9,452,0,18.0,2.0,2026
1,544353,Heřmanice,9,286,0,9.0,1.0,2026
1,544361,Dívčice,9,627,0,9.0,1.0,2026
1,544370,Lidečko,15,1813,0,59.0,4.0,2026
1,544388,Dolní Bukovsko,15,1731,0,75.0,5.0,2026
1,544396,Liptál,15,1547,0,30.0,3.0,2026
1,544400,Doudleby,7,456,0,9.0,1.0,2026
1,544418,Loučka,11,768,0,39.0,4.0,2026
1,544426,Dříteň,15,1734,0,90.0,6.0,2026
1,544434,Lužná,9,615,0,9.0,1.0,2026
1,544442,Dubné,15,1763,0,15.0,1.0,2026
1,544451,Dynín,7,386,0,8.0,8.0,2026
1,544469,Malá Bystřice,7,320,0,7.0,1.0,2026
1,544477,Stráž nad Nisou,9,2448,0,36.0,4.0,2026
1,544485,Hluboká nad Vltavou,21,5679,0,168.0,8.0,2026
1,544493,Homole,11,1727,0,22.0,2.0,2026
1,544507,Mikulůvka,11,824,0,22.0,2.0,2026
1,544515,Horní Stropnice,15,1485,0,90.0,6.0,2026
1,544523,Hosín,9,970,0,18.0,2.0,2026
1,544531,Čtveřín,7,601,0,9.0,1.0,2026
1,544540,Hranice,7,213,0,16.0,2.0,2026
1,544558,Hrdějovice,11,1517,0,33.0,3.0,2026
1,544566,Nový Hrozenkov,15,2480,0,89.0,7.0,2026
1,544574,Oznice,9,524,0,10.0,10.0,2026
1,544582,Radimovice,7,360,0,8.0,1.0,2026
1,544591,Chrášťany,15,721,0,60.0,4.0,2026
1,544604,Žďárek,7,165,0,10.0,10.0,2026
1,544612,Jankov,9,393,0,10.0,2.0,2026
1,544621,Police,9,617,0,36.0,4.0,2026
1,544639,Jílovice,15,1120,0,45.0,3.0,2026
1,544647,Bynovec,7,346,0,16.0,2.0,2026
1,544655,Pozděchov,9,582,0,9.0,1.0,2026
1,544663,Kamenný Újezd,15,2697,0,75.0,5.0,2026
1,544671,Prlov,7,505,0,17.0,3.0,2026
1,544680,Janov,7,324,0,24.0,3.0,2026
1,544698,Prostřední Bečva,11,1825,0,20.0,2.0,2026
1,544701,Labská Stráň,7,239,0,18.0,3.0,2026
1,544710,Vincencov,7,123,0,8.0,1.0,2026
1,544728,Pržno,9,602,0,9.0,1.0,2026
1,544736,Ledenice,15,2528,0,39.0,3.0,2026
1,544744,Libín,9,431,0,30.0,4.0,2026
1,544752,Příštpo,7,256,0,14.0,2.0,2026
1,544761,Lipí,7,690,0,9.0,1.0,2026
1,544779,Lišov,36,4670,0,141.0,13.0,2026
1,544787,Ratiboř,11,1830,0,33.0,3.0,2026
1,544795,Litvínovice,9,2782,0,14.0,2.0,2026
1,544809,Ločenice,9,780,0,18.0,2.0,2026
1,544817,Mladošovice,7,427,0,16.0,2.0,2026
1,544825,Nedabyle,7,376,0,7.0,1.0,2026
1,544833,Bačkovice,5,85,0,6.0,6.0,2026
1,544841,Rožnov pod Radhoštěm,21,15916,0,126.0,6.0,2026
1,544850,Růžďka,11,887,0,44.0,4.0,2026
1,544868,Nové Hrady,15,2432,0,45.0,3.0,2026
1,544876,Lhotice,7,153,0,9.0,4.0,2026
1,544884,Olešnice,11,889,0,11.0,1.0,2026
1,544892,Olešník,9,832,0,18.0,2.0,2026
1,544906,Seninka,7,296,0,14.0,2.0,2026
1,544914,Střelná,7,539,0,9.0,1.0,2026
1,544922,Střítež nad Bečvou,15,889,0,45.0,3.0,2026
1,544931,Študlov,9,478,0,27.0,3.0,2026
1,544949,Valašská Bystřice,15,2197,0,30.0,2.0,2026
1,544957,Lovčovice,5,67,0,6.0,1.0,2026
1,544965,Radošovice,5,212,0,5.0,1.0,2026
1,544973,Roudné,11,1545,0,33.0,3.0,2026
1,544981,Rudolfov,15,2617,0,60.0,4.0,2026
1,544990,Valašská Polanka,9,1477,0,33.0,4.0,2026
1,545007,Římov,9,1045,0,27.0,3.0,2026
1,545015,Sedlec,7,530,0,20.0,3.0,2026
1,545023,Slavče,15,753,0,30.0,2.0,2026
1,545031,Menhartice,5,136,0,8.0,8.0,2026
1,545040,Radotice,7,108,0,12.0,12.0,2026
1,545058,Valašské Meziříčí,25,22568,0,131.0,6.0,2026
1,545066,Srubec,11,2971,0,22.0,2.0,2026
1,545074,Staré Hodějovice,9,1370,0,9.0,1.0,2026
1,545082,Strážkovice,7,538,0,16.0,2.0,2026
1,545091,Střížov,7,216,0,9.0,1.0,2026
1,545104,Svatý Jan nad Malší,9,649,0,18.0,2.0,2026
1,545112,Valašské Příkazy,9,313,0,18.0,2.0,2026
1,545121,Ševětín,15,1388,0,45.0,3.0,2026
1,545139,Štěpánovice,9,1019,0,27.0,3.0,2026
1,545147,Velká Lhota,9,535,0,8.0,8.0,2026
1,545155,Temelín,11,916,0,52.0,5.0,2026
1,545163,Velké Karlovice,15,2342,0,75.0,5.0,2026
1,545171,Trhové Sviny,23,5292,0,115.0,5.0,2026
1,545180,Slavíkovice,6,193,0,9.0,9.0,2026
1,545198,Vidče,15,1754,0,30.0,2.0,2026
1,545201,Týn nad Vltavou,21,7728,0,133.0,7.0,2026
1,545210,Vigantice,9,1078,0,18.0,2.0,2026
1,545228,Včelná,9,2286,0,36.0,4.0,2026
1,545236,Zašová,15,3082,0,61.0,5.0,2026
1,545244,Zděchov,11,546,0,44.0,4.0,2026
1,545252,Zubří,21,5603,0,84.0,4.0,2026
1,545261,Vrábče,9,887,0,9.0,1.0,2026
1,545279,Domašov nad Bystřicí,7,487,0,15.0,2.0,2026
1,545287,Všemyslice,11,1204,0,22.0,2.0,2026
1,545295,Skalička,7,164,0,7.0,1.0,2026
1,545309,Kožichovice,9,479,0,9.0,9.0,2026
1,545317,Záboří,7,373,0,11.0,11.0,2026
1,545325,Velký Karlov,5,400,0,15.0,4.0,2026
1,545341,Zliv,15,3426,0,60.0,4.0,2026
1,545368,Žabovřesky,9,454,0,27.0,3.0,2026
1,545376,Žár,7,343,0,23.0,3.0,2026
1,545384,Žimutice,15,622,0,30.0,2.0,2026
1,545392,Český Krumlov,23,12658,0,254.0,12.0,2026
1,545406,Benešov nad Černou,11,1366,0,44.0,4.0,2026
1,545414,Besednice,11,824,0,33.0,3.0,2026
1,545431,Brloh,9,1044,0,36.0,4.0,2026
1,545449,Bujanov,9,623,0,18.0,2.0,2026
1,545457,Černá v Pošumaví,9,828,0,36.0,4.0,2026
1,545465,Dolní Dvořiště,9,1408,0,72.0,8.0,2026
1,545473,Dolní Třebonín,15,1356,0,90.0,6.0,2026
1,545481,Frymburk,9,1347,0,36.0,4.0,2026
1,545490,Holubov,9,1100,0,18.0,2.0,2026
1,545503,Horní Dvořiště,9,458,0,45.0,5.0,2026
1,545511,Horní Planá,15,1933,0,60.0,4.0,2026
1,545520,Hořice na Šumavě,9,913,0,18.0,2.0,2026
1,545538,Starý Šachov,7,220,0,17.0,4.0,2026
1,545546,Chvalšiny,9,1211,0,9.0,1.0,2026
1,545554,Kájov,11,1971,0,77.0,7.0,2026
1,545562,Kaplice,21,7547,0,254.0,13.0,2026
1,545571,Křemže,15,3012,0,90.0,6.0,2026
1,545597,Lipno nad Vltavou,7,668,0,34.0,4.0,2026
1,545601,Loučovice,11,1469,0,66.0,6.0,2026
1,545619,Malonty,11,1456,0,66.0,6.0,2026
1,545627,Mirkovice,9,564,0,18.0,2.0,2026
1,545643,Netřebice,9,461,0,45.0,5.0,2026
1,545660,Omlenice,11,606,0,11.0,1.0,2026
1,545678,Markvartice,9,739,0,27.0,3.0,2026
1,545694,Pohorská Ves,9,231,0,9.0,1.0,2026
1,545708,Lobendava,7,261,0,21.0,3.0,2026
1,545716,Přední Výtoň,7,180,0,15.0,2.0,2026
1,545724,Přídolí,11,719,0,22.0,2.0,2026
1,545732,Přísečná,7,210,0,7.0,1.0,2026
1,545767,Rožmberk nad Vltavou,7,369,0,29.0,4.0,2026
1,545775,Rožmitál na Šumavě,9,427,0,27.0,3.0,2026
1,545783,Dobrná,7,450,0,8.0,1.0,2026
1,545791,Merboltice,7,197,0,7.0,7.0,2026
1,545805,Soběnov,7,371,0,12.0,12.0,2026
1,545813,Světlík,11,236,0,19.0,2.0,2026
1,545821,Velešín,15,3846,0,60.0,4.0,2026
1,545830,Větřní,17,3753,0,83.0,5.0,2026
1,545848,Vyšší Brod,15,2649,0,75.0,6.0,2026
1,545856,Dolní Habartice,7,603,0,9.0,1.0,2026
1,545864,Zlatá Koruna,15,799,0,45.0,3.0,2026
1,545872,Zubčice,7,428,0,18.0,2.0,2026
1,545881,Jindřichův Hradec,27,20369,0,256.0,10.0,2026
1,545899,Františkov nad Ploučnicí,7,392,0,9.0,1.0,2026
1,545902,Borová Lada,7,279,0,21.0,3.0,2026
1,545929,Horní Habartice,7,454,0,8.0,1.0,2026
1,545937,Lažany,7,234,0,9.0,1.0,2026
1,545953,Paceřice,7,401,0,14.0,2.0,2026
1,545996,Černousy,9,312,0,36.0,4.0,2026
1,546011,Jimlín,9,887,0,18.0,2.0,2026
1,546020,Budeč,7,218,0,9.0,1.0,2026
1,546038,Budíškovice,11,735,0,33.0,3.0,2026
1,546054,Cizkrajov,9,513,0,41.0,5.0,2026
1,546062,Pesvice,5,201,0,10.0,2.0,2026
1,546071,Račetice,9,433,0,18.0,2.0,2026
1,546089,České Velenice,15,3687,0,45.0,3.0,2026
1,546097,Český Rudolec,9,862,0,54.0,6.0,2026
1,546101,Číměř,11,679,0,22.0,2.0,2026
1,546127,Dačice,21,7118,0,105.0,5.0,2026
1,546143,Dešná,9,592,0,27.0,3.0,2026
1,546151,Deštná,7,738,0,16.0,2.0,2026
1,546160,Nezabylice,9,289,0,27.0,3.0,2026
1,546178,Úherce,7,96,0,9.0,1.0,2026
1,546186,Ryjice,7,187,0,20.0,3.0,2026
1,546194,Bačkov,7,113,0,9.0,9.0,2026
1,546216,Jitkov,7,251,0,7.0,7.0,2026
1,546232,Kozly,7,150,0,9.0,1.0,2026
1,546259,Kvítkov,9,234,0,9.0,1.0,2026
1,546267,Tuhaň,9,264,0,18.0,2.0,2026
1,546275,Slunečná,7,153,0,36.0,4.0,2026
1,546283,Svojkov,7,298,0,10.0,2.0,2026
1,546291,Hatín,7,258,0,18.0,2.0,2026
1,546305,Heřmaneč,7,97,0,9.0,1.0,2026
1,546330,Kunratice,7,258,0,14.0,2.0,2026
1,546348,Srbská Kamenice,7,277,0,9.0,3.0,2026
1,546364,Horní Pěna,9,589,0,27.0,3.0,2026
1,546372,Buková,9,253,0,9.0,1.0,2026
1,546381,Horní Radouň,5,269,0,13.0,3.0,2026
1,546399,Míšov,7,111,0,7.0,1.0,2026
1,546402,Hospříz,9,457,0,18.0,2.0,2026
1,546411,Úherce,11,425,0,11.0,1.0,2026
1,546429,Chraberce,7,125,0,7.0,1.0,2026
1,546437,Volevčice,5,135,0,6.0,2.0,2026
1,546445,Hříšice,9,327,0,11.0,11.0,2026
1,546453,Kámen,7,259,0,9.0,1.0,2026
1,546461,Chlum u Třeboně,15,1815,0,61.0,5.0,2026
1,546470,Litíč,9,199,0,9.0,1.0,2026
1,546488,Sirá,7,149,0,14.0,2.0,2026
1,546496,Ludvíkovice,15,916,0,45.0,3.0,2026
1,546500,Jarošov nad Nežárkou,15,1078,0,33.0,5.0,2026
1,546518,Loučná pod Klínovcem,9,214,0,18.0,2.0,2026
1,546526,Těškov,7,322,0,9.0,1.0,2026
1,546534,Týček,7,262,0,12.0,12.0,2026
1,546542,Kardašova Řečice,15,2227,0,30.0,2.0,2026
1,546551,Újezd u Svatého Kříže,7,241,0,8.0,2.0,2026
1,546577,Pulečný,7,489,0,21.0,3.0,2026
1,546585,Jiřetín pod Bukovou,7,431,0,14.0,2.0,2026
1,546593,Nová Ves,7,967,0,27.0,3.0,2026
1,546607,Dětřichov,11,731,0,11.0,1.0,2026
1,546615,Kunžak,11,1463,0,63.0,6.0,2026
1,546623,Lásenice,9,556,0,9.0,1.0,2026
1,546631,Bílý Potok,9,693,0,35.0,4.0,2026
1,546658,Janův Důl,7,180,0,9.0,1.0,2026
1,546666,Lodhéřov,7,712,0,54.0,6.0,2026
1,546674,Lomnice nad Lužnicí,11,1779,0,77.0,7.0,2026
1,546691,Lkáň,7,194,0,16.0,2.0,2026
1,546712,Majdalena,11,486,0,22.0,2.0,2026
1,546721,Sedlec,7,206,0,16.0,2.0,2026
1,546755,Brzánky,7,90,0,7.0,1.0,2026
1,546763,Horní Řepčice,7,109,0,8.0,8.0,2026
1,546771,Kamýk,7,225,0,9.0,1.0,2026
1,546780,Býčkovice,7,288,0,16.0,2.0,2026
1,546798,Nová Bystřice,15,3209,0,90.0,6.0,2026
1,546801,Nová Včelnice,11,2165,0,11.0,1.0,2026
1,546810,Chudoslavice,7,180,0,7.0,1.0,2026
1,546828,Staňkovice,7,35,0,7.0,1.0,2026
1,546844,Novosedly nad Nežárkou,11,694,0,22.0,2.0,2026
1,546852,Černěves,7,238,0,17.0,2.0,2026
1,546861,Dobroměřice,9,1395,0,18.0,2.0,2026
1,546879,Líšťany,9,467,0,18.0,2.0,2026
1,546887,Vršovice,5,248,0,6.0,1.0,2026
1,546895,Brodec,7,92,0,7.0,1.0,2026
1,546909,Lukov,7,132,0,9.0,1.0,2026
1,546917,Písečné,11,484,0,22.0,2.0,2026
1,546925,Stebno,5,472,0,11.0,2.0,2026
1,546933,Okřešice,7,195,0,9.0,9.0,2026
1,546941,Dobšice,15,2225,0,45.0,3.0,2026
1,546950,Nová Pláň,7,56,0,8.0,1.0,2026
1,546968,Pluhův Žďár,11,599,0,22.0,2.0,2026
1,546976,Hraničné Petrovice,7,136,0,9.0,1.0,2026
1,546984,Bílov,7,620,0,17.0,2.0,2026
1,546992,Popelín,9,479,0,9.0,1.0,2026
1,547000,Životice u Nového Jičína,9,651,0,40.0,5.0,2026
1,547018,Střeň,7,604,0,25.0,3.0,2026
1,547026,Bystrovany,9,977,0,27.0,3.0,2026
1,547069,Rapšach,7,599,0,21.0,3.0,2026
1,547077,Samotišky,9,1318,0,15.0,2.0,2026
1,547085,Rodvínov,7,638,0,18.0,2.0,2026
1,547093,Mutkov,7,45,0,7.0,1.0,2026
1,547123,Komárov,7,224,0,11.0,11.0,2026
1,547131,Svatoňovice,7,251,0,16.0,2.0,2026
1,547166,Slavonice,15,2207,0,75.0,5.0,2026
1,547182,Kozmice,15,1896,0,45.0,3.0,2026
1,547191,Jezdkovice,7,236,0,9.0,1.0,2026
1,547204,Staré Hobzí,15,512,0,15.0,1.0,2026
1,547212,Staré Město pod Landštejnem,9,466,0,18.0,2.0,2026
1,547221,Stráž nad Nežárkou,15,877,0,42.0,3.0,2026
1,547239,Strmilov,15,1381,0,90.0,6.0,2026
1,547247,Stříbřec,9,419,0,45.0,5.0,2026
1,547255,Švábov,7,86,0,9.0,1.0,2026
1,547263,Studená,13,2177,0,78.0,6.0,2026
1,547280,Suchdol nad Lužnicí,17,3559,0,85.0,5.0,2026
1,547336,Třeboň,25,8249,0,200.0,8.0,2026
1,547433,Vlkoš,9,666,0,27.0,3.0,2026
1,547441,Volfířov,11,736,0,77.0,7.0,2026
1,547450,Výkleky,5,289,0,6.0,1.0,2026
1,547468,Zahrádky,7,246,0,16.0,2.0,2026
1,547476,Paseky nad Jizerou,9,251,0,13.0,13.0,2026
1,547484,Ktová,7,222,0,24.0,4.0,2026
1,547492,Pelhřimov,21,16233,0,180.0,9.0,2026
1,547514,Zábeštní Lhota,5,175,0,11.0,2.0,2026
1,547531,Hořenice,6,152,0,7.0,1.0,2026
1,547549,Bohdalín,7,187,0,7.0,1.0,2026
1,547565,Vestec,9,191,0,9.0,1.0,2026
1,547581,Božejov,13,624,0,26.0,2.0,2026
1,547603,Bratřice,7,156,0,16.0,2.0,2026
1,547638,Budíkov,7,331,0,13.0,13.0,2026
1,547646,Velké Poříčí,15,2310,0,75.0,5.0,2026
1,547654,Šestajovice,9,165,0,9.0,1.0,2026
1,547662,Cetoraz,7,314,0,16.0,2.0,2026
1,547689,Čáslavsko,7,107,0,8.0,1.0,2026
1,547701,Libchyně,5,74,0,11.0,2.0,2026
1,547719,Častrov,9,630,0,18.0,2.0,2026
1,547727,Sendraž,7,111,0,7.0,1.0,2026
1,547735,Čejov,9,647,0,18.0,2.0,2026
1,547743,Vernéřovice,7,318,0,9.0,1.0,2026
1,547751,Bukovice,7,375,0,11.0,11.0,2026
1,547760,Černovice,9,1782,0,45.0,5.0,2026
1,547778,Červená Řečice,15,1026,0,34.0,3.0,2026
1,547786,Adršpach,9,491,0,54.0,6.0,2026
1,547794,Hodonín,7,82,0,16.0,2.0,2026
1,547808,Rozhovice,7,323,0,9.0,1.0,2026
1,547816,Jeníkov,9,459,0,18.0,2.0,2026
1,547824,Křižanovice,7,123,0,17.0,3.0,2026
1,547832,Licibořice,7,261,0,16.0,16.0,2026
1,547841,Vyžice,7,249,0,8.0,8.0,2026
1,547859,Zájezdec,7,107,0,12.0,12.0,2026
1,547867,Bor u Skutče,7,132,0,9.0,1.0,2026
1,547875,Lipovec,7,239,0,16.0,2.0,2026
1,547883,Hojanovice,7,108,0,7.0,1.0,2026
1,547891,Stolany,7,408,0,9.0,1.0,2026
1,547905,Rybník,9,851,0,27.0,3.0,2026
1,547913,Horní Cerekev,15,1872,0,30.0,2.0,2026
1,547921,Trpík,5,85,0,5.0,1.0,2026
1,547930,Horní Ves,7,337,0,18.0,2.0,2026
1,547948,Hořepník,11,629,0,17.0,17.0,2026
1,547956,Hořice,7,206,0,8.0,1.0,2026
1,547964,Sobkovice,5,262,0,6.0,1.0,2026
1,547972,Hrádek,5,95,0,5.0,1.0,2026
1,547981,Albrechtice,7,448,0,9.0,1.0,2026
1,547999,Humpolec,21,11487,0,147.0,7.0,2026
1,548006,Bošín,7,101,0,14.0,2.0,2026
1,548014,Dlouhá Třebová,15,1298,0,30.0,2.0,2026
1,548022,Vračovice-Orlov,7,175,0,16.0,2.0,2026
1,548031,Dlouhoňovice,7,845,0,7.0,7.0,2026
1,548049,Helvíkovice,7,574,0,16.0,2.0,2026
1,548057,Vrchovnice,7,90,0,7.0,8.0,2026
1,548065,Obědovice,7,338,0,7.0,1.0,2026
1,548073,Ježov,7,69,0,8.0,1.0,2026
1,548081,Jiřice,9,948,0,27.0,3.0,2026
1,548090,Kaliště,9,398,0,11.0,11.0,2026
1,548103,Kámen,7,270,0,8.0,8.0,2026
1,548111,Kamenice nad Lipou,15,3687,0,60.0,4.0,2026
1,548120,Kejžlice,7,483,0,12.0,12.0,2026
1,548146,Koberovice,7,181,0,10.0,10.0,2026
1,548154,Světí,7,356,0,7.0,1.0,2026
1,548162,Komorovice,7,202,0,7.0,2.0,2026
1,548171,Košetice,9,760,0,14.0,14.0,2026
1,548189,Kouty,7,196,0,7.0,1.0,2026
1,548197,Nejepín,7,101,0,16.0,2.0,2026
1,548201,Křeč,9,232,0,16.0,16.0,2026
1,548219,Křelovice,7,328,0,14.0,2.0,2026
1,548227,Křešín,7,189,0,15.0,2.0,2026
1,548235,Leskovice,7,120,0,11.0,2.0,2026
1,548243,Horní Paseka,7,66,0,8.0,1.0,2026
1,548251,Podmoky,7,156,0,13.0,2.0,2026
1,548260,Bartoušov,7,195,0,13.0,13.0,2026
1,548278,Břevnice,7,168,0,7.0,1.0,2026
1,548286,Knyk,7,439,0,13.0,13.0,2026
1,548308,Kyjov,7,172,0,14.0,2.0,2026
1,548316,Michalovice,7,225,0,7.0,7.0,2026
1,548324,Skorkov,7,111,0,7.0,1.0,2026
1,548332,Lukavec,15,965,0,45.0,3.0,2026
1,548341,Slavníč,5,69,1,0.0,0.0,2026
1,548359,Ostrov,9,166,0,9.0,1.0,2026
1,548367,Mezilesí,7,103,0,9.0,1.0,2026
1,548375,Čečkovice,5,89,0,6.0,1.0,2026
1,548383,Mladé Bříště,7,293,0,8.0,1.0,2026
1,548391,Mnich,7,405,0,26.0,3.0,2026
1,548405,Moraveč,7,205,0,10.0,10.0,2026
1,548413,Jilem,7,155,0,10.0,10.0,2026
1,548421,Sedletín,7,302,0,10.0,10.0,2026
1,548430,Bezděkov,7,238,0,14.0,2.0,2026
1,548448,Dolní Sokolovec,7,74,0,7.0,1.0,2026
1,548456,Nová Cerekev,15,1196,0,15.0,1.0,2026
1,548464,Nový Rychnov,9,985,0,19.0,3.0,2026
1,548472,Obrataň,11,783,0,11.0,1.0,2026
1,548481,Lány,7,60,0,14.0,2.0,2026
1,548499,Sloupno,7,44,0,7.0,1.0,2026
1,548502,Onšov,9,224,0,9.0,1.0,2026
1,548511,Pacov,15,4757,0,35.0,3.0,2026
1,548529,Kochánov,7,181,0,9.0,9.0,2026
1,548537,Úhořilka,7,53,0,7.0,1.0,2026
1,548545,Píšť,7,77,0,8.0,1.0,2026
1,548553,Slavětín,5,132,0,6.0,1.0,2026
1,548561,Počátky,15,2452,0,45.0,3.0,2026
1,548570,Kunemil,7,127,0,10.0,10.0,2026
1,548588,Okrouhlička,7,282,0,10.0,10.0,2026
1,548596,Heřmanice,7,55,0,7.0,1.0,2026
1,548600,Pošná,7,270,0,9.0,2.0,2026
1,548618,Kraborovice,7,123,0,12.0,6.0,2026
1,548626,Zvěstovice,7,79,0,9.0,1.0,2026
1,548634,Podmoklany,7,129,0,9.0,1.0,2026
1,548642,Hřibiny-Ledská,9,404,0,18.0,2.0,2026
1,548651,Libel,7,188,0,9.0,1.0,2026
1,548669,Rohenice,7,333,0,17.0,2.0,2026
1,548677,Vysoký Újezd,5,109,0,6.0,1.0,2026
1,548685,Krchleby,7,109,1,1.0,1.0,2026
1,548693,Svídnice,7,168,0,10.0,10.0,2026
1,548707,Vrbice,7,158,0,8.0,8.0,2026
1,548715,Řečice,7,158,0,10.0,10.0,2026
1,548723,Polom,5,174,0,8.0,8.0,2026
1,548731,Salačova Lhota,7,131,0,9.0,1.0,2026
1,548740,Samšín,9,153,0,15.0,15.0,2026
1,548758,Proruby,5,56,0,6.0,1.0,2026
1,548766,Sedlice,7,153,0,8.0,1.0,2026
1,548774,Senožaty,7,882,0,18.0,2.0,2026
1,548782,Jahodov,7,98,0,9.0,1.0,2026
1,548791,Chlístov,7,78,0,7.0,7.0,2026
1,548804,Lampertice,9,350,0,18.0,2.0,2026
1,548812,Stanovice,7,58,0,16.0,2.0,2026
1,548821,Borovnička,7,231,0,13.0,13.0,2026
1,548839,Zábřezí-Řečice,7,148,0,9.0,1.0,2026
1,548847,Zdobín,7,149,0,7.0,7.0,2026
1,548855,Bříšťany,7,249,0,10.0,10.0,2026
1,548863,Milovice u Hořic,7,314,0,7.0,7.0,2026
1,548871,Petrovičky,7,47,0,7.0,7.0,2026
1,548880,Sukorady,7,226,0,10.0,10.0,2026
1,548898,Rokytňany,7,156,0,7.0,1.0,2026
1,548901,Bílsko u Hořic,7,118,0,10.0,10.0,2026
1,548910,Ohaveč,7,149,0,7.0,1.0,2026
1,548928,Kostelec,7,38,0,7.0,7.0,2026
1,548936,Těmice,7,418,0,10.0,10.0,2026
1,548944,Kovač,7,147,0,12.0,12.0,2026
1,548952,Budčeves,5,158,0,11.0,2.0,2026
1,548961,Sedliště,7,93,0,9.0,1.0,2026
1,548979,Borek,7,95,0,7.0,7.0,2026
1,548987,Útěchovice,7,63,0,7.0,1.0,2026
1,548995,Červená Třemešná,7,186,0,12.0,12.0,2026
1,549002,Včelnička,9,271,0,9.0,1.0,2026
1,549011,Velká Chyška,9,268,0,19.0,4.0,2026
1,549029,Vřesník,7,102,0,7.0,1.0,2026
1,549037,Choteč,7,213,0,16.0,2.0,2026
1,549045,Velký Rybník,7,202,0,7.0,1.0,2026
1,549053,Veselá,9,232,0,12.0,12.0,2026
1,549061,Věžná,7,138,0,12.0,12.0,2026
1,549070,Březina,7,133,0,12.0,12.0,2026
1,549088,Dolní Lochov,5,58,0,5.0,1.0,2026
1,549096,Staré Místo,7,292,0,8.0,1.0,2026
1,549100,Brada-Rybníček,7,192,0,14.0,2.0,2026
1,549118,Dílce,7,59,0,7.0,1.0,2026
1,549126,Vojslavice,7,103,0,15.0,2.0,2026
1,549134,Vyklantice,7,142,0,16.0,2.0,2026
1,549142,Vyskytná,9,707,0,18.0,2.0,2026
1,549151,Jinolice,7,186,0,7.0,1.0,2026
1,549169,Kbelnice,7,228,0,7.0,1.0,2026
1,549177,Zachotín,7,228,0,12.0,12.0,2026
1,549185,Ohařice,5,79,0,6.0,1.0,2026
1,549193,Zámostí-Blata,7,116,0,9.0,1.0,2026
1,549207,Nevratice,7,191,0,7.0,1.0,2026
1,549215,Želiv,9,1142,0,24.0,3.0,2026
1,549223,Chyjice,5,184,0,5.0,1.0,2026
1,549231,Žirovnice,15,3135,0,45.0,3.0,2026
1,549240,Písek,27,31002,0,297.0,11.0,2026
1,549258,Albrechtice nad Vltavou,15,1009,0,75.0,5.0,2026
1,549266,Bernartice,15,1402,0,60.0,4.0,2026
1,549274,Rašín,5,100,0,6.0,1.0,2026
1,549282,Butoves,7,296,0,9.0,1.0,2026
1,549291,Božetice,7,353,0,15.0,2.0,2026
1,549304,Branice,7,308,0,21.0,3.0,2026
1,549312,Kacákova Lhota,7,182,0,7.0,1.0,2026
1,549321,Cerhonice,7,145,0,10.0,10.0,2026
1,549339,Čimelice,11,1018,0,44.0,4.0,2026
1,549347,Čížová,15,1388,0,55.0,4.0,2026
1,549355,Cholenice,7,211,0,9.0,1.0,2026
1,549363,Dobev,11,1178,0,22.0,2.0,2026
1,549371,Dražíč,7,283,0,23.0,3.0,2026
1,549380,Drhovle,9,661,0,45.0,5.0,2026
1,549398,Heřmaň,7,322,0,9.0,1.0,2026
1,549401,Pozlovice,15,1322,0,30.0,2.0,2026
1,549410,Hrazany,7,291,0,32.0,4.0,2026
1,549428,Hrejkovice,9,481,0,36.0,4.0,2026
1,549436,Komárov,7,312,0,8.0,1.0,2026
1,549444,Oldřichovice,7,373,0,24.0,3.0,2026
1,549452,Chyšky,15,1054,0,45.0,3.0,2026
1,549461,Pohořelice,11,935,0,22.0,2.0,2026
1,549479,Jetětice,9,373,0,27.0,3.0,2026
1,549487,Kestřany,11,727,0,33.0,3.0,2026
1,549495,Kluky,9,618,0,36.0,4.0,2026
1,549509,Kostelec nad Vltavou,9,392,0,11.0,5.0,2026
1,549517,Kovářov,15,1480,0,90.0,6.0,2026
1,549525,Králova Lhota,7,194,0,17.0,2.0,2026
1,549533,Poteč,15,746,0,45.0,3.0,2026
1,549541,Kučeř,9,183,0,15.0,15.0,2026
1,549550,Lhotsko,5,299,0,12.0,2.0,2026
1,549568,Lety,7,303,0,18.0,2.0,2026
1,549576,Milevsko,21,7956,0,126.0,6.0,2026
1,549584,Mirotice,15,1207,0,42.0,3.0,2026
1,549592,Mirovice,15,1627,0,30.0,2.0,2026
1,549606,Mišovice,7,250,0,18.0,3.0,2026
1,549614,Myslín,5,95,0,6.0,1.0,2026
1,549622,Lípa,9,837,0,18.0,2.0,2026
1,549631,Nadějkov,15,723,0,30.0,2.0,2026
1,549649,Tečovice,15,1480,0,45.0,3.0,2026
1,549657,Nevězice,7,128,0,9.0,1.0,2026
1,549665,Raškovice,7,2043,0,34.0,4.0,2026
1,549673,Krásná,7,697,0,9.0,1.0,2026
1,549681,Orlík nad Vltavou,7,293,0,8.0,1.0,2026
1,549690,Bořenovice,9,205,0,10.0,2.0,2026
1,549703,Oslov,9,344,0,24.0,4.0,2026
1,549711,Ostrovec,7,378,0,7.0,1.0,2026
1,549720,Přílepy,7,1012,0,9.0,1.0,2026
1,549738,Ponětovice,7,436,0,9.0,1.0,2026
1,549746,Předklášteří,15,1464,0,45.0,3.0,2026
1,549754,Podolí I,9,356,0,16.0,2.0,2026
1,549771,Protivín,21,4706,0,147.0,7.0,2026
1,549789,Říčky,7,445,0,7.0,1.0,2026
1,549797,Přeštěnice,7,280,0,18.0,2.0,2026
1,549801,Putim,9,558,0,18.0,2.0,2026
1,549827,Ražice,9,415,0,9.0,1.0,2026
1,549835,Milasín,5,50,0,6.0,1.0,2026
1,549843,Sepekov,15,1344,0,15.0,1.0,2026
1,549851,Skály,9,325,0,14.0,14.0,2026
1,549860,Slabčice,9,369,0,18.0,2.0,2026
1,549878,Smetanova Lhota,7,276,0,15.0,2.0,2026
1,549886,Střítež,5,98,0,5.0,1.0,2026
1,549894,Skryje,7,71,0,7.0,1.0,2026
1,549908,Újezd u Tišnova,7,151,0,7.0,7.0,2026
1,549916,Pikárec,9,336,0,18.0,2.0,2026
1,549924,Radkov,7,169,0,9.0,9.0,2026
1,549932,Tálín,7,172,0,12.0,12.0,2026
1,549941,Rosička,5,45,0,12.0,3.0,2026
1,549959,Ubušínek,7,85,0,8.0,9.0,2026
1,549967,Hačky,7,104,0,7.0,2.0,2026
1,549975,Veselíčko,7,204,0,8.0,2.0,2026
1,549983,Polomí,7,135,0,10.0,10.0,2026
1,549991,Vráž,7,324,0,23.0,3.0,2026
1,550001,Vrcovice,5,196,0,6.0,1.0,2026
1,550019,Vracovice,7,190,0,9.0,1.0,2026
1,550027,Záhoří,9,789,0,9.0,1.0,2026
1,550035,Zbelítov,7,323,0,11.0,11.0,2026
1,550043,Zběšičky,7,165,0,9.0,1.0,2026
1,550051,Plenkovice,7,402,0,9.0,1.0,2026
1,550060,Zhoř,7,313,0,12.0,4.0,2026
1,550078,Přeskače,7,100,0,9.0,1.0,2026
1,550086,Křídlůvky,5,249,0,7.0,2.0,2026
1,550094,Prachatice,21,11036,0,169.0,9.0,2026
1,550108,Kozlany,7,394,0,7.0,1.0,2026
1,550116,Bohumilice,7,317,0,15.0,2.0,2026
1,550124,Bošice,7,381,0,8.0,1.0,2026
1,550132,Olšany,9,642,0,27.0,3.0,2026
1,550141,Medlovice,7,442,0,21.0,3.0,2026
1,550159,Bušanovice,9,267,0,18.0,2.0,2026
1,550167,Čkyně,15,1553,0,15.0,1.0,2026
1,550175,Podomí,9,459,0,9.0,1.0,2026
1,550183,Dub,9,425,0,9.0,1.0,2026
1,550191,Uhřice,7,266,0,16.0,2.0,2026
1,550205,Horní Vltavice,9,350,0,9.0,1.0,2026
1,550213,Heršpice,7,953,0,18.0,2.0,2026
1,550221,Hracholusky,9,487,0,18.0,2.0,2026
1,550230,Husinec,15,1389,0,45.0,3.0,2026
1,550248,Chlumany,7,373,0,9.0,1.0,2026
1,550256,Kašnice,5,226,0,6.0,1.0,2026
1,550264,Chroboly,9,599,0,27.0,3.0,2026
1,550272,Cvrčovice,9,676,0,18.0,2.0,2026
1,550281,Hybrálec,7,486,0,8.0,8.0,2026
1,550299,Smrčná,7,489,0,15.0,2.0,2026
1,550302,Kuroslepy,7,156,0,9.0,9.0,2026
1,550311,Třesov,5,107,0,9.0,9.0,2026
1,550329,Ktiš,7,477,0,30.0,4.0,2026
1,550337,Kvilda,7,116,0,30.0,4.0,2026
1,550345,Lažiště,9,308,0,9.0,1.0,2026
1,550353,Lenora,7,646,0,25.0,3.0,2026
1,550361,Lhenice,11,2161,0,33.0,3.0,2026
1,550370,Pokojovice,7,112,0,7.0,7.0,2026
1,550388,Martínkov,7,249,0,8.0,8.0,2026
1,550396,Němčice,7,174,0,7.0,7.0,2026
1,550400,Bohušice,7,121,0,10.0,10.0,2026
1,550418,Malovice,11,709,0,33.0,3.0,2026
1,550426,Mičovice,9,370,0,18.0,2.0,2026
1,550434,Nebahovy,9,633,0,9.0,1.0,2026
1,550442,Netolice,15,2494,0,45.0,3.0,2026
1,550451,Nová Pec,9,432,0,45.0,5.0,2026
1,550469,Pálovice,5,171,0,10.0,10.0,2026
1,550477,Chotěbudice,5,106,0,5.0,1.0,2026
1,550485,Radhostice,7,150,0,9.0,1.0,2026
1,550493,Radkovice u Budče,7,144,0,7.0,1.0,2026
1,550507,Litohoř,9,556,0,18.0,2.0,2026
1,550515,Stachy,15,1089,0,39.0,3.0,2026
1,550523,Stožec,7,209,0,32.0,4.0,2026
1,550531,Strážný,7,405,0,21.0,4.0,2026
1,550540,Strunkovice nad Blanicí,11,1313,0,33.0,3.0,2026
1,550558,Svatá Maří,9,630,0,36.0,4.0,2026
1,550566,Lukov,7,389,0,18.0,2.0,2026
1,550574,Šumavské Hoštice,7,411,0,7.0,1.0,2026
1,550582,Těšovice,9,336,0,27.0,3.0,2026
1,550591,Jiratice,7,79,0,9.0,2.0,2026
1,550604,Tvrzice,7,131,0,7.0,1.0,2026
1,550612,Horní Smrčné,6,55,0,8.0,8.0,2026
1,550621,Vacov,15,1430,0,45.0,3.0,2026
1,550639,Hroznatín,7,108,0,14.0,14.0,2026
1,550647,Vimperk,17,7270,0,167.0,10.0,2026
1,550655,Vitějovice,7,511,0,7.0,1.0,2026
1,550663,Vlachovo Březí,15,1738,0,30.0,2.0,2026
1,550671,Volary,15,3657,0,75.0,5.0,2026
1,550680,Záblatí,7,335,0,24.0,3.0,2026
1,550698,Zálezly,7,344,0,8.0,2.0,2026
1,550701,Zbytiny,9,357,0,27.0,3.0,2026
1,550710,Krahulov,7,297,0,10.0,10.0,2026
1,550728,Zdíkov,15,1697,0,45.0,3.0,2026
1,550736,Hostětín,7,216,0,14.0,2.0,2026
1,550744,Kunovice,17,5592,0,85.0,5.0,2026
1,550752,Staré Město,17,6660,0,51.0,3.0,2026
1,550761,Želnava,5,128,0,11.0,2.0,2026
1,550779,Naloučany,7,163,0,9.0,1.0,2026
1,550787,Strakonice,21,22275,0,113.0,7.0,2026
1,550795,Podbřežice,7,314,0,9.0,1.0,2026
1,550809,Bavorov,15,1672,0,75.0,5.0,2026
1,550817,Bělčice,11,1031,0,22.0,2.0,2026
1,550825,Holubice,9,1929,0,36.0,4.0,2026
1,550833,Bílsko,15,201,0,15.0,1.0,2026
1,550841,Jiřice u Moravských Budějovic,5,59,0,6.0,1.0,2026
1,550850,Blatná,15,6679,0,120.0,8.0,2026
1,550906,Cehnice,7,522,0,18.0,2.0,2026
1,550922,Čejetice,9,946,0,36.0,4.0,2026
1,550949,Čepřovice,7,217,0,8.0,1.0,2026
1,550957,Čestice,11,887,0,42.0,4.0,2026
1,550965,Číčenice,7,486,0,14.0,2.0,2026
1,550981,Doubravice,7,251,0,14.0,2.0,2026
1,551015,Drahonice,9,400,0,9.0,1.0,2026
1,551023,Drážov,9,233,0,13.0,2.0,2026
1,551040,Dřešín,9,321,0,18.0,2.0,2026
1,551104,Hoslovice,7,187,0,20.0,3.0,2026
1,551121,Hoštice,7,156,0,9.0,1.0,2026
1,551139,Chelčice,7,409,0,10.0,10.0,2026
1,551155,Chrášťovice,7,270,0,8.0,8.0,2026
1,551163,Jinín,7,208,0,13.0,4.0,2026
1,551180,Kadov,9,388,0,32.0,5.0,2026
1,551201,Katovice,13,1336,0,26.0,2.0,2026
1,551261,Kraselov,7,237,0,7.0,1.0,2026
1,551333,Libějovice,9,499,0,27.0,3.0,2026
1,551341,Litochovice,7,291,0,12.0,12.0,2026
1,551350,Lnáře,7,730,0,19.0,3.0,2026
1,551384,Malenice,9,737,0,18.0,2.0,2026
1,551392,Mečichov,7,286,0,9.0,1.0,2026
1,551414,Miloňovice,7,260,0,9.0,1.0,2026
1,551457,Studeněves,7,522,0,7.0,1.0,2026
1,551465,Košice,5,58,0,5.0,1.0,2026
1,551473,Myštice,9,260,0,27.0,3.0,2026
1,551481,Kněžičky,5,197,0,6.0,1.0,2026
1,551490,Branišov,7,278,0,18.0,2.0,2026
1,551503,Čížkrajice,9,296,0,18.0,2.0,2026
1,551520,Nihošovice,7,316,0,16.0,2.0,2026
1,551538,Střítež,7,407,0,9.0,1.0,2026
1,551546,Dubovice,7,79,0,9.0,9.0,2026
1,551554,Novosedly,7,344,0,9.0,9.0,2026
1,551562,Osek,7,654,0,36.0,5.0,2026
1,551571,Paračov,7,107,0,8.0,1.0,2026
1,551589,Horní Rápotice,7,182,0,7.0,7.0,2026
1,551597,Hajany,7,182,0,9.0,1.0,2026
1,551601,Turovec,9,281,0,15.0,3.0,2026
1,551619,Pracejovice,7,319,0,9.0,2.0,2026
1,551627,Předmíř,7,284,0,16.0,2.0,2026
1,551635,Předslavice,9,235,0,14.0,14.0,2026
1,551643,Přešťovice,9,479,0,9.0,1.0,2026
1,551651,Hory,7,502,0,9.0,1.0,2026
1,551660,Radomyšl,9,1359,0,9.0,1.0,2026
1,551678,Radošovice,13,635,0,65.0,5.0,2026
1,551686,Podmokly,7,153,0,10.0,10.0,2026
1,551694,Velká Štáhle,9,330,0,18.0,2.0,2026
1,551708,Dlouhá Stráň,5,110,0,10.0,2.0,2026
1,551716,Sedlice,11,1258,0,22.0,2.0,2026
1,551724,Mezina,7,366,0,15.0,2.0,2026
1,551732,Moravskoslezský Kočov,9,601,0,18.0,2.0,2026
1,551741,Skočice,7,243,0,9.0,1.0,2026
1,551759,Sousedovice,7,334,0,9.0,1.0,2026
1,551767,Staré Město,7,913,0,8.0,1.0,2026
1,551775,Strašice,7,174,0,9.0,9.0,2026
1,551783,Valšov,7,255,0,8.0,1.0,2026
1,551791,Střelské Hoštice,11,907,0,33.0,4.0,2026
1,551805,Horní Životice,9,337,0,27.0,3.0,2026
1,551813,Staré Heřminovy,5,217,0,12.0,2.0,2026
1,551821,Tvrdkov,7,244,0,15.0,2.0,2026
1,551830,Škvořetice,9,323,0,14.0,2.0,2026
1,551848,Petrovice,5,137,0,11.0,2.0,2026
1,551856,Štěkeň,9,891,0,45.0,5.0,2026
1,551864,Dívčí Hrad,7,305,0,18.0,2.0,2026
1,551872,Hlinka,5,216,0,12.0,2.0,2026
1,551881,Slezské Pavlovice,5,177,0,10.0,2.0,2026
1,551899,Třebohostice,7,303,0,9.0,1.0,2026
1,551902,Malá Štáhle,7,109,0,16.0,2.0,2026
1,551911,Stará Ves,9,448,0,36.0,4.0,2026
1,551929,Andělská Hora,7,355,0,18.0,2.0,2026
1,551937,Uzenice,7,101,0,9.0,1.0,2026
1,551945,Rudná pod Pradědem,7,358,0,17.0,2.0,2026
1,551953,Vodňany,21,7464,0,147.0,7.0,2026
1,551961,Volenice,11,580,0,33.0,3.0,2026
1,551970,Volyně,15,3033,0,89.0,6.0,2026
1,551988,Záboří,9,335,0,10.0,10.0,2026
1,551996,Ludvíkov,7,272,0,17.0,3.0,2026
1,552003,Čaková,7,348,0,16.0,2.0,2026
1,552011,Štarnov,15,862,0,26.0,2.0,2026
1,552020,Hlušovice,9,1077,0,18.0,2.0,2026
1,552038,Loučka,7,215,0,7.0,1.0,2026
1,552046,Tábor,27,34339,0,189.0,8.0,2026
1,552054,Bechyně,15,4757,0,108.0,8.0,2026
1,552062,Bílsko,7,235,0,14.0,2.0,2026
1,552071,Dubčany,7,275,0,16.0,2.0,2026
1,552089,Tovéř,7,630,0,17.0,2.0,2026
1,552097,Borkovice,9,250,0,9.0,1.0,2026
1,552101,Borotín,15,724,0,23.0,23.0,2026
1,552119,Věrovany,9,1405,0,45.0,5.0,2026
1,552127,Bradáčov,6,42,0,6.0,1.0,2026
1,552135,Březnice,7,267,0,10.0,10.0,2026
1,552143,Budislav,9,379,0,23.0,3.0,2026
1,552151,Skrbeň,9,1158,0,18.0,2.0,2026
1,552160,Pňovice,9,1009,0,27.0,3.0,2026
1,552178,Haňovice,9,505,0,18.0,2.0,2026
1,552186,Červenka,11,1468,0,55.0,5.0,2026
1,552194,Slavětín,7,212,0,7.0,1.0,2026
1,552208,Dírná,9,427,0,9.0,1.0,2026
1,552216,Luběnice,7,502,0,9.0,1.0,2026
1,552224,Dobronice u Bechyně,7,123,0,6.0,6.0,2026
1,552232,Loučany,15,619,0,53.0,4.0,2026
1,552241,Dolní Hořice,15,859,0,30.0,2.0,2026
1,552259,Olbramice,5,219,0,6.0,1.0,2026
1,552267,Senička,5,354,0,11.0,2.0,2026
1,552275,Dráchov,7,229,0,8.0,1.0,2026
1,552283,Dražice,15,859,0,30.0,2.0,2026
1,552291,Dražičky,7,178,0,13.0,13.0,2026
1,552305,Lipina,7,170,0,10.0,10.0,2026
1,552313,Domašov u Šternberka,7,345,0,9.0,1.0,2026
1,552321,Hlavatce,9,432,0,27.0,3.0,2026
1,552330,Hlásnice,7,259,0,14.0,2.0,2026
1,552348,Mladějovice,7,732,0,17.0,2.0,2026
1,552356,Babice,7,457,0,9.0,1.0,2026
1,552364,Ústín,7,491,0,7.0,1.0,2026
1,552372,Medlov,15,1673,0,30.0,2.0,2026
1,552381,Nová Hradečná,9,748,0,33.0,4.0,2026
1,552399,Želechovice,7,250,0,23.0,3.0,2026
1,552402,Bukovany,7,680,0,21.0,3.0,2026
1,552411,Přáslavice,9,1473,0,44.0,5.0,2026
1,552429,Svésedlice,7,306,0,9.0,1.0,2026
1,552437,Krčmaň,7,475,0,14.0,2.0,2026
1,552445,Daskabát,7,627,0,27.0,3.0,2026
1,552453,Chotěmice,7,120,0,9.0,9.0,2026
1,552461,Chotoviny,15,1909,0,75.0,5.0,2026
1,552470,Choustník,9,479,0,15.0,15.0,2026
1,552488,Vojkovice,7,800,0,9.0,1.0,2026
1,552496,Chýnov,15,2563,0,60.0,4.0,2026
1,552500,Pazderna,7,422,0,8.0,1.0,2026
1,552518,Nošovice,11,1032,0,33.0,3.0,2026
1,552526,Nižní Lhoty,7,296,0,16.0,2.0,2026
1,552534,Jistebnice,15,2121,0,30.0,2.0,2026
1,552542,Dobratice,9,1383,0,9.0,1.0,2026
1,552551,Staré Město,9,1494,0,27.0,3.0,2026
1,552569,Staříč,7,2214,0,35.0,4.0,2026
1,552577,Pstruží,11,1061,0,32.0,3.0,2026
1,552585,Košice,9,773,0,27.0,27.0,2026
1,552593,Malenovice,7,784,0,18.0,2.0,2026
1,552607,Dolní Tošanovice,9,434,0,27.0,3.0,2026
1,552615,Vělopolí,5,326,0,6.0,1.0,2026
1,552623,Třanovice,15,1111,0,45.0,3.0,2026
1,552631,Horní Tošanovice,9,742,0,9.0,1.0,2026
1,552640,Řeka,9,548,0,18.0,2.0,2026
1,552658,Smilovice,7,874,0,18.0,2.0,2026
1,552666,Malšice,11,1880,0,77.0,7.0,2026
1,552674,Střítež,9,1084,0,35.0,4.0,2026
1,552682,Vyšní Lhoty,7,903,0,18.0,2.0,2026
1,552691,Žabeň,15,981,0,60.0,4.0,2026
1,552704,Mladá Vožice,15,2711,0,29.0,2.0,2026
1,552712,Mlýny,7,119,0,9.0,9.0,2026
1,552721,Myslkovice,7,440,0,13.0,13.0,2026
1,552739,Horní Suchá,15,4341,0,60.0,4.0,2026
1,552747,Nemyšl,7,306,0,21.0,3.0,2026
1,552755,Věžky,7,205,0,16.0,2.0,2026
1,552763,Nová Ves u Chýnova,9,331,0,12.0,12.0,2026
1,552771,Čechy,7,329,0,8.0,1.0,2026
1,552780,Křtomil,7,406,0,14.0,2.0,2026
1,552798,Oldřichov,7,238,0,10.0,10.0,2026
1,552801,Opařany,15,1420,0,30.0,2.0,2026
1,552810,Nahošovice,7,167,0,14.0,6.0,2026
1,552828,Planá nad Lužnicí,15,4604,0,89.0,6.0,2026
1,552836,Turovice,7,253,0,9.0,1.0,2026
1,552844,Olšovec,9,526,0,9.0,1.0,2026
1,552852,Pohnání,9,82,0,11.0,11.0,2026
1,552861,Pojbuky,9,100,0,9.0,1.0,2026
1,552879,Uhřičice,9,531,0,18.0,2.0,2026
1,552887,Stříbrnice,7,234,0,9.0,1.0,2026
1,552895,Přehořov,9,352,0,9.0,1.0,2026
1,552909,Měrovice nad Hanou,15,695,0,58.0,4.0,2026
1,552917,Radenín,9,500,0,19.0,3.0,2026
1,552925,Radětice,7,252,0,10.0,10.0,2026
1,552933,Radimovice u Želče,9,443,0,9.0,1.0,2026
1,552941,Radkov,7,167,0,8.0,8.0,2026
1,552950,Šišma,7,210,0,7.0,1.0,2026
1,552968,Horní Těšice,5,159,0,6.0,1.0,2026
1,552976,Rataje,7,222,0,7.0,7.0,2026
1,552984,Dolní Těšice,5,66,0,5.0,1.0,2026
1,552992,Ratibořské Hory,15,825,0,30.0,2.0,2026
1,553000,Oplocany,7,379,0,34.0,4.0,2026
1,553018,Roudná,7,574,0,9.0,1.0,2026
1,553026,Valašská Senice,9,423,0,18.0,2.0,2026
1,553034,Řepeč,7,282,0,14.0,14.0,2026
1,553042,Mladecko,5,157,0,12.0,2.0,2026
1,553051,Dolní Životice,15,1030,0,55.0,4.0,2026
1,553069,Sezimovo Ústí,21,7131,0,106.0,6.0,2026
1,553077,Skalice,9,535,0,39.0,5.0,2026
1,553085,Skopytce,7,170,0,8.0,8.0,2026
1,553093,Hlavnice,9,684,0,27.0,3.0,2026
1,553107,Bratříkovice,5,162,0,6.0,1.0,2026
1,553115,Lhotka u Litultovic,7,224,0,23.0,3.0,2026
1,553123,Smilovy Hory,7,345,0,28.0,4.0,2026
1,553131,Soběslav,21,6979,0,189.0,9.0,2026
1,553140,Stádlec,9,582,0,17.0,2.0,2026
1,553158,Neplachovice,9,940,0,12.0,12.0,2026
1,553166,Sudoměřice u Bechyně,15,765,0,15.0,1.0,2026
1,553174,Sudoměřice u Tábora,7,335,0,7.0,7.0,2026
1,553182,Sviny,7,335,0,15.0,2.0,2026
1,553191,Vikantice,7,66,0,14.0,2.0,2026
1,553204,Šebířov,9,368,0,18.0,3.0,2026
1,553212,Janoušov,7,53,0,7.0,1.0,2026
1,553221,Hrabová,9,713,0,27.0,3.0,2026
1,553239,Tučapy,15,818,0,45.0,3.0,2026
1,553247,Kopřivná,7,305,0,18.0,2.0,2026
1,553255,Val,7,253,0,9.0,9.0,2026
1,553263,Vesce,7,302,0,8.0,1.0,2026
1,553271,Veselí nad Lužnicí,21,6492,0,168.0,8.0,2026
1,553280,Vilice,7,151,0,16.0,2.0,2026
1,553298,Vlastiboř,9,341,0,9.0,1.0,2026
1,553301,Hradec-Nová Ves,7,390,0,32.0,4.0,2026
1,553310,Vlkov,7,187,0,16.0,2.0,2026
1,553328,Vodice,7,153,0,12.0,12.0,2026
1,553336,Třeština,7,410,0,9.0,1.0,2026
1,553344,Jakubovice,7,204,0,9.0,1.0,2026
1,553352,Postřelmůvek,7,299,0,7.0,1.0,2026
1,553361,Zálší,7,231,0,7.0,1.0,2026
1,553379,Dolní Studénky,15,1425,0,90.0,6.0,2026
1,553387,Hraběšice,7,205,0,18.0,2.0,2026
1,553395,Rejchartice,7,174,0,9.0,1.0,2026
1,553409,Zvěrotice,9,399,0,13.0,13.0,2026
1,553417,Želeč,15,1046,0,30.0,2.0,2026
1,553425,Domažlice,21,10973,0,189.0,9.0,2026
1,553433,Babylon,7,377,0,9.0,1.0,2026
1,553441,Bělá nad Radbuzou,15,1733,0,81.0,6.0,2026
1,553450,Blížejov,11,1561,0,33.0,3.0,2026
1,553468,Velká Kraš,9,725,0,36.0,4.0,2026
1,553476,Nemile,7,681,0,35.0,4.0,2026
1,553484,Skorošice,7,656,0,22.0,3.0,2026
1,553492,Závada,9,624,0,9.0,1.0,2026
1,553506,Bukovec,7,129,0,21.0,3.0,2026
1,553514,Čermná,9,270,0,9.0,1.0,2026
1,553522,Tužice,7,89,0,9.0,1.0,2026
1,553531,Černíkov,7,370,0,11.0,11.0,2026
1,553549,Česká Kubice,11,989,0,22.0,2.0,2026
1,553557,Díly,9,379,0,18.0,2.0,2026
1,553565,Polánka,7,50,0,8.0,8.0,2026
1,553573,Drahotín,7,195,0,7.0,1.0,2026
1,553581,Draženov,9,476,0,15.0,2.0,2026
1,553590,Nezbavětice,9,263,0,9.0,1.0,2026
1,553603,Studená,7,37,0,8.0,1.0,2026
1,553611,Litohlavy,9,563,0,13.0,2.0,2026
1,553620,Hlohová,7,314,0,9.0,9.0,2026
1,553638,Tachov,7,222,0,16.0,2.0,2026
1,553646,Dolánky nad Ohří,7,301,0,7.0,1.0,2026
1,553654,Holýšov,15,5436,0,60.0,4.0,2026
1,553662,Horní Kamenice,7,251,0,10.0,5.0,2026
1,553671,Horšovský Týn,15,5098,0,105.0,7.0,2026
1,553689,Hostouň,13,1224,0,50.0,4.0,2026
1,553697,Trmice,15,3372,0,119.0,8.0,2026
1,553701,Bačalky,7,170,0,7.0,1.0,2026
1,553719,Srnojedy,9,783,0,27.0,3.0,2026
1,553727,Chocomyšl,7,114,0,7.0,1.0,2026
1,553735,Chodov,7,752,0,14.0,2.0,2026
1,553743,Chodská Lhota,7,394,0,13.0,13.0,2026
1,553751,Chrastavice,7,362,0,13.0,2.0,2026
1,553760,Běstovice,7,436,0,16.0,2.0,2026
1,553778,Kaničky,7,31,0,7.0,1.0,2026
1,553786,Kdyně,15,5132,0,76.0,6.0,2026
1,553794,Klenčí pod Čerchovem,15,1409,0,60.0,4.0,2026
1,553816,Koloveč,9,1011,0,36.0,4.0,2026
1,553824,Kout na Šumavě,11,1065,0,33.0,3.0,2026
1,553832,Křenovy,7,147,0,9.0,1.0,2026
1,553841,Kvíčovice,7,440,0,9.0,1.0,2026
1,553859,Libkov,7,125,0,12.0,12.0,2026
1,553867,Loučim,7,117,0,10.0,10.0,2026
1,553875,Louka,5,62,0,8.0,8.0,2026
1,553883,Ústup,5,38,0,5.0,1.0,2026
1,553891,Luženičky,7,425,0,17.0,2.0,2026
1,553905,Mrlínek,9,272,0,18.0,2.0,2026
1,553913,Meclov,15,1220,0,30.0,2.0,2026
1,553921,Mezholezy,7,116,0,9.0,1.0,2026
1,553930,Mezholezy,6,121,0,14.0,2.0,2026
1,553948,Milavče,11,595,0,23.0,3.0,2026
1,553956,Mířkov,7,319,0,23.0,3.0,2026
1,553964,Častohostice,7,193,0,8.0,8.0,2026
1,553972,Rybníček,7,266,0,17.0,2.0,2026
1,553981,Mrákov,9,1153,0,27.0,3.0,2026
1,553999,Mutěnín,7,272,0,14.0,2.0,2026
1,554006,Nemanice,7,287,0,9.0,1.0,2026
1,554014,Návsí,15,3906,0,106.0,8.0,2026
1,554022,Neuměř,7,159,0,11.0,3.0,2026
1,554031,Nevolice,7,197,0,10.0,10.0,2026
1,554049,Olbramice,9,731,0,9.0,1.0,2026
1,554057,Nový Kramolín,9,236,0,9.0,1.0,2026
1,554065,Jakubčovice nad Odrou,7,628,0,17.0,2.0,2026
1,554073,Osvračín,9,676,0,32.0,4.0,2026
1,554081,Pasečnice,7,195,0,8.0,1.0,2026
1,554090,Pec,7,206,0,9.0,1.0,2026
1,554103,Řídeč,7,188,0,14.0,14.0,2026
1,554111,Poběžovice,15,1541,0,15.0,1.0,2026
1,554120,Pocinovice,11,589,0,13.0,13.0,2026
1,554138,Postřekov,11,1102,0,22.0,2.0,2026
1,554146,Vernířovice,7,196,0,28.0,4.0,2026
1,554154,Puclice,7,370,0,9.0,1.0,2026
1,554162,Crhov,7,170,0,15.0,2.0,2026
1,554171,Šenov u Nového Jičína,15,2088,0,43.0,3.0,2026
1,554189,Rybník,7,158,0,8.0,1.0,2026
1,554197,Branka u Opavy,9,1063,0,10.0,2.0,2026
1,554201,Semněvice,7,213,0,16.0,2.0,2026
1,554251,Spáňov,7,214,0,9.0,1.0,2026
1,554260,Srbice,7,406,0,9.0,9.0,2026
1,554278,Srby,9,477,0,27.0,3.0,2026
1,554294,Staňkov,15,3363,0,31.0,3.0,2026
1,554316,Stráž,7,220,0,9.0,9.0,2026
1,554341,Tlumačov,7,404,0,34.0,4.0,2026
1,554359,Trhanov,7,521,0,36.0,4.0,2026
1,554383,Újezd,7,449,0,9.0,1.0,2026
1,554391,Únějovice,7,107,0,9.0,1.0,2026
1,554405,Úsilov,7,130,0,8.0,1.0,2026
1,554413,Velký Malahov,9,227,0,9.0,1.0,2026
1,554421,Vidice,7,183,0,16.0,2.0,2026
1,554448,Všepadly,7,46,0,9.0,1.0,2026
1,554456,Všeruby,15,806,0,30.0,2.0,2026
1,554464,Zahořany,13,1070,0,13.0,1.0,2026
1,554472,Ždánov,7,150,0,13.0,2.0,2026
1,554481,Cheb,29,32892,0,272.0,10.0,2026
1,554499,Aš,23,12683,0,115.0,5.0,2026
1,554502,Dolní Žandov,9,1186,0,27.0,3.0,2026
1,554511,Drmoul,9,1046,0,36.0,4.0,2026
1,554529,Františkovy Lázně,15,5648,0,73.0,5.0,2026
1,554545,Hazlov,9,1507,0,45.0,5.0,2026
1,554553,Hranice,15,2070,0,15.0,1.0,2026
1,554596,Křižovatka,7,261,0,8.0,1.0,2026
1,554600,Lázně Kynžvart,9,1403,0,18.0,2.0,2026
1,554618,Libá,9,817,0,9.0,1.0,2026
1,554626,Lipová,11,752,0,33.0,3.0,2026
1,554634,Luby,9,2147,0,52.0,6.0,2026
1,554642,Mariánské Lázně,21,13921,0,210.0,10.0,2026
1,554651,Milhostov,7,311,0,36.0,5.0,2026
1,554677,Mnichov,9,409,0,18.0,2.0,2026
1,554693,Nebanice,7,320,0,9.0,1.0,2026
1,554707,Nový Kostel,7,530,0,21.0,3.0,2026
1,554740,Plesná,9,1890,0,9.0,1.0,2026
1,554782,Praha hl.m.,65,1407084,0,1060.0,24.0,2026
1,554791,Plzeň,47,187863,0,550.0,13.0,2026
1,554804,Ústí nad Labem,37,90035,0,297.0,9.0,2026
1,554812,Skalná,15,1875,0,37.0,3.0,2026
1,554821,Ostrava,55,280853,0,715.0,13.0,2026
1,554847,Mrákotín,7,347,0,18.0,2.0,2026
1,554855,Trstěnice,9,407,0,9.0,1.0,2026
1,554863,Dolní Brusnice,9,377,0,22.0,14.0,2026
1,554871,Střítež,7,555,0,14.0,2.0,2026
1,554880,Tři Sekery,11,1072,0,66.0,6.0,2026
1,554898,Rostěnice-Zvonovice,7,650,0,16.0,2.0,2026
1,554901,Křelov-Břuchotín,11,1996,0,33.0,3.0,2026
1,554910,Vražné,9,848,0,20.0,3.0,2026
1,554928,Vendryně,17,4511,0,85.0,5.0,2026
1,554936,Bítov,9,488,0,9.0,1.0,2026
1,554944,Mrsklesy,7,715,0,34.0,4.0,2026
1,554952,Otradov,7,279,0,7.0,1.0,2026
1,554961,Karlovy Vary,35,48788,0,286.0,9.0,2026
1,554979,Abertamy,9,817,0,21.0,3.0,2026
1,554995,Bečov nad Teplou,9,911,0,36.0,4.0,2026
1,555029,Bochov,15,1876,0,30.0,2.0,2026
1,555045,Božičany,7,589,0,18.0,2.0,2026
1,555088,Havířov,43,67998,0,344.0,8.0,2026
1,555134,Pardubice,39,92713,0,351.0,9.0,2026
1,555169,Horní Blatná,7,350,0,17.0,3.0,2026
1,555185,Hroznětín,15,2179,0,35.0,3.0,2026
1,555193,Těchlovice,7,503,0,14.0,2.0,2026
1,555207,Chyše,9,586,0,19.0,3.0,2026
1,555215,Jáchymov,15,2248,0,90.0,6.0,2026
1,555223,Velké Chvojno,9,872,0,18.0,2.0,2026
1,555231,Suchohrdly,9,1431,0,18.0,2.0,2026
1,555240,Semanín,7,656,0,8.0,1.0,2026
1,555258,Kolová,9,952,0,10.0,2.0,2026
1,555266,Nová Ves u Světlé,9,549,0,45.0,5.0,2026
1,555274,Nové Sedlice,9,506,0,27.0,3.0,2026
1,555282,Kurdějov,9,462,0,45.0,5.0,2026
1,555291,Chotěbuz,15,1412,0,60.0,4.0,2026
1,555304,Krásné Údolí,9,389,0,9.0,9.0,2026
1,555312,Kujavy,7,584,0,8.0,1.0,2026
1,555347,Kyselka,9,820,0,54.0,6.0,2026
1,555363,Merklín,9,888,0,36.0,4.0,2026
1,555380,Nejdek,15,7647,0,90.0,6.0,2026
1,555398,Nová Role,15,4298,0,59.0,4.0,2026
1,555428,Ostrov,21,15615,0,230.0,11.0,2026
1,555444,Otročín,9,438,0,9.0,1.0,2026
1,555452,Pernink,9,581,0,18.0,2.0,2026
1,555479,Potůčky,9,405,0,9.0,1.0,2026
1,555525,Pšov,9,595,0,10.0,2.0,2026
1,555533,Sadov,7,1298,0,20.0,3.0,2026
1,555550,Stanovice,9,652,0,18.0,2.0,2026
1,555584,Stráž nad Ohří,9,565,0,27.0,3.0,2026
1,555592,Stružná,7,633,0,9.0,1.0,2026
1,555614,Šemnice,7,659,0,9.0,1.0,2026
1,555622,Štědrá,7,543,0,16.0,2.0,2026
1,555631,Teplá,15,2909,0,120.0,8.0,2026
1,555657,Toužim,15,3458,0,120.0,8.0,2026
1,555681,Útvina,9,590,0,18.0,2.0,2026
1,555690,Valeč,9,320,0,27.0,3.0,2026
1,555703,Velichov,9,499,0,9.0,1.0,2026
1,555711,Verušičky,7,456,0,25.0,3.0,2026
1,555738,Vojkovice,7,640,0,25.0,3.0,2026
1,555762,Žlutice,15,2153,0,60.0,4.0,2026
1,555771,Klatovy,27,22921,0,162.0,6.0,2026
1,555797,Běšiny,15,815,0,15.0,1.0,2026
1,555801,Bezděkov,15,962,0,15.0,1.0,2026
1,555835,Bolešiny,9,796,0,9.0,1.0,2026
1,555894,Budětice,7,301,0,18.0,2.0,2026
1,555941,Čachrov,9,485,0,36.0,4.0,2026
1,556041,Dešenice,15,696,0,45.0,3.0,2026
1,556068,Dlažov,7,488,0,11.0,11.0,2026
1,556076,Dlouhá Ves,9,867,0,9.0,1.0,2026
1,556084,Prášily,7,153,0,16.0,2.0,2026
1,556106,Dolany,9,973,0,14.0,2.0,2026
1,556181,Hartmanice,15,929,0,30.0,2.0,2026
1,556203,Hlavňovice,9,488,0,34.0,5.0,2026
1,556254,Horažďovice,17,5056,0,47.0,4.0,2026
1,556301,Hrádek,15,1328,0,30.0,2.0,2026
1,556319,Hradešice,7,426,0,9.0,1.0,2026
1,556335,Chanovice,15,788,0,26.0,3.0,2026
1,556343,Chlistov,7,135,0,9.0,9.0,2026
1,556378,Chudenice,9,777,0,9.0,1.0,2026
1,556386,Chudenín,11,660,0,56.0,6.0,2026
1,556394,Janovice nad Úhlavou,9,2455,0,9.0,1.0,2026
1,556432,Kašperské Hory,15,1369,0,60.0,4.0,2026
1,556467,Kolinec,15,1427,0,19.0,3.0,2026
1,556505,Křenice,7,218,0,7.0,1.0,2026
1,556629,Malý Bor,9,494,0,9.0,1.0,2026
1,556637,Měčín,15,1120,0,15.0,1.0,2026
1,556718,Mochtín,13,1160,0,26.0,2.0,2026
1,556726,Mokrosuky,7,144,0,9.0,9.0,2026
1,556734,Myslív,9,423,0,18.0,2.0,2026
1,556751,Nalžovské Hory,15,1151,0,15.0,1.0,2026
1,556815,Nezdice na Šumavě,7,333,0,18.0,2.0,2026
1,556831,Nýrsko,13,5023,0,26.0,2.0,2026
1,556858,Bravantice,9,1082,0,18.0,2.0,2026
1,556866,Lhota u Vsetína,11,792,0,22.0,2.0,2026
1,556874,Petrůvka,7,318,0,14.0,2.0,2026
1,556882,Rabštejnská Lhota,15,888,0,45.0,3.0,2026
1,556912,Pačejov,15,677,0,15.0,1.0,2026
1,556921,Petrovice u Sušice,9,664,0,12.0,12.0,2026
1,556947,Pila,7,573,0,15.0,2.0,2026
1,556955,Plánice,15,1627,0,60.0,4.0,2026
1,556963,Spešov,9,648,0,36.0,4.0,2026
1,556971,Ropice,15,1728,0,46.0,4.0,2026
1,556980,Rokytnice,9,587,0,18.0,2.0,2026
1,556998,Jezernice,9,662,0,16.0,2.0,2026
1,557005,Předslav,11,829,0,11.0,1.0,2026
1,557013,Rabí,9,504,0,9.0,1.0,2026
1,557021,Rejštejn,7,234,0,17.0,2.0,2026
1,557030,Skorkov,7,744,0,7.0,1.0,2026
1,557048,Mouřínov,9,507,0,27.0,3.0,2026
1,557081,Sytno,9,296,0,9.0,1.0,2026
1,557099,Soběšice,7,378,0,34.0,4.0,2026
1,557102,Bohuslavice nad Vláří,9,349,0,18.0,2.0,2026
1,557111,Srní,7,269,0,16.0,2.0,2026
1,557129,Strašín,7,310,0,7.0,1.0,2026
1,557137,Strážov,15,1374,0,15.0,1.0,2026
1,557145,Lukoveček,7,447,0,11.0,2.0,2026
1,557153,Sušice,21,10689,0,145.0,7.0,2026
1,557161,Svéradice,9,285,0,10.0,10.0,2026
1,557170,Ostrata,9,426,0,15.0,2.0,2026
1,557188,Šelešovice,7,342,0,9.0,1.0,2026
1,557196,Pavlovice u Kojetína,9,286,0,9.0,1.0,2026
1,557200,Švihov,9,1673,0,27.0,3.0,2026
1,557218,Kobylá nad Vidnavkou,9,353,0,45.0,5.0,2026
1,557226,Písečná,7,1067,0,18.0,2.0,2026
1,557366,Velhartice,15,858,0,90.0,6.0,2026
1,557374,Velké Hydčice,7,218,0,13.0,9.0,2026
1,557382,Velký Bor,9,566,0,45.0,5.0,2026
1,557455,Vrhaveč,9,930,0,17.0,3.0,2026
1,557463,Zavlekov,9,413,0,9.0,1.0,2026
1,557528,Železná Ruda,13,1580,0,65.0,5.0,2026
1,557536,Žihobce,11,579,0,42.0,5.0,2026
1,557544,Žichovice,9,619,0,18.0,2.0,2026
1,557587,Blovice,15,4258,0,60.0,4.0,2026
1,557641,Čižice,7,560,0,9.0,1.0,2026
1,557650,Čížkov,11,676,0,47.0,7.0,2026
1,557668,Dnešice,15,890,0,30.0,2.0,2026
1,557676,Dobřany,17,6483,0,55.0,4.0,2026
1,557684,Dolní Lukavice,9,1085,0,9.0,1.0,2026
1,557722,Horšice,7,428,0,8.0,2.0,2026
1,557731,Hradec,9,618,0,9.0,1.0,2026
1,557749,Hradiště,7,219,0,16.0,2.0,2026
1,557773,Chlum,5,240,0,12.0,2.0,2026
1,557781,Chlumčany,15,2419,0,30.0,2.0,2026
1,557803,Chocenice,7,650,0,21.0,3.0,2026
1,557838,Chotěšov,15,3051,0,30.0,2.0,2026
1,557846,Chválenice,9,762,0,18.0,2.0,2026
1,557862,Kasejovice,15,1368,0,60.0,4.0,2026
1,557871,Kbel,7,286,0,15.0,2.0,2026
1,557897,Klášter,9,215,0,27.0,3.0,2026
1,557943,Kramolín,7,111,0,9.0,9.0,2026
1,557951,Letiny,7,713,0,27.0,3.0,2026
1,558001,Losiná,9,1427,0,36.0,4.0,2026
1,558010,Louňová,7,116,0,9.0,1.0,2026
1,558028,Lužany,9,723,0,9.0,1.0,2026
1,558044,Merklín,15,1169,0,15.0,1.0,2026
1,558052,Mileč,9,375,0,9.0,1.0,2026
1,558061,Mladý Smolivec,11,666,0,44.0,4.0,2026
1,558079,Mohelnice,7,68,0,7.0,1.0,2026
1,558095,Nekvasovy,7,193,0,7.0,1.0,2026
1,558109,Nepomuk,15,3538,0,105.0,7.0,2026
1,558117,Netunice,7,212,0,7.0,1.0,2026
1,558125,Neurazy,15,702,0,59.0,4.0,2026
1,558141,Nezvěstice,15,1461,0,15.0,1.0,2026
1,558176,Nové Mitrovice,7,360,0,8.0,1.0,2026
1,558184,Oselce,9,356,0,9.0,1.0,2026
1,558231,Prádlo,7,224,0,8.0,1.0,2026
1,558249,Přeštice,15,6757,0,60.0,4.0,2026
1,558257,Příchovice,11,1233,0,11.0,1.0,2026
1,558265,Ptenín,7,200,0,8.0,8.0,2026
1,558290,Roupov,9,278,0,18.0,2.0,2026
1,558303,Řenče,11,933,0,22.0,2.0,2026
1,558311,Seč,7,323,0,9.0,1.0,2026
1,558346,Soběkury,11,630,0,11.0,1.0,2026
1,558362,Spálené Poříčí,15,3034,0,75.0,5.0,2026
1,558371,Starý Plzenec,17,5290,0,102.0,6.0,2026
1,558389,Stod,15,3694,0,30.0,2.0,2026
1,558401,Střížovice,7,374,0,18.0,2.0,2026
1,558419,Držovice,7,1726,0,9.0,1.0,2026
1,558427,Šťáhlavy,15,2894,0,45.0,3.0,2026
1,558435,Štěnovice,11,2356,0,55.0,5.0,2026
1,558443,Ladná,9,1271,0,18.0,2.0,2026
1,558460,Tymákov,15,1089,0,15.0,1.0,2026
1,558486,Útušice,9,711,0,27.0,3.0,2026
1,558494,Ves Touškov,7,332,0,7.0,1.0,2026
1,558559,Vrčeň,7,408,0,16.0,2.0,2026
1,558567,Vstiš,7,575,0,15.0,2.0,2026
1,558583,Zdemyslice,9,682,0,9.0,1.0,2026
1,558591,Zemětice,7,363,0,11.0,12.0,2026
1,558605,Ždírec,9,498,0,18.0,2.0,2026
1,558630,Žinkovy,11,857,0,22.0,2.0,2026
1,558656,Bezvěrov,9,666,0,49.0,7.0,2026
1,558672,Blatnice,7,915,0,9.0,1.0,2026
1,558699,Bučí,7,183,0,8.0,1.0,2026
1,558711,Čeminy,7,343,0,14.0,2.0,2026
1,558745,Česká Bříza,7,579,0,10.0,2.0,2026
1,558770,Dobříč,7,427,0,7.0,1.0,2026
1,558788,Dolany,5,288,0,6.0,1.0,2026
1,558796,Dolní Bělá,7,461,0,9.0,1.0,2026
1,558800,Dolní Hradiště,7,74,0,7.0,1.0,2026
1,558834,Druztová,9,786,0,9.0,1.0,2026
1,558851,Dýšina,15,1941,0,40.0,3.0,2026
1,558869,Heřmanova Huť,15,1949,0,30.0,2.0,2026
1,558877,Horní Bělá,11,585,0,16.0,2.0,2026
1,558885,Horní Bříza,17,4041,0,68.0,4.0,2026
1,558915,Hromnice,15,1349,0,15.0,1.0,2026
1,558931,Hvozd,9,261,0,14.0,2.0,2026
1,558940,Chotíkov,15,1307,0,75.0,5.0,2026
1,558966,Chrást,11,1912,0,22.0,2.0,2026
1,558974,Chříč,7,239,0,22.0,3.0,2026
1,558982,Jarov,7,145,0,11.0,11.0,2026
1,558991,Kaceřov,7,163,0,8.0,8.0,2026
1,559008,Kaznějov,15,3087,0,32.0,4.0,2026
1,559016,Nasavrky,5,92,0,8.0,8.0,2026
1,559024,Kopidlo,7,140,0,7.0,1.0,2026
1,559032,Koryta,7,121,0,7.0,1.0,2026
1,559041,Kozojedy,11,642,0,21.0,3.0,2026
1,559059,Kozolupy,9,1075,0,18.0,3.0,2026
1,559067,Kožlany,15,1520,0,15.0,1.0,2026
1,559075,Kralovice,15,3450,0,60.0,4.0,2026
1,559083,Krašovice,7,353,0,17.0,2.0,2026
1,559091,Krsy,7,264,0,14.0,2.0,2026
1,559105,Křelovice,7,227,0,14.0,2.0,2026
1,559121,Kunějovice,5,168,0,18.0,3.0,2026
1,559130,Kyšice,7,1148,0,22.0,3.0,2026
1,559148,Ledce,7,935,0,16.0,2.0,2026
1,559164,Líně,15,2879,0,22.0,2.0,2026
1,559172,Líšťany,15,791,0,30.0,2.0,2026
1,559202,Manětín,13,1143,0,52.0,4.0,2026
1,559211,Město Touškov,15,2495,0,60.0,4.0,2026
1,559237,Mladotice,9,558,0,45.0,5.0,2026
1,559245,Mrtník,5,341,0,7.0,7.0,2026
1,559253,Nadryby,7,130,0,7.0,1.0,2026
1,559261,Nečtiny,11,642,0,11.0,1.0,2026
1,559270,Nekmíř,9,554,0,27.0,3.0,2026
1,559288,Nevřeň,7,302,0,15.0,2.0,2026
1,559300,Nýřany,19,6994,0,58.0,4.0,2026
1,559318,Obora,7,582,0,7.0,1.0,2026
1,559326,Ostrov u Bezdružic,6,197,0,6.0,1.0,2026
1,559334,Pernarec,9,734,0,27.0,3.0,2026
1,559351,Plasy,15,2888,0,135.0,9.0,2026
1,559369,Plešnice,5,284,0,7.0,7.0,2026
1,559377,Pňovany,9,468,0,9.0,1.0,2026
1,559393,Přehýšov,9,592,0,9.0,1.0,2026
1,559423,Rochlov,5,307,0,6.0,1.0,2026
1,559431,Rybnice,7,629,0,9.0,2.0,2026
1,559482,Tis u Blatna,7,117,0,15.0,2.0,2026
1,559491,Tlučná,19,3427,0,19.0,1.0,2026
1,559504,Trnová,9,980,0,10.0,2.0,2026
1,559521,Třemošná,17,5112,0,47.0,3.0,2026
1,559555,Úlice,9,485,0,27.0,3.0,2026
1,559563,Úněšov,9,624,0,18.0,2.0,2026
1,559571,Úterý,9,434,0,26.0,4.0,2026
1,559580,Vejprnice,21,4665,0,126.0,6.0,2026
1,559601,Vochov,9,1989,0,27.0,3.0,2026
1,559628,Všeruby,15,1746,0,30.0,2.0,2026
1,559661,Zbůch,15,3057,0,60.0,4.0,2026
1,559679,Zruč-Senec,15,3522,0,45.0,3.0,2026
1,559695,Žihle,15,1275,0,45.0,3.0,2026
1,559709,Žilov,7,459,0,18.0,2.0,2026
1,559717,Rokycany,21,14248,0,168.0,8.0,2026
1,559725,Břasy,15,2314,0,30.0,2.0,2026
1,559733,Březina,7,399,0,7.0,1.0,2026
1,559741,Bujesily,7,89,0,7.0,1.0,2026
1,559750,Bušovice,9,660,0,18.0,2.0,2026
1,559768,Cekov,5,187,0,6.0,1.0,2026
1,559776,Dobřív,9,1351,0,18.0,2.0,2026
1,559792,Ejpovice,7,828,0,9.0,1.0,2026
1,559806,Hlohovice,7,350,0,18.0,2.0,2026
1,559814,Holoubkov,11,1454,0,44.0,4.0,2026
1,559822,Hrádek,15,2705,0,45.0,3.0,2026
1,559849,Hůrky,7,230,0,7.0,1.0,2026
1,559857,Cheznovice,7,780,0,25.0,3.0,2026
1,559903,Kařez,7,746,0,14.0,2.0,2026
1,559911,Klabava,7,530,0,18.0,2.0,2026
1,559920,Kladruby,9,152,0,12.0,2.0,2026
1,559946,Lhotka u Radnic,7,84,0,9.0,1.0,2026
1,559954,Liblín,7,268,0,7.0,1.0,2026
1,559962,Líšná,7,205,0,13.0,2.0,2026
1,559997,Mirošov,15,2216,0,45.0,3.0,2026
1,560006,Mlečice,7,335,0,17.0,2.0,2026
1,560014,Mýto,15,1640,0,30.0,2.0,2026
1,560057,Osek,11,1448,0,22.0,2.0,2026
1,560081,Podmokly,7,255,0,9.0,1.0,2026
1,560111,Přívětice,7,197,0,7.0,1.0,2026
1,560120,Radnice,15,1829,0,60.0,4.0,2026
1,560146,Sebečice,7,80,0,16.0,2.0,2026
1,560162,Strašice,15,2805,0,75.0,5.0,2026
1,560171,Budyně,5,53,0,6.0,6.0,2026
1,560189,Těně,7,308,0,21.0,3.0,2026
1,560197,Lažany,7,55,0,7.0,1.0,2026
1,560201,Nová Ves,7,105,0,11.0,11.0,2026
1,560219,Drachkov,7,196,0,7.0,1.0,2026
1,560227,Vejvanov,7,254,0,9.0,1.0,2026
1,560235,Veselá,7,321,0,14.0,2.0,2026
1,560243,Droužetice,7,132,0,8.0,8.0,2026
1,560251,Volduchy,9,1263,0,18.0,2.0,2026
1,560260,Zbiroh,15,2500,0,41.0,4.0,2026
1,560278,Mutěnice,5,273,0,12.0,2.0,2026
1,560286,Sokolov,27,21908,0,173.0,7.0,2026
1,560294,Březová,15,2640,0,30.0,2.0,2026
1,560308,Bublava,7,409,0,17.0,2.0,2026
1,560316,Bukovany,9,1476,0,18.0,2.0,2026
1,560324,Citice,11,838,0,11.0,1.0,2026
1,560332,Dasnice,7,249,0,17.0,2.0,2026
1,560341,Dolní Nivy,9,368,0,18.0,2.0,2026
1,560359,Habartov,17,4614,0,80.0,6.0,2026
1,560367,Horní Slavkov,15,5071,0,60.0,4.0,2026
1,560375,Chlum Svaté Maří,7,314,0,8.0,1.0,2026
1,560383,Chodov,21,12451,0,85.0,5.0,2026
1,560391,Kuřimany,5,47,0,6.0,1.0,2026
1,560405,Kladruby,7,129,0,7.0,1.0,2026
1,560413,Jindřichovice,7,543,0,14.0,2.0,2026
1,560421,Kaceřov,7,404,0,26.0,3.0,2026
1,560430,Zhoř u Tábora,7,177,0,7.0,1.0,2026
1,560448,Běleč,7,197,0,15.0,2.0,2026
1,560456,Krajková,9,920,0,18.0,2.0,2026
1,560464,Královské Poříčí,9,768,0,18.0,2.0,2026
1,560472,Kraslice,15,6369,0,105.0,7.0,2026
1,560481,Hlasivo,7,133,0,11.0,11.0,2026
1,560499,Kynšperk nad Ohří,15,4537,0,90.0,6.0,2026
1,560502,Libavské Údolí,9,513,0,11.0,2.0,2026
1,560511,Řemíčov,7,106,0,12.0,12.0,2026
1,560529,Dolní Hrachovice,7,130,0,7.0,1.0,2026
1,560537,Loket,15,2990,0,120.0,8.0,2026
1,560545,Lomnice,11,1344,0,22.0,2.0,2026
1,560553,Pohnánec,7,61,0,9.0,9.0,2026
1,560561,Nová Ves,5,229,0,6.0,1.0,2026
1,560570,Nové Sedlo,15,2527,0,103.0,7.0,2026
1,560588,Oloví,9,1618,0,18.0,2.0,2026
1,560596,Přebuz,7,67,0,7.0,1.0,2026
1,560600,Rotava,15,2753,0,45.0,3.0,2026
1,560618,Rovná,9,338,0,9.0,1.0,2026
1,560626,Rodná,7,97,0,8.0,1.0,2026
1,560634,Krátošice,9,122,0,13.0,13.0,2026
1,560642,Staré Sedlo,9,785,0,36.0,4.0,2026
1,560651,Stříbrná,7,449,0,8.0,1.0,2026
1,560669,Skrýchov u Malšic,7,156,0,12.0,6.0,2026
1,560677,Šindelová,7,296,0,28.0,4.0,2026
1,560685,Vintířov,11,1245,0,33.0,3.0,2026
1,560707,Vřesová,9,430,0,19.0,3.0,2026
1,560715,Tachov,21,14308,0,147.0,7.0,2026
1,560723,Benešovice,7,281,0,9.0,1.0,2026
1,560740,Bezdružice,15,924,0,45.0,3.0,2026
1,560758,Bor,15,4824,0,117.0,8.0,2026
1,560782,Cebiv,7,262,0,18.0,2.0,2026
1,560804,Částkov,7,344,0,16.0,2.0,2026
1,560812,Černošín,15,1193,0,105.0,7.0,2026
1,560839,Dlouhý Újezd,7,394,0,8.0,1.0,2026
1,560855,Erpužice,5,350,0,11.0,2.0,2026
1,560863,Halže,9,1092,0,27.0,3.0,2026
1,560898,Hošťka,7,457,0,32.0,4.0,2026
1,560901,Chodová Planá,15,2004,0,30.0,2.0,2026
1,560910,Chodský Újezd,15,834,0,76.0,6.0,2026
1,560928,Kladruby,15,1668,0,74.0,5.0,2026
1,560952,Konstantinovy Lázně,15,908,0,30.0,2.0,2026
1,560979,Kšice,7,238,0,7.0,1.0,2026
1,560987,Drunče,5,52,0,8.0,8.0,2026
1,560995,Rosička,5,65,0,6.0,1.0,2026
1,561002,Lesná,7,474,0,36.0,4.0,2026
1,561011,Lestkov,9,435,0,18.0,2.0,2026
1,561029,Světce,5,133,0,7.0,7.0,2026
1,561037,Vícemil,5,69,0,6.0,1.0,2026
1,561045,Smržov,7,110,0,13.0,2.0,2026
1,561053,Bednáreček,7,171,0,8.0,1.0,2026
1,561061,Horní Skrýchov,7,261,0,29.0,4.0,2026
1,561070,Pístina,7,109,0,9.0,9.0,2026
1,561088,Příbraz,7,270,0,7.0,1.0,2026
1,561096,Hojovice,7,84,0,9.0,1.0,2026
1,561100,Lidmaň,7,268,0,9.0,9.0,2026
1,561118,Bácovice,9,95,0,9.0,1.0,2026
1,561126,Bělá,5,60,0,9.0,9.0,2026
1,561134,Planá,15,5528,0,90.0,6.0,2026
1,561142,Černov,7,141,0,7.0,7.0,2026
1,561151,Přimda,15,1555,0,30.0,2.0,2026
1,561169,Rozvadov,9,858,0,36.0,4.0,2026
1,561177,Nová Buková,7,121,0,10.0,10.0,2026
1,561185,Staré Sedliště,9,1336,0,36.0,4.0,2026
1,561193,Staré Sedlo,7,287,0,11.0,3.0,2026
1,561207,Stráž,9,1369,0,18.0,2.0,2026
1,561215,Stříbro,15,8218,0,105.0,7.0,2026
1,561223,Studánka,7,583,0,18.0,2.0,2026
1,561231,Sulislav,7,231,0,7.0,1.0,2026
1,561240,Bořetice,9,99,0,10.0,10.0,2026
1,561258,Svojšín,9,479,0,9.0,1.0,2026
1,561266,Litohošť,7,85,0,14.0,2.0,2026
1,561274,Rovná,7,60,0,8.0,1.0,2026
1,561282,Lhota-Vlasenice,7,116,0,7.0,7.0,2026
1,561291,Trpísty,5,268,0,11.0,2.0,2026
1,561304,Třemešné,7,359,0,14.0,2.0,2026
1,561312,Buřenice,7,221,0,10.0,10.0,2026
1,561321,Chyšná,7,124,0,8.0,8.0,2026
1,561339,Chýstovice,7,44,0,9.0,9.0,2026
1,561347,Martinice u Onšova,7,52,0,14.0,8.0,2026
1,561355,Těchobuz,7,77,0,16.0,2.0,2026
1,561363,Zhořec,7,110,0,9.0,1.0,2026
1,561371,Krasíkovice,7,134,0,8.0,8.0,2026
1,561380,Česká Lípa,25,36364,0,200.0,8.0,2026
1,561398,Bezděz,7,355,0,24.0,3.0,2026
1,561401,Blatce,5,120,0,6.0,1.0,2026
1,561410,Blíževedly,15,655,0,30.0,2.0,2026
1,561428,Bohatice,5,253,0,6.0,1.0,2026
1,561436,Polesí,7,113,0,8.0,8.0,2026
1,561444,Brniště,9,1323,0,18.0,2.0,2026
1,561452,Stojčín,7,104,0,10.0,2.0,2026
1,561461,Jankov,7,47,0,8.0,1.0,2026
1,561479,Cvikov,21,4520,0,105.0,5.0,2026
1,561487,Střítež pod Křemešníkem,7,63,0,8.0,8.0,2026
1,561495,Doksy,15,5121,0,105.0,7.0,2026
1,561509,Probulov,7,69,0,24.0,3.0,2026
1,561517,Přeborov,7,141,0,8.0,8.0,2026
1,561525,Horosedly,7,165,0,9.0,1.0,2026
1,561533,Dubá,11,1682,0,23.0,3.0,2026
1,561541,Dubnice,9,659,0,18.0,2.0,2026
1,561550,Kožlí,7,53,0,8.0,2.0,2026
1,561568,Nové Hutě,5,94,0,20.0,4.0,2026
1,561576,Budkov,7,100,0,9.0,1.0,2026
1,561584,Holany,9,550,0,28.0,4.0,2026
1,561592,Horní Libchava,7,867,0,28.0,5.0,2026
1,561606,Horní Police,7,724,0,16.0,2.0,2026
1,561614,Chlum,7,280,0,23.0,3.0,2026
1,561622,Chotovice,9,190,0,18.0,2.0,2026
1,561631,Jablonné v Podještědí,17,3672,0,85.0,5.0,2026
1,561649,Lčovice,7,142,0,11.0,11.0,2026
1,561657,Janovice v Podještědí,7,90,0,9.0,1.0,2026
1,561665,Jestřebí,9,857,0,25.0,3.0,2026
1,561673,Křišťanov,7,89,0,9.0,1.0,2026
1,561681,Kamenický Šenov,15,3791,0,45.0,3.0,2026
1,561690,Hájek,5,43,0,6.0,1.0,2026
1,561703,Člunek,9,486,0,9.0,1.0,2026
1,561711,Blažejov,9,479,0,27.0,3.0,2026
1,561720,Kravaře,15,770,0,16.0,2.0,2026
1,561738,Krompach,9,179,0,11.0,3.0,2026
1,561746,Kunratice u Cvikova,11,626,0,22.0,2.0,2026
1,561754,Eš,7,62,0,8.0,8.0,2026
1,561762,Dobrá Voda u Pacova,7,108,0,7.0,7.0,2026
1,561771,Vysoká Lhota,5,16,0,5.0,1.0,2026
1,561789,Rodinov,7,232,0,12.0,12.0,2026
1,561797,Vystrkov,7,271,0,8.0,8.0,2026
1,561801,Bystrá,7,141,0,19.0,19.0,2026
1,561819,Mysletín,7,117,0,8.0,8.0,2026
1,561827,Mařenice,13,330,0,27.0,3.0,2026
1,561835,Mimoň,17,6321,0,64.0,4.0,2026
1,561843,Staré Bříště,7,84,0,9.0,9.0,2026
1,561851,Noviny pod Ralskem,7,305,0,30.0,4.0,2026
1,561860,Nový Bor,21,11257,0,105.0,5.0,2026
1,561878,Nový Oldřichov,9,818,0,18.0,2.0,2026
1,561886,Okna,7,335,0,18.0,2.0,2026
1,561894,Okrouhlá,13,588,0,26.0,2.0,2026
1,561908,Žirov,7,87,0,11.0,11.0,2026
1,561916,Pavlov,5,115,0,12.0,2.0,2026
1,561924,Dehtáře,7,123,0,9.0,1.0,2026
1,561932,Dobrá Voda,7,209,0,16.0,2.0,2026
1,561941,Proseč pod Křemešníkem,7,93,0,8.0,8.0,2026
1,561959,Polevsko,9,435,0,9.0,1.0,2026
1,561967,Olešná,9,564,0,9.0,1.0,2026
1,561975,Zajíčkov,7,228,0,9.0,1.0,2026
1,561983,Provodín,9,730,0,18.0,2.0,2026
1,561991,Prysk,9,460,0,18.0,2.0,2026
1,562009,Rynárec,7,653,0,10.0,10.0,2026
1,562017,Ralsko,15,2209,0,60.0,4.0,2026
1,562025,Skalice u České Lípy,11,1639,0,66.0,6.0,2026
1,562033,Útěchovice pod Stražištěm,7,104,0,21.0,3.0,2026
1,562041,Lesná,7,60,0,8.0,8.0,2026
1,562050,Sloup v Čechách,11,691,0,33.0,3.0,2026
1,562068,Rakovice,7,227,0,26.0,3.0,2026
1,562076,Sosnová,15,691,0,60.0,4.0,2026
1,562084,Jickovice,9,136,0,14.0,6.0,2026
1,562092,Stráž pod Ralskem,17,3773,0,119.0,7.0,2026
1,562106,Stružnice,9,1018,0,19.0,3.0,2026
1,562114,Stvolínky,7,342,0,9.0,1.0,2026
1,562122,Boudy,7,212,0,7.0,1.0,2026
1,562131,Svor,9,720,0,9.0,1.0,2026
1,562149,Minice,7,27,0,9.0,1.0,2026
1,562157,Nerestce,7,103,0,11.0,11.0,2026
1,562165,Zvíkovské Podhradí,7,204,0,29.0,7.0,2026
1,562173,Velenice,9,172,0,9.0,1.0,2026
1,562181,Křenovice,9,183,0,19.0,3.0,2026
1,562190,Olešná,7,131,0,11.0,2.0,2026
1,562203,Velký Valtinov,7,196,0,14.0,2.0,2026
1,562211,Varvažov,7,197,0,16.0,2.0,2026
1,562220,Volfartice,7,736,0,14.0,2.0,2026
1,562238,Vrchovany,7,123,0,7.0,1.0,2026
1,562246,Zahrádky,11,708,0,44.0,4.0,2026
1,562254,Paseky,5,190,0,6.0,6.0,2026
1,562262,Zákupy,15,2907,0,45.0,3.0,2026
1,562271,Temešvár,7,127,0,7.0,1.0,2026
1,562289,Vojníkov,5,85,0,11.0,2.0,2026
1,562297,Žandov,15,1915,0,30.0,2.0,2026
1,562301,Dolní Novosedly,5,274,0,11.0,2.0,2026
1,562319,Horní Slatina,7,132,0,9.0,1.0,2026
1,562327,Třebětice,7,335,0,16.0,2.0,2026
1,562335,Děčín,27,46003,0,242.0,9.0,2026
1,562343,Arnoltice,7,414,0,22.0,3.0,2026
1,562351,Benešov nad Ploučnicí,15,3485,0,105.0,7.0,2026
1,562360,Nová Ves nad Lužnicí,7,353,0,8.0,1.0,2026
1,562378,Staňkov,5,206,0,7.0,2.0,2026
1,562386,Hamr,7,346,0,17.0,2.0,2026
1,562394,Česká Kamenice,21,4984,0,84.0,5.0,2026
1,562408,Dobkovice,9,645,0,53.0,6.0,2026
1,562416,Dobrohošť,7,45,0,8.0,1.0,2026
1,562424,Županovice,5,50,0,6.0,1.0,2026
1,562432,Dolní Podluží,9,1162,0,27.0,3.0,2026
1,562441,Dolní Poustevna,9,1673,0,9.0,1.0,2026
1,562459,Polště,7,102,0,8.0,8.0,2026
1,562467,Dolní Pěna,7,446,0,17.0,2.0,2026
1,562475,Okrouhlá Radouň,7,221,0,16.0,2.0,2026
1,562483,Heřmanov,7,499,0,20.0,3.0,2026
1,562491,Kačlehy,7,113,0,17.0,3.0,2026
1,562505,Horní Podluží,9,821,0,19.0,3.0,2026
1,562513,Hřensko,7,251,0,18.0,2.0,2026
1,562521,Huntířov,9,828,0,19.0,3.0,2026
1,562530,Chřibská,9,1316,0,36.0,4.0,2026
1,562548,Bednárec,7,115,0,7.0,1.0,2026
1,562556,Jetřichovice,7,384,0,56.0,7.0,2026
1,562564,Jílové,21,4891,0,83.0,4.0,2026
1,562572,Jiřetín pod Jedlovou,7,638,0,34.0,5.0,2026
1,562581,Jiříkov,15,3472,0,90.0,6.0,2026
1,562599,Velký Ratmírov,7,232,0,15.0,2.0,2026
1,562602,Dolní Žďár,7,164,0,16.0,8.0,2026
1,562611,Krásná Lípa,21,3296,0,42.0,2.0,2026
1,562629,Vydří,7,118,0,7.0,1.0,2026
1,562637,Frahelž,7,155,0,9.0,1.0,2026
1,562645,Kytlice,7,478,0,21.0,3.0,2026
1,562653,Ponědrážka,7,79,0,21.0,3.0,2026
1,562661,Lipová,7,582,0,27.0,3.0,2026
1,562670,Ponědraž,7,124,0,8.0,1.0,2026
1,562688,Klec,5,154,0,5.0,1.0,2026
1,562696,Hadravova Rosička,5,53,0,6.0,1.0,2026
1,562700,Malá Veleň,7,440,0,18.0,2.0,2026
1,562718,Malšovice,9,1024,0,18.0,2.0,2026
1,562726,Báňovice,7,104,0,9.0,1.0,2026
1,562734,Nová Olešná,5,127,0,11.0,2.0,2026
1,562742,Bořetín,7,103,0,7.0,1.0,2026
1,562751,Mikulášovice,11,2060,0,22.0,2.0,2026
1,562769,Jilem,7,136,0,11.0,11.0,2026
1,562777,Rumburk,23,10780,0,185.0,9.0,2026
1,562785,Horní Němčice,7,95,0,8.0,1.0,2026
1,562793,Rybniště,7,728,0,9.0,1.0,2026
1,562807,Halámky,5,160,0,6.0,1.0,2026
1,562815,Dunajovice,7,225,0,9.0,1.0,2026
1,562823,Staré Křečany,9,1218,0,9.0,1.0,2026
1,562831,Hrachoviště,5,84,0,5.0,1.0,2026
1,562840,Domanín,9,453,0,36.0,4.0,2026
1,562858,Šluknov,15,5569,0,90.0,6.0,2026
1,562866,Mažice,7,146,0,9.0,1.0,2026
1,562874,Valkeřice,7,412,0,19.0,3.0,2026
1,562882,Varnsdorf,21,14645,0,149.0,8.0,2026
1,562891,Velká Bukovina,7,524,0,16.0,3.0,2026
1,562904,Hodonice,7,131,0,13.0,7.0,2026
1,562912,Velký Šenov,15,1996,0,75.0,5.0,2026
1,562921,Verneřice,9,1166,0,18.0,2.0,2026
1,562939,Veselé,7,398,0,25.0,3.0,2026
1,562947,Vilémov,9,855,0,9.0,1.0,2026
1,562955,Košín,5,107,0,6.0,6.0,2026
1,562963,Jedlany,7,72,0,7.0,1.0,2026
1,562971,Chomutov,35,46560,0,384.0,11.0,2026
1,562980,Bílence,9,262,0,9.0,1.0,2026
1,562998,Blatno,9,627,0,9.0,1.0,2026
1,563005,Boleboř,9,357,0,36.0,4.0,2026
1,563013,Březno,15,1446,0,104.0,8.0,2026
1,563021,Černovice,9,694,0,16.0,2.0,2026
1,563030,Krtov,7,170,0,10.0,10.0,2026
1,563048,Domašín,7,194,0,20.0,3.0,2026
1,563056,Droužkovice,7,836,0,31.0,4.0,2026
1,563064,Hora Svatého Šebestiána,9,339,0,14.0,2.0,2026
1,563072,Hrušovany,7,514,0,7.0,1.0,2026
1,563081,Chbany,9,650,0,9.0,1.0,2026
1,563099,Jirkov,25,19067,0,201.0,9.0,2026
1,563102,Kadaň,27,18088,0,162.0,6.0,2026
1,563111,Kalek,9,251,0,18.0,2.0,2026
1,563129,Klášterec nad Ohří,21,13980,0,105.0,5.0,2026
1,563137,Kovářská,15,966,0,70.0,5.0,2026
1,563145,Chrbonín,7,165,0,10.0,10.0,2026
1,563153,Třebějice,7,72,0,7.0,1.0,2026
1,563161,Křimov,9,443,0,9.0,1.0,2026
1,563170,Svrabov,5,49,0,9.0,9.0,2026
1,563188,Libědice,7,240,0,22.0,3.0,2026
1,563196,Radimovice u Tábora,7,62,0,14.0,2.0,2026
1,563200,Málkov,9,1028,0,36.0,4.0,2026
1,563218,Mašťov,9,565,0,27.0,3.0,2026
1,563226,Měděnec,9,147,0,9.0,1.0,2026
1,563234,Meziříčí,7,181,0,15.0,2.0,2026
1,563242,Místo,7,433,0,21.0,3.0,2026
1,563251,Balkova Lhota,5,147,0,8.0,8.0,2026
1,563269,Okounov,7,437,0,33.0,4.0,2026
1,563277,Otvice,9,712,0,18.0,2.0,2026
1,563285,Perštejn,7,1157,0,43.0,5.0,2026
1,563293,Pětipsy,5,199,0,13.0,3.0,2026
1,563307,Drhovice,7,227,0,7.0,1.0,2026
1,563315,Kryštofovy Hamry,9,155,0,18.0,2.0,2026
1,563323,Radonice,9,1143,0,27.0,3.0,2026
1,563331,Rokle,7,450,0,22.0,3.0,2026
1,563340,Spořice,11,1550,0,22.0,2.0,2026
1,563358,Strupčice,11,1194,0,33.0,3.0,2026
1,563366,Bečice,7,80,0,8.0,8.0,2026
1,563374,Psárov,7,106,0,13.0,13.0,2026
1,563382,Údlice,11,1325,0,33.0,3.0,2026
1,563404,Vejprty,15,2750,0,75.0,5.0,2026
1,563412,Veliká Ves,9,328,0,9.0,1.0,2026
1,563439,Vilémov,9,641,0,36.0,4.0,2026
1,563447,Vlčeves,6,103,0,9.0,9.0,2026
1,563455,Nová Ves u Mladé Vožice,7,203,0,9.0,9.0,2026
1,563463,Vrskmaň,7,368,0,8.0,1.0,2026
1,563471,Všehrdy,7,143,0,16.0,2.0,2026
1,563480,Všestudy,7,186,0,16.0,2.0,2026
1,563498,Výsluní,9,299,0,18.0,2.0,2026
1,563501,Vysoká Pec,9,1188,0,27.0,3.0,2026
1,563510,Jablonec nad Nisou,30,46206,0,240.0,8.0,2026
1,563528,Albrechtice v Jizerských horách,7,335,0,34.0,4.0,2026
1,563536,Bedřichov,9,389,0,31.0,4.0,2026
1,563544,Libějice,7,123,0,14.0,14.0,2026
1,563552,Desná,15,2986,0,45.0,3.0,2026
1,563561,Držkov,9,581,0,18.0,2.0,2026
1,563579,Frýdštejn,11,853,0,12.0,12.0,2026
1,563587,Lom,7,172,0,8.0,8.0,2026
1,563595,Janov nad Nisou,9,1488,0,27.0,3.0,2026
1,563609,Jenišovice,11,1306,0,14.0,14.0,2026
1,563617,Jílové u Držkova,7,233,0,8.0,1.0,2026
1,563625,Haškovcova Lhota,7,74,0,8.0,8.0,2026
1,563633,Josefův Důl,9,860,0,9.0,1.0,2026
1,563641,Koberovy,11,998,0,33.0,3.0,2026
1,563650,Dlouhá Lhota,7,173,0,8.0,1.0,2026
1,563668,Kořenov,9,934,0,54.0,6.0,2026
1,563676,Líšný,7,262,0,11.0,2.0,2026
1,563684,Loužnice,7,212,0,8.0,1.0,2026
1,563692,Lučany nad Nisou,9,1958,0,38.0,5.0,2026
1,563706,Malá Skála,11,1254,0,33.0,3.0,2026
1,563714,Maršovice,7,638,0,35.0,4.0,2026
1,563722,Černýšovice,7,81,0,11.0,11.0,2026
1,563731,Nová Ves nad Nisou,11,905,0,44.0,4.0,2026
1,563749,Pěnčín,15,2102,0,30.0,2.0,2026
1,563757,Plavy,11,1024,0,22.0,2.0,2026
1,563765,Drahov,7,149,0,10.0,10.0,2026
1,563773,Radčice,5,179,0,6.0,1.0,2026
1,563781,Rádlo,9,1039,0,27.0,3.0,2026
1,563790,Rychnov u Jablonce nad Nisou,15,2845,0,30.0,2.0,2026
1,563803,Skuhrov,7,643,0,7.0,1.0,2026
1,563811,Smržovka,17,3901,0,102.0,6.0,2026
1,563820,Tanvald,21,5941,0,126.0,6.0,2026
1,563838,Velké Hamry,15,2716,0,60.0,4.0,2026
1,563846,Vlastiboř,5,142,0,6.0,1.0,2026
1,563854,Zásada,11,901,0,22.0,2.0,2026
1,563862,Zlatá Olešnice,9,506,0,27.0,3.0,2026
1,563871,Železný Brod,15,5993,0,75.0,5.0,2026
1,563889,Liberec,39,108214,0,361.0,11.0,2026
1,563897,Žíšov,7,280,0,17.0,2.0,2026
1,563901,Bílá,11,951,0,44.0,4.0,2026
1,563919,Bílý Kostel nad Nisou,9,1097,0,18.0,2.0,2026
1,563927,Zadní Střítež,5,36,0,6.0,1.0,2026
1,563935,Bulovka,9,894,0,45.0,5.0,2026
1,563943,Cetenov,7,118,0,7.0,7.0,2026
1,563951,Únice,5,63,0,5.0,1.0,2026
1,563960,Český Dub,15,2901,0,30.0,2.0,2026
1,563978,Kubova Huť,7,92,0,14.0,2.0,2026
1,563986,Klenovice,7,704,0,16.0,2.0,2026
1,563994,Dolní Řasnice,9,574,0,36.0,4.0,2026
1,564028,Frýdlant,21,7332,0,130.0,7.0,2026
1,564036,Habartice,9,467,0,45.0,5.0,2026
1,564044,Hejnice,15,2726,0,30.0,2.0,2026
1,564052,Hlavice,9,218,0,11.0,11.0,2026
1,564061,Hodkovice nad Mohelkou,15,3024,0,30.0,2.0,2026
1,564079,Horní Řasnice,7,230,0,16.0,2.0,2026
1,564087,Poštovice,7,221,0,8.0,8.0,2026
1,564095,Hrádek nad Nisou,25,8009,0,42.0,2.0,2026
1,564109,Chotyně,9,1092,0,27.0,3.0,2026
1,564117,Chrastava,19,6349,0,57.0,3.0,2026
1,564125,Plchov,7,196,0,18.0,2.0,2026
1,564133,Jindřichovice pod Smrkem,9,619,0,45.0,5.0,2026
1,564141,Kobyly,7,381,0,25.0,3.0,2026
1,564150,Libochovičky,7,86,0,8.0,8.0,2026
1,564168,Krásný Les,9,474,0,18.0,2.0,2026
1,564176,Kryštofovo Údolí,9,434,0,18.0,2.0,2026
1,564184,Křižany,15,861,0,30.0,2.0,2026
1,564192,Páleč,7,221,0,8.0,8.0,2026
1,564206,Lázně Libverda,9,534,0,9.0,1.0,2026
1,564214,Počaply,7,99,0,17.0,2.0,2026
1,564222,Nestrašovice,5,56,0,5.0,1.0,2026
1,564231,Mníšek,9,1830,0,9.0,1.0,2026
1,564249,Chrást,9,223,0,9.0,9.0,2026
1,564257,Horčápsko,5,86,0,12.0,2.0,2026
1,564265,Nové Město pod Smrkem,17,3713,0,119.0,7.0,2026
1,564273,Svojšice,5,113,0,6.0,1.0,2026
1,564281,Oldřichov v Hájích,9,840,0,18.0,2.0,2026
1,564290,Osečná,11,1199,0,11.0,1.0,2026
1,564303,Pěnčín,9,745,0,9.0,1.0,2026
1,564311,Pertoltice,9,311,0,13.0,2.0,2026
1,564320,Zbenice,7,133,0,10.0,3.0,2026
1,564338,Županovice,7,80,0,10.0,10.0,2026
1,564346,Lazsko,5,214,0,18.0,3.0,2026
1,564354,Příšovice,15,1343,0,30.0,2.0,2026
1,564362,Vrančice,7,178,0,9.0,1.0,2026
1,564371,Raspenava,15,2784,0,68.0,5.0,2026
1,564389,Radětice,7,176,0,10.0,10.0,2026
1,564397,Rynoltice,9,861,0,9.0,1.0,2026
1,564401,Soběslavice,7,175,0,9.0,1.0,2026
1,564419,Cetyně,7,143,0,8.0,2.0,2026
1,564427,Světlá pod Ještědem,7,972,0,17.0,2.0,2026
1,564435,Svijanský Újezd,7,447,0,9.0,1.0,2026
1,564443,Svijany,9,373,0,18.0,2.0,2026
1,564451,Sychrov,7,223,0,9.0,1.0,2026
1,564460,Šimonovice,9,1536,0,30.0,4.0,2026
1,564478,Narysov,5,280,0,24.0,4.0,2026
1,564486,Podlesí,11,1139,0,55.0,5.0,2026
1,564494,Višňová,15,1344,0,60.0,4.0,2026
1,564508,Dubno,7,373,0,9.0,1.0,2026
1,564516,Vlastibořice,7,350,0,9.0,1.0,2026
1,564524,Nepomuk,5,231,0,6.0,1.0,2026
1,564532,Všelibice,15,658,0,30.0,2.0,2026
1,564541,Zdislava,7,271,0,7.0,1.0,2026
1,564559,Bohostice,7,211,0,10.0,2.0,2026
1,564567,Litoměřice,27,22627,0,218.0,9.0,2026
1,564575,Bechlín,11,1334,0,22.0,2.0,2026
1,564583,Starosedlský Hrádek,7,147,0,11.0,2.0,2026
1,564591,Bohušovice nad Ohří,15,2393,0,72.0,5.0,2026
1,564605,Hlubyně,7,146,0,9.0,9.0,2026
1,564613,Brňany,9,471,0,27.0,3.0,2026
1,564621,Brozany nad Ohří,15,1335,0,45.0,3.0,2026
1,564630,Sedlice,7,277,0,24.0,6.0,2026
1,564648,Bříza,7,437,0,16.0,2.0,2026
1,564656,Budyně nad Ohří,15,2152,0,60.0,4.0,2026
1,564664,Bukovany,5,100,0,5.0,5.0,2026
1,564672,Ctiněves,7,398,0,9.0,1.0,2026
1,564681,Drahobudice,5,238,0,8.0,3.0,2026
1,564699,Černiv,7,233,0,9.0,1.0,2026
1,564702,Masojedy,7,120,0,7.0,1.0,2026
1,564711,Čížkovice,15,1512,0,60.0,4.0,2026
1,564729,Děčany,9,380,0,12.0,2.0,2026
1,564737,Dlažkovice,7,128,0,7.0,1.0,2026
1,564745,Dobříň,7,554,0,14.0,14.0,2026
1,564753,Doksany,7,445,0,8.0,1.0,2026
1,564761,Konojedy,7,290,0,9.0,1.0,2026
1,564770,Drahobuz,7,287,0,18.0,2.0,2026
1,564788,Prusice,7,97,0,16.0,2.0,2026
1,564796,Výžerky,7,183,0,9.0,1.0,2026
1,564800,Hradešín,7,601,0,9.0,1.0,2026
1,564818,Dušníky,7,439,0,9.0,1.0,2026
1,564826,Vrátkov,7,306,0,26.0,4.0,2026
1,564834,Evaň,9,291,0,9.0,1.0,2026
1,564842,Hlinná,7,293,0,18.0,2.0,2026
1,564851,Horní Beřkovice,15,997,0,30.0,2.0,2026
1,564869,Březí,7,667,0,7.0,1.0,2026
1,564877,Hoštka,15,1764,0,75.0,5.0,2026
1,564885,Doubek,7,480,0,6.0,6.0,2026
1,564893,Hrobce,9,741,0,18.0,2.0,2026
1,564907,Nupaky,11,2080,0,11.0,1.0,2026
1,564915,Herink,9,1215,0,18.0,2.0,2026
1,564923,Chodouny,9,715,0,18.0,2.0,2026
1,564931,Chodovlice,7,162,0,7.0,1.0,2026
1,564940,Chotěšov,7,508,0,9.0,2.0,2026
1,564958,Chotiměř,7,282,0,9.0,2.0,2026
1,564966,Chotiněves,7,200,0,8.0,1.0,2026
1,564974,Káraný,7,884,0,7.0,1.0,2026
1,564982,Květnice,9,2120,0,18.0,2.0,2026
1,564991,Křenice,7,1062,0,8.0,1.0,2026
1,565008,Dobročovice,7,327,0,8.0,1.0,2026
1,565016,Keblice,7,376,0,14.0,2.0,2026
1,565024,Klapý,9,482,0,9.0,1.0,2026
1,565032,Kleneč,7,593,0,14.0,2.0,2026
1,565041,Břežany,9,122,0,11.0,11.0,2026
1,565059,Kostomlaty pod Řípem,9,421,0,9.0,1.0,2026
1,565067,Krabčice,9,957,0,45.0,5.0,2026
1,565075,Křesín,7,335,0,7.0,1.0,2026
1,565083,Křešice,9,1473,0,18.0,2.0,2026
1,565091,Kyškovice,9,305,0,25.0,3.0,2026
1,565105,Levín,5,160,0,12.0,2.0,2026
1,565113,Lhotka nad Labem,7,354,0,7.0,1.0,2026
1,565121,Liběšice,15,1525,0,60.0,4.0,2026
1,565130,Všesulov,5,107,0,5.0,1.0,2026
1,565148,Libkovice pod Řípem,7,529,0,22.0,3.0,2026
1,565156,Libochovany,7,588,0,9.0,1.0,2026
1,565164,Libochovice,15,3375,0,45.0,3.0,2026
1,565172,Libotenice,9,440,0,9.0,1.0,2026
1,565181,Děkov,5,247,0,10.0,2.0,2026
1,565199,Kolešov,7,154,0,9.0,1.0,2026
1,565202,Hracholusky,5,73,0,6.0,1.0,2026
1,565211,Lovečkovice,9,617,0,36.0,4.0,2026
1,565229,Lovosice,21,8744,0,123.0,7.0,2026
1,565237,Lukavec,7,367,0,35.0,5.0,2026
1,565245,Malé Žernoseky,9,728,0,36.0,4.0,2026
1,565253,Martiněves,11,823,0,44.0,4.0,2026
1,565261,Přílepy,5,234,0,8.0,8.0,2026
1,565270,Janov,5,149,0,11.0,7.0,2026
1,565288,Karlova Ves,7,120,0,7.0,1.0,2026
1,565296,Mlékojedy,7,246,0,7.0,1.0,2026
1,565300,Mnetěš,7,584,0,18.0,2.0,2026
1,565318,Mšené-lázně,15,1875,0,75.0,5.0,2026
1,565326,Švihov,7,74,0,7.0,1.0,2026
1,565334,Hvozd,7,179,0,7.0,1.0,2026
1,565342,Nové Dvory,7,388,0,14.0,2.0,2026
1,565351,Krakov,7,140,0,7.0,1.0,2026
1,565369,Krakovec,7,70,0,7.0,1.0,2026
1,565377,Malinová,7,105,0,7.0,1.0,2026
1,565385,Kozojedy,5,92,0,5.0,5.0,2026
1,565393,Ploskovice,7,475,0,23.0,3.0,2026
1,565407,Smilovice,7,89,0,8.0,8.0,2026
1,565415,Podsedice,13,679,0,27.0,3.0,2026
1,565423,Bdín,7,69,0,7.0,1.0,2026
1,565431,Polepy,7,1323,0,32.0,4.0,2026
1,565440,Kalivody,7,123,0,7.0,1.0,2026
1,565458,Prackovice nad Labem,7,642,0,9.0,1.0,2026
1,565466,Milý,7,221,0,25.0,3.0,2026
1,565474,Přestavlky,7,298,0,7.0,1.0,2026
1,565482,Račice,7,418,0,9.0,1.0,2026
1,565491,Račiněves,7,623,0,14.0,2.0,2026
1,565504,Řeřichy,7,109,0,9.0,1.0,2026
1,565512,Václavy,5,60,0,6.0,1.0,2026
1,565521,Radovesice,7,533,0,11.0,2.0,2026
1,565539,Sovínky,7,371,0,15.0,2.0,2026
1,565547,Rochov,5,143,0,6.0,1.0,2026
1,565555,Roudnice nad Labem,21,12561,0,147.0,7.0,2026
1,565563,Lipník,7,416,0,18.0,2.0,2026
1,565571,Vlkava,7,493,0,8.0,1.0,2026
1,565580,Plužná,7,281,0,9.0,1.0,2026
1,565598,Siřejovice,7,270,0,7.0,1.0,2026
1,565601,Slatina,9,289,0,9.0,1.0,2026
1,565610,Snědovice,9,787,0,43.0,5.0,2026
1,565628,Vinařice,7,290,0,9.0,1.0,2026
1,565636,Rohatsko,7,273,0,7.0,1.0,2026
1,565644,Mečeříž,7,559,0,8.0,1.0,2026
1,565652,Rabakov,9,64,0,9.0,1.0,2026
1,565661,Řitonice,5,83,0,6.0,1.0,2026
1,565679,Straškov-Vodochody,15,1100,0,30.0,2.0,2026
1,565695,Sulejovice,9,694,0,18.0,2.0,2026
1,565709,Štětí,21,8536,0,168.0,8.0,2026
1,565717,Terezín,15,2852,0,90.0,6.0,2026
1,565725,Veselice,7,122,0,7.0,7.0,2026
1,565733,Hrušov,7,223,0,9.0,1.0,2026
1,565741,Travčice,9,617,0,23.0,3.0,2026
1,565750,Bílá Hlína,7,127,0,9.0,1.0,2026
1,565768,Třebenice,15,1885,0,60.0,4.0,2026
1,565776,Třebívlice,15,841,0,15.0,1.0,2026
1,565784,Charvatce,9,392,0,18.0,2.0,2026
1,565792,Třebušín,9,630,0,18.0,2.0,2026
1,565806,Úpohlavy,7,282,0,15.0,2.0,2026
1,565814,Úštěk,15,2830,0,45.0,3.0,2026
1,565822,Mohelnice nad Jizerou,5,93,0,6.0,1.0,2026
1,565831,Vědomice,11,975,0,22.0,2.0,2026
1,565849,Velemín,15,1722,0,45.0,3.0,2026
1,565857,Velké Žernoseky,7,507,0,8.0,1.0,2026
1,565865,Vchynice,7,307,0,8.0,1.0,2026
1,565873,Vlastislav,9,167,0,9.0,1.0,2026
1,565881,Vražkov,7,444,0,9.0,1.0,2026
1,565890,Vrbice,9,600,0,18.0,2.0,2026
1,565903,Vrbičany,7,315,0,7.0,1.0,2026
1,565911,Vrutice,7,321,0,17.0,2.0,2026
1,565920,Sudoměř,7,102,0,10.0,2.0,2026
1,565938,Žabovřesky nad Ohří,7,269,0,17.0,2.0,2026
1,565946,Žalhostice,7,593,0,9.0,1.0,2026
1,565954,Židovice,9,385,0,9.0,1.0,2026
1,565962,Žitenice,11,1656,0,33.0,3.0,2026
1,565971,Louny,29,18061,0,261.0,9.0,2026
1,565989,Hlavenec,5,414,0,6.0,1.0,2026
1,565997,Bitozeves,11,534,0,66.0,6.0,2026
1,566004,Blatno,7,508,0,14.0,2.0,2026
1,566012,Blažim,7,290,0,9.0,1.0,2026
1,566021,Blšany,9,1039,0,27.0,3.0,2026
1,566039,Jizerní Vtelno,7,366,0,7.0,1.0,2026
1,566047,Košátky,7,237,0,17.0,4.0,2026
1,566055,Vřeskovice,7,343,0,9.0,9.0,2026
1,566063,Břvany,9,330,0,17.0,2.0,2026
1,566071,Všekary,7,106,0,8.0,8.0,2026
1,566080,Čečovice,6,101,0,14.0,2.0,2026
1,566098,Černovice,7,138,0,9.0,1.0,2026
1,566101,Štichov,7,83,0,12.0,12.0,2026
1,566128,Deštnice,7,254,0,20.0,3.0,2026
1,566136,Brnířov,9,440,0,9.0,2.0,2026
1,566144,Kanice,7,196,0,16.0,3.0,2026
1,566152,Domoušice,11,625,0,23.0,3.0,2026
1,566161,Úboč,9,159,0,9.0,9.0,2026
1,566179,Hradiště,7,190,0,8.0,1.0,2026
1,566187,Holedeč,9,673,0,9.0,1.0,2026
1,566195,Hříškov,9,395,0,18.0,2.0,2026
1,566209,Otov,7,109,0,12.0,2.0,2026
1,566217,Hřivice,11,629,0,33.0,3.0,2026
1,566233,Chlumčany,7,591,0,9.0,1.0,2026
1,566241,Chožov,9,563,0,45.0,5.0,2026
1,566250,Vlkanov,7,123,0,9.0,1.0,2026
1,566276,Hora Svatého Václava,7,63,0,7.0,1.0,2026
1,566284,Koštice,7,610,0,31.0,4.0,2026
1,566292,Mnichov,9,216,0,21.0,3.0,2026
1,566306,Krásný Dvůr,9,630,0,45.0,5.0,2026
1,566314,Kryry,13,2355,0,91.0,7.0,2026
1,566322,Lenešice,11,1406,0,44.0,4.0,2026
1,566331,Hvožďany,7,37,0,7.0,1.0,2026
1,566349,Libčeves,9,952,0,18.0,2.0,2026
1,566357,Liběšice,9,796,0,18.0,2.0,2026
1,566365,Poděvousy,7,243,0,21.0,3.0,2026
1,566373,Pelechy,7,89,0,7.0,1.0,2026
1,566381,Libořice,7,375,0,9.0,1.0,2026
1,566390,Hlince,7,94,0,16.0,2.0,2026
1,566403,Lipno,7,581,0,35.0,4.0,2026
1,566411,Lišany,7,152,0,21.0,3.0,2026
1,566420,Líté,5,214,0,6.0,1.0,2026
1,566438,Lubenec,9,1318,0,36.0,4.0,2026
1,566446,Loza,7,255,0,7.0,1.0,2026
1,566454,Měcholupy,9,962,0,54.0,6.0,2026
1,566462,Lochousice,7,129,0,9.0,1.0,2026
1,566471,Bohy,7,113,0,10.0,10.0,2026
1,566489,Brodeslavy,7,71,0,15.0,2.0,2026
1,566497,Všehrdy,7,56,0,9.0,1.0,2026
1,566501,Nepomyšl,9,430,0,45.0,5.0,2026
1,566519,Nové Sedlo,9,589,0,36.0,4.0,2026
1,566527,Očihov,9,357,0,36.0,4.0,2026
1,566535,Panenský Týnec,9,458,0,10.0,2.0,2026
1,566543,Myslinka,7,268,0,7.0,1.0,2026
1,566551,Peruc,15,2374,0,60.0,4.0,2026
1,566560,Petrohrad,9,621,0,27.0,3.0,2026
1,566578,Pnětluky,7,367,0,30.0,4.0,2026
1,566586,Počedělice,7,304,0,9.0,1.0,2026
1,566594,Újezd nade Mží,5,116,0,6.0,1.0,2026
1,566608,Podbořanský Rohozec,5,159,0,15.0,3.0,2026
1,566616,Podbořany,21,6254,0,187.0,9.0,2026
1,566624,Postoloprty,15,4661,0,60.0,4.0,2026
1,566632,Černíkovice,7,96,0,12.0,12.0,2026
1,566641,Hlohovčice,9,174,0,9.0,1.0,2026
1,566659,Raná,9,240,0,27.0,3.0,2026
1,566667,Ročov,9,587,0,27.0,3.0,2026
1,566675,Vrbice,7,202,0,9.0,1.0,2026
1,566683,Dražovice,7,167,0,9.0,1.0,2026
1,566691,Vlčí,7,81,0,15.0,15.0,2026
1,566705,Borovno,7,100,0,9.0,1.0,2026
1,566713,Slavětín,7,667,0,14.0,2.0,2026
1,566721,Smolnice,7,444,0,8.0,2.0,2026
1,566730,Holovousy,7,60,0,7.0,1.0,2026
1,566748,Slatina,7,62,0,11.0,2.0,2026
1,566756,Bdeněves,9,815,0,27.0,3.0,2026
1,566764,Blažim,7,63,0,8.0,1.0,2026
1,566781,Pastuchovice,7,75,0,7.0,1.0,2026
1,566799,Všenice,7,298,0,15.0,2.0,2026
1,566802,Terešov,7,183,0,8.0,1.0,2026
1,566811,Kamenec,5,81,0,5.0,1.0,2026
1,566829,Toužetín,5,264,0,8.0,3.0,2026
1,566837,Němčovice,7,190,0,8.0,1.0,2026
1,566845,Skomelno,7,217,0,7.0,1.0,2026
1,566853,Tuchořice,9,697,0,36.0,4.0,2026
1,566861,Plískov,5,122,0,6.0,1.0,2026
1,566870,Velemyšleves,7,360,0,43.0,5.0,2026
1,566888,Olbramov,7,80,0,9.0,1.0,2026
1,566896,Veltěže,7,417,0,9.0,1.0,2026
1,566900,Růžová,7,602,0,16.0,2.0,2026
1,566918,Vinařice,7,245,0,8.0,1.0,2026
1,566926,Vrbno nad Lesy,7,207,0,7.0,1.0,2026
1,566934,Vroutek,11,1860,0,66.0,6.0,2026
1,566942,Raková,7,238,0,7.0,1.0,2026
1,566951,Výškov,9,474,0,27.0,3.0,2026
1,566969,Výrov,9,458,0,18.0,2.0,2026
1,566977,Zbrašín,9,418,0,36.0,4.0,2026
1,566985,Žatec,21,18984,0,210.0,10.0,2026
1,566993,Ostrovec-Lhotka,5,116,0,6.0,1.0,2026
1,567001,Lhota pod Radčem,7,342,0,10.0,10.0,2026
1,567019,Žiželice,9,430,0,46.0,7.0,2026
1,567027,Most,45,63160,0,322.0,8.0,2026
1,567043,Bečov,15,1388,0,30.0,2.0,2026
1,567051,Bělušice,7,227,0,8.0,1.0,2026
1,567060,Braňany,15,1205,0,45.0,3.0,2026
1,567078,Brandov,7,301,0,12.0,2.0,2026
1,567086,Příšov,7,336,0,22.0,3.0,2026
1,567108,Český Jiřetín,7,110,0,9.0,1.0,2026
1,567141,Havraň,9,643,0,9.0,1.0,2026
1,567167,Hora Svaté Kateřiny,9,476,0,9.0,1.0,2026
1,567175,Horní Jiřetín,11,2153,0,33.0,3.0,2026
1,567191,Klíny,7,181,0,14.0,2.0,2026
1,567221,Korozluky,7,273,0,18.0,2.0,2026
1,567248,Lišnice,7,225,0,9.0,1.0,2026
1,567256,Litvínov,23,22258,0,184.0,8.0,2026
1,567264,Lom,21,3755,0,126.0,6.0,2026
1,567272,Louka u Litvínova,9,734,0,18.0,2.0,2026
1,567281,Lužice,7,574,0,9.0,1.0,2026
1,567299,Malé Březno,7,255,0,17.0,2.0,2026
1,567302,Mariánské Radčice,7,464,0,23.0,3.0,2026
1,567311,Meziboří,15,4526,0,60.0,4.0,2026
1,567329,Nová Ves v Horách,9,486,0,36.0,4.0,2026
1,567337,Obrnice,15,2048,0,60.0,4.0,2026
1,567345,Patokryje,7,443,0,8.0,1.0,2026
1,567353,Polerady,7,235,0,14.0,2.0,2026
1,567361,Skršín,7,318,0,14.0,2.0,2026
1,567426,Želenice,9,489,0,18.0,2.0,2026
1,567442,Teplice,27,50856,0,216.0,9.0,2026
1,567451,Bílina,29,14401,0,276.0,10.0,2026
1,567469,Bořislav,9,421,0,9.0,1.0,2026
1,567477,Bystřany,11,1946,0,33.0,3.0,2026
1,567485,Bžany,9,916,0,36.0,4.0,2026
1,567507,Dubí,17,8148,0,85.0,5.0,2026
1,567515,Duchcov,21,8718,0,168.0,8.0,2026
1,567523,Háj u Duchcova,9,1371,0,27.0,3.0,2026
1,567531,Hostomice,15,1203,0,27.0,3.0,2026
1,567558,Hrob,15,1987,0,60.0,4.0,2026
1,567566,Hrobčice,9,1102,0,45.0,5.0,2026
1,567582,Jeníkov,7,860,0,25.0,3.0,2026
1,567604,Kladruby,7,463,0,12.0,4.0,2026
1,567612,Kostomlaty pod Milešovkou,11,916,0,22.0,2.0,2026
1,567621,Košťany,15,3264,0,60.0,4.0,2026
1,567639,Krupka,21,12731,0,168.0,8.0,2026
1,567647,Lahošť,7,684,0,18.0,2.0,2026
1,567655,Ledvice,9,540,0,45.0,5.0,2026
1,567698,Měrunice,7,318,0,9.0,1.0,2026
1,567701,Mikulov,9,210,0,11.0,5.0,2026
1,567710,Modlany,9,1186,0,28.0,4.0,2026
1,567728,Moldava,9,175,0,29.0,4.0,2026
1,567752,Novosedlice,15,2094,0,30.0,2.0,2026
1,567761,Ohníč,9,697,0,36.0,4.0,2026
1,567779,Osek,21,4506,0,105.0,5.0,2026
1,567787,Proboštov,9,2712,0,18.0,2.0,2026
1,567809,Rtyně nad Bílinou,7,842,0,17.0,2.0,2026
1,567833,Srbice,7,517,0,15.0,2.0,2026
1,567841,Světec,9,977,0,54.0,6.0,2026
1,567850,Újezdeček,7,866,0,21.0,3.0,2026
1,567868,Zabrušany,15,1146,0,15.0,1.0,2026
1,567876,Žalany,9,511,0,32.0,4.0,2026
1,567884,Žim,7,242,0,7.0,7.0,2026
1,567931,Dolní Zálezly,7,565,0,14.0,2.0,2026
1,567957,Habrovany,5,221,0,11.0,2.0,2026
1,567973,Homole u Panny,7,393,0,21.0,3.0,2026
1,568007,Chabařovice,15,2564,0,90.0,6.0,2026
1,568015,Chlumec,15,4228,0,90.0,6.0,2026
1,568023,Chuderov,7,1199,0,9.0,1.0,2026
1,568058,Libouchec,15,1929,0,46.0,4.0,2026
1,568091,Malé Březno,9,521,0,18.0,2.0,2026
1,568104,Malečov,15,863,0,30.0,2.0,2026
1,568147,Petrovice,11,914,0,44.0,4.0,2026
1,568155,Povrly,15,2305,0,30.0,2.0,2026
1,568163,Žermanice,7,391,0,7.0,1.0,2026
1,568180,Kružberk,7,243,0,16.0,2.0,2026
1,568198,Staré Těchanovice,7,130,0,18.0,2.0,2026
1,568201,Řehlovice,15,1456,0,90.0,6.0,2026
1,568210,Hať,15,2566,0,30.0,2.0,2026
1,568228,Darkovice,15,1362,0,30.0,2.0,2026
1,568236,Děhylov,9,723,0,27.0,3.0,2026
1,568244,Vřesina,15,1674,0,30.0,2.0,2026
1,568261,Budišovice,7,811,0,14.0,2.0,2026
1,568279,Mikolajice,7,292,0,7.0,1.0,2026
1,568287,Tašov,7,138,0,16.0,2.0,2026
1,568295,Telnice,11,704,0,16.0,2.0,2026
1,568309,Tisá,9,994,0,54.0,6.0,2026
1,568317,Radkov,7,497,0,50.0,6.0,2026
1,568333,Štáblovice,7,712,0,17.0,2.0,2026
1,568341,Uhlířov,7,416,0,24.0,3.0,2026
1,568350,Velké Březno,15,2422,0,75.0,5.0,2026
1,568368,Hlubočec,9,565,0,18.0,2.0,2026
1,568376,Rohov,9,582,0,18.0,2.0,2026
1,568384,Zubrnice,7,223,0,17.0,2.0,2026
1,568392,Doloplazy,15,1307,0,42.0,3.0,2026
1,568406,Slatina,9,780,0,26.0,3.0,2026
1,568414,Havlíčkův Brod,25,23368,0,298.0,12.0,2026
1,568422,Velké Albrechtice,15,1179,0,41.0,3.0,2026
1,568431,Bordovice,7,671,0,8.0,1.0,2026
1,568449,Zbyslavice,9,667,0,27.0,3.0,2026
1,568457,Bojiště,7,294,0,7.0,1.0,2026
1,568465,Borek,7,122,0,7.0,1.0,2026
1,568473,Závišice,9,1156,0,27.0,3.0,2026
1,568481,Bernartice nad Odrou,11,1000,0,11.0,1.0,2026
1,568490,Čachotín,7,166,0,7.0,1.0,2026
1,568503,Česká Bělá,11,1136,0,33.0,3.0,2026
1,568511,Hostašovice,9,807,0,18.0,2.0,2026
1,568520,Číhošť,9,341,0,9.0,1.0,2026
1,568538,Dlouhá Ves,7,435,0,18.0,2.0,2026
1,568546,Kunín,15,1795,0,45.0,3.0,2026
1,568554,Rybí,15,1263,0,30.0,2.0,2026
1,568562,Heřmanice u Oder,7,358,0,27.0,3.0,2026
1,568571,Heřmánky,5,175,0,8.0,3.0,2026
1,568589,Mankovice,9,528,0,36.0,4.0,2026
1,568597,Dolní Krupá,9,443,0,36.0,4.0,2026
1,568601,Dolní Město,9,965,0,18.0,2.0,2026
1,568619,Druhanov,7,159,0,8.0,8.0,2026
1,568635,Golčův Jeníkov,15,2835,0,90.0,6.0,2026
1,568643,Kateřinice,9,699,0,18.0,2.0,2026
1,568651,Habry,15,1319,0,45.0,3.0,2026
1,568660,Havlíčkova Borová,15,983,0,30.0,2.0,2026
1,568678,Herálec,15,1158,0,60.0,4.0,2026
1,568686,Mošnov,9,751,0,9.0,1.0,2026
1,568694,Hněvkovice,9,676,0,9.0,1.0,2026
1,568708,Horní Krupá,7,609,0,16.0,2.0,2026
1,568716,Skotnice,9,884,0,16.0,2.0,2026
1,568724,Hradec,9,312,0,9.0,1.0,2026
1,568732,Ženklava,9,1154,0,27.0,3.0,2026
1,568741,Albrechtičky,9,693,0,24.0,3.0,2026
1,568759,Chotěboř,21,9076,0,168.0,8.0,2026
1,568767,Chrtníč,7,117,0,7.0,1.0,2026
1,568775,Pustějov,9,989,0,26.0,4.0,2026
1,568783,Jedlá,5,84,0,6.0,1.0,2026
1,568791,Soběšovice,15,965,0,30.0,2.0,2026
1,568805,Jeřišno,7,269,0,9.0,1.0,2026
1,568813,Pražmo,7,890,0,30.0,4.0,2026
1,568821,Kámen,9,457,0,12.0,12.0,2026
1,568830,Řepiště,15,1931,0,60.0,4.0,2026
1,568848,Kamenná Lhota,7,253,0,11.0,11.0,2026
1,568856,Klokočov,7,112,0,9.0,9.0,2026
1,568864,Doubrava,15,1125,0,45.0,3.0,2026
1,568872,Charváty,9,941,0,18.0,2.0,2026
1,568881,Kojetín,7,194,0,9.0,9.0,2026
1,568899,Kozlov,9,226,0,16.0,16.0,2026
1,568902,Kožlí,9,861,0,27.0,3.0,2026
1,568911,Měrotín,7,269,0,9.0,1.0,2026
1,568929,Krásná Hora,9,507,0,27.0,3.0,2026
1,568937,Krátká Ves,7,127,0,14.0,2.0,2026
1,568945,Krucemburk,15,1583,0,75.0,5.0,2026
1,568953,Květinov,7,231,0,7.0,1.0,2026
1,568961,Vilémov,7,436,0,8.0,1.0,2026
1,568970,Kynice,7,103,0,8.0,8.0,2026
1,568988,Ledeč nad Sázavou,15,4756,0,75.0,5.0,2026
1,568996,Leškovice,7,93,0,9.0,9.0,2026
1,569003,Liboš,9,616,0,18.0,2.0,2026
1,569011,Leština u Světlé,9,528,0,18.0,2.0,2026
1,569020,Libice nad Doubravou,15,858,0,30.0,2.0,2026
1,569038,Lípa,15,1168,0,23.0,2.0,2026
1,569046,Lipnice nad Sázavou,9,653,0,18.0,2.0,2026
1,569054,Strukov,7,166,0,7.0,7.0,2026
1,569062,Lučice,9,651,0,24.0,3.0,2026
1,569071,Malčín,7,211,0,11.0,11.0,2026
1,569089,Maleč,9,612,0,9.0,1.0,2026
1,569097,Moravice,7,240,0,10.0,10.0,2026
1,569101,Třebom,7,191,0,30.0,4.0,2026
1,569119,Čavisov,7,512,0,7.0,1.0,2026
1,569127,Modlíkov,7,153,0,8.0,8.0,2026
1,569135,Císařov,7,319,0,8.0,1.0,2026
1,569143,Křenovice,9,458,0,18.0,2.0,2026
1,569151,Nová Ves u Leštiny,7,116,0,7.0,7.0,2026
1,569160,Nová Ves u Chotěboře,9,570,0,27.0,3.0,2026
1,569178,Bohuslávky,7,323,0,9.0,1.0,2026
1,569186,Okrouhlice,15,1374,0,32.0,3.0,2026
1,569194,Grymov,5,164,0,6.0,1.0,2026
1,569208,Olešenka,7,187,0,7.0,1.0,2026
1,569216,Olešná,7,373,0,6.0,2.0,2026
1,569224,Oudoleň,9,367,0,18.0,2.0,2026
1,569232,Ovesná Lhota,7,178,0,10.0,10.0,2026
1,569241,Pavlov,5,148,0,8.0,8.0,2026
1,569259,Dolní Nětčice,7,260,0,16.0,2.0,2026
1,569267,Hlinsko,9,231,0,9.0,1.0,2026
1,569275,Horní Nětčice,7,229,0,8.0,1.0,2026
1,569283,Kladníky,7,153,0,8.0,1.0,2026
1,569291,Pohled,9,716,0,19.0,3.0,2026
1,569305,Chromeč,9,552,0,18.0,2.0,2026
1,569313,Prosíčka,5,149,0,5.0,1.0,2026
1,569321,Přibyslav,15,3997,0,75.0,5.0,2026
1,569330,Ostružná,7,171,0,9.0,1.0,2026
1,569348,Příseka,7,435,0,11.0,2.0,2026
1,569356,Česká Ves,15,2258,0,45.0,3.0,2026
1,569364,Radostín,5,144,0,11.0,2.0,2026
1,569372,Krchleby,7,168,0,9.0,1.0,2026
1,569381,Mírov,7,360,0,28.0,4.0,2026
1,569399,Rozsochatec,9,538,0,17.0,2.0,2026
1,569402,Rušinov,7,164,0,9.0,9.0,2026
1,569411,Rybníček,7,77,0,11.0,11.0,2026
1,569429,Sázavka,9,324,0,10.0,2.0,2026
1,569437,Bratrušov,9,642,0,36.0,4.0,2026
1,569445,Vikýřovice,15,2290,0,71.0,5.0,2026
1,569453,Velké Kunětice,7,511,0,28.0,4.0,2026
1,569461,Skryje,7,201,0,7.0,1.0,2026
1,569470,Skuhrov,7,320,0,7.0,7.0,2026
1,569488,Slavíkov,7,322,0,23.0,3.0,2026
1,569496,Podolí,5,315,0,8.0,2.0,2026
1,569500,Horní Lhota,9,856,0,19.0,3.0,2026
1,569518,Sobíňov,9,724,0,18.0,2.0,2026
1,569526,Milotice nad Opavou,9,427,0,9.0,1.0,2026
1,569534,Stříbrné Hory,7,245,0,7.0,4.0,2026
1,569542,Horní Újezd,9,445,0,27.0,3.0,2026
1,569551,Nové Heřminovy,9,321,0,18.0,2.0,2026
1,569569,Světlá nad Sázavou,21,6289,0,126.0,6.0,2026
1,569577,Oborná,7,446,0,28.0,4.0,2026
1,569585,Šlapanov,9,800,0,9.0,1.0,2026
1,569593,Štoky,15,1980,0,60.0,4.0,2026
1,569607,Býkov-Láryšov,5,169,0,6.0,1.0,2026
1,569615,Tis,7,396,0,9.0,1.0,2026
1,569623,Trpišovice,9,164,0,9.0,1.0,2026
1,569631,Sviadnov,15,2252,0,45.0,3.0,2026
1,569640,Uhelná Příbram,9,511,0,27.0,3.0,2026
1,569658,Úsobí,11,724,0,12.0,12.0,2026
1,569666,Hladké Životice,9,1045,0,63.0,7.0,2026
1,569674,Vepříkov,7,346,0,8.0,1.0,2026
1,569682,Veselý Žďár,7,604,0,9.0,1.0,2026
1,569691,Věž,11,832,0,44.0,4.0,2026
1,569704,Věžnice,9,453,0,27.0,3.0,2026
1,569712,Vilémov,11,985,0,22.0,2.0,2026
1,569721,Vilémovice,9,268,0,11.0,12.0,2026
1,569739,Vlkanov,9,44,0,9.0,1.0,2026
1,569747,Vrchy,7,223,0,8.0,1.0,2026
1,569755,Trnávka,15,776,0,15.0,1.0,2026
1,569771,Suchonice,7,175,0,17.0,2.0,2026
1,569780,Ždírec nad Doubravou,15,3064,0,45.0,3.0,2026
1,569798,Horní Loděnice,7,337,0,13.0,3.0,2026
1,569801,Žižkovo Pole,9,404,0,27.0,3.0,2026
1,569810,Hradec Králové,37,93534,0,369.0,10.0,2026
1,569828,Babice,7,203,0,8.0,1.0,2026
1,569836,Barchov,7,289,0,8.0,2.0,2026
1,569844,Lužice,7,409,0,24.0,3.0,2026
1,569852,Běleč nad Orlicí,7,414,0,7.0,1.0,2026
1,569861,Benátky,5,124,0,6.0,1.0,2026
1,569879,Blešno,9,444,0,11.0,11.0,2026
1,569887,Boharyně,11,595,0,44.0,4.0,2026
1,569895,Dobroslavice,9,802,0,18.0,2.0,2026
1,569909,Chvalíkovice,7,685,0,23.0,3.0,2026
1,569917,Černilov,15,2488,0,15.0,1.0,2026
1,569925,Černožice,11,1080,0,55.0,5.0,2026
1,569933,Čistěves,5,197,0,11.0,2.0,2026
1,569941,Divec,7,272,0,16.0,4.0,2026
1,569950,Čermná ve Slezsku,7,369,0,20.0,3.0,2026
1,569968,Dobřenice,7,545,0,9.0,1.0,2026
1,569976,Dohalice,7,450,0,9.0,3.0,2026
1,569984,Dolní Přím,9,773,0,13.0,13.0,2026
1,569992,Habřina,7,316,0,14.0,2.0,2026
1,570001,Hlušice,9,745,0,18.0,2.0,2026
1,570010,Hněvčeves,7,177,0,7.0,1.0,2026
1,570028,Holohlavy,11,916,0,44.0,4.0,2026
1,570036,Větřkovice,11,793,0,22.0,2.0,2026
1,570044,Hořiněves,9,715,0,10.0,2.0,2026
1,570052,Hrádek,7,184,0,10.0,10.0,2026
1,570061,Špičky,7,264,0,9.0,1.0,2026
1,570079,Týn nad Bečvou,15,869,0,37.0,4.0,2026
1,570087,Humburky,7,398,0,8.0,1.0,2026
1,570095,Vyšehoří,7,284,0,7.0,7.0,2026
1,570109,Chlumec nad Cidlinou,21,5606,0,126.0,6.0,2026
1,570117,Šléglov,7,40,0,7.0,1.0,2026
1,570125,Chudeřice,7,274,0,8.0,1.0,2026
1,570133,Jeníkovice,7,528,0,37.0,5.0,2026
1,570141,Drozdov,7,360,0,8.0,1.0,2026
1,570150,Káranice,7,212,0,20.0,3.0,2026
1,570168,Klamoš,9,393,0,9.0,1.0,2026
1,570176,Kosice,7,348,0,9.0,1.0,2026
1,570184,Kosičky,9,337,0,27.0,3.0,2026
1,570192,Králíky,7,409,0,36.0,5.0,2026
1,570206,Kratonohy,7,645,0,7.0,1.0,2026
1,570214,Kunčice,9,387,0,18.0,2.0,2026
1,570222,Lejšovka,7,212,0,8.0,8.0,2026
1,570231,Lhota pod Libčany,9,1026,0,9.0,1.0,2026
1,570249,Libčany,9,979,0,9.0,1.0,2026
1,570257,Libníkovice,7,186,0,9.0,1.0,2026
1,570265,Librantice,7,685,0,18.0,3.0,2026
1,570273,Libřice,7,307,0,7.0,1.0,2026
1,570281,Stavenice,7,139,0,8.0,2.0,2026
1,570290,Lišice,5,165,0,6.0,1.0,2026
1,570303,Lodín,7,433,0,9.0,9.0,2026
1,570311,Lochenice,9,611,0,14.0,2.0,2026
1,570320,Lovčice,9,736,0,16.0,16.0,2026
1,570338,Zborov,7,241,0,18.0,2.0,2026
1,570346,Janová,9,757,0,17.0,2.0,2026
1,570354,Lužany,5,119,0,6.0,1.0,2026
1,570362,Lužec nad Cidlinou,11,519,0,11.0,1.0,2026
1,570371,Ústí,9,633,0,10.0,10.0,2026
1,570397,Měník,9,655,0,37.0,5.0,2026
1,570401,Mlékosrby,7,247,0,7.0,7.0,2026
1,570419,Mokrovousy,7,352,0,9.0,1.0,2026
1,570427,Myštěves,5,219,0,12.0,2.0,2026
1,570435,Mžany,7,466,0,18.0,2.0,2026
1,570443,Neděliště,9,377,0,13.0,3.0,2026
1,570451,Nechanice,15,2545,0,75.0,5.0,2026
1,570478,Nepolisy,9,990,0,9.0,1.0,2026
1,570494,Nové Město,7,411,0,16.0,2.0,2026
1,570508,Nový Bydžov,25,7298,0,150.0,6.0,2026
1,570516,Ohnišťany,7,344,0,7.0,7.0,2026
1,570524,Olešnice,7,383,0,9.0,1.0,2026
1,570532,Osice,7,566,0,7.0,1.0,2026
1,570541,Osičky,5,155,0,7.0,2.0,2026
1,570567,Petrovice,7,283,0,9.0,1.0,2026
1,570575,Písek,7,310,0,12.0,12.0,2026
1,570648,Prasek,9,645,0,18.0,2.0,2026
1,570656,Praskačka,11,1147,0,22.0,2.0,2026
1,570672,Předměřice nad Labem,15,1968,0,45.0,3.0,2026
1,570681,Převýšov,7,359,0,19.0,3.0,2026
1,570702,Račice nad Trotinou,7,153,0,8.0,8.0,2026
1,570711,Radíkovice,7,204,0,7.0,7.0,2026
1,570729,Radostov,7,134,0,7.0,1.0,2026
1,570745,Roudnice,9,792,0,18.0,2.0,2026
1,570753,Prodašice,5,87,0,6.0,1.0,2026
1,570761,Ujkovice,7,114,0,8.0,1.0,2026
1,570770,Loukov,9,215,0,9.0,9.0,2026
1,570788,Bradlec,11,1453,0,33.0,3.0,2026
1,570796,Sendražice,7,434,0,9.0,1.0,2026
1,570800,Skalice,7,668,0,17.0,2.0,2026
1,570818,Dalovice,7,273,0,7.0,1.0,2026
1,570826,Kosmonosy,17,5437,0,33.0,2.0,2026
1,570834,Skřivany,9,1145,0,27.0,3.0,2026
1,570842,Vinec,7,266,0,7.0,1.0,2026
1,570851,Sloupno,9,540,0,9.0,1.0,2026
1,570869,Smidary,15,1557,0,45.0,3.0,2026
1,570877,Smiřice,15,3142,0,45.0,3.0,2026
1,570885,Smržov,9,549,0,18.0,2.0,2026
1,570893,Obrubce,7,256,0,9.0,9.0,2026
1,570907,Sovětice,7,236,0,9.0,9.0,2026
1,570915,Stará Voda,7,145,0,14.0,8.0,2026
1,570923,Přepeře,5,119,0,6.0,1.0,2026
1,570931,Stěžery,15,2140,0,45.0,3.0,2026
1,570940,Dolní Stakory,9,324,0,12.0,12.0,2026
1,570958,Stračov,7,314,0,7.0,1.0,2026
1,570966,Střezetice,7,368,0,8.0,1.0,2026
1,570974,Kolomuty,7,460,0,16.0,2.0,2026
1,570982,Tuřice,7,516,0,16.0,2.0,2026
1,570991,Ctiměřice,5,143,0,5.0,1.0,2026
1,571008,Syrovátka,7,467,0,7.0,1.0,2026
1,571016,Šaplava,7,110,0,9.0,9.0,2026
1,571024,Těchlovice,7,372,0,7.0,7.0,2026
1,571032,Pěčice,7,227,0,7.0,1.0,2026
1,571041,Třebechovice pod Orebem,21,5907,0,105.0,5.0,2026
1,571059,Třesovice,7,272,0,8.0,1.0,2026
1,571067,Doubravička,7,163,0,7.0,1.0,2026
1,571075,Kluky,7,71,0,7.0,1.0,2026
1,571083,Vinary,9,472,0,36.0,4.0,2026
1,571091,Všestary,15,1770,0,30.0,2.0,2026
1,571105,Výrava,7,447,0,7.0,1.0,2026
1,571113,Vysoká nad Labem,9,1804,0,9.0,1.0,2026
1,571121,Niměřice,5,309,0,6.0,1.0,2026
1,571130,Zachrašťany,5,260,0,6.0,1.0,2026
1,571148,Rokytovec,5,181,1,4.0,4.0,2026
1,571156,Nemyslovice,5,167,0,6.0,1.0,2026
1,571164,Chrudim,27,23562,0,270.0,10.0,2026
1,571172,Kobylnice,7,168,0,9.0,1.0,2026
1,571181,Běstvina,11,555,0,22.0,2.0,2026
1,571199,Bratřínov,7,211,0,7.0,1.0,2026
1,571202,Bojanov,9,648,0,19.0,3.0,2026
1,571211,Klínec,7,828,0,9.0,1.0,2026
1,571229,Bořice,7,199,0,8.0,1.0,2026
1,571237,Bousov,7,230,0,9.0,1.0,2026
1,571245,Bylany,7,485,0,8.0,1.0,2026
1,571253,Ctětín,7,261,0,27.0,4.0,2026
1,571261,Kytín,9,627,0,18.0,2.0,2026
1,571270,Čankovice,7,511,0,7.0,1.0,2026
1,571288,Zahořany,7,363,0,22.0,3.0,2026
1,571296,České Lhotice,7,119,0,11.0,11.0,2026
1,571300,Dědová,7,133,0,10.0,2.0,2026
1,571318,Roblín,7,245,0,7.0,1.0,2026
1,571326,Lichoceves,7,406,0,18.0,2.0,2026
1,571334,Okoř,5,112,0,6.0,1.0,2026
1,571342,Svrkyně,9,312,0,18.0,2.0,2026
1,571351,Úholičky,9,843,0,18.0,2.0,2026
1,571377,Hamry,7,235,0,8.0,1.0,2026
1,571385,Heřmanův Městec,21,4933,0,105.0,5.0,2026
1,571393,Hlinsko,21,9504,0,84.0,4.0,2026
1,571407,Hluboká,9,189,0,13.0,13.0,2026
1,571415,Xaverov,5,57,0,6.0,1.0,2026
1,571423,Zichovec,7,215,0,16.0,2.0,2026
1,571431,Vrbičany,7,213,0,8.0,1.0,2026
1,571440,Holetín,9,805,0,35.0,4.0,2026
1,571458,Honbice,7,166,0,17.0,2.0,2026
1,571466,Horka,9,445,0,11.0,11.0,2026
1,571474,Horní Bradlo,9,420,0,9.0,1.0,2026
1,571482,Hošťalovice,7,145,0,6.0,6.0,2026
1,571491,Hrochův Týnec,11,2187,0,33.0,3.0,2026
1,571504,Hroubovice,7,343,0,8.0,2.0,2026
1,571512,Kutrovice,5,108,0,6.0,1.0,2026
1,571521,Neprobylice,5,163,0,6.0,1.0,2026
1,571539,Chrast,15,3181,0,45.0,3.0,2026
1,571547,Chroustovice,15,1292,0,15.0,1.0,2026
1,571555,Líský,5,106,0,6.0,1.0,2026
1,571563,Jenišovice,9,431,0,9.0,1.0,2026
1,571571,Kameničky,9,780,0,18.0,2.0,2026
1,571580,Kladno,7,235,0,9.0,1.0,2026
1,571598,Zájezd,5,152,0,6.0,6.0,2026
1,571601,Libovice,7,383,0,10.0,10.0,2026
1,571610,Kočí,7,727,0,18.0,2.0,2026
1,571628,Kostelec u Heřmanova Městce,7,390,0,17.0,2.0,2026
1,571636,Němčice,7,406,0,9.0,1.0,2026
1,571644,Štíhlice,7,244,0,16.0,16.0,2026
1,571652,Krásné,7,156,0,9.0,9.0,2026
1,571661,Krouna,15,1399,0,55.0,4.0,2026
1,571679,Oplany,7,106,0,9.0,1.0,2026
1,571687,Klášterní Skalice,7,130,0,13.0,6.0,2026
1,571695,Leština,9,357,0,12.0,12.0,2026
1,571709,Leštinka,7,179,0,9.0,9.0,2026
1,571717,Kšely,7,223,0,18.0,3.0,2026
1,571725,Libkov,7,92,0,9.0,9.0,2026
1,571733,Liboměřice,7,183,0,9.0,9.0,2026
1,571741,Třebonín,5,130,0,5.0,1.0,2026
1,571750,Lozice,7,171,0,9.0,1.0,2026
1,571768,Lukavice,11,914,0,22.0,2.0,2026
1,571776,Luže,15,2589,0,75.0,5.0,2026
1,571784,Libiš,15,2425,0,105.0,7.0,2026
1,571792,Kozomín,7,496,0,16.0,2.0,2026
1,571806,Nová Ves u Bakova,7,297,0,12.0,2.0,2026
1,571814,Zdětín,9,657,0,18.0,2.0,2026
1,571822,Míčov-Sušice,7,267,0,7.0,1.0,2026
1,571831,Miřetice,11,1286,0,33.0,3.0,2026
1,571849,Chudíř,5,244,0,6.0,1.0,2026
1,571857,Mladoňovice,9,337,0,9.0,1.0,2026
1,571865,Mukařov,6,204,0,8.0,8.0,2026
1,571873,Morašice,15,824,0,60.0,4.0,2026
1,571881,Strážiště,7,133,0,8.0,1.0,2026
1,571890,Nabočany,5,126,0,6.0,1.0,2026
1,571903,Načešice,9,681,0,9.0,1.0,2026
1,571911,Nasavrky,15,1690,0,75.0,5.0,2026
1,571920,Nové Hrady,9,306,0,13.0,13.0,2026
1,571938,Ptýrov,7,385,0,9.0,1.0,2026
1,571946,Branžež,7,272,0,10.0,10.0,2026
1,571954,Sudovo Hlavno,7,518,0,27.0,3.0,2026
1,571962,Orel,11,809,0,22.0,2.0,2026
1,571971,Kováň,5,156,0,5.0,1.0,2026
1,571989,Dobšín,7,310,0,8.0,1.0,2026
1,571997,Neveklovice,5,78,0,6.0,1.0,2026
1,572004,Perálec,9,259,0,12.0,12.0,2026
1,572012,Kovanec,5,122,0,6.0,1.0,2026
1,572021,Vrátno,7,160,0,13.0,2.0,2026
1,572039,Podhořany u Ronova,7,275,0,13.0,8.0,2026
1,572047,Kyje,7,90,0,8.0,1.0,2026
1,572063,Pokřikov,7,252,0,10.0,2.0,2026
1,572071,Prachovice,11,1404,0,33.0,3.0,2026
1,572080,Proseč,15,2143,0,45.0,3.0,2026
1,572098,Prosetín,9,794,0,27.0,3.0,2026
1,572101,Předhradí,9,401,0,18.0,2.0,2026
1,572110,Přestavlky,6,196,0,7.0,7.0,2026
1,572128,Vrbice,5,165,0,7.0,2.0,2026
1,572136,Kozojedy,7,164,0,13.0,13.0,2026
1,572144,Sekeřice,7,121,0,9.0,9.0,2026
1,572152,Raná,9,381,0,18.0,2.0,2026
1,572161,Ronov nad Doubravou,15,1677,0,45.0,3.0,2026
1,572179,Rosice,15,1372,0,45.0,3.0,2026
1,572187,Slavhostice,7,129,0,8.0,1.0,2026
1,572195,Želivsko,5,40,0,6.0,1.0,2026
1,572209,Řepníky,7,387,0,7.0,1.0,2026
1,572217,Řestoky,7,470,0,23.0,3.0,2026
1,572225,Seč,15,1869,0,45.0,3.0,2026
1,572233,Řídký,7,59,0,7.0,1.0,2026
1,572241,Skuteč,19,5061,0,95.0,5.0,2026
1,572250,Březinky,7,125,0,7.0,7.0,2026
1,572268,Slatiňany,21,4134,0,126.0,6.0,2026
1,572276,Sobětuchy,15,986,0,60.0,4.0,2026
1,572284,Hartinkov,7,54,0,7.0,1.0,2026
1,572292,Vrážné,5,64,0,6.0,1.0,2026
1,572306,Stradouň,7,187,0,11.0,11.0,2026
1,572314,Střemošice,7,193,0,8.0,8.0,2026
1,572322,Studnice,9,455,0,18.0,2.0,2026
1,572331,Svídnice,7,413,0,8.0,1.0,2026
1,572349,Svratouch,9,905,0,18.0,2.0,2026
1,572357,Desná,9,376,0,12.0,12.0,2026
1,572365,Horní Újezd,9,431,0,15.0,15.0,2026
1,572373,Poříčí u Litomyšle,9,528,0,13.0,13.0,2026
1,572381,Tisovec,7,360,0,16.0,2.0,2026
1,572390,Trhová Kamenice,7,1007,0,9.0,1.0,2026
1,572403,Trojovice,7,179,0,8.0,1.0,2026
1,572411,Třemošnice,15,3380,0,45.0,3.0,2026
1,572420,Tuněchody,9,599,0,15.0,4.0,2026
1,572438,Nová Ves u Jarošova,5,66,0,5.0,5.0,2026
1,572446,Úhřetice,9,486,0,18.0,2.0,2026
1,572454,Vápenný Podol,7,311,0,6.0,1.0,2026
1,572462,Včelákov,7,562,0,7.0,1.0,2026
1,572471,Vejvanovice,7,294,0,13.0,13.0,2026
1,572489,Vinary,5,136,0,6.0,1.0,2026
1,572497,Vítanov,9,481,0,18.0,2.0,2026
1,572501,Vojtěchov,9,395,0,18.0,2.0,2026
1,572519,Biskupice,7,476,0,9.0,1.0,2026
1,572527,Vortová,7,234,0,9.0,1.0,2026
1,572535,Vrbatův Kostelec,7,374,0,21.0,3.0,2026
1,572543,Všeradov,7,132,0,9.0,1.0,2026
1,572551,Vysočina,7,699,0,34.0,4.0,2026
1,572560,Banín,7,300,0,16.0,2.0,2026
1,572578,Zaječice,15,1035,0,30.0,2.0,2026
1,572586,Bělá nad Svitavou,9,476,0,9.0,1.0,2026
1,572594,Kukle,7,84,0,8.0,1.0,2026
1,572608,Nová Sídla,7,273,0,7.0,1.0,2026
1,572616,Tržek,7,160,0,9.0,9.0,2026
1,572624,Útěchov,7,348,0,9.0,1.0,2026
1,572632,Borušov,7,178,0,25.0,4.0,2026
1,572641,Žumberk,7,289,0,12.0,12.0,2026
1,572659,Jičín,21,16052,0,219.0,11.0,2026
1,572667,Bašnice,7,219,0,9.0,9.0,2026
1,572675,Běchary,9,276,0,14.0,14.0,2026
1,572683,Dětřichov u Moravské Třebové,7,185,0,7.0,7.0,2026
1,572691,Hradec nad Svitavou,15,1663,0,45.0,3.0,2026
1,572705,Boháňka,9,265,0,18.0,2.0,2026
1,572713,Javorník,9,428,0,27.0,3.0,2026
1,572721,Opatovec,9,727,0,18.0,2.0,2026
1,572730,Chmelík,7,199,0,11.0,11.0,2026
1,572748,Karle,9,421,0,24.0,3.0,2026
1,572756,Tetín,7,156,0,7.0,1.0,2026
1,572764,Chrtníky,7,112,0,9.0,1.0,2026
1,572772,Bystřice,7,362,0,10.0,5.0,2026
1,572781,Cerekvice nad Bystřicí,9,805,0,27.0,3.0,2026
1,572799,Časy,7,230,0,11.0,11.0,2026
1,572802,Malé Výkleky,5,138,0,6.0,1.0,2026
1,572811,Češov,5,246,0,5.0,1.0,2026
1,572829,Dětenice,9,759,0,9.0,1.0,2026
1,572837,Dobrá Voda u Hořic,9,603,0,16.0,2.0,2026
1,572845,Lány u Dašic,5,150,0,6.0,1.0,2026
1,572853,Pravy,5,113,0,6.0,1.0,2026
1,572861,Křičeň,7,302,0,9.0,1.0,2026
1,572870,Němčice,9,833,0,10.0,2.0,2026
1,572888,Újezd u Sezemic,7,236,0,8.0,1.0,2026
1,572896,Černá u Bohdanče,7,733,0,5.0,1.0,2026
1,572900,Holín,7,624,0,9.0,1.0,2026
1,572918,Holovousy,9,559,0,45.0,5.0,2026
1,572926,Hořice,21,8427,0,147.0,7.0,2026
1,572934,Stéblová,7,309,0,7.0,7.0,2026
1,572942,Plch,5,106,0,6.0,1.0,2026
1,572951,Podůlšany,7,149,0,12.0,12.0,2026
1,572969,Chomutice,9,592,0,18.0,2.0,2026
1,572977,Dubany,7,349,0,7.0,1.0,2026
1,572985,Třebosice,5,253,0,12.0,2.0,2026
1,572993,Jeřice,9,383,0,18.0,2.0,2026
1,573001,Jičíněves,7,661,0,17.0,2.0,2026
1,573019,Holotín,5,67,0,5.0,1.0,2026
1,573027,Sovolusky,7,118,0,13.0,13.0,2026
1,573035,Morašice,5,96,0,6.0,1.0,2026
1,573043,Kněžnice,5,271,0,8.0,2.0,2026
1,573051,Konecchlumí,7,424,0,12.0,12.0,2026
1,573060,Kopidlno,15,2135,0,75.0,5.0,2026
1,573078,Neratov,7,176,0,9.0,1.0,2026
1,573086,Lískovice,7,240,0,7.0,7.0,2026
1,573094,Lázně Bělohrad,15,3701,0,45.0,3.0,2026
1,573108,Libáň,9,1918,0,36.0,4.0,2026
1,573116,Libošovice,9,522,0,9.0,1.0,2026
1,573124,Libuň,7,796,0,9.0,1.0,2026
1,573132,Starý Bydžov,7,423,0,21.0,3.0,2026
1,573141,Lukavec u Hořic,9,330,0,18.0,2.0,2026
1,573159,Lužany,9,618,0,19.0,19.0,2026
1,573167,Markvartice,9,526,0,18.0,2.0,2026
1,573175,Miletín,11,951,0,22.0,2.0,2026
1,573183,Zelenecká Lhota,7,178,0,8.0,8.0,2026
1,573191,Sadová,7,320,0,7.0,1.0,2026
1,573205,Mladějov,9,550,0,18.0,2.0,2026
1,573213,Mlázovice,11,551,0,11.0,1.0,2026
1,573221,Rohoznice,7,325,0,10.0,10.0,2026
1,573230,Nemyčeves,7,352,0,8.0,1.0,2026
1,573248,Nová Paka,21,8834,0,125.0,6.0,2026
1,573256,Šárovcova Lhota,7,219,0,9.0,9.0,2026
1,573264,Osek,7,251,0,7.0,1.0,2026
1,573272,Ostroměř,11,1339,0,11.0,1.0,2026
1,573281,Ostružno,7,104,0,8.0,8.0,2026
1,573299,Pecka,15,1273,0,30.0,2.0,2026
1,573302,Svatojanský Újezd,7,90,0,7.0,7.0,2026
1,573311,Podhorní Újezd a Vojice,9,640,0,27.0,3.0,2026
1,573329,Podhradí,9,500,0,9.0,1.0,2026
1,573337,Dřevěnice,7,295,0,10.0,10.0,2026
1,573345,Podůlší,7,237,0,9.0,9.0,2026
1,573353,Bukvice,5,180,0,6.0,1.0,2026
1,573361,Soběraz,7,94,0,14.0,2.0,2026
1,573370,Radim,5,480,0,5.0,1.0,2026
1,573388,Litoboř,7,115,0,11.0,11.0,2026
1,573400,Loučky,7,155,0,8.0,1.0,2026
1,573418,Martinice v Krkonoších,9,623,0,16.0,3.0,2026
1,573426,Anenská Studánka,5,193,0,17.0,3.0,2026
1,573434,Lhota,7,911,0,32.0,5.0,2026
1,573442,Samšina,7,272,0,16.0,2.0,2026
1,573451,Sběř,7,326,0,8.0,1.0,2026
1,573469,Slatiny,9,552,0,12.0,12.0,2026
1,573477,Sobčice,7,296,0,8.0,2.0,2026
1,573485,Lesůňky,7,85,0,10.0,10.0,2026
1,573493,Sobotka,15,2401,0,45.0,3.0,2026
1,573507,Stará Paka,9,2142,0,18.0,2.0,2026
1,573515,Kunětice,6,429,0,8.0,1.0,2026
1,573523,Staré Smrkovice,5,265,0,10.0,2.0,2026
1,573531,Puchlovice,9,119,0,9.0,9.0,2026
1,573540,Střevač,9,286,0,9.0,1.0,2026
1,573558,Boňkov,7,77,0,14.0,2.0,2026
1,573566,Bělá,7,221,0,9.0,9.0,2026
1,573574,Chřenovice,7,149,0,8.0,8.0,2026
1,573582,Víska,7,187,0,10.0,10.0,2026
1,573591,Pohleď,7,72,0,8.0,8.0,2026
1,573604,Služátky,7,160,0,9.0,1.0,2026
1,573612,Třebnouševes,9,297,0,27.0,3.0,2026
1,573621,Hvozdnice,7,352,0,9.0,1.0,2026
1,573639,Třtěnice,7,345,0,10.0,10.0,2026
1,573647,Tuř,7,136,0,9.0,2.0,2026
1,573655,Úbislavice,7,490,0,14.0,2.0,2026
1,573663,Údrnice,7,332,0,8.0,8.0,2026
1,573671,Úhlejov,7,138,0,16.0,2.0,2026
1,573680,Újezd pod Troskami,7,329,0,9.0,1.0,2026
1,573698,Úlibice,7,366,0,9.0,1.0,2026
1,573701,Valdice,11,1272,0,22.0,2.0,2026
1,573710,Kobylice,7,260,0,8.0,8.0,2026
1,573728,Veliš,5,197,0,12.0,2.0,2026
1,573736,Vidochov,7,354,0,9.0,9.0,2026
1,573744,Zdechovice,7,164,0,5.0,5.0,2026
1,573752,Vitiněves,7,340,0,13.0,13.0,2026
1,573761,Volanice,5,231,0,7.0,2.0,2026
1,573779,Máslojedy,5,218,0,6.0,1.0,2026
1,573787,Klešice,7,433,0,18.0,2.0,2026
1,573795,Vršce,9,237,0,14.0,14.0,2026
1,573809,Vysoké Veselí,15,889,0,30.0,2.0,2026
1,573817,Smrček,5,136,0,6.0,1.0,2026
1,573825,Železnice,15,1435,0,15.0,1.0,2026
1,573833,Žeretice,7,243,0,12.0,2.0,2026
1,573841,Židovice,7,101,0,11.0,11.0,2026
1,573850,Žlunice,5,258,0,11.0,3.0,2026
1,573868,Náchod,27,19649,0,162.0,6.0,2026
1,573876,Zderaz,9,278,0,15.0,15.0,2026
1,573884,Bezděkov nad Metují,9,642,0,9.0,1.0,2026
1,573892,Bohuslavice,11,1036,0,33.0,3.0,2026
1,573906,Borová,7,215,0,7.0,1.0,2026
1,573914,Božanov,9,376,0,28.0,4.0,2026
1,573922,Broumov,23,6998,0,183.0,8.0,2026
1,573931,Brzice,7,250,0,9.0,9.0,2026
1,573949,Biskupice,7,78,0,9.0,5.0,2026
1,573957,Černčice,9,471,0,9.0,1.0,2026
1,573965,Červený Kostelec,25,8202,0,100.0,4.0,2026
1,573973,Česká Čermná,9,505,0,17.0,2.0,2026
1,573981,Česká Metuje,7,301,0,7.0,1.0,2026
1,573990,Česká Skalice,21,4970,0,80.0,4.0,2026
1,574007,Kněžice,7,139,0,28.0,4.0,2026
1,574015,Dolany,9,721,0,18.0,2.0,2026
1,574023,Dolní Radechová,7,765,0,25.0,3.0,2026
1,574031,Hejtmánkovice,9,583,0,27.0,3.0,2026
1,574040,Heřmanice,7,426,0,19.0,3.0,2026
1,574058,Heřmánkovice,5,490,0,22.0,4.0,2026
1,574066,Horní Radechová,7,527,0,17.0,2.0,2026
1,574074,Hořičky,9,585,0,18.0,2.0,2026
1,574082,Hronov,21,6063,0,126.0,6.0,2026
1,574091,Žlebské Chvalovice,7,137,0,9.0,6.0,2026
1,574104,Ostrov,7,180,0,10.0,10.0,2026
1,574112,Chvalkovice,9,818,0,18.0,2.0,2026
1,574121,Jaroměř,21,12487,0,126.0,6.0,2026
1,574139,Jasenná,15,722,0,46.0,4.0,2026
1,574147,Jestřebí,7,173,0,9.0,1.0,2026
1,574155,Jetřichov,7,426,0,18.0,2.0,2026
1,574163,Hynčice,5,186,0,12.0,3.0,2026
1,574171,Křinice,7,436,0,9.0,1.0,2026
1,574180,Lhota pod Hořičkami,7,276,0,7.0,1.0,2026
1,574198,Spojil,9,531,0,9.0,1.0,2026
1,574201,Horka u Staré Paky,7,233,0,11.0,3.0,2026
1,574210,Machov,9,1052,0,9.0,1.0,2026
1,574228,Martínkovice,7,510,0,22.0,3.0,2026
1,574236,Mezilečí,7,143,0,8.0,1.0,2026
1,574244,Mezilesí,7,243,0,9.0,1.0,2026
1,574252,Meziměstí,13,2283,0,52.0,4.0,2026
1,574261,Nahořany,9,623,0,9.0,1.0,2026
1,574279,Nové Město nad Metují,21,9165,0,126.0,6.0,2026
1,574287,Nový Hrádek,11,887,0,33.0,3.0,2026
1,574295,Nový Ples,7,357,0,15.0,2.0,2026
1,574309,Bezděčí u Trnávky,7,181,0,7.0,1.0,2026
1,574317,Otovice,7,323,0,31.0,4.0,2026
1,574325,Gruna,7,246,0,7.0,7.0,2026
1,574333,Radkov,7,114,0,7.0,1.0,2026
1,574341,Police nad Metují,17,4164,0,85.0,5.0,2026
1,574350,Provodov-Šonov,15,1211,0,45.0,3.0,2026
1,574368,Přibyslav,7,199,0,7.0,1.0,2026
1,574376,Rasošky,7,681,0,43.0,5.0,2026
1,574384,Rožnov,7,382,0,9.0,1.0,2026
1,574392,Sázava,9,553,0,18.0,2.0,2026
1,574406,Rychnovek,9,728,0,27.0,3.0,2026
1,574422,Slatina nad Úpou,7,315,0,12.0,12.0,2026
1,574431,Slavětín nad Metují,7,254,0,23.0,3.0,2026
1,574449,Kosořín,7,200,0,9.0,9.0,2026
1,574457,Slavoňov,7,318,0,9.0,1.0,2026
1,574465,Stárkov,7,646,0,9.0,1.0,2026
1,574481,Studnice,11,1168,0,33.0,3.0,2026
1,574490,Suchý Důl,9,406,0,9.0,1.0,2026
1,574511,Šonov,7,292,0,17.0,2.0,2026
1,574538,Teplice nad Metují,11,1584,0,77.0,7.0,2026
1,574546,Kramolna,7,1059,0,9.0,1.0,2026
1,574554,Velichovky,11,777,0,11.0,1.0,2026
1,574562,Velká Jesenice,9,733,0,27.0,3.0,2026
1,574571,Velké Petrovice,9,435,0,11.0,11.0,2026
1,574589,Velký Třebešov,9,316,0,18.0,2.0,2026
1,574597,Vilantice,7,203,0,9.0,1.0,2026
1,574601,Vlkov,7,379,0,27.0,3.0,2026
1,574627,Vršovka,5,148,0,8.0,8.0,2026
1,574635,Vysoká Srbská,5,290,0,6.0,1.0,2026
1,574643,Vysokov,9,534,0,9.0,1.0,2026
1,574651,Zábrodí,7,583,0,9.0,1.0,2026
1,574660,Zaloňov,7,447,0,8.0,1.0,2026
1,574686,Žďár nad Metují,9,643,0,24.0,3.0,2026
1,574694,Žďárky,7,584,0,7.0,1.0,2026
1,574708,Žernov,9,327,0,9.0,1.0,2026
1,574724,Barchov,5,338,0,6.0,1.0,2026
1,574741,Bezděkov,7,352,0,15.0,2.0,2026
1,574767,Lázně Bohdaneč,15,3323,0,75.0,5.0,2026
1,574783,Borek,7,288,0,10.0,10.0,2026
1,574791,Brloh,7,225,0,7.0,7.0,2026
1,574805,Břehy,9,1129,0,18.0,2.0,2026
1,574813,Bukovina nad Labem,7,239,0,9.0,1.0,2026
1,574821,Bukovina u Přelouče,6,89,0,8.0,1.0,2026
1,574830,Bukovka,7,401,0,17.0,3.0,2026
1,574848,Býšť,15,1689,0,30.0,2.0,2026
1,574856,Čeperka,11,1191,0,11.0,1.0,2026
1,574864,Čepí,7,475,0,14.0,2.0,2026
1,574899,Dašice,15,2773,0,90.0,6.0,2026
1,574902,Dolany,7,437,0,18.0,2.0,2026
1,574911,Dolní Roveň,15,2148,0,104.0,7.0,2026
1,574929,Dolní Ředice,9,1116,0,27.0,3.0,2026
1,574953,Dříteč,7,666,0,18.0,2.0,2026
1,574961,Hlavečník,7,288,0,11.0,2.0,2026
1,574988,Holice,21,6783,0,105.0,5.0,2026
1,574996,Horní Jelení,15,2149,0,90.0,6.0,2026
1,575011,Horní Ředice,15,1063,0,15.0,1.0,2026
1,575046,Hrobice,5,273,0,6.0,1.0,2026
1,575054,Choltice,11,1244,0,44.0,4.0,2026
1,575062,Choteč,7,359,0,7.0,1.0,2026
1,575071,Chvaletice,15,2897,0,90.0,6.0,2026
1,575089,Chvojenec,7,805,0,9.0,1.0,2026
1,575097,Chýšť,5,202,0,6.0,1.0,2026
1,575101,Jankovice,7,362,0,7.0,7.0,2026
1,575119,Jaroslav,5,269,0,6.0,1.0,2026
1,575127,Jedousov,7,171,0,7.0,1.0,2026
1,575135,Jeníkovice,7,242,0,7.0,1.0,2026
1,575143,Jezbořice,7,397,0,18.0,2.0,2026
1,575151,Kasalice,5,219,0,6.0,1.0,2026
1,575178,Kladruby nad Labem,11,651,0,22.0,2.0,2026
1,575194,Kojice,7,442,0,7.0,1.0,2026
1,575232,Kostěnice,15,583,0,17.0,17.0,2026
1,575259,Labské Chrčice,7,320,0,26.0,3.0,2026
1,575305,Libišany,7,714,0,9.0,1.0,2026
1,575313,Lipoltice,9,437,0,9.0,1.0,2026
1,575330,Litošice,7,166,0,14.0,2.0,2026
1,575372,Mikulovice,9,1324,0,27.0,3.0,2026
1,575381,Mokošín,7,173,0,7.0,1.0,2026
1,575399,Moravany,15,1887,0,45.0,3.0,2026
1,575429,Opatovice nad Labem,15,2968,0,60.0,4.0,2026
1,575437,Ostřešany,15,1134,0,30.0,2.0,2026
1,575445,Ostřetín,15,917,0,30.0,2.0,2026
1,575461,Poběžovice u Holic,7,314,0,9.0,9.0,2026
1,575470,Poběžovice u Přelouče,7,129,0,8.0,1.0,2026
1,575500,Přelouč,21,10195,0,146.0,7.0,2026
1,575518,Přelovice,7,239,0,18.0,2.0,2026
1,575526,Přepychy,7,91,0,11.0,11.0,2026
1,575534,Ráby,9,580,0,18.0,2.0,2026
1,575542,Radhošť,5,173,0,6.0,1.0,2026
1,575551,Rohovládova Bělá,7,674,0,14.0,2.0,2026
1,575569,Rohoznice,7,254,0,18.0,2.0,2026
1,575577,Rokytno,15,932,0,45.0,3.0,2026
1,575593,Rybitví,14,1529,0,22.0,2.0,2026
1,575607,Řečany nad Labem,9,1419,0,36.0,4.0,2026
1,575615,Selmice,7,152,0,9.0,1.0,2026
1,575623,Semín,9,641,0,54.0,6.0,2026
1,575640,Sezemice,15,4393,0,72.0,5.0,2026
1,575658,Slepotice,7,466,0,8.0,1.0,2026
1,575666,Sopřeč,7,378,0,7.0,7.0,2026
1,575682,Srch,11,1799,0,22.0,2.0,2026
1,575704,Staré Hradiště,15,2079,0,30.0,2.0,2026
1,575712,Staré Jesenčany,7,421,0,16.0,2.0,2026
1,575721,Staré Ždánice,9,719,0,18.0,2.0,2026
1,575739,Starý Mateřov,7,944,0,7.0,1.0,2026
1,575755,Stojice,7,214,0,11.0,11.0,2026
1,575763,Strašov,7,365,0,15.0,2.0,2026
1,575771,Svinčany,9,568,0,9.0,1.0,2026
1,575780,Svojšice,7,283,0,16.0,2.0,2026
1,575810,Tetov,7,163,0,11.0,2.0,2026
1,575828,Trusnov,7,212,0,9.0,1.0,2026
1,575844,Turkovice,7,330,0,9.0,1.0,2026
1,575861,Týnišťko,7,161,0,10.0,10.0,2026
1,575879,Uhersko,7,304,0,9.0,1.0,2026
1,575887,Úhřetická Lhota,5,334,0,11.0,11.0,2026
1,575909,Újezd u Přelouče,7,244,0,8.0,8.0,2026
1,575917,Urbanice,5,61,0,6.0,1.0,2026
1,575925,Valy,7,512,0,9.0,1.0,2026
1,575933,Vápno,7,122,0,10.0,10.0,2026
1,575941,Veliny,7,496,0,10.0,2.0,2026
1,575968,Veselí,9,400,0,9.0,1.0,2026
1,575984,Vlčí Habřina,7,331,0,7.0,1.0,2026
1,575992,Voleč,7,387,0,9.0,1.0,2026
1,576000,Vysoké Chvojno,7,456,0,16.0,2.0,2026
1,576018,Vyšehněvice,7,258,0,9.0,1.0,2026
1,576026,Zdechovice,9,686,0,27.0,3.0,2026
1,576042,Žáravice,5,114,0,6.0,1.0,2026
1,576051,Živanice,7,1016,0,9.0,1.0,2026
1,576069,Rychnov nad Kněžnou,21,11693,0,189.0,9.0,2026
1,576077,Albrechtice nad Orlicí,11,1000,0,11.0,1.0,2026
1,576085,Bačetín,9,391,0,9.0,1.0,2026
1,576093,Bartošovice v Orlických horách,7,225,0,28.0,4.0,2026
1,576107,Bílý Újezd,11,755,0,33.0,3.0,2026
1,576115,Bohdašín,7,203,0,9.0,9.0,2026
1,576123,Bolehošť,9,665,0,18.0,2.0,2026
1,576131,Borohrádek,15,2059,0,15.0,1.0,2026
1,576140,Borovnice,9,404,0,45.0,5.0,2026
1,576166,Bystré,7,269,0,9.0,1.0,2026
1,576174,Byzhradec,7,207,0,10.0,10.0,2026
1,576182,Častolovice,15,1671,0,75.0,5.0,2026
1,576191,Čermná nad Orlicí,15,1099,0,15.0,1.0,2026
1,576204,Černíkovice,11,809,0,22.0,2.0,2026
1,576212,České Meziříčí,15,2044,0,75.0,5.0,2026
1,576221,Čestice,9,581,0,9.0,1.0,2026
1,576247,Deštné v Orlických horách,9,529,0,20.0,3.0,2026
1,576263,Dobré,9,880,0,9.0,1.0,2026
1,576271,Dobruška,15,6445,0,105.0,7.0,2026
1,576280,Dobřany,7,139,0,9.0,9.0,2026
1,576301,Doudleby nad Orlicí,15,1791,0,45.0,3.0,2026
1,576310,Chleny,7,201,0,7.0,7.0,2026
1,576328,Janov,7,117,0,15.0,2.0,2026
1,576336,Javornice,11,1122,0,33.0,3.0,2026
1,576352,Jílovice,5,308,0,12.0,8.0,2026
1,576361,Kostelec nad Orlicí,21,6224,0,126.0,6.0,2026
1,576387,Kostelecké Horky,7,177,0,8.0,8.0,2026
1,576395,Kounov,7,239,0,11.0,11.0,2026
1,576409,Králova Lhota,7,279,0,16.0,16.0,2026
1,576425,Kvasiny,15,1724,0,30.0,2.0,2026
1,576433,Ledce,7,340,0,10.0,10.0,2026
1,576441,Lhoty u Potštejna,7,353,0,8.0,8.0,2026
1,576450,Liberk,9,690,0,54.0,6.0,2026
1,576468,Lično,9,657,0,18.0,2.0,2026
1,576476,Lípa nad Orlicí,9,647,0,9.0,1.0,2026
1,576492,Lukavice,7,640,0,17.0,2.0,2026
1,576506,Lupenice,7,279,0,7.0,1.0,2026
1,576522,Mokré,7,172,0,7.0,1.0,2026
1,576549,Nová Ves,7,243,0,7.0,1.0,2026
1,576557,Očelice,7,225,0,10.0,10.0,2026
1,576565,Ohnišov,9,511,0,9.0,1.0,2026
1,576573,Olešnice v Orlických horách,9,389,0,27.0,3.0,2026
1,576581,Olešnice,9,486,0,14.0,2.0,2026
1,576590,Opočno,15,3118,0,75.0,5.0,2026
1,576603,Orlické Záhoří,7,213,0,9.0,1.0,2026
1,576611,Osečnice,7,295,0,23.0,3.0,2026
1,576620,Pěčín,7,473,0,17.0,3.0,2026
1,576654,Podbřezí,9,618,0,9.0,1.0,2026
1,576662,Pohoří,15,681,0,15.0,1.0,2026
1,576671,Potštejn,11,971,0,55.0,5.0,2026
1,576689,Přepychy,15,639,0,45.0,3.0,2026
1,576701,Rokytnice v Orlických horách,15,2113,0,105.0,7.0,2026
1,576727,Rybná nad Zdobnicí,9,400,0,14.0,3.0,2026
1,576735,Říčky v Orlických horách,7,123,0,17.0,3.0,2026
1,576743,Sedloňov,7,207,0,9.0,1.0,2026
1,576751,Semechnice,9,458,0,18.0,2.0,2026
1,576778,Skuhrov nad Bělou,15,1113,0,30.0,2.0,2026
1,576786,Slatina nad Zdobnicí,11,871,0,48.0,5.0,2026
1,576794,Sněžné,7,141,0,8.0,1.0,2026
1,576808,Solnice,15,2515,0,15.0,1.0,2026
1,576816,Synkov-Slemeno,9,459,0,18.0,2.0,2026
1,576824,Trnov,15,779,0,45.0,3.0,2026
1,576832,Třebešov,7,326,0,9.0,1.0,2026
1,576841,Tutleky,9,338,0,12.0,12.0,2026
1,576859,Týniště nad Orlicí,17,6133,0,68.0,4.0,2026
1,576875,Val,7,317,0,9.0,1.0,2026
1,576883,Vamberk,15,4580,0,60.0,4.0,2026
1,576891,Voděrady,15,730,0,30.0,2.0,2026
1,576921,Záměl,7,662,0,9.0,1.0,2026
1,576930,Zdelov,7,269,0,14.0,2.0,2026
1,576948,Zdobnice,9,184,0,18.0,2.0,2026
1,576956,Žďár nad Orlicí,7,537,0,16.0,2.0,2026
1,576964,Semily,21,7999,0,126.0,6.0,2026
1,576972,Bělá,7,280,0,36.0,4.0,2026
1,576981,Benecko,15,1111,0,30.0,2.0,2026
1,576999,Benešov u Semil,15,866,0,30.0,2.0,2026
1,577006,Bozkov,15,591,0,15.0,1.0,2026
1,577014,Bradlecká Lhota,7,236,0,15.0,2.0,2026
1,577031,Bukovina u Čisté,5,206,0,6.0,1.0,2026
1,577049,Bystrá nad Jizerou,5,117,0,12.0,2.0,2026
1,577057,Čistá u Horek,7,591,0,8.0,1.0,2026
1,577073,Háje nad Jizerou,9,677,0,36.0,4.0,2026
1,577081,Harrachov,9,1361,0,54.0,6.0,2026
1,577111,Holenice,7,100,0,7.0,1.0,2026
1,577120,Horní Branná,11,1868,0,22.0,2.0,2026
1,577146,Hrubá Skála,9,600,0,18.0,2.0,2026
1,577154,Chuchelna,15,976,0,30.0,2.0,2026
1,577162,Jablonec nad Jizerou,15,1592,0,60.0,4.0,2026
1,577171,Jesenný,7,511,0,18.0,2.0,2026
1,577189,Jestřabí v Krkonoších,9,238,0,18.0,2.0,2026
1,577197,Jilemnice,17,5312,0,104.0,7.0,2026
1,577201,Kacanovy,7,234,0,8.0,8.0,2026
1,577219,Karlovice,15,885,0,21.0,21.0,2026
1,577227,Klokočí,9,211,0,18.0,2.0,2026
1,577235,Košťálov,13,1672,0,52.0,4.0,2026
1,577243,Kruh,7,513,0,9.0,9.0,2026
1,577294,Libštát,15,900,0,45.0,3.0,2026
1,577308,Lomnice nad Popelkou,17,5649,0,51.0,3.0,2026
1,577316,Mírová pod Kozákovem,15,1730,0,15.0,1.0,2026
1,577324,Modřišice,7,427,0,9.0,1.0,2026
1,577332,Mříčná,7,593,0,18.0,2.0,2026
1,577341,Nová Ves nad Popelkou,7,666,0,32.0,4.0,2026
1,577359,Ohrazenice,11,1105,0,11.0,1.0,2026
1,577367,Olešnice,9,239,0,9.0,9.0,2026
1,577375,Levínská Olešnice,7,330,0,9.0,1.0,2026
1,577391,Peřimov,7,282,0,10.0,10.0,2026
1,577405,Poniklá,15,1096,0,45.0,3.0,2026
1,577413,Přepeře,11,1067,0,22.0,2.0,2026
1,577421,Příkrý,9,248,0,14.0,2.0,2026
1,577430,Radostná pod Kozákovem,9,436,0,10.0,2.0,2026
1,577448,Rakousy,7,105,0,9.0,1.0,2026
1,577456,Rokytnice nad Jizerou,15,2459,0,60.0,4.0,2026
1,577464,Roprachtice,7,293,0,9.0,9.0,2026
1,577472,Rovensko pod Troskami,11,1369,0,33.0,3.0,2026
1,577481,Roztoky u Semil,5,108,0,6.0,1.0,2026
1,577499,Roztoky u Jilemnice,9,1083,0,18.0,2.0,2026
1,577529,Slaná,7,677,0,14.0,2.0,2026
1,577545,Stružinec,7,690,0,10.0,2.0,2026
1,577553,Studenec,15,1843,0,30.0,2.0,2026
1,577561,Svojek,7,179,0,16.0,2.0,2026
1,577570,Syřenov,7,245,0,11.0,2.0,2026
1,577596,Tatobity,9,626,0,18.0,2.0,2026
1,577600,Troskovice,5,77,0,6.0,1.0,2026
1,577626,Turnov,27,14607,0,162.0,6.0,2026
1,577642,Veselá,7,235,0,16.0,2.0,2026
1,577651,Víchová nad Jizerou,9,837,0,36.0,4.0,2026
1,577669,Vítkovice,9,366,0,45.0,5.0,2026
1,577677,Všeň,15,612,0,15.0,1.0,2026
1,577685,Vyskeř,7,406,0,9.0,1.0,2026
1,577693,Vysoké nad Jizerou,15,1263,0,15.0,1.0,2026
1,577707,Záhoří,7,515,0,7.0,1.0,2026
1,577723,Žernov,7,245,0,10.0,10.0,2026
1,577731,Svitavy,26,16041,0,156.0,6.0,2026
1,577774,Benátky,9,409,0,27.0,3.0,2026
1,577812,Bohuňov,7,124,0,8.0,8.0,2026
1,577821,Bohuňovice,7,114,0,15.0,2.0,2026
1,577839,Borová,15,1041,0,30.0,2.0,2026
1,577863,Brněnec,15,1221,0,45.0,3.0,2026
1,577871,Březina,7,318,0,9.0,1.0,2026
1,577898,Březiny,7,138,0,7.0,1.0,2026
1,577910,Budislav,9,511,0,18.0,2.0,2026
1,577928,Bystré,15,1561,0,30.0,2.0,2026
1,577936,Cerekvice nad Loučnou,11,889,0,34.0,4.0,2026
1,577944,Čistá,15,1067,0,30.0,2.0,2026
1,577961,Dětřichov,9,391,0,18.0,2.0,2026
1,577979,Poustka,7,170,0,8.0,1.0,2026
1,577987,Dlouhá Loučka,9,588,0,18.0,2.0,2026
1,577995,Dolní Újezd,15,1958,0,45.0,3.0,2026
1,578002,Velký Luh,7,180,0,9.0,1.0,2026
1,578011,Chodov,5,129,0,5.0,1.0,2026
1,578029,Vysoká Pec,7,340,0,12.0,12.0,2026
1,578037,Hartmanice,7,249,0,9.0,1.0,2026
1,578045,Krásný Les,9,361,0,18.0,2.0,2026
1,578053,Horky,9,146,0,11.0,11.0,2026
1,578061,Ostřetice,9,76,0,9.0,1.0,2026
1,578070,Lomec,7,129,0,7.0,1.0,2026
1,578088,Biřkov,7,142,0,7.0,1.0,2026
1,578096,Chornice,11,846,0,22.0,2.0,2026
1,578100,Chotěnov,7,138,0,7.0,7.0,2026
1,578118,Chotovice,9,153,0,13.0,13.0,2026
1,578126,Chrastavec,7,236,0,8.0,8.0,2026
1,578134,Janov,9,1041,0,9.0,1.0,2026
1,578142,Janůvky,7,62,0,8.0,8.0,2026
1,578151,Jaroměřice,9,1177,0,18.0,2.0,2026
1,578169,Jarošov,7,197,0,9.0,1.0,2026
1,578177,Kovčín,7,84,0,15.0,2.0,2026
1,578185,Jedlová,15,1106,0,30.0,2.0,2026
1,578193,Jevíčko,15,2837,0,75.0,5.0,2026
1,578207,Kamenec u Poličky,9,598,0,9.0,1.0,2026
1,578215,Kamenná Horka,9,371,0,27.0,3.0,2026
1,578223,Nehodiv,7,88,0,7.0,7.0,2026
1,578231,Koclířov,15,740,0,15.0,1.0,2026
1,578240,Hamry,6,108,0,6.0,1.0,2026
1,578258,Korouhev,9,810,0,11.0,11.0,2026
1,578266,Koruna,7,167,0,9.0,1.0,2026
1,578274,Křenov,9,393,0,9.0,1.0,2026
1,578282,Kunčina,15,1398,0,15.0,1.0,2026
1,578291,Květná,11,425,0,22.0,2.0,2026
1,578304,Lavičné,5,129,0,6.0,1.0,2026
1,578312,Zborovy,7,130,0,9.0,1.0,2026
1,578321,Újezd u Plánice,5,123,0,6.0,1.0,2026
1,578339,Linhartice,9,623,0,9.0,1.0,2026
1,578347,Litomyšl,23,10411,0,115.0,5.0,2026
1,578355,Lubná,15,945,0,29.0,2.0,2026
1,578363,Makov,9,342,0,19.0,3.0,2026
1,578371,Malíkov,7,105,0,7.0,1.0,2026
1,578380,Městečko Trnávka,15,1425,0,52.0,4.0,2026
1,578398,Mikuleč,7,261,0,18.0,2.0,2026
1,578401,Mladějov na Moravě,9,461,0,27.0,3.0,2026
1,578410,Maňovice,5,41,0,7.0,2.0,2026
1,578428,Morašice,11,740,0,33.0,3.0,2026
1,578436,Slatina,7,91,0,7.0,7.0,2026
1,578444,Moravská Třebová,21,9418,0,189.0,9.0,2026
1,578452,Nedvězí,7,183,0,14.0,9.0,2026
1,578461,Mezihoří,7,74,0,7.0,1.0,2026
1,578479,Oldřiš,15,662,0,45.0,3.0,2026
1,578487,Opatov,15,1103,0,45.0,3.0,2026
1,578495,Čímice,7,164,0,8.0,1.0,2026
1,578509,Osík,11,1060,0,33.0,3.0,2026
1,578517,Domoraz,7,54,0,7.0,7.0,2026
1,578525,Frymburk,9,102,0,9.0,1.0,2026
1,578533,Nezamyslice,7,208,0,16.0,16.0,2026
1,578541,Jarov,7,224,0,10.0,2.0,2026
1,578550,Pohledy,9,315,0,27.0,3.0,2026
1,578568,Čmelíny,5,128,0,11.0,6.0,2026
1,578576,Polička,21,9035,0,137.0,7.0,2026
1,578584,Pomezí,15,1341,0,30.0,2.0,2026
1,578592,Třebčice,7,107,0,9.0,1.0,2026
1,578606,Lhůta,7,220,0,9.0,1.0,2026
1,578614,Tojice,7,106,0,9.0,1.0,2026
1,578622,Příluka,9,175,0,15.0,15.0,2026
1,578631,Pustá Kamenice,7,319,0,9.0,1.0,2026
1,578649,Pustá Rybná,7,164,0,14.0,2.0,2026
1,578657,Radiměř,15,1260,0,42.0,3.0,2026
1,578665,Dražeň,7,179,0,14.0,2.0,2026
1,578673,Rohozná,9,646,0,18.0,2.0,2026
1,578681,Rozhraní,9,301,0,9.0,1.0,2026
1,578690,Rozstání,7,263,0,7.0,1.0,2026
1,578703,Rudná,7,137,0,16.0,2.0,2026
1,578711,Rychnov na Moravě,9,612,0,20.0,4.0,2026
1,578720,Sádek,11,556,0,11.0,1.0,2026
1,578738,Sebranice,9,959,0,27.0,3.0,2026
1,578746,Sedliště,7,228,0,9.0,9.0,2026
1,578754,Sklené,5,235,0,9.0,2.0,2026
1,578762,Slatina,7,166,0,7.0,1.0,2026
1,578771,Kočín,5,105,0,6.0,1.0,2026
1,578789,Staré Město,9,1031,0,45.0,5.0,2026
1,578797,Štichovice,9,119,0,15.0,2.0,2026
1,578801,Stašov,9,277,0,18.0,2.0,2026
1,578819,Strakov,7,267,0,10.0,2.0,2026
1,578827,Zahrádka,7,171,0,18.0,2.0,2026
1,578835,Suchá Lhota,7,83,0,9.0,9.0,2026
1,578843,Svojanov,7,352,0,16.0,2.0,2026
1,578851,Široký Důl,7,397,0,15.0,2.0,2026
1,578860,Študlov,7,111,0,7.0,1.0,2026
1,578878,Telecí,9,412,0,9.0,1.0,2026
1,578886,Trpín,7,449,0,9.0,1.0,2026
1,578894,Trstěnice,9,547,0,24.0,3.0,2026
1,578908,Třebařov,9,904,0,9.0,1.0,2026
1,578916,Újezdec,7,117,0,7.0,1.0,2026
1,578924,Velečín,5,71,0,6.0,1.0,2026
1,578932,Vendolí,11,988,0,22.0,2.0,2026
1,578941,Vidlatá Seč,7,292,0,8.0,2.0,2026
1,578959,Víska u Jevíčka,7,186,0,8.0,1.0,2026
1,578967,Vítějeves,7,430,0,7.0,1.0,2026
1,578975,Vranová Lhota,9,427,0,19.0,3.0,2026
1,578983,Tatiná,7,237,0,7.0,1.0,2026
1,578991,Vysoká,7,43,0,11.0,3.0,2026
1,579009,Medový Újezd,7,276,0,7.0,1.0,2026
1,579017,Kakejcov,7,106,0,7.0,1.0,2026
1,579025,Trutnov,33,29337,0,165.0,5.0,2026
1,579033,Kornatice,7,294,0,8.0,8.0,2026
1,579041,Batňovice,9,787,0,36.0,4.0,2026
1,579050,Bernartice,15,902,0,60.0,4.0,2026
1,579068,Bílá Třemešná,15,1394,0,24.0,2.0,2026
1,579076,Bílé Poličany,7,164,0,14.0,14.0,2026
1,579084,Mešno,5,80,0,6.0,1.0,2026
1,579092,Borovnice,7,371,0,24.0,3.0,2026
1,579106,Čermná,9,427,0,9.0,1.0,2026
1,579114,Černý Důl,9,674,0,18.0,2.0,2026
1,579122,Dolní Branná,11,1017,0,33.0,3.0,2026
1,579131,Příkosice,7,429,0,9.0,1.0,2026
1,579149,Dolní Dvůr,9,260,0,18.0,2.0,2026
1,579157,Dolní Kalná,9,699,0,35.0,4.0,2026
1,579165,Dolní Lánov,11,839,0,22.0,2.0,2026
1,579173,Dolní Olešnice,7,370,0,16.0,2.0,2026
1,579181,Doubravice,9,394,0,9.0,1.0,2026
1,579190,Dubenec,11,682,0,11.0,1.0,2026
1,579203,Dvůr Králové nad Labem,21,15316,0,105.0,5.0,2026
1,579211,Hajnice,15,1071,0,45.0,3.0,2026
1,579220,Havlovice,15,1009,0,30.0,2.0,2026
1,579238,Horní Brusnice,9,456,0,21.0,13.0,2026
1,579246,Trokavec,7,109,0,8.0,1.0,2026
1,579254,Horní Kalná,7,370,0,6.0,1.0,2026
1,579262,Horní Maršov,15,934,0,60.0,4.0,2026
1,579271,Horní Olešnice,7,304,0,14.0,2.0,2026
1,579289,Vísky,7,61,0,15.0,2.0,2026
1,579297,Hostinné,21,4082,0,84.0,4.0,2026
1,579301,Hřibojedy,7,227,0,9.0,1.0,2026
1,579319,Chotěvice,11,1046,0,44.0,4.0,2026
1,579327,Choustníkovo Hradiště,15,624,0,27.0,2.0,2026
1,579335,Chvaleč,9,629,0,9.0,1.0,2026
1,579343,Štítov,5,49,0,6.0,1.0,2026
1,579351,Janské Lázně,15,647,0,60.0,4.0,2026
1,579360,Těšovice,7,265,0,9.0,1.0,2026
1,579378,Jívka,11,605,0,22.0,2.0,2026
1,579386,Klášterská Lhota,7,232,0,9.0,1.0,2026
1,579394,Kocbeře,7,517,0,16.0,2.0,2026
1,579408,Kohoutov,7,310,0,26.0,3.0,2026
1,579416,Kuks,9,243,0,24.0,3.0,2026
1,579424,Kunčice nad Labem,9,588,0,27.0,3.0,2026
1,579432,Lánov,15,1771,0,45.0,3.0,2026
1,579441,Lanžov,7,213,0,18.0,2.0,2026
1,579459,Ctiboř,7,322,0,7.0,1.0,2026
1,579467,Skapce,5,117,0,6.0,1.0,2026
1,579475,Libňatov,9,425,0,9.0,9.0,2026
1,579483,Libotov,7,179,0,7.0,1.0,2026
1,579491,Vranov,7,212,0,15.0,2.0,2026
1,579505,Malá Úpa,9,148,0,9.0,1.0,2026
1,579513,Malé Svatoňovice,15,1596,0,30.0,2.0,2026
1,579530,Maršov u Úpice,9,188,0,14.0,14.0,2026
1,579548,Mladé Buky,15,2301,0,60.0,4.0,2026
1,579556,Mostek,11,1176,0,34.0,4.0,2026
1,579564,Nemojov,7,831,0,18.0,2.0,2026
1,579581,Pec pod Sněžkou,11,696,0,55.0,5.0,2026
1,579599,Pilníkov,9,1209,0,18.0,2.0,2026
1,579602,Prosečné,9,586,0,18.0,2.0,2026
1,579629,Radvanice,9,922,0,47.0,7.0,2026
1,579637,Rtyně v Podkrkonoší,15,2841,0,75.0,5.0,2026
1,579645,Rudník,15,1993,0,60.0,4.0,2026
1,579661,Staré Buky,7,675,0,22.0,3.0,2026
1,579696,Strážné,7,214,0,8.0,1.0,2026
1,579726,Suchovršice,9,376,0,11.0,11.0,2026
1,579734,Svoboda nad Úpou,15,1923,0,75.0,5.0,2026
1,579742,Špindlerův Mlýn,15,1089,0,105.0,7.0,2026
1,579751,Trotina,7,99,0,7.0,1.0,2026
1,579769,Třebihošť,9,463,0,10.0,2.0,2026
1,579777,Úpice,15,5379,0,75.0,5.0,2026
1,579785,Velké Svatoňovice,9,1254,0,18.0,2.0,2026
1,579793,Velký Vřešťov,7,252,0,16.0,2.0,2026
1,579815,Vítězná,9,1498,0,35.0,4.0,2026
1,579823,Vlčice,7,578,0,18.0,2.0,2026
1,579831,Vlčkovice v Podkrkonoší,7,372,0,7.0,1.0,2026
1,579858,Vrchlabí,21,12028,0,84.0,4.0,2026
1,579866,Zlatá Olešnice,7,211,0,21.0,3.0,2026
1,579874,Žacléř,17,3097,0,85.0,5.0,2026
1,579891,Ústí nad Orlicí,27,13988,0,189.0,7.0,2026
1,579947,Brandýs nad Orlicí,9,1293,0,9.0,1.0,2026
1,579963,Bučina,9,252,0,11.0,11.0,2026
1,579971,Bystřec,15,1148,0,30.0,2.0,2026
1,579980,Cotkytle,9,385,0,9.0,1.0,2026
1,579998,Čenkovice,7,182,0,9.0,2.0,2026
1,580015,Červená Voda,15,2927,0,105.0,7.0,2026
1,580023,Česká Rybná,9,371,0,11.0,3.0,2026
1,580031,Česká Třebová,23,14982,0,143.0,7.0,2026
1,580040,České Heřmanice,9,606,0,35.0,4.0,2026
1,580058,České Libchavy,9,660,0,9.0,9.0,2026
1,580066,České Petrovice,7,157,0,8.0,1.0,2026
1,580074,Damníkov,9,698,0,18.0,2.0,2026
1,580091,Dobříkov,7,590,0,18.0,2.0,2026
1,580112,Dolní Čermná,15,1326,0,45.0,3.0,2026
1,580121,Dolní Dobrouč,15,2553,0,75.0,5.0,2026
1,580147,Libchavy,15,1815,0,30.0,2.0,2026
1,580163,Dolní Morava,7,457,0,25.0,3.0,2026
1,580210,Džbánov,7,377,0,9.0,1.0,2026
1,580228,Hejnice,7,214,0,12.0,12.0,2026
1,580261,Hnátnice,11,812,0,33.0,3.0,2026
1,580279,Horní Čermná,15,1004,0,15.0,1.0,2026
1,580295,Horní Heřmanice,7,457,0,9.0,1.0,2026
1,580325,Sloupnice,15,1829,0,45.0,3.0,2026
1,580333,Horní Třešňovec,9,645,0,18.0,2.0,2026
1,580341,Hrušová,7,397,0,8.0,1.0,2026
1,580350,Choceň,21,8700,0,84.0,4.0,2026
1,580376,Jablonné nad Orlicí,15,3085,0,60.0,4.0,2026
1,580392,Jamné nad Orlicí,9,738,0,18.0,2.0,2026
1,580406,Javorník,7,243,0,7.0,1.0,2026
1,580414,Jehnědí,7,330,0,10.0,10.0,2026
1,580422,Kameničná,7,338,0,12.0,12.0,2026
1,580431,Klášterec nad Orlicí,9,904,0,27.0,3.0,2026
1,580465,Koldín,7,368,0,7.0,1.0,2026
1,580481,Králíky,15,4042,0,105.0,7.0,2026
1,580490,Krasíkov,7,313,0,16.0,2.0,2026
1,580503,Kunvald,11,929,0,22.0,2.0,2026
1,580511,Lanškroun,21,9845,0,164.0,9.0,2026
1,580538,Letohrad,21,6345,0,84.0,4.0,2026
1,580562,Libecina,7,203,0,14.0,2.0,2026
1,580571,Lichkov,7,478,0,14.0,2.0,2026
1,580589,Líšnice,9,768,0,16.0,2.0,2026
1,580619,Lubník,7,377,0,16.0,3.0,2026
1,580627,Lukavice,11,1227,0,12.0,2.0,2026
1,580635,Luková,9,763,0,27.0,3.0,2026
1,580643,Mistrovice,11,654,0,22.0,2.0,2026
1,580651,Mladkov,9,555,0,9.0,1.0,2026
1,580660,Mostek,7,280,0,10.0,10.0,2026
1,580678,Nasavrky,5,146,0,10.0,10.0,2026
1,580686,Nekoř,9,985,0,18.0,3.0,2026
1,580694,Němčice,9,1032,0,36.0,4.0,2026
1,580708,Svatý Jiří,7,290,0,12.0,2.0,2026
1,580716,Orlické Podhůří,9,683,0,14.0,14.0,2026
1,580724,Orličky,7,267,0,13.0,2.0,2026
1,580732,Ostrov,7,730,0,28.0,4.0,2026
1,580741,Oucmanice,7,245,0,9.0,1.0,2026
1,580759,Pastviny,7,378,0,9.0,1.0,2026
1,580767,Petrovice,7,270,0,18.0,2.0,2026
1,580775,Písečná,9,586,0,9.0,1.0,2026
1,580783,Plchovice,5,73,0,5.0,1.0,2026
1,580805,Podlesí,7,268,0,8.0,8.0,2026
1,580821,Přívrat,9,371,0,11.0,11.0,2026
1,580830,Pustina,7,67,0,7.0,7.0,2026
1,580848,Rudoltice,15,1955,0,45.0,3.0,2026
1,580872,Řetová,9,678,0,18.0,2.0,2026
1,580881,Řetůvka,7,281,0,7.0,1.0,2026
1,580902,Seč,7,159,0,9.0,9.0,2026
1,580929,Skořenice,7,405,0,8.0,1.0,2026
1,580945,Slatina,7,463,0,9.0,1.0,2026
1,580961,Sopotnice,15,941,0,30.0,2.0,2026
1,580970,Sruby,9,585,0,9.0,1.0,2026
1,580988,Strážná,7,110,0,9.0,1.0,2026
1,580996,Studené,7,187,0,8.0,3.0,2026
1,581003,Sudislav nad Orlicí,7,151,0,7.0,7.0,2026
1,581011,Sudslava,7,168,0,10.0,10.0,2026
1,581038,Šedivec,7,212,0,9.0,1.0,2026
1,581046,Tatenice,9,906,0,27.0,3.0,2026
1,581054,Těchonín,11,604,0,44.0,4.0,2026
1,581062,Tisová,7,628,0,9.0,1.0,2026
1,581071,Třebovice,9,819,0,9.0,1.0,2026
1,581089,Újezd u Chocně,7,337,0,7.0,1.0,2026
1,581101,Velká Skrovnice,7,295,0,9.0,1.0,2026
1,581119,Verměřovice,9,787,0,36.0,4.0,2026
1,581127,Vlčkov,7,119,0,9.0,1.0,2026
1,581143,Voděrady,7,330,0,10.0,3.0,2026
1,581151,Vraclav,15,749,0,15.0,1.0,2026
1,581178,Výprachtice,11,947,0,11.0,1.0,2026
1,581186,Vysoké Mýto,21,12849,0,168.0,8.0,2026
1,581194,Zádolí,7,87,0,8.0,8.0,2026
1,581208,Záchlumí,11,774,0,23.0,3.0,2026
1,581216,Zálší,7,232,0,10.0,10.0,2026
1,581224,Zámrsk,15,765,0,21.0,2.0,2026
1,581232,Zářecká Lhota,7,222,0,9.0,1.0,2026
1,581259,Žamberk,21,5770,0,77.0,4.0,2026
1,581267,Žampach,7,298,0,7.0,7.0,2026
1,581275,Žichlínek,9,988,0,54.0,6.0,2026
1,581283,Blansko,25,19900,0,226.0,10.0,2026
1,581291,Adamov,15,4564,0,45.0,3.0,2026
1,581313,Bedřichov,7,260,0,9.0,9.0,2026
1,581321,Běleč,7,181,0,11.0,11.0,2026
1,581330,Benešov,15,676,0,38.0,3.0,2026
1,581356,Borotín,7,429,0,23.0,3.0,2026
1,581364,Bořitov,15,1290,0,45.0,3.0,2026
1,581372,Boskovice,23,12457,0,156.0,7.0,2026
1,581381,Brťov-Jeneč,7,349,0,12.0,12.0,2026
1,581402,Brumov,7,265,0,9.0,9.0,2026
1,581429,Březina,9,1158,0,28.0,4.0,2026
1,581437,Bukovice,5,99,0,6.0,1.0,2026
1,581445,Bukovina,7,474,0,18.0,2.0,2026
1,581453,Bukovinka,7,655,0,14.0,2.0,2026
1,581461,Býkovice,7,283,0,9.0,1.0,2026
1,581470,Cetkovice,9,783,0,9.0,1.0,2026
1,581496,Černá Hora,15,2124,0,60.0,4.0,2026
1,581500,Černovice,7,371,0,11.0,11.0,2026
1,581518,Deštná,7,218,0,9.0,1.0,2026
1,581526,Dlouhá Lhota,7,137,0,7.0,1.0,2026
1,581534,Chrudichromy,7,214,0,9.0,2.0,2026
1,581542,Doubravice nad Svitavou,9,1294,0,45.0,5.0,2026
1,581551,Drnovice,9,1395,0,18.0,2.0,2026
1,581569,Habrůvka,7,424,0,9.0,1.0,2026
1,581577,Hluboké Dvory,5,103,0,5.0,5.0,2026
1,581593,Hodonín,7,197,0,7.0,1.0,2026
1,581615,Holštejn,5,163,0,6.0,1.0,2026
1,581631,Horní Poříčí,7,258,0,21.0,3.0,2026
1,581666,Jabloňany,9,408,0,18.0,2.0,2026
1,581682,Jedovnice,15,2947,0,124.0,9.0,2026
1,581721,Kněževes,7,176,0,14.0,2.0,2026
1,581739,Knínice,9,979,0,45.0,5.0,2026
1,581755,Kořenec,9,381,0,10.0,2.0,2026
1,581763,Kotvrdovice,13,927,0,39.0,3.0,2026
1,581771,Kozárov,5,121,0,7.0,7.0,2026
1,581780,Krasová,7,480,0,16.0,2.0,2026
1,581798,Krhov,7,168,0,9.0,1.0,2026
1,581801,Křetín,9,482,0,16.0,2.0,2026
1,581810,Křtěnov,7,200,0,22.0,3.0,2026
1,581828,Křtiny,9,814,0,18.0,2.0,2026
1,581836,Kulířov,7,159,0,16.0,2.0,2026
1,581844,Kunčina Ves,7,66,0,7.0,1.0,2026
1,581852,Kunice,5,208,0,11.0,11.0,2026
1,581861,Kuničky,7,261,0,14.0,2.0,2026
1,581879,Kunštát,15,2946,0,60.0,4.0,2026
1,581887,Lazinov,9,206,0,9.0,1.0,2026
1,581909,Lažany,7,479,0,15.0,2.0,2026
1,581917,Letovice,21,7071,0,105.0,5.0,2026
1,581925,Lhota Rapotina,7,437,0,7.0,1.0,2026
1,581933,Lhota u Lysic,5,134,0,7.0,7.0,2026
1,581941,Lhota u Olešnice,5,44,0,6.0,1.0,2026
1,581950,Lipovec,15,1197,0,15.0,1.0,2026
1,581968,Lipůvka,11,1516,0,77.0,7.0,2026
1,581976,Lomnice,15,1470,0,60.0,4.0,2026
1,581992,Lubě,6,102,0,6.0,1.0,2026
1,582018,Lysice,15,1970,0,31.0,3.0,2026
1,582026,Makov,5,53,0,5.0,1.0,2026
1,582034,Malá Lhota,7,162,0,8.0,1.0,2026
1,582042,Malá Roudka,7,209,0,7.0,1.0,2026
1,582069,Míchov,9,170,0,18.0,2.0,2026
1,582077,Milonice,7,162,0,14.0,2.0,2026
1,582085,Němčice,7,464,0,8.0,1.0,2026
1,582107,Nýrov,7,227,0,16.0,2.0,2026
1,582115,Obora,7,365,0,17.0,2.0,2026
1,582123,Ochoz u Tišnova,7,111,0,9.0,9.0,2026
1,582131,Okrouhlá,9,613,0,27.0,3.0,2026
1,582158,Olešnice,15,1610,0,75.0,5.0,2026
1,582166,Olomučany,15,1085,0,15.0,1.0,2026
1,582174,Osiky,7,129,0,9.0,9.0,2026
1,582182,Ostrov u Macochy,15,1091,0,30.0,2.0,2026
1,582191,Pamětice,7,260,0,8.0,8.0,2026
1,582204,Petrov,7,126,0,8.0,8.0,2026
1,582212,Petrovice,9,650,0,9.0,1.0,2026
1,582221,Prostřední Poříčí,9,268,0,9.0,1.0,2026
1,582239,Rájec-Jestřebí,17,3740,0,102.0,6.0,2026
1,582247,Ráječko,15,1462,0,15.0,1.0,2026
1,582255,Rašov,7,246,0,9.0,1.0,2026
1,582263,Rohozec,7,237,0,7.0,7.0,2026
1,582271,Rozseč nad Kunštátem,9,576,0,19.0,3.0,2026
1,582280,Rozsíčka,7,141,0,7.0,1.0,2026
1,582298,Rudice,15,978,0,30.0,2.0,2026
1,582310,Sebranice,9,705,0,9.0,1.0,2026
1,582328,Senetářov,9,607,0,9.0,1.0,2026
1,582336,Skalice nad Svitavou,9,684,0,18.0,2.0,2026
1,582344,Skrchov,7,122,0,14.0,2.0,2026
1,582352,Sloup,9,962,0,18.0,2.0,2026
1,582379,Strhaře,7,146,0,8.0,1.0,2026
1,582395,Sudice,7,461,0,7.0,1.0,2026
1,582409,Suchý,9,469,0,21.0,3.0,2026
1,582417,Sulíkov,7,305,0,16.0,2.0,2026
1,582433,Svinošice,5,396,0,11.0,2.0,2026
1,582441,Svitávka,15,1965,0,30.0,2.0,2026
1,582450,Synalov,7,114,0,16.0,2.0,2026
1,582468,Šebetov,7,826,0,13.0,2.0,2026
1,582476,Šebrov-Kateřina,9,817,0,18.0,2.0,2026
1,582484,Šošůvka,7,694,0,16.0,2.0,2026
1,582492,Štěchov,7,199,0,9.0,1.0,2026
1,582506,Tasovice,7,73,0,10.0,10.0,2026
1,582531,Uhřice,7,295,0,10.0,10.0,2026
1,582557,Újezd u Černé Hory,7,280,0,8.0,1.0,2026
1,582565,Unín,7,237,0,7.0,7.0,2026
1,582573,Úsobrno,7,412,0,9.0,1.0,2026
1,582581,Valchov,9,471,0,36.0,4.0,2026
1,582590,Vanovice,9,571,0,18.0,2.0,2026
1,582603,Vavřinec,15,916,0,30.0,2.0,2026
1,582611,Vážany,7,249,0,7.0,7.0,2026
1,582620,Stvolová,7,165,0,10.0,10.0,2026
1,582646,Velké Opatovice,15,3410,0,90.0,6.0,2026
1,582654,Vilémovice,7,343,0,14.0,2.0,2026
1,582662,Vísky,9,253,0,9.0,1.0,2026
1,582671,Voděrady,7,558,0,14.0,2.0,2026
1,582689,Vranová,7,407,0,7.0,1.0,2026
1,582701,Vysočany,15,766,0,45.0,3.0,2026
1,582727,Zbraslavec,7,238,0,11.0,11.0,2026
1,582735,Zhoř,5,78,0,9.0,2.0,2026
1,582743,Žďár,9,394,0,9.0,1.0,2026
1,582751,Žďárná,9,828,0,27.0,3.0,2026
1,582760,Žernovník,5,269,0,5.0,1.0,2026
1,582778,Žerůtky,5,79,0,6.0,1.0,2026
1,582786,Brno,55,404296,0,828.0,16.0,2026
1,582794,Babice nad Svitavou,9,1465,0,18.0,2.0,2026
1,582808,Babice u Rosic,7,798,0,9.0,1.0,2026
1,582824,Bílovice nad Svitavou,15,3690,0,45.0,3.0,2026
1,582832,Biskoupky,7,182,0,16.0,2.0,2026
1,582841,Blažovice,9,1243,0,20.0,3.0,2026
1,582859,Blučina,15,2252,0,75.0,5.0,2026
1,582875,Braníškov,7,216,0,11.0,3.0,2026
1,582883,Bratčice,7,681,0,8.0,1.0,2026
1,582891,Březina,5,379,0,6.0,6.0,2026
1,582913,Čebín,15,1948,0,30.0,2.0,2026
1,582921,Česká,7,1001,0,16.0,2.0,2026
1,582930,Čučice,7,450,0,7.0,1.0,2026
1,582948,Deblín,11,1131,0,33.0,3.0,2026
1,582956,Dolní Kounice,15,2635,0,45.0,3.0,2026
1,582964,Domašov,11,720,0,22.0,2.0,2026
1,582972,Drásov,15,2101,0,30.0,2.0,2026
1,582999,Hajany,7,715,0,7.0,1.0,2026
1,583014,Heroltice,7,242,0,8.0,8.0,2026
1,583022,Hlína,7,317,0,9.0,9.0,2026
1,583031,Holasice,9,1422,0,18.0,2.0,2026
1,583057,Hostěnice,7,834,0,35.0,5.0,2026
1,583065,Hradčany,7,677,0,10.0,2.0,2026
1,583081,Hrušovany u Brna,15,3545,0,56.0,4.0,2026
1,583090,Hvozdec,7,350,0,18.0,2.0,2026
1,583111,Chudčice,7,1014,0,9.0,1.0,2026
1,583120,Ivančice,15,9905,0,105.0,7.0,2026
1,583154,Javůrek,7,354,0,9.0,1.0,2026
1,583171,Jinačovice,7,792,0,9.0,1.0,2026
1,583189,Jiříkovice,13,987,0,26.0,2.0,2026
1,583197,Kanice,9,1116,0,45.0,5.0,2026
1,583201,Ketkovice,7,633,0,9.0,1.0,2026
1,583219,Kobylnice,15,1261,0,45.0,3.0,2026
1,583227,Kovalovice,9,679,0,18.0,2.0,2026
1,583235,Kratochvilka,7,505,0,7.0,1.0,2026
1,583243,Kupařovice,7,393,0,8.0,1.0,2026
1,583251,Kuřim,17,11499,0,85.0,5.0,2026
1,583260,Lažánky,9,805,0,9.0,1.0,2026
1,583278,Ledce,9,256,0,9.0,1.0,2026
1,583286,Lelekovice,13,2009,0,37.0,3.0,2026
1,583294,Lesní Hluboké,5,286,0,6.0,1.0,2026
1,583308,Litostrov,5,131,0,14.0,3.0,2026
1,583316,Lomnička,9,604,0,9.0,1.0,2026
1,583324,Lukovany,7,675,0,16.0,2.0,2026
1,583332,Malešovice,9,873,0,27.0,3.0,2026
1,583341,Malhostovice,11,1017,0,41.0,4.0,2026
1,583359,Maršov,7,530,0,7.0,1.0,2026
1,583367,Medlov,11,896,0,9.0,1.0,2026
1,583375,Mělčany,7,514,0,7.0,1.0,2026
1,583383,Měnín,15,1902,0,45.0,3.0,2026
1,583391,Modřice,15,5673,0,90.0,6.0,2026
1,583405,Mokrá-Horákov,15,2897,0,60.0,4.0,2026
1,583413,Moravany,15,3607,0,90.0,6.0,2026
1,583421,Moravské Bránice,15,983,0,15.0,1.0,2026
1,583430,Moravské Knínice,7,1151,0,17.0,2.0,2026
1,583448,Moutnice,15,1157,0,30.0,2.0,2026
1,583456,Nebovidy,9,879,0,18.0,2.0,2026
1,583464,Nelepeč-Žernůvka,7,71,0,7.0,1.0,2026
1,583472,Němčičky,7,359,0,14.0,2.0,2026
1,583481,Neslovice,15,1008,0,30.0,2.0,2026
1,583499,Nesvačilka,9,324,0,9.0,9.0,2026
1,583502,Nová Ves,9,847,0,18.0,2.0,2026
1,583511,Nové Bránice,15,946,0,45.0,3.0,2026
1,583529,Odrovice,7,288,0,23.0,3.0,2026
1,583537,Ochoz u Brna,9,1574,0,18.0,2.0,2026
1,583545,Omice,9,832,0,36.0,4.0,2026
1,583553,Opatovice,9,1161,0,18.0,2.0,2026
1,583561,Ořechov,9,2936,0,27.0,3.0,2026
1,583588,Oslavany,21,4844,0,105.0,5.0,2026
1,583596,Ostopovice,15,1751,0,30.0,2.0,2026
1,583600,Ostrovačice,7,849,0,22.0,3.0,2026
1,583634,Podolí,15,1413,0,29.0,2.0,2026
1,583651,Popovice,7,381,0,16.0,2.0,2026
1,583669,Popůvky,15,1908,0,45.0,3.0,2026
1,583677,Pozořice,15,2424,0,75.0,5.0,2026
1,583685,Prace,9,996,0,27.0,3.0,2026
1,583693,Pravlov,9,692,0,36.0,4.0,2026
1,583707,Prštice,9,989,0,18.0,2.0,2026
1,583715,Příbram na Moravě,7,654,0,16.0,2.0,2026
1,583723,Přibyslavice,7,554,0,16.0,2.0,2026
1,583731,Přísnotice,11,881,0,22.0,2.0,2026
1,583740,Radostice,9,783,0,20.0,4.0,2026
1,583758,Rajhrad,15,4113,0,45.0,3.0,2026
1,583766,Rajhradice,15,1595,0,45.0,3.0,2026
1,583774,Rebešovice,9,1106,0,27.0,3.0,2026
1,583782,Rosice,17,6825,0,64.0,4.0,2026
1,583791,Rozdrojovice,9,1089,0,9.0,1.0,2026
1,583804,Rudka,7,408,0,9.0,1.0,2026
1,583821,Řícmanice,7,833,0,43.0,5.0,2026
1,583839,Říčany,13,2153,0,26.0,2.0,2026
1,583847,Sentice,7,678,0,25.0,3.0,2026
1,583855,Silůvky,7,861,0,22.0,4.0,2026
1,583863,Sivice,11,1094,0,33.0,3.0,2026
1,583880,Sobotovice,9,679,0,18.0,2.0,2026
1,583898,Sokolnice,15,2515,0,60.0,4.0,2026
1,583901,Stanoviště,7,415,0,11.0,11.0,2026
1,583910,Střelice,15,3249,0,60.0,4.0,2026
1,583928,Svatoslav,7,459,0,17.0,3.0,2026
1,583936,Syrovice,15,2126,0,30.0,2.0,2026
1,583944,Šerkovice,7,344,0,8.0,1.0,2026
1,583952,Šlapanice,17,7940,0,102.0,6.0,2026
1,583961,Štěpánovice,9,500,0,18.0,2.0,2026
1,583979,Telnice,11,1642,0,33.0,3.0,2026
1,583987,Tetčice,9,1156,0,9.0,1.0,2026
1,583995,Těšany,15,1299,0,60.0,4.0,2026
1,584002,Tišnov,15,9270,0,120.0,8.0,2026
1,584011,Trboušany,9,389,0,9.0,1.0,2026
1,584029,Troubsko,15,2394,0,45.0,3.0,2026
1,584037,Tvarožná,15,1355,0,30.0,2.0,2026
1,584045,Újezd u Brna,15,3422,0,75.0,5.0,2026
1,584053,Újezd u Rosic,7,277,0,16.0,2.0,2026
1,584061,Unkovice,7,713,0,9.0,1.0,2026
1,584070,Úsuší,7,122,0,10.0,10.0,2026
1,584096,Velatice,9,774,0,18.0,2.0,2026
1,584100,Veverská Bítýška,11,3521,0,34.0,4.0,2026
1,584118,Veverské Knínice,13,975,0,26.0,2.0,2026
1,584126,Viničné Šumice,9,1381,0,54.0,6.0,2026
1,584134,Vohančice,5,194,0,6.0,1.0,2026
1,584142,Vojkovice,15,1186,0,30.0,2.0,2026
1,584151,Vranov,9,922,0,36.0,4.0,2026
1,584169,Všechovice,9,278,0,9.0,1.0,2026
1,584177,Vysoké Popovice,7,763,0,14.0,2.0,2026
1,584185,Zakřany,7,817,0,15.0,2.0,2026
1,584193,Zálesná Zhoř,5,66,0,6.0,1.0,2026
1,584207,Zastávka,11,2483,0,44.0,4.0,2026
1,584215,Zbraslav,15,1313,0,45.0,3.0,2026
1,584223,Zbýšov,15,3707,0,75.0,5.0,2026
1,584231,Žabčice,15,1665,0,45.0,3.0,2026
1,584240,Žatčany,11,961,0,33.0,3.0,2026
1,584266,Želešice,9,2005,0,27.0,3.0,2026
1,584274,Železné,9,628,0,27.0,3.0,2026
1,584282,Židlochovice,15,3662,0,56.0,4.0,2026
1,584291,Břeclav,27,24583,0,242.0,9.0,2026
1,584304,Bavory,7,423,0,22.0,3.0,2026
1,584321,Boleradice,15,949,0,45.0,3.0,2026
1,584339,Borkovany,9,829,0,18.0,2.0,2026
1,584347,Bořetice,15,1411,0,75.0,5.0,2026
1,584355,Brod nad Dyjí,7,555,0,8.0,2.0,2026
1,584363,Brumovice,15,995,0,45.0,3.0,2026
1,584371,Březí,15,1840,0,30.0,2.0,2026
1,584380,Bulhary,9,745,0,54.0,6.0,2026
1,584401,Diváky,7,507,0,14.0,2.0,2026
1,584410,Dobré Pole,7,448,0,8.0,1.0,2026
1,584428,Dolní Dunajovice,15,1730,0,75.0,5.0,2026
1,584436,Dolní Věstonice,7,308,0,16.0,2.0,2026
1,584444,Drnholec,15,1817,0,45.0,3.0,2026
1,584452,Hlohovec,15,1318,0,45.0,3.0,2026
1,584461,Horní Bojanovice,7,657,0,21.0,3.0,2026
1,584479,Horní Věstonice,7,526,0,9.0,1.0,2026
1,584487,Hrušky,15,1652,0,45.0,3.0,2026
1,584495,Hustopeče,21,6391,0,126.0,6.0,2026
1,584517,Ivaň,9,756,0,18.0,2.0,2026
1,584525,Jevišovka,7,662,0,15.0,2.0,2026
1,584541,Klentnice,7,465,0,26.0,3.0,2026
1,584550,Klobouky u Brna,15,2471,0,45.0,3.0,2026
1,584568,Kobylí,15,1961,0,60.0,4.0,2026
1,584576,Kostice,15,1861,0,15.0,1.0,2026
1,584584,Krumvíř,15,1297,0,30.0,2.0,2026
1,584592,Křepice,15,1330,0,53.0,4.0,2026
1,584622,Lanžhot,21,3625,0,83.0,4.0,2026
1,584631,Lednice,15,2180,0,135.0,9.0,2026
1,584649,Mikulov,21,7552,0,231.0,11.0,2026
1,584657,Milovice,7,512,0,8.0,2.0,2026
1,584665,Moravská Nová Ves,15,2690,0,150.0,10.0,2026
1,584673,Moravský Žižkov,15,1521,0,60.0,4.0,2026
1,584681,Morkůvky,7,524,0,14.0,2.0,2026
1,584703,Němčičky,9,726,0,45.0,5.0,2026
1,584711,Nikolčice,7,810,0,22.0,3.0,2026
1,584720,Nosislav,15,1375,0,29.0,2.0,2026
1,584746,Novosedly,15,1357,0,54.0,4.0,2026
1,584754,Nový Přerov,7,369,0,24.0,3.0,2026
1,584762,Pasohlávky,15,781,0,60.0,4.0,2026
1,584771,Pavlov,7,618,0,51.0,6.0,2026
1,584789,Perná,7,795,0,33.0,4.0,2026
1,584797,Podivín,15,2912,0,60.0,4.0,2026
1,584801,Pohořelice,21,6299,0,126.0,6.0,2026
1,584819,Popice,9,1013,0,18.0,2.0,2026
1,584835,Pouzdřany,9,780,0,27.0,3.0,2026
1,584843,Přibice,9,1123,0,18.0,2.0,2026
1,584851,Přítluky,9,767,0,18.0,2.0,2026
1,584860,Rakvice,9,2247,0,36.0,4.0,2026
1,584878,Sedlec,7,839,0,21.0,4.0,2026
1,584894,Starovice,9,1008,0,9.0,1.0,2026
1,584908,Starovičky,9,967,0,36.0,4.0,2026
1,584916,Strachotín,7,823,0,21.0,3.0,2026
1,584924,Šakvice,9,1595,0,18.0,2.0,2026
1,584932,Šitbořice,15,2124,0,15.0,1.0,2026
1,584941,Tvrdonice,15,2075,0,86.0,6.0,2026
1,584959,Týnec,15,1082,0,60.0,4.0,2026
1,584967,Uherčice,15,1127,0,39.0,3.0,2026
1,584975,Valtice,15,3568,0,105.0,7.0,2026
1,584983,Velké Bílovice,15,3862,0,30.0,2.0,2026
1,584991,Velké Hostěrádky,9,504,0,9.0,1.0,2026
1,585009,Velké Němčice,15,1886,0,75.0,5.0,2026
1,585017,Velké Pavlovice,15,3112,0,60.0,4.0,2026
1,585025,Vlasatice,7,978,0,22.0,3.0,2026
1,585033,Vranovice,15,2426,0,75.0,5.0,2026
1,585041,Vrbice,9,1098,0,18.0,2.0,2026
1,585050,Zaječí,15,1583,0,15.0,1.0,2026
1,585068,Zlín,41,74917,0,369.0,9.0,2026
1,585076,Biskupice,9,685,0,27.0,3.0,2026
1,585092,Bohuslavice u Zlína,9,734,0,9.0,1.0,2026
1,585106,Bratřejov,9,778,0,27.0,3.0,2026
1,585114,Brumov-Bylnice,21,5372,0,126.0,6.0,2026
1,585131,Březová,7,504,0,9.0,1.0,2026
1,585149,Březůvky,9,753,0,23.0,3.0,2026
1,585157,Dešná,7,208,0,9.0,1.0,2026
1,585165,Dobrkovice,7,257,0,9.0,1.0,2026
1,585173,Dolní Lhota,7,702,0,7.0,1.0,2026
1,585181,Doubravy,7,601,0,17.0,2.0,2026
1,585190,Drnovice,9,457,0,18.0,2.0,2026
1,585203,Držková,9,370,0,27.0,3.0,2026
1,585211,Fryšták,17,3826,0,85.0,5.0,2026
1,585220,Halenkovice,15,2038,0,61.0,5.0,2026
1,585238,Haluzice,7,85,0,7.0,1.0,2026
1,585246,Horní Lhota,9,608,0,36.0,4.0,2026
1,585254,Hostišová,7,570,0,9.0,1.0,2026
1,585262,Hrobice,9,463,0,18.0,2.0,2026
1,585271,Hřivínův Újezd,9,514,0,9.0,1.0,2026
1,585289,Hvozdná,15,1302,0,30.0,2.0,2026
1,585301,Jasenná,9,956,0,18.0,2.0,2026
1,585319,Jestřabí,7,272,0,7.0,1.0,2026
1,585327,Kaňovice,7,302,0,9.0,1.0,2026
1,585343,Kašava,13,1016,0,39.0,3.0,2026
1,585432,Loučka,7,413,0,21.0,3.0,2026
1,585441,Ludkovice,11,712,0,50.0,5.0,2026
1,585459,Luhačovice,21,4978,0,84.0,4.0,2026
1,585467,Lukov,15,1768,0,45.0,3.0,2026
1,585483,Lutonina,9,421,0,18.0,2.0,2026
1,585491,Machová,11,712,0,31.0,3.0,2026
1,585505,Mysločovice,7,716,0,22.0,3.0,2026
1,585513,Napajedla,21,6981,0,147.0,7.0,2026
1,585521,Návojná,7,683,0,27.0,3.0,2026
1,585530,Nedašov,9,1332,0,18.0,2.0,2026
1,585548,Nedašova Lhota,7,676,0,13.0,2.0,2026
1,585556,Neubuz,7,441,0,14.0,2.0,2026
1,585599,Otrokovice,23,17239,0,184.0,8.0,2026
1,585611,Podkopná Lhota,9,318,0,27.0,3.0,2026
1,585661,Provodov,9,794,0,18.0,2.0,2026
1,585670,Racková,9,841,0,18.0,2.0,2026
1,585726,Sazovice,7,899,0,8.0,1.0,2026
1,585734,Sehradice,9,652,0,9.0,1.0,2026
1,585751,Slavičín,21,6168,0,127.0,7.0,2026
1,585769,Slopné,7,545,0,16.0,2.0,2026
1,585777,Slušovice,15,2929,0,90.0,6.0,2026
1,585793,Spytihněv,15,1618,0,17.0,3.0,2026
1,585807,Šanov,9,473,0,18.0,2.0,2026
1,585815,Šarovy,7,272,0,10.0,2.0,2026
1,585831,Štítná nad Vláří-Popov,15,2067,0,45.0,3.0,2026
1,585858,Tlumačov,15,2425,0,45.0,3.0,2026
1,585866,Trnava,9,1167,0,27.0,3.0,2026
1,585874,Ublo,5,299,0,15.0,3.0,2026
1,585882,Újezd,11,1189,0,66.0,6.0,2026
1,585891,Valašské Klobouky,21,4864,0,189.0,9.0,2026
1,585912,Velký Ořechov,11,715,0,33.0,3.0,2026
1,585921,Veselá,9,860,0,9.0,1.0,2026
1,585939,Vizovice,17,4776,0,119.0,7.0,2026
1,585955,Vlachovice,15,1485,0,45.0,3.0,2026
1,585963,Vlčková,7,422,0,26.0,4.0,2026
1,585971,Všemina,9,1141,0,37.0,5.0,2026
1,585980,Vysoké Pole,13,855,0,13.0,1.0,2026
1,585998,Zádveřice-Raková,11,1532,0,22.0,2.0,2026
1,586005,Závist,7,154,0,7.0,1.0,2026
1,586013,Žlutava,9,1148,0,45.0,5.0,2026
1,586021,Hodonín,31,23344,0,301.0,10.0,2026
1,586030,Archlebov,9,865,0,24.0,3.0,2026
1,586048,Blatnice pod Svatým Antonínkem,11,1870,0,55.0,5.0,2026
1,586056,Blatnička,7,440,0,11.0,10.0,2026
1,586064,Světlá,7,256,0,8.0,8.0,2026
1,586072,Bukovany,7,683,0,16.0,2.0,2026
1,586081,Bzenec,15,4525,0,119.0,8.0,2026
1,586099,Čejč,9,1259,0,27.0,3.0,2026
1,586102,Čejkovice,15,2360,0,60.0,4.0,2026
1,586111,Čeložnice,7,413,0,16.0,2.0,2026
1,586129,Dambořice,15,1566,0,45.0,3.0,2026
1,586137,Dolní Bojanovice,15,3050,0,30.0,2.0,2026
1,586145,Domanín,9,1017,0,27.0,3.0,2026
1,586153,Dražůvky,7,260,0,7.0,1.0,2026
1,586161,Dubňany,21,6179,0,126.0,6.0,2026
1,586170,Hovorany,15,2155,0,45.0,3.0,2026
1,586188,Hroznová Lhota,15,1153,0,60.0,4.0,2026
1,586196,Hrubá Vrbka,9,601,0,9.0,1.0,2026
1,586200,Hýsly,7,404,0,35.0,5.0,2026
1,586218,Javorník,9,654,0,9.0,1.0,2026
1,586226,Ježov,7,703,0,34.0,5.0,2026
1,586234,Josefov,7,453,0,18.0,2.0,2026
1,586242,Karlín,5,186,0,6.0,1.0,2026
1,586251,Kelčany,7,241,0,8.0,8.0,2026
1,586269,Kněždub,11,1044,0,11.0,1.0,2026
1,586277,Kostelec,7,863,0,17.0,17.0,2026
1,586285,Kozojídky,9,563,0,27.0,3.0,2026
1,586293,Kuželov,7,415,0,26.0,3.0,2026
1,586307,Kyjov,21,10537,0,147.0,7.0,2026
1,586315,Labuty,5,165,0,5.0,1.0,2026
1,586323,Lipov,15,1394,0,75.0,5.0,2026
1,586331,Louka,15,921,0,58.0,4.0,2026
1,586340,Lovčice,9,835,0,18.0,2.0,2026
1,586358,Lužice,15,2911,0,60.0,4.0,2026
1,586366,Malá Vrbka,5,172,0,6.0,1.0,2026
1,586374,Mikulčice,15,1968,0,60.0,4.0,2026
1,586382,Milotice,9,1884,0,27.0,3.0,2026
1,586391,Moravany,7,700,0,18.0,2.0,2026
1,586404,Moravský Písek,15,2037,0,120.0,8.0,2026
1,586412,Mutěnice,15,3735,0,105.0,7.0,2026
1,586421,Násedlovice,9,847,0,27.0,3.0,2026
1,586439,Nechvalín,7,347,0,26.0,4.0,2026
1,586447,Nenkovice,7,469,0,9.0,1.0,2026
1,586455,Nová Lhota,9,610,0,18.0,2.0,2026
1,586463,Nový Poddvorov,7,234,0,10.0,2.0,2026
1,586471,Ostrovánky,5,229,0,10.0,2.0,2026
1,586480,Petrov,11,1302,0,22.0,2.0,2026
1,586498,Prušánky,15,2167,0,30.0,2.0,2026
1,586501,Radějov,9,845,0,18.0,2.0,2026
1,586510,Ratíškovice,15,3905,0,90.0,6.0,2026
1,586528,Rohatec,21,3446,0,63.0,3.0,2026
1,586536,Skalka,5,155,0,6.0,1.0,2026
1,586544,Skoronice,7,493,0,16.0,2.0,2026
1,586552,Sobůlky,9,844,0,27.0,3.0,2026
1,586561,Starý Poddvorov,9,921,0,36.0,4.0,2026
1,586579,Stavěšice,7,378,0,22.0,3.0,2026
1,586587,Strážnice,21,5282,0,168.0,8.0,2026
1,586595,Strážovice,7,593,0,8.0,1.0,2026
1,586609,Sudoměřice,11,1247,0,44.0,4.0,2026
1,586617,Suchov,9,472,0,18.0,2.0,2026
1,586625,Svatobořice-Mistřín,15,3557,0,45.0,3.0,2026
1,586633,Syrovín,7,370,0,8.0,1.0,2026
1,586641,Šardice,15,2162,0,45.0,3.0,2026
1,586650,Tasov,9,502,0,9.0,1.0,2026
1,586668,Těmice,7,904,0,26.0,3.0,2026
1,586676,Terezín,7,387,0,9.0,1.0,2026
1,586684,Tvarožná Lhota,11,921,0,33.0,3.0,2026
1,586692,Uhřice,9,769,0,27.0,3.0,2026
1,586706,Vacenovice,9,2156,0,36.0,4.0,2026
1,586714,Velká nad Veličkou,15,2778,0,61.0,5.0,2026
1,586722,Veselí nad Moravou,21,10574,0,168.0,8.0,2026
1,586731,Věteřov,7,540,0,16.0,2.0,2026
1,586749,Vlkoš,9,1007,0,18.0,2.0,2026
1,586757,Vnorovy,15,2914,0,75.0,5.0,2026
1,586765,Vracov,15,4528,0,45.0,3.0,2026
1,586773,Vřesovice,7,586,0,25.0,3.0,2026
1,586781,Žádovice,9,718,0,23.0,3.0,2026
1,586790,Žarošice,15,1117,0,45.0,3.0,2026
1,586803,Ždánice,15,2549,0,90.0,6.0,2026
1,586811,Želetice,9,512,0,18.0,2.0,2026
1,586820,Žeravice,9,984,0,24.0,3.0,2026
1,586838,Žeraviny,7,188,0,24.0,3.0,2026
1,586846,Jihlava,37,53686,0,351.0,10.0,2026
1,586854,Arnolec,7,200,0,7.0,1.0,2026
1,586862,Batelov,15,2458,0,60.0,4.0,2026
1,586871,Lipová,7,358,0,9.0,1.0,2026
1,586889,Bílý Kámen,7,284,0,9.0,1.0,2026
1,586897,Bítovčice,7,395,0,10.0,2.0,2026
1,586901,Bohuslavice,7,143,0,8.0,1.0,2026
1,586919,Rudimov,7,243,0,9.0,1.0,2026
1,586927,Boršov,7,184,0,11.0,11.0,2026
1,586943,Brtnice,21,3870,0,126.0,6.0,2026
1,586951,Brzkov,7,366,0,7.0,1.0,2026
1,586960,Křekov,5,195,0,12.0,2.0,2026
1,586978,Cejle,9,519,0,18.0,2.0,2026
1,586986,Cerekvička-Rosice,7,238,0,15.0,2.0,2026
1,586994,Vlachova Lhota,7,206,0,15.0,2.0,2026
1,587001,Černíč,9,121,0,27.0,3.0,2026
1,587010,Dlouhá Brtnice,7,380,0,14.0,2.0,2026
1,587028,Dobronín,15,1851,0,46.0,4.0,2026
1,587036,Dobroutov,7,310,0,14.0,2.0,2026
1,587044,Dolní Cerekev,11,1245,0,33.0,3.0,2026
1,587052,Karlovice,7,229,0,9.0,1.0,2026
1,587061,Dolní Vilímeč,7,96,0,8.0,1.0,2026
1,587079,Doupě,7,112,0,8.0,8.0,2026
1,587087,Dudín,7,204,0,9.0,1.0,2026
1,587095,Dušejov,9,465,0,9.0,1.0,2026
1,587109,Dyjice,7,138,0,12.0,2.0,2026
1,587117,Čížov,7,294,0,9.0,1.0,2026
1,587125,Hladov,5,173,0,5.0,1.0,2026
1,587141,Hodice,9,701,0,36.0,4.0,2026
1,587150,Hojkov,5,161,0,6.0,1.0,2026
1,587168,Horní Dubenky,7,544,0,16.0,2.0,2026
1,587176,Rančířov,7,485,0,9.0,1.0,2026
1,587184,Borovná,7,86,0,8.0,8.0,2026
1,587192,Hostětice,7,151,0,9.0,9.0,2026
1,587206,Horní Myslová,7,91,0,8.0,1.0,2026
1,587214,Olší,9,76,0,9.0,1.0,2026
1,587222,Hubenov,7,145,0,7.0,1.0,2026
1,587231,Zadní Vydří,7,60,0,11.0,11.0,2026
1,587249,Jamné,9,576,0,18.0,2.0,2026
1,587257,Zástřizly,7,148,0,11.0,11.0,2026
1,587265,Jersín,7,197,0,14.0,3.0,2026
1,587273,Jezdovice,7,268,0,24.0,3.0,2026
1,587281,Ježená,7,121,0,7.0,1.0,2026
1,587290,Jihlávka,7,222,0,8.0,1.0,2026
1,587303,Jindřichovice,7,87,0,7.0,7.0,2026
1,587320,Kalhov,7,123,0,7.0,7.0,2026
1,587338,Kaliště,7,175,0,9.0,1.0,2026
1,587346,Kamenice,15,1973,0,60.0,4.0,2026
1,587354,Karolín,6,260,0,6.0,1.0,2026
1,587362,Kamenná,7,191,0,8.0,1.0,2026
1,587371,Klatovec,5,75,0,8.0,3.0,2026
1,587389,Knínice,9,192,0,20.0,3.0,2026
1,587397,Prasklice,9,246,0,26.0,3.0,2026
1,587401,Kostelec,9,983,0,27.0,3.0,2026
1,587419,Kostelní Myslová,7,92,0,14.0,14.0,2026
1,587427,Kozlov,7,461,0,10.0,10.0,2026
1,587435,Krahulčí,9,620,0,16.0,2.0,2026
1,587443,Krasonice,9,222,0,18.0,2.0,2026
1,587451,Lhotka,7,100,0,12.0,2.0,2026
1,587460,Stropešín,7,128,0,16.0,2.0,2026
1,587478,Luka nad Jihlavou,15,3184,0,87.0,6.0,2026
1,587486,Malý Beranov,9,649,0,9.0,1.0,2026
1,587494,Markvartice,7,195,0,22.0,3.0,2026
1,587508,Měšín,7,271,0,10.0,6.0,2026
1,587516,Meziříčko,7,174,0,13.0,13.0,2026
1,587524,Milíčov,7,136,0,8.0,1.0,2026
1,587532,Mirošov,7,168,0,9.0,9.0,2026
1,587541,Mrákotín,15,870,0,30.0,2.0,2026
1,587559,Mysletice,11,131,0,15.0,15.0,2026
1,587567,Mysliboř,7,198,0,7.0,7.0,2026
1,587575,Nadějov,7,189,0,13.0,13.0,2026
1,587583,Nevcehle,7,227,0,7.0,7.0,2026
1,587591,Nová Říše,15,851,0,45.0,3.0,2026
1,587605,Lomy,7,131,0,7.0,7.0,2026
1,587613,Olšany,5,79,0,5.0,1.0,2026
1,587621,Opatov,7,196,0,7.0,1.0,2026
1,587630,Ořechov,7,76,0,7.0,7.0,2026
1,587648,Otín,7,86,0,14.0,2.0,2026
1,587656,Panenská Rozsíčka,7,219,0,15.0,2.0,2026
1,587664,Dolní Lažany,7,156,0,8.0,2.0,2026
1,587672,Panské Dubenky,7,145,0,7.0,1.0,2026
1,587681,Pavlov,7,400,0,17.0,2.0,2026
1,587699,Valdíkov,7,118,0,11.0,11.0,2026
1,587702,Plandry,7,185,0,7.0,1.0,2026
1,587711,Polná,21,5305,0,106.0,6.0,2026
1,587729,Nový Šaldorf-Sedlešovice,11,1871,0,55.0,5.0,2026
1,587737,Rodkov,7,106,0,7.0,1.0,2026
1,587745,Puklice,15,904,0,60.0,4.0,2026
1,587753,Tři Studně,5,106,0,6.0,1.0,2026
1,587761,Radkov,5,217,0,15.0,3.0,2026
1,587770,Milešín,5,92,0,7.0,7.0,2026
1,587788,Rantířov,7,468,0,10.0,2.0,2026
1,587796,Rohozná,7,413,0,9.0,1.0,2026
1,587800,Rozseč,7,174,0,12.0,2.0,2026
1,587818,Růžená,7,334,0,7.0,1.0,2026
1,587826,Rybné,7,119,0,15.0,2.0,2026
1,587834,Řásná,9,297,0,18.0,2.0,2026
1,587842,Křídla,9,369,0,15.0,15.0,2026
1,587851,Řídelov,7,92,0,7.0,1.0,2026
1,587869,Vlachovice,5,128,0,6.0,1.0,2026
1,587877,Sedlatice,7,60,0,9.0,9.0,2026
1,587885,Sedlejov,7,322,0,9.0,9.0,2026
1,587893,Velké Tresné,7,98,0,7.0,1.0,2026
1,587907,Katov,9,273,0,16.0,16.0,2026
1,587915,Stáj,7,185,0,8.0,1.0,2026
1,587923,Stará Říše,15,627,0,45.0,3.0,2026
1,587931,Stonařov,15,1075,0,60.0,4.0,2026
1,587940,Strachoňovice,5,100,0,6.0,1.0,2026
1,587958,Střítež,7,481,0,18.0,2.0,2026
1,587974,Nové Dvory,9,326,0,27.0,3.0,2026
1,587982,Suchá,7,244,0,9.0,1.0,2026
1,587991,Svojkovice,5,46,0,5.0,1.0,2026
1,588008,Šimanov,7,233,0,8.0,1.0,2026
1,588016,Cikháj,7,101,0,7.0,1.0,2026
1,588024,Telč,21,5105,0,147.0,7.0,2026
1,588032,Třešť,21,5801,0,63.0,3.0,2026
1,588041,Třeštice,7,158,0,9.0,9.0,2026
1,588059,Račín,11,146,0,14.0,2.0,2026
1,588067,Urbanov,7,120,0,11.0,11.0,2026
1,588075,Ústí,9,225,0,11.0,2.0,2026
1,588083,Vanov,7,82,0,7.0,7.0,2026
1,588091,Vanůvek,7,40,0,7.0,7.0,2026
1,588105,Vápovice,6,40,0,6.0,1.0,2026
1,588113,Velký Beranov,15,1316,0,30.0,2.0,2026
1,588121,Větrný Jeníkov,9,650,0,45.0,5.0,2026
1,588130,Věžnice,7,157,0,14.0,2.0,2026
1,588148,Věžnička,7,149,0,7.0,1.0,2026
1,588156,Vílanec,7,318,0,16.0,2.0,2026
1,588164,Volevčice,7,70,0,7.0,7.0,2026
1,588172,Vyskytná nad Jihlavou,15,979,0,45.0,3.0,2026
1,588181,Vysoké Studnice,7,425,0,7.0,7.0,2026
1,588199,Vystrčenovice,7,125,0,17.0,7.0,2026
1,588202,Záborná,7,246,0,7.0,1.0,2026
1,588211,Zbilidy,7,213,0,8.0,1.0,2026
1,588229,Zbinohy,7,119,0,7.0,7.0,2026
1,588237,Sazomín,7,272,0,8.0,1.0,2026
1,588245,Zdeňkov,7,62,0,7.0,7.0,2026
1,588253,Zhoř,7,479,0,14.0,2.0,2026
1,588261,Zvolenovice,7,83,0,7.0,1.0,2026
1,588270,Žatec,7,113,0,9.0,9.0,2026
1,588288,Ždírec,9,437,0,9.0,1.0,2026
1,588296,Kroměříž,27,27781,0,330.0,13.0,2026
1,588300,Bařice-Velké Těšany,9,439,0,9.0,1.0,2026
1,588318,Bělov,7,323,0,8.0,1.0,2026
1,588326,Bezměrov,7,544,0,47.0,6.0,2026
1,588334,Vysoké,7,211,0,8.0,8.0,2026
1,588342,Vícenice,7,199,0,7.0,7.0,2026
1,588377,Brusné,7,392,0,18.0,2.0,2026
1,588385,Břest,15,1008,0,30.0,2.0,2026
1,588393,Bystřice pod Hostýnem,21,7911,0,168.0,8.0,2026
1,588407,Cetechovice,7,201,0,14.0,14.0,2026
1,588431,Dřínov,9,435,0,9.0,1.0,2026
1,588458,Holešov,23,11544,0,229.0,10.0,2026
1,588474,Horní Lapač,7,280,0,8.0,1.0,2026
1,588482,Hoštice,7,153,0,21.0,3.0,2026
1,588491,Hulín,17,6377,0,119.0,7.0,2026
1,588504,Chomýž,7,359,0,9.0,1.0,2026
1,588512,Chropyně,17,4582,0,136.0,8.0,2026
1,588521,Kostelany,9,630,0,18.0,2.0,2026
1,588547,Chvalnov-Lísky,9,239,0,18.0,2.0,2026
1,588555,Jankovice,9,413,0,18.0,2.0,2026
1,588563,Jarohněvice,7,320,0,8.0,1.0,2026
1,588598,Komárno,7,254,0,7.0,1.0,2026
1,588601,Koryčany,15,2744,0,90.0,6.0,2026
1,588610,Kostelec u Holešova,15,979,0,45.0,3.0,2026
1,588628,Kunkovice,5,71,0,7.0,2.0,2026
1,588636,Kurovice,7,258,0,7.0,1.0,2026
1,588644,Kvasice,15,2196,0,45.0,3.0,2026
1,588652,Kyselovice,9,500,0,18.0,2.0,2026
1,588661,Lechotice,7,459,0,7.0,1.0,2026
1,588695,Litenčice,9,461,0,9.0,1.0,2026
1,588709,Loukov,9,936,0,27.0,3.0,2026
1,588717,Lubná,9,476,0,18.0,2.0,2026
1,588725,Ludslavice,9,508,0,18.0,2.0,2026
1,588733,Lutopecny,9,615,0,18.0,2.0,2026
1,588741,Martinice,9,861,0,18.0,2.0,2026
1,588750,Míškovice,7,746,0,9.0,1.0,2026
1,588768,Morkovice-Slížany,15,2998,0,90.0,6.0,2026
1,588784,Němčice,7,385,0,9.0,1.0,2026
1,588806,Nítkovice,9,224,0,9.0,1.0,2026
1,588814,Nová Dědina,7,437,0,7.0,1.0,2026
1,588822,Osíčko,9,457,0,18.0,2.0,2026
1,588831,Pacetluky,7,250,0,9.0,1.0,2026
1,588849,Pačlavice,9,832,0,18.0,2.0,2026
1,588865,Počenice-Tetětice,9,698,0,36.0,4.0,2026
1,588873,Podhradní Lhota,9,459,0,36.0,4.0,2026
1,588890,Pravčice,15,713,0,15.0,1.0,2026
1,588903,Prusinovice,7,1193,0,17.0,2.0,2026
1,588920,Rajnochovice,11,535,0,35.0,4.0,2026
1,588938,Rataje,9,1136,0,45.0,5.0,2026
1,588946,Roštění,7,675,0,9.0,1.0,2026
1,588954,Roštín,15,692,0,30.0,2.0,2026
1,588962,Rusava,15,590,0,30.0,2.0,2026
1,588971,Rymice,9,596,0,27.0,3.0,2026
1,588989,Skaštice,7,362,0,14.0,2.0,2026
1,588997,Slavkov pod Hostýnem,11,656,0,11.0,1.0,2026
1,589004,Soběsuky,9,397,0,9.0,1.0,2026
1,589039,Střílky,9,601,0,18.0,2.0,2026
1,589047,Střížovice,7,249,0,9.0,1.0,2026
1,589055,Sulimov,7,147,0,7.0,1.0,2026
1,589080,Troubky-Zdislavice,9,420,0,9.0,1.0,2026
1,589098,Třebětice,9,283,0,9.0,1.0,2026
1,589110,Uhřice,7,178,0,13.0,13.0,2026
1,589128,Věžky,7,449,0,33.0,4.0,2026
1,589136,Vítonice,7,374,0,9.0,1.0,2026
1,589152,Zahnašovice,7,305,0,14.0,2.0,2026
1,589161,Záříčí,11,749,0,22.0,2.0,2026
1,589187,Zborovice,11,1448,0,44.0,4.0,2026
1,589195,Zdounky,15,2082,0,15.0,1.0,2026
1,589217,Zlobice,15,589,0,45.0,3.0,2026
1,589225,Žalkovice,15,587,0,30.0,2.0,2026
1,589233,Žeranovice,9,793,0,25.0,3.0,2026
1,589250,Prostějov,35,43236,0,302.0,10.0,2026
1,589268,Bedihošť,9,1157,0,36.0,4.0,2026
1,589276,Bílovice-Lutotín,9,518,0,9.0,1.0,2026
1,589284,Biskupice,7,317,0,12.0,2.0,2026
1,589292,Bohuslavice,7,449,0,18.0,2.0,2026
1,589306,Bousín,7,124,0,14.0,2.0,2026
1,589314,Brodek u Konice,9,799,0,18.0,2.0,2026
1,589322,Brodek u Prostějova,7,1450,0,29.0,5.0,2026
1,589331,Březsko,7,210,0,9.0,1.0,2026
1,589349,Budětsko,7,421,0,14.0,2.0,2026
1,589357,Buková,7,278,0,10.0,2.0,2026
1,589365,Čehovice,7,519,0,14.0,2.0,2026
1,589381,Čechy pod Kosířem,7,1135,0,14.0,2.0,2026
1,589390,Čelčice,7,514,0,21.0,3.0,2026
1,589403,Čelechovice na Hané,9,1342,0,10.0,2.0,2026
1,589420,Dětkovice,7,535,0,21.0,3.0,2026
1,589438,Dobrochov,5,364,0,11.0,2.0,2026
1,589446,Dobromilice,9,783,0,63.0,7.0,2026
1,589454,Doloplazy,7,516,0,25.0,3.0,2026
1,589462,Drahany,11,538,0,11.0,1.0,2026
1,589489,Dřevnovice,7,458,0,9.0,1.0,2026
1,589497,Dzbel,7,247,0,9.0,1.0,2026
1,589501,Hluchov,7,335,0,23.0,3.0,2026
1,589519,Horní Štěpánov,15,869,0,30.0,2.0,2026
1,589527,Hradčany-Kobeřice,9,408,0,36.0,4.0,2026
1,589535,Hrdibořice,7,205,0,14.0,2.0,2026
1,589543,Hrubčice,7,873,0,14.0,2.0,2026
1,589560,Hvozd,15,653,0,22.0,2.0,2026
1,589578,Ivaň,7,466,0,8.0,1.0,2026
1,589586,Jesenec,7,284,0,14.0,2.0,2026
1,589594,Kladky,7,352,0,7.0,1.0,2026
1,589608,Klenovice na Hané,11,813,0,22.0,2.0,2026
1,589616,Klopotovice,7,306,0,18.0,2.0,2026
1,589624,Konice,15,2620,0,90.0,6.0,2026
1,589632,Kostelec na Hané,15,2857,0,60.0,4.0,2026
1,589641,Koválovice-Osíčany,9,271,0,27.0,3.0,2026
1,589659,Kralice na Hané,9,1707,0,63.0,7.0,2026
1,589667,Krumsín,9,598,0,9.0,1.0,2026
1,589675,Laškov,9,575,0,18.0,2.0,2026
1,589683,Lešany,7,401,0,14.0,8.0,2026
1,589691,Lipová,9,712,0,27.0,3.0,2026
1,589705,Ludmírov,11,537,0,17.0,2.0,2026
1,589713,Malé Hradisko,9,367,0,18.0,2.0,2026
1,589721,Mořice,9,531,0,27.0,3.0,2026
1,589730,Mostkovice,11,1659,0,44.0,4.0,2026
1,589748,Myslejovice,15,677,0,30.0,2.0,2026
1,589756,Němčice nad Hanou,15,1902,0,105.0,7.0,2026
1,589764,Nezamyslice,15,1508,0,45.0,3.0,2026
1,589772,Niva,7,331,0,16.0,2.0,2026
1,589799,Obědkovice,7,263,0,7.0,1.0,2026
1,589802,Ohrozim,7,475,0,17.0,2.0,2026
1,589811,Ochoz,7,198,0,8.0,4.0,2026
1,589829,Olšany u Prostějova,15,1868,0,15.0,1.0,2026
1,589837,Ondratice,9,336,0,18.0,3.0,2026
1,589845,Otaslavice,9,1313,0,27.0,3.0,2026
1,589853,Otinoves,7,296,0,22.0,3.0,2026
1,589870,Pěnčín,7,769,0,16.0,2.0,2026
1,589888,Pivín,9,760,0,18.0,2.0,2026
1,589896,Plumlov,15,2271,0,74.0,5.0,2026
1,589918,Prostějovičky,7,311,0,16.0,2.0,2026
1,589926,Protivanov,11,1095,0,22.0,2.0,2026
1,589934,Přemyslovice,13,1200,0,26.0,2.0,2026
1,589942,Ptení,11,1099,0,33.0,3.0,2026
1,589951,Raková u Konice,7,201,0,9.0,1.0,2026
1,589969,Rakůvka,7,112,0,11.0,11.0,2026
1,589977,Rozstání,9,633,0,18.0,2.0,2026
1,589993,Skalka,7,265,0,10.0,4.0,2026
1,590002,Skřípov,9,335,0,18.0,2.0,2026
1,590011,Slatinky,7,572,0,16.0,2.0,2026
1,590029,Smržice,9,1667,0,45.0,5.0,2026
1,590045,Srbce,5,74,0,6.0,1.0,2026
1,590053,Stařechovice,7,549,0,7.0,1.0,2026
1,590061,Stínava,5,160,0,8.0,2.0,2026
1,590070,Stražisko,9,453,0,36.0,4.0,2026
1,590088,Suchdol,9,575,0,27.0,3.0,2026
1,590096,Šubířov,7,265,0,16.0,2.0,2026
1,590100,Tištín,9,461,0,18.0,2.0,2026
1,590118,Tvorovice,7,288,0,8.0,1.0,2026
1,590126,Určice,15,1383,0,15.0,1.0,2026
1,590134,Víceměřice,7,561,0,19.0,3.0,2026
1,590142,Vícov,7,580,0,25.0,3.0,2026
1,590151,Vitčice,7,185,0,9.0,1.0,2026
1,590177,Vranovice-Kelčice,7,611,0,34.0,4.0,2026
1,590185,Vrbátky,15,1728,0,75.0,5.0,2026
1,590193,Vrchoslavice,11,607,0,22.0,2.0,2026
1,590207,Vřesovice,7,580,0,7.0,1.0,2026
1,590215,Výšovice,7,630,0,16.0,2.0,2026
1,590223,Zdětín,7,416,0,8.0,1.0,2026
1,590240,Želeč,15,576,0,19.0,2.0,2026
1,590266,Třebíč,27,34476,0,267.0,10.0,2026
1,590274,Babice,7,225,0,9.0,1.0,2026
1,590282,Bačice,7,203,0,8.0,1.0,2026
1,590304,Benetice,7,192,0,10.0,10.0,2026
1,590312,Biskupice-Pulkov,7,256,0,7.0,1.0,2026
1,590321,Blatnice,7,385,0,24.0,4.0,2026
1,590347,Bochovice,7,153,0,12.0,12.0,2026
1,590363,Bransouze,7,210,0,7.0,7.0,2026
1,590371,Brtnička,5,97,0,7.0,2.0,2026
1,590380,Březník,11,692,0,44.0,4.0,2026
1,590401,Budišov,15,1193,0,132.0,9.0,2026
1,590410,Budkov,9,343,0,29.0,5.0,2026
1,590428,Cidlina,7,97,0,7.0,1.0,2026
1,590436,Čáslavice,15,560,0,28.0,2.0,2026
1,590444,Čechočovice,7,350,0,12.0,12.0,2026
1,590452,Čechtín,9,308,0,10.0,10.0,2026
1,590461,Červená Lhota,7,178,0,9.0,9.0,2026
1,590479,Číhalín,7,238,0,7.0,7.0,2026
1,590487,Číchov,7,218,0,10.0,10.0,2026
1,590495,Čikov,7,190,0,9.0,9.0,2026
1,590509,Číměř,5,238,0,6.0,1.0,2026
1,590517,Dalešice,11,567,0,22.0,2.0,2026
1,590525,Dědice,7,144,0,15.0,2.0,2026
1,590533,Dešov,9,473,0,14.0,14.0,2026
1,590550,Dolní Vilémovice,7,436,0,14.0,2.0,2026
1,590568,Domamil,9,313,0,18.0,2.0,2026
1,590576,Dukovany,15,853,0,60.0,4.0,2026
1,590584,Hartvíkovice,11,571,0,24.0,4.0,2026
1,590592,Heraltice,7,383,0,13.0,2.0,2026
1,590614,Hluboké,5,210,0,17.0,3.0,2026
1,590622,Hodov,7,313,0,8.0,8.0,2026
1,590631,Horní Heřmanice,7,139,0,9.0,9.0,2026
1,590649,Horní Újezd,7,247,0,7.0,1.0,2026
1,590657,Horní Vilémovice,5,76,0,7.0,7.0,2026
1,590665,Hornice,7,68,0,7.0,7.0,2026
1,590673,Hrotovice,15,1779,0,60.0,4.0,2026
1,590681,Hrutov,7,98,0,14.0,2.0,2026
1,590690,Hvězdoňovice,7,109,0,7.0,7.0,2026
1,590703,Chlístov,9,306,0,12.0,12.0,2026
1,590711,Chlum,7,140,0,9.0,9.0,2026
1,590746,Jakubov u Moravských Budějovic,15,698,0,24.0,2.0,2026
1,590754,Jaroměřice nad Rokytnou,21,4044,0,163.0,8.0,2026
1,590762,Jasenice,7,196,0,7.0,1.0,2026
1,590789,Jemnice,21,3979,0,126.0,6.0,2026
1,590797,Jinošov,7,278,0,10.0,10.0,2026
1,590801,Kamenná,7,221,0,9.0,9.0,2026
1,590819,Kdousov,6,117,0,7.0,1.0,2026
1,590827,Kladeruby nad Oslavou,7,211,0,15.0,2.0,2026
1,590835,Klučov,7,175,0,9.0,1.0,2026
1,590843,Kněžice,15,1386,0,60.0,4.0,2026
1,590851,Kojatice,7,231,0,7.0,1.0,2026
1,590860,Kojetice,7,463,0,7.0,7.0,2026
1,590878,Komárovice,7,113,0,7.0,1.0,2026
1,590886,Koněšín,7,510,0,27.0,3.0,2026
1,590894,Kostníky,7,190,0,8.0,8.0,2026
1,590908,Kouty,9,417,0,18.0,18.0,2026
1,590916,Kozlany,5,141,0,5.0,1.0,2026
1,590941,Kralice nad Oslavou,15,1012,0,60.0,4.0,2026
1,590959,Kramolín,7,131,0,7.0,7.0,2026
1,590967,Krhov,9,180,0,15.0,15.0,2026
1,590975,Krokočín,7,201,0,9.0,1.0,2026
1,590983,Lesná,7,90,0,7.0,7.0,2026
1,590991,Lesní Jakubov,7,117,0,9.0,1.0,2026
1,591009,Lesonice,7,502,0,7.0,1.0,2026
1,591025,Lhánice,7,182,0,9.0,9.0,2026
1,591041,Lipník,9,426,0,11.0,11.0,2026
1,591068,Litovany,7,126,0,14.0,2.0,2026
1,591092,Loukovice,7,134,0,13.0,3.0,2026
1,591114,Markvartice,9,283,0,16.0,16.0,2026
1,591122,Mastník,7,206,0,14.0,2.0,2026
1,591149,Meziříčko,9,84,0,9.0,1.0,2026
1,591157,Mikulovice,6,221,0,11.0,5.0,2026
1,591165,Mladoňovice,9,391,0,27.0,3.0,2026
1,591173,Mohelno,15,1383,0,30.0,2.0,2026
1,591181,Moravské Budějovice,21,7079,0,126.0,6.0,2026
1,591190,Myslibořice,9,665,0,27.0,3.0,2026
1,591211,Náměšť nad Oslavou,17,4738,0,80.0,5.0,2026
1,591220,Nárameč,7,360,0,9.0,1.0,2026
1,591238,Nimpšov,7,58,0,10.0,3.0,2026
1,591246,Nová Ves,9,262,0,12.0,12.0,2026
1,591254,Nové Syrovice,15,925,0,30.0,2.0,2026
1,591262,Nový Telečkov,7,97,0,12.0,12.0,2026
1,591289,Odunec,7,94,0,7.0,1.0,2026
1,591297,Okarec,5,97,0,5.0,1.0,2026
1,591301,Okříšky,15,2007,0,90.0,6.0,2026
1,591319,Opatov,11,765,0,32.0,3.0,2026
1,591327,Oponešice,7,183,0,10.0,10.0,2026
1,591335,Ostašov,7,175,0,9.0,1.0,2026
1,591360,Petrovice,9,414,0,23.0,4.0,2026
1,591378,Petrůvky,9,144,0,9.0,1.0,2026
1,591394,Police,7,319,0,10.0,10.0,2026
1,591408,Popůvky,5,73,0,5.0,5.0,2026
1,591416,Pozďatín,9,173,0,10.0,2.0,2026
1,591424,Přeckov,7,77,0,7.0,7.0,2026
1,591432,Předín,15,674,0,15.0,1.0,2026
1,591441,Přešovice,7,137,0,15.0,2.0,2026
1,591459,Přibyslavice,9,794,0,45.0,5.0,2026
1,591491,Pucov,7,168,0,15.0,15.0,2026
1,591505,Pyšel,7,481,0,19.0,19.0,2026
1,591521,Račice,7,85,0,7.0,1.0,2026
1,591548,Radkovice u Hrotovic,9,329,0,45.0,5.0,2026
1,591556,Radonín,7,94,0,8.0,1.0,2026
1,591564,Radošov,7,161,0,9.0,9.0,2026
1,591581,Rapotice,7,531,0,27.0,4.0,2026
1,591602,Rohy,7,112,0,9.0,1.0,2026
1,591611,Rokytnice nad Rokytnou,11,836,0,17.0,17.0,2026
1,591629,Rouchovany,15,1213,0,45.0,3.0,2026
1,591637,Rudíkov,9,774,0,18.0,2.0,2026
1,591645,Římov,7,416,0,9.0,9.0,2026
1,591661,Senorady,9,393,0,12.0,12.0,2026
1,591688,Slavětice,9,214,0,27.0,3.0,2026
1,591700,Slavičky,7,303,0,23.0,3.0,2026
1,591726,Smrk,7,292,0,9.0,1.0,2026
1,591742,Stařeč,13,1713,0,39.0,3.0,2026
1,591769,Studenec,9,626,0,12.0,12.0,2026
1,591777,Studnice,7,131,0,9.0,9.0,2026
1,591785,Sudice,7,352,0,10.0,2.0,2026
1,591793,Svatoslav,7,279,0,9.0,9.0,2026
1,591807,Šebkovice,11,499,0,15.0,15.0,2026
1,591815,Štěměchy,9,306,0,17.0,17.0,2026
1,591823,Štěpkov,5,116,0,6.0,1.0,2026
1,591831,Tasov,9,673,0,9.0,1.0,2026
1,591840,Trnava,7,785,0,15.0,2.0,2026
1,591858,Třebelovice,9,429,0,36.0,4.0,2026
1,591866,Třebenice,9,479,0,13.0,13.0,2026
1,591874,Valeč,15,873,0,47.0,5.0,2026
1,591904,Vladislav,15,1151,0,30.0,2.0,2026
1,591912,Vlčatín,7,147,0,11.0,11.0,2026
1,591939,Výčapy,9,865,0,16.0,16.0,2026
1,591947,Zahrádka,7,137,0,12.0,12.0,2026
1,591955,Zárubice,7,129,0,10.0,10.0,2026
1,591963,Zašovice,7,132,0,8.0,1.0,2026
1,591980,Zvěrkovice,7,217,0,17.0,2.0,2026
1,591998,Želetava,15,1476,0,30.0,2.0,2026
1,592005,Uherské Hradiště,27,24852,0,210.0,8.0,2026
1,592013,Babice,15,1861,0,30.0,2.0,2026
1,592021,Bánov,11,2164,0,30.0,3.0,2026
1,592030,Bílovice,15,1944,0,30.0,2.0,2026
1,592048,Bojkovice,21,4395,0,105.0,5.0,2026
1,592056,Boršice u Blatnice,9,815,0,63.0,7.0,2026
1,592064,Boršice,15,2186,0,75.0,5.0,2026
1,592072,Břestek,9,890,0,33.0,4.0,2026
1,592081,Březolupy,15,1708,0,88.0,6.0,2026
1,592099,Březová,9,961,0,36.0,4.0,2026
1,592102,Buchlovice,15,2376,0,90.0,6.0,2026
1,592111,Bystřice pod Lopeníkem,9,857,0,27.0,3.0,2026
1,592137,Částkov,7,374,0,22.0,3.0,2026
1,592145,Dolní Němčí,15,2847,0,45.0,3.0,2026
1,592153,Drslavice,7,518,0,18.0,2.0,2026
1,592170,Hluk,21,4242,0,63.0,3.0,2026
1,592188,Horní Němčí,15,807,0,59.0,4.0,2026
1,592196,Hostějov,5,42,0,6.0,1.0,2026
1,592200,Hradčovice,11,1003,0,22.0,2.0,2026
1,592218,Huštěnovice,9,1031,0,18.0,2.0,2026
1,592226,Jalubí,15,1813,0,60.0,4.0,2026
1,592234,Jankovice,7,440,0,7.0,1.0,2026
1,592251,Kelníky,7,161,0,8.0,1.0,2026
1,592269,Kněžpole,15,1039,0,75.0,5.0,2026
1,592277,Komňa,9,499,0,45.0,5.0,2026
1,592285,Korytná,9,894,0,45.0,5.0,2026
1,592293,Kostelany nad Moravou,9,876,0,9.0,1.0,2026
1,592307,Košíky,7,436,0,7.0,1.0,2026
1,592323,Kudlovice,9,958,0,34.0,4.0,2026
1,592340,Lopeník,7,228,0,19.0,3.0,2026
1,592366,Medlovice,7,440,0,9.0,1.0,2026
1,592382,Mistřice,15,1181,0,60.0,4.0,2026
1,592391,Modrá,9,704,0,27.0,3.0,2026
1,592404,Nedachlebice,9,798,0,28.0,4.0,2026
1,592412,Nedakonice,15,1634,0,74.0,5.0,2026
1,592421,Nezdenice,9,708,0,9.0,1.0,2026
1,592439,Nivnice,15,3347,0,60.0,4.0,2026
1,592447,Ořechov,9,800,0,27.0,3.0,2026
1,592455,Ostrožská Lhota,15,1489,0,60.0,4.0,2026
1,592463,Ostrožská Nová Ves,17,3362,0,51.0,3.0,2026
1,592471,Osvětimany,11,906,0,33.0,3.0,2026
1,592480,Pašovice,9,714,0,9.0,1.0,2026
1,592498,Pitín,15,892,0,30.0,2.0,2026
1,592501,Podolí,9,879,0,27.0,3.0,2026
1,592510,Polešovice,15,2047,0,60.0,4.0,2026
1,592528,Popovice,9,994,0,18.0,2.0,2026
1,592536,Prakšice,9,990,0,9.0,1.0,2026
1,592552,Rudice,9,420,0,27.0,3.0,2026
1,592561,Salaš,7,409,0,15.0,2.0,2026
1,592579,Slavkov,9,696,0,9.0,1.0,2026
1,592587,Staré Hutě,7,131,0,14.0,2.0,2026
1,592609,Starý Hrozenkov,15,774,0,60.0,4.0,2026
1,592617,Strání,15,3330,0,60.0,4.0,2026
1,592625,Stříbrnice,7,442,0,9.0,1.0,2026
1,592633,Stupava,7,162,0,9.0,1.0,2026
1,592641,Suchá Loz,9,1165,0,27.0,3.0,2026
1,592650,Sušice,9,656,0,27.0,3.0,2026
1,592668,Svárov,7,230,0,7.0,1.0,2026
1,592676,Šumice,15,1598,0,75.0,5.0,2026
1,592692,Topolná,15,1585,0,75.0,5.0,2026
1,592706,Traplice,13,1185,0,26.0,2.0,2026
1,592714,Tučapy,5,265,0,16.0,3.0,2026
1,592722,Tupesy,9,1096,0,45.0,5.0,2026
1,592731,Uherský Brod,27,16280,0,184.0,7.0,2026
1,592749,Uherský Ostroh,17,4168,0,68.0,4.0,2026
1,592757,Újezdec,7,260,0,15.0,2.0,2026
1,592773,Vápenice,7,189,0,17.0,2.0,2026
1,592781,Vážany,9,432,0,36.0,4.0,2026
1,592790,Velehrad,11,1119,0,33.0,3.0,2026
1,592803,Veletiny,7,543,0,7.0,1.0,2026
1,592820,Vlčnov,15,2936,0,45.0,3.0,2026
1,592838,Vyškovec,7,187,0,7.0,1.0,2026
1,592846,Záhorovice,9,1037,0,9.0,1.0,2026
1,592854,Zlámanec,9,337,0,18.0,2.0,2026
1,592862,Zlechov,9,1607,0,27.0,3.0,2026
1,592871,Žítková,7,175,0,25.0,3.0,2026
1,592889,Vyškov,27,20664,0,189.0,7.0,2026
1,592897,Bohaté Málkovice,7,236,0,15.0,2.0,2026
1,592901,Bohdalice-Pavlovice,11,973,0,49.0,5.0,2026
1,592919,Bošovice,11,1258,0,44.0,4.0,2026
1,592927,Brankovice,15,904,0,45.0,3.0,2026
1,592943,Bučovice,15,6859,0,74.0,5.0,2026
1,592978,Dětkovice,7,285,0,7.0,1.0,2026
1,592986,Dobročkovice,7,237,0,7.0,1.0,2026
1,592994,Dražovice,15,965,0,30.0,2.0,2026
1,593001,Drnovice,15,2403,0,60.0,4.0,2026
1,593010,Drysice,11,611,0,17.0,2.0,2026
1,593028,Habrovany,7,933,0,35.0,5.0,2026
1,593036,Hlubočany,9,553,0,9.0,1.0,2026
1,593044,Hodějice,9,1135,0,18.0,2.0,2026
1,593052,Hostěrádky-Rešov,9,828,0,18.0,2.0,2026
1,593061,Hoštice-Heroltice,9,617,0,18.0,2.0,2026
1,593079,Hrušky,7,784,0,9.0,2.0,2026
1,593087,Hvězdlice,9,576,0,18.0,2.0,2026
1,593095,Chvalkovice,7,282,0,14.0,2.0,2026
1,593117,Ivanovice na Hané,15,2996,0,60.0,4.0,2026
1,593125,Ježkovice,7,393,0,16.0,3.0,2026
1,593141,Kobeřice u Brna,7,735,0,24.0,3.0,2026
1,593150,Kojátky,7,360,0,32.0,4.0,2026
1,593168,Komořany,9,781,0,18.0,2.0,2026
1,593184,Kožušice,7,112,0,16.0,2.0,2026
1,593192,Krásensko,9,410,0,9.0,1.0,2026
1,593214,Křenovice,11,2083,0,44.0,4.0,2026
1,593222,Křižanovice,9,826,0,27.0,3.0,2026
1,593231,Křižanovice u Vyškova,7,140,0,7.0,1.0,2026
1,593249,Kučerov,9,494,0,45.0,5.0,2026
1,593257,Letonice,15,1385,0,71.0,5.0,2026
1,593265,Lovčičky,9,736,0,45.0,5.0,2026
1,593273,Luleč,9,997,0,18.0,2.0,2026
1,593281,Lysovice,7,300,0,9.0,1.0,2026
1,593290,Malínky,7,150,0,9.0,1.0,2026
1,593320,Milešovice,7,718,0,15.0,3.0,2026
1,593338,Milonice,7,376,0,8.0,1.0,2026
1,593346,Moravské Málkovice,11,594,0,22.0,2.0,2026
1,593354,Mouchnice,7,318,0,9.0,1.0,2026
1,593371,Němčany,9,799,0,14.0,2.0,2026
1,593389,Nemochovice,9,334,0,14.0,2.0,2026
1,593397,Nemojany,9,912,0,35.0,4.0,2026
1,593401,Nemotice,7,429,0,14.0,2.0,2026
1,593419,Nesovice,9,1130,0,36.0,4.0,2026
1,593427,Nevojice,7,420,0,18.0,2.0,2026
1,593435,Nížkovice,7,817,0,14.0,2.0,2026
1,593443,Nové Sady,7,105,0,9.0,1.0,2026
1,593460,Orlovice,7,304,0,9.0,1.0,2026
1,593478,Otnice,11,1571,0,22.0,2.0,2026
1,593486,Podivice,7,166,0,12.0,2.0,2026
1,593494,Prusy-Boškůvky,9,702,0,17.0,2.0,2026
1,593508,Pustiměř,15,1929,0,60.0,4.0,2026
1,593516,Račice-Pístovice,13,1369,0,39.0,3.0,2026
1,593524,Radslavice,7,458,0,7.0,1.0,2026
1,593532,Rašovice,9,717,0,18.0,2.0,2026
1,593559,Rousínov,15,5948,0,105.0,7.0,2026
1,593567,Ruprechtov,9,624,0,15.0,2.0,2026
1,593583,Slavkov u Brna,15,7294,0,120.0,8.0,2026
1,593591,Snovídky,7,316,0,14.0,2.0,2026
1,593605,Studnice,7,521,0,14.0,2.0,2026
1,593613,Šaratice,11,1064,0,34.0,4.0,2026
1,593621,Švábenice,15,1052,0,30.0,2.0,2026
1,593630,Topolany,7,382,0,9.0,2.0,2026
1,593648,Tučapy,9,662,0,9.0,1.0,2026
1,593656,Vážany,9,427,0,18.0,2.0,2026
1,593664,Vážany nad Litavou,7,777,0,16.0,2.0,2026
1,593681,Velešovice,9,1209,0,18.0,2.0,2026
1,593699,Zbýšov,9,720,0,9.0,1.0,2026
1,593702,Zelená Hora,5,322,0,27.0,5.0,2026
1,593711,Znojmo,31,33989,0,279.0,9.0,2026
1,593729,Bantice,7,294,0,22.0,3.0,2026
1,593737,Běhařovice,9,369,0,27.0,3.0,2026
1,593745,Bezkov,5,229,0,7.0,2.0,2026
1,593753,Bítov,7,141,0,8.0,2.0,2026
1,593761,Blanné,5,77,0,6.0,1.0,2026
1,593770,Blížkovice,9,1204,0,27.0,3.0,2026
1,593788,Bohutice,9,693,0,18.0,2.0,2026
1,593796,Bojanovice,7,184,0,8.0,1.0,2026
1,593800,Borotice,7,415,0,8.0,1.0,2026
1,593818,Boskovštejn,7,184,0,9.0,1.0,2026
1,593826,Božice,15,1609,0,45.0,3.0,2026
1,593834,Branišovice,7,641,0,9.0,1.0,2026
1,593842,Břežany,9,807,0,18.0,2.0,2026
1,593851,Citonice,7,605,0,18.0,2.0,2026
1,593869,Ctidružice,7,284,0,18.0,2.0,2026
1,593877,Čejkovice,7,252,0,7.0,1.0,2026
1,593885,Čermákovice,5,107,0,6.0,1.0,2026
1,593893,Černín,7,173,0,6.0,6.0,2026
1,593907,Damnice,7,390,0,14.0,2.0,2026
1,593923,Dobelice,7,256,0,8.0,2.0,2026
1,593931,Dobřínsko,7,396,0,22.0,3.0,2026
1,593958,Dolenice,7,137,0,9.0,1.0,2026
1,593966,Dolní Dubňany,7,486,0,9.0,1.0,2026
1,593974,Dyjákovice,11,932,0,22.0,2.0,2026
1,593982,Dyjákovičky,9,587,0,27.0,3.0,2026
1,593991,Dyje,7,509,0,14.0,2.0,2026
1,594008,Džbánice,7,135,0,14.0,2.0,2026
1,594016,Grešlové Mýto,7,221,0,18.0,2.0,2026
1,594024,Havraníky,7,303,0,16.0,3.0,2026
1,594032,Hevlín,11,1464,0,77.0,7.0,2026
1,594041,Hluboké Mašůvky,9,847,0,23.0,3.0,2026
1,594059,Hnanice,7,355,0,16.0,2.0,2026
1,594067,Hodonice,11,1764,0,55.0,5.0,2026
1,594075,Horní Břečkov,9,265,0,16.0,4.0,2026
1,594083,Horní Dubňany,7,285,0,14.0,2.0,2026
1,594091,Horní Dunajovice,7,675,0,35.0,4.0,2026
1,594105,Horní Kounice,7,305,0,9.0,1.0,2026
1,594113,Hostěradice,9,1671,0,42.0,5.0,2026
1,594121,Hostim,7,384,0,16.0,2.0,2026
1,594130,Hrabětice,11,912,0,22.0,2.0,2026
1,594148,Hrádek,11,992,0,55.0,5.0,2026
1,594156,Hrušovany nad Jevišovkou,15,3354,0,120.0,8.0,2026
1,594164,Chvalatice,7,109,0,12.0,12.0,2026
1,594172,Chvalovice,9,686,0,27.0,3.0,2026
1,594181,Jamolice,7,449,0,18.0,2.0,2026
1,594199,Jaroslavice,13,1244,0,52.0,4.0,2026
1,594202,Jevišovice,9,1156,0,36.0,4.0,2026
1,594211,Jezeřany-Maršovice,9,782,0,36.0,4.0,2026
1,594229,Jiřice u Miroslavi,9,472,0,27.0,3.0,2026
1,594237,Kadov,7,144,0,9.0,1.0,2026
1,594253,Korolupy,7,155,0,11.0,6.0,2026
1,594261,Kravsko,7,597,0,14.0,2.0,2026
1,594270,Krhovice,9,643,0,18.0,2.0,2026
1,594288,Křepice,7,113,0,9.0,1.0,2026
1,594296,Kubšice,5,195,0,6.0,1.0,2026
1,594300,Kuchařovice,15,916,0,15.0,1.0,2026
1,594318,Kyjovice,7,154,0,16.0,2.0,2026
1,594326,Lančov,7,204,0,9.0,1.0,2026
1,594334,Lechovice,7,555,0,14.0,2.0,2026
1,594342,Lesná,7,251,0,9.0,1.0,2026
1,594351,Lesonice,9,252,0,15.0,3.0,2026
1,594369,Litobratřice,9,516,0,45.0,5.0,2026
1,594377,Loděnice,7,635,0,19.0,3.0,2026
1,594385,Lubnice,5,58,0,7.0,2.0,2026
1,594393,Lukov,7,256,0,18.0,2.0,2026
1,594407,Mackovice,7,381,0,14.0,2.0,2026
1,594415,Mašovice,7,544,0,23.0,3.0,2026
1,594423,Medlice,7,165,0,21.0,3.0,2026
1,594431,Mikulovice,11,669,0,22.0,2.0,2026
1,594440,Milíčovice,7,201,0,7.0,1.0,2026
1,594458,Miroslav,15,3019,0,60.0,4.0,2026
1,594466,Miroslavské Knínice,7,346,0,34.0,4.0,2026
1,594474,Morašice,7,221,0,14.0,2.0,2026
1,594482,Moravský Krumlov,21,5635,0,147.0,7.0,2026
1,594512,Našiměřice,7,200,0,14.0,2.0,2026
1,594521,Němčičky,7,84,0,9.0,9.0,2026
1,594555,Olbramkostel,7,524,0,27.0,3.0,2026
1,594563,Olbramovice,9,1177,0,30.0,4.0,2026
1,594571,Oleksovice,7,669,0,17.0,3.0,2026
1,594580,Onšov,7,76,0,10.0,2.0,2026
1,594598,Oslnovice,5,67,0,5.0,1.0,2026
1,594601,Pavlice,9,494,0,16.0,2.0,2026
1,594610,Petrovice,9,383,0,16.0,2.0,2026
1,594628,Plaveč,7,452,0,7.0,1.0,2026
1,594636,Podhradí nad Dyjí,5,51,0,7.0,2.0,2026
1,594644,Podmolí,7,164,0,9.0,1.0,2026
1,594652,Podmyče,7,111,0,10.0,2.0,2026
1,594679,Práče,9,807,0,19.0,3.0,2026
1,594687,Pravice,7,370,0,30.0,4.0,2026
1,594695,Prokopov,5,110,0,6.0,1.0,2026
1,594709,Prosiměřice,7,867,0,24.0,3.0,2026
1,594725,Rešice,9,325,0,10.0,2.0,2026
1,594733,Rozkoš,7,175,0,7.0,1.0,2026
1,594741,Rudlice,7,110,0,15.0,15.0,2026
1,594750,Rybníky,7,437,0,7.0,1.0,2026
1,594768,Skalice,9,518,0,18.0,2.0,2026
1,594776,Slatina,7,244,0,8.0,1.0,2026
1,594784,Slup,7,538,0,9.0,1.0,2026
1,594792,Stálky,7,117,0,8.0,1.0,2026
1,594806,Starý Petřín,7,228,0,8.0,3.0,2026
1,594814,Stošíkovice na Louce,5,331,0,17.0,3.0,2026
1,594822,Strachotice,9,1031,0,18.0,2.0,2026
1,594831,Střelice,5,170,0,8.0,8.0,2026
1,594849,Suchohrdly u Miroslavi,9,539,0,27.0,3.0,2026
1,594865,Šafov,7,131,0,8.0,1.0,2026
1,594873,Šanov,15,1729,0,45.0,3.0,2026
1,594881,Šatov,9,1144,0,18.0,2.0,2026
1,594890,Štítary,9,681,0,45.0,5.0,2026
1,594903,Šumice,7,325,0,17.0,2.0,2026
1,594911,Šumná,9,639,0,27.0,3.0,2026
1,594920,Tasovice,11,1429,0,33.0,3.0,2026
1,594938,Tavíkovice,7,552,0,9.0,1.0,2026
1,594946,Těšetice,7,639,0,8.0,1.0,2026
1,594954,Trnové Pole,5,115,0,12.0,2.0,2026
1,594962,Troskotovice,9,778,0,41.0,5.0,2026
1,594971,Trstěnice,9,514,0,9.0,1.0,2026
1,594989,Tulešice,7,205,0,13.0,13.0,2026
1,594997,Tvořihráz,7,432,0,7.0,1.0,2026
1,595004,Uherčice,9,366,0,9.0,1.0,2026
1,595012,Újezd,5,105,0,6.0,1.0,2026
1,595021,Únanov,15,1282,0,30.0,2.0,2026
1,595039,Valtrovice,7,410,0,14.0,4.0,2026
1,595047,Vedrovice,9,914,0,36.0,4.0,2026
1,595055,Vémyslice,9,687,0,27.0,3.0,2026
1,595063,Vevčice,7,63,0,12.0,5.0,2026
1,595071,Višňové,11,1077,0,33.0,3.0,2026
1,595080,Vítonice,7,287,0,17.0,4.0,2026
1,595098,Vranov nad Dyjí,15,777,0,45.0,3.0,2026
1,595101,Vranovská Ves,7,284,0,22.0,3.0,2026
1,595110,Vratěnín,9,270,0,19.0,3.0,2026
1,595128,Vrbovec,15,1292,0,30.0,2.0,2026
1,595136,Výrovice,7,188,0,9.0,1.0,2026
1,595144,Vysočany,5,88,0,11.0,2.0,2026
1,595152,Zálesí,7,152,0,17.0,2.0,2026
1,595161,Zblovice,7,38,0,7.0,1.0,2026
1,595179,Želetice,5,305,0,7.0,2.0,2026
1,595187,Žerotice,7,348,0,9.0,1.0,2026
1,595195,Žerůtky,5,283,0,5.0,1.0,2026
1,595209,Žďár nad Sázavou,27,20247,0,162.0,6.0,2026
1,595217,Baliny,7,138,0,7.0,1.0,2026
1,595241,Blažkov,9,271,0,18.0,2.0,2026
1,595250,Blízkov,9,342,0,27.0,3.0,2026
1,595268,Bobrová,15,904,0,42.0,3.0,2026
1,595276,Bobrůvka,7,237,0,19.0,3.0,2026
1,595284,Bohdalec,9,283,0,10.0,2.0,2026
1,595292,Bohdalov,11,1180,0,44.0,4.0,2026
1,595306,Bohuňov,7,286,0,7.0,7.0,2026
1,595314,Borač,7,346,0,23.0,3.0,2026
1,595322,Borovnice,7,195,0,10.0,10.0,2026
1,595331,Borovník,7,111,0,9.0,9.0,2026
1,595349,Březejc,5,161,0,6.0,1.0,2026
1,595357,Březí,7,215,0,14.0,14.0,2026
1,595365,Březí nad Oslavou,7,280,0,7.0,1.0,2026
1,595381,Březské,7,186,0,12.0,12.0,2026
1,595390,Budeč,7,180,0,9.0,9.0,2026
1,595403,Bukov,9,180,0,27.0,3.0,2026
1,595411,Bystřice nad Pernštejnem,23,7851,0,160.0,7.0,2026
1,595420,Býšovec,7,171,0,8.0,2.0,2026
1,595438,Černá,7,308,0,12.0,4.0,2026
1,595446,Černvír,7,142,0,9.0,1.0,2026
1,595454,Dalečín,13,659,0,19.0,2.0,2026
1,595462,Daňkovice,9,177,0,9.0,1.0,2026
1,595471,Dlouhé,9,257,0,25.0,3.0,2026
1,595489,Dobrá Voda,9,408,0,36.0,4.0,2026
1,595501,Dolní Heřmanice,9,590,0,18.0,2.0,2026
1,595519,Dolní Libochová,7,137,0,10.0,10.0,2026
1,595527,Dolní Loučky,15,1301,0,55.0,4.0,2026
1,595535,Dolní Rožínka,15,583,0,30.0,2.0,2026
1,595551,Doubravník,15,842,0,30.0,2.0,2026
1,595560,Drahonín,7,110,0,8.0,8.0,2026
1,595578,Fryšava pod Žákovou horou,7,324,0,17.0,2.0,2026
1,595586,Hamry nad Sázavou,15,1568,0,30.0,2.0,2026
1,595594,Herálec,15,1344,0,30.0,2.0,2026
1,595608,Heřmanov,7,233,0,10.0,10.0,2026
1,595624,Hodíškov,5,147,0,11.0,2.0,2026
1,595641,Bory,15,765,0,60.0,4.0,2026
1,595659,Horní Libochová,7,202,0,12.0,12.0,2026
1,595667,Horní Loučky,9,314,0,18.0,2.0,2026
1,595675,Horní Radslavice,5,101,0,7.0,7.0,2026
1,595683,Horní Rožínka,7,85,0,14.0,2.0,2026
1,595705,Chlum-Korouhvice,5,40,0,7.0,7.0,2026
1,595713,Chlumek,7,160,0,8.0,1.0,2026
1,595721,Chlumětín,7,229,0,12.0,12.0,2026
1,595730,Jabloňov,7,352,0,15.0,15.0,2026
1,595748,Javorek,7,107,0,8.0,8.0,2026
1,595756,Jámy,11,655,0,43.0,4.0,2026
1,595772,Jimramov,15,1168,0,45.0,3.0,2026
1,595802,Jívoví,7,291,0,9.0,2.0,2026
1,595811,Kadolec,7,168,0,6.0,6.0,2026
1,595829,Kadov,7,149,0,9.0,1.0,2026
1,595837,Kaly,9,312,0,18.0,2.0,2026
1,595845,Karlov,7,123,0,9.0,1.0,2026
1,595853,Kněževes,7,171,0,9.0,9.0,2026
1,595861,Koroužné,7,247,0,7.0,7.0,2026
1,595870,Kotlasy,7,110,0,11.0,11.0,2026
1,595888,Kozlov,7,199,0,14.0,9.0,2026
1,595896,Krásné,7,119,0,9.0,1.0,2026
1,595900,Krásněves,7,281,0,22.0,3.0,2026
1,595918,Křižánky,9,403,0,15.0,2.0,2026
1,595926,Křižanov,15,1811,0,60.0,4.0,2026
1,595934,Křižínkov,7,229,0,7.0,1.0,2026
1,595951,Křoví,15,641,0,60.0,4.0,2026
1,595969,Kuklík,9,196,0,10.0,10.0,2026
1,595977,Kundratice,7,180,0,7.0,7.0,2026
1,595985,Kuřimská Nová Ves,7,159,0,7.0,7.0,2026
1,595993,Kuřimské Jestřabí,9,182,0,9.0,9.0,2026
1,596001,Kyjov,5,58,0,10.0,2.0,2026
1,596019,Lavičky,7,725,0,12.0,12.0,2026
1,596035,Lhotka,7,227,0,11.0,4.0,2026
1,596051,Lísek,7,352,0,11.0,11.0,2026
1,596060,Líšná,5,51,0,6.0,1.0,2026
1,596078,Lubné,7,53,0,7.0,7.0,2026
1,596086,Malá Losenice,9,295,0,18.0,2.0,2026
1,596094,Martinice,7,463,0,7.0,1.0,2026
1,596108,Matějov,7,200,0,10.0,2.0,2026
1,596116,Měřín,15,2009,0,75.0,5.0,2026
1,596132,Mirošov,7,142,0,11.0,11.0,2026
1,596141,Moravec,9,684,0,26.0,4.0,2026
1,596159,Moravecké Pavlovice,5,52,0,8.0,2.0,2026
1,596175,Nedvědice,15,1268,0,75.0,5.0,2026
1,596183,Netín,9,403,0,9.0,1.0,2026
1,596191,Níhov,9,256,0,12.0,12.0,2026
1,596205,Nížkov,15,972,0,60.0,4.0,2026
1,596213,Nová Ves,7,155,0,9.0,9.0,2026
1,596221,Nová Ves u Nového Města na Moravě,9,680,0,14.0,2.0,2026
1,596230,Nové Město na Moravě,23,9716,0,184.0,8.0,2026
1,596248,Nové Sady,7,255,0,14.0,14.0,2026
1,596256,Nové Veselí,15,1369,0,45.0,3.0,2026
1,596264,Nový Jimramov,7,56,0,9.0,9.0,2026
1,596272,Nyklovice,7,177,0,8.0,8.0,2026
1,596281,Obyčtov,7,453,0,8.0,1.0,2026
1,596302,Olší,7,360,0,10.0,10.0,2026
1,596329,Ořechov,7,336,0,8.0,8.0,2026
1,596337,Oslavice,9,769,0,27.0,3.0,2026
1,596345,Osová Bítýška,13,942,0,52.0,4.0,2026
1,596353,Osové,7,103,0,8.0,1.0,2026
1,596361,Ostrov nad Oslavou,11,1000,0,73.0,7.0,2026
1,596370,Otín,9,334,0,16.0,16.0,2026
1,596388,Pavlínov,9,274,0,13.0,13.0,2026
1,596396,Pavlov,7,347,0,15.0,2.0,2026
1,596400,Pernštejnské Jestřabí,7,216,0,12.0,2.0,2026
1,596418,Petráveč,9,305,0,18.0,2.0,2026
1,596434,Písečné,7,193,0,11.0,11.0,2026
1,596442,Počítky,7,240,0,9.0,1.0,2026
1,596451,Poděšín,7,260,0,15.0,2.0,2026
1,596469,Podolí,7,97,0,7.0,1.0,2026
1,596477,Pokojov,7,134,0,9.0,1.0,2026
1,596485,Polnička,15,804,0,45.0,3.0,2026
1,596493,Prosetín,15,358,0,30.0,2.0,2026
1,596507,Račice,5,49,0,6.0,1.0,2026
1,596515,Radenice,7,163,0,7.0,1.0,2026
1,596523,Radešín,7,126,0,8.0,1.0,2026
1,596531,Radešínská Svratka,11,616,0,33.0,3.0,2026
1,596540,Radňoves,7,99,0,11.0,11.0,2026
1,596558,Radňovice,7,338,0,14.0,2.0,2026
1,596566,Radostín,5,153,0,12.0,2.0,2026
1,596574,Radostín nad Oslavou,15,945,0,40.0,3.0,2026
1,596582,Rojetín,5,83,0,6.0,1.0,2026
1,596604,Rousměrov,7,108,0,7.0,7.0,2026
1,596612,Rovečné,11,583,0,22.0,2.0,2026
1,596639,Rozseč,7,93,0,7.0,7.0,2026
1,596647,Rozsochy,15,673,0,44.0,4.0,2026
1,596655,Rožná,15,818,0,30.0,2.0,2026
1,596663,Ruda,7,420,0,13.0,13.0,2026
1,596671,Rudolec,7,235,0,8.0,8.0,2026
1,596680,Řečice,9,459,0,18.0,2.0,2026
1,596698,Řikonín,5,59,0,5.0,1.0,2026
1,596701,Sázava,15,672,0,60.0,4.0,2026
1,596710,Sejřek,5,178,0,6.0,1.0,2026
1,596728,Sirákov,7,271,0,9.0,2.0,2026
1,596736,Sklené,7,100,0,8.0,1.0,2026
1,596744,Sklené nad Oslavou,7,241,0,16.0,3.0,2026
1,596752,Skorotice,5,138,0,5.0,1.0,2026
1,596761,Skřinářov,7,147,0,11.0,11.0,2026
1,596787,Sněžné,15,765,0,45.0,3.0,2026
1,596795,Spělkov,5,35,0,5.0,1.0,2026
1,596809,Strachujov,7,128,0,8.0,2.0,2026
1,596817,Stránecká Zhoř,11,601,0,26.0,5.0,2026
1,596825,Strážek,15,847,0,43.0,3.0,2026
1,596833,Sulkovec,7,159,0,9.0,2.0,2026
1,596841,Světnov,9,437,0,14.0,2.0,2026
1,596850,Sviny,5,118,0,6.0,1.0,2026
1,596868,Svratka,15,1358,0,60.0,4.0,2026
1,596876,Škrdlovice,11,711,0,11.0,1.0,2026
1,596884,Štěpánov nad Svratkou,15,722,0,30.0,2.0,2026
1,596892,Tišnovská Nová Ves,7,98,0,8.0,8.0,2026
1,596906,Uhřínov,7,402,0,7.0,1.0,2026
1,596914,Ujčov,9,468,0,18.0,2.0,2026
1,596922,Újezd,7,302,0,9.0,9.0,2026
1,596931,Unčín,9,199,0,9.0,1.0,2026
1,596949,Vatín,7,292,0,18.0,2.0,2026
1,596957,Věcov,15,708,0,30.0,2.0,2026
1,596965,Věchnov,5,321,0,6.0,1.0,2026
1,596973,Velká Bíteš,21,5535,0,147.0,7.0,2026
1,596981,Velká Losenice,15,1215,0,45.0,3.0,2026
1,596990,Velké Janovice,7,143,0,9.0,1.0,2026
1,597007,Velké Meziříčí,23,11709,0,138.0,6.0,2026
1,597015,Vepřová,9,449,0,14.0,2.0,2026
1,597031,Věstín,9,166,0,18.0,2.0,2026
1,597040,Věžná,9,239,0,19.0,3.0,2026
1,597058,Vídeň,9,469,0,14.0,2.0,2026
1,597066,Vidonín,7,174,0,18.0,18.0,2026
1,597074,Vír,15,643,0,60.0,4.0,2026
1,597082,Vlkov,9,280,0,12.0,12.0,2026
1,597091,Vojnův Městec,15,792,0,42.0,3.0,2026
1,597104,Vratislávka,7,87,0,9.0,9.0,2026
1,597112,Záblatí,7,275,0,12.0,12.0,2026
1,597121,Zadní Zhořec,7,137,0,7.0,7.0,2026
1,597139,Znětínek,7,224,0,11.0,11.0,2026
1,597147,Zubří,9,529,0,16.0,16.0,2026
1,597155,Zvole,11,659,0,22.0,2.0,2026
1,597163,Ždánice,9,234,0,9.0,9.0,2026
1,597171,Žďárec,7,384,0,12.0,2.0,2026
1,597180,Bruntál,25,14791,0,200.0,8.0,2026
1,597198,Bílčice,7,221,0,21.0,3.0,2026
1,597201,Bohušov,7,376,0,46.0,6.0,2026
1,597210,Brantice,9,1401,0,27.0,3.0,2026
1,597228,Břidličná,15,2843,0,120.0,8.0,2026
1,597252,Dětřichov nad Bystřicí,9,404,0,9.0,1.0,2026
1,597287,Dolní Moravice,9,369,0,18.0,2.0,2026
1,597317,Dvorce,9,1212,0,45.0,5.0,2026
1,597325,Heřmanovice,7,328,0,35.0,6.0,2026
1,597341,Holčovice,9,723,0,36.0,4.0,2026
1,597350,Horní Benešov,15,2214,0,60.0,4.0,2026
1,597368,Horní Město,11,825,0,44.0,4.0,2026
1,597392,Hošťálkovy,7,633,0,14.0,2.0,2026
1,597414,Huzová,7,591,0,23.0,3.0,2026
1,597431,Janov,5,258,0,6.0,1.0,2026
1,597449,Jindřichov,11,1126,0,33.0,3.0,2026
1,597457,Jiříkov,9,352,0,16.0,2.0,2026
1,597473,Karlova Studánka,7,170,0,9.0,1.0,2026
1,597481,Karlovice,9,963,0,36.0,4.0,2026
1,597511,Krasov,7,351,0,24.0,3.0,2026
1,597520,Krnov,27,22303,0,189.0,7.0,2026
1,597538,Křišťanovice,7,220,0,7.0,1.0,2026
1,597546,Leskovec nad Moravicí,9,438,0,36.0,4.0,2026
1,597554,Lichnov,9,1017,0,36.0,4.0,2026
1,597571,Liptaň,9,465,0,18.0,2.0,2026
1,597589,Lomnice,9,459,0,18.0,2.0,2026
1,597601,Malá Morávka,9,616,0,35.0,4.0,2026
1,597635,Město Albrechtice,15,3338,0,98.0,7.0,2026
1,597678,Moravský Beroun,15,2775,0,30.0,2.0,2026
1,597686,Norberčany,7,244,0,14.0,2.0,2026
1,597716,Osoblaha,9,1016,0,27.0,3.0,2026
1,597724,Razová,7,509,0,19.0,3.0,2026
1,597741,Roudno,5,212,0,6.0,1.0,2026
1,597775,Rusín,5,135,0,6.0,1.0,2026
1,597783,Rýmařov,21,7670,0,147.0,7.0,2026
1,597791,Ryžoviště,9,584,0,36.0,4.0,2026
1,597813,Slezské Rudoltice,9,504,0,36.0,4.0,2026
1,597821,Sosnová,7,416,0,27.0,3.0,2026
1,597872,Světlá Hora,9,1337,0,18.0,2.0,2026
1,597881,Svobodné Heřmanice,7,543,0,21.0,3.0,2026
1,597899,Široká Niva,9,544,0,18.0,2.0,2026
1,597911,Třemešná,9,870,0,27.0,3.0,2026
1,597937,Úvalno,7,975,0,25.0,3.0,2026
1,597945,Václavov u Bruntálu,7,474,0,30.0,4.0,2026
1,597961,Vrbno pod Pradědem,17,4627,0,68.0,4.0,2026
1,597970,Vysoká,7,322,0,23.0,3.0,2026
1,597988,Zátor,9,1141,0,36.0,4.0,2026
1,597996,Zlaté Hory,15,3933,0,117.0,8.0,2026
1,598003,Frýdek-Místek,43,53164,0,378.0,9.0,2026
1,598011,Baška,15,4056,0,105.0,7.0,2026
1,598020,Bílá,7,278,0,22.0,3.0,2026
1,598038,Brušperk,15,4157,0,105.0,7.0,2026
1,598046,Bruzovice,9,1008,0,18.0,2.0,2026
1,598062,Bystřice,15,5262,0,75.0,5.0,2026
1,598071,Čeladná,15,2978,0,41.0,3.0,2026
1,598089,Dobrá,15,3268,0,60.0,4.0,2026
1,598101,Dolní Domaslavice,15,1467,0,30.0,2.0,2026
1,598135,Fryčovice,15,2431,0,75.0,5.0,2026
1,598143,Frýdlant nad Ostravicí,21,9839,0,84.0,4.0,2026
1,598160,Hnojník,15,1477,0,90.0,6.0,2026
1,598178,Horní Bludovice,15,2582,0,45.0,3.0,2026
1,598232,Hrčava,7,244,0,22.0,3.0,2026
1,598241,Pětikozly,5,92,0,12.0,7.0,2026
1,598259,Jablunkov,21,5225,0,147.0,7.0,2026
1,598267,Modletice,7,609,0,7.0,1.0,2026
1,598275,Kaňovice,7,380,0,9.0,9.0,2026
1,598283,Sedlec,7,534,0,7.0,1.0,2026
1,598291,Čakovičky,7,737,0,18.0,2.0,2026
1,598305,Svémyslice,7,599,0,9.0,1.0,2026
1,598313,Trnová,9,622,0,27.0,3.0,2026
1,598321,Kozlovice,15,3161,0,45.0,3.0,2026
1,598330,Tušovice,7,102,0,9.0,1.0,2026
1,598348,Krmelín,15,2381,0,61.0,5.0,2026
1,598356,Kunčice pod Ondřejníkem,15,2475,0,75.0,5.0,2026
1,598364,Lhotka,7,602,0,16.0,2.0,2026
1,598372,Ostrov,7,158,0,9.0,1.0,2026
1,598381,Dubenec,7,347,0,9.0,1.0,2026
1,598399,Lučina,15,1596,0,60.0,4.0,2026
1,598402,Háje,7,613,0,9.0,9.0,2026
1,598411,Lhota u Příbramě,7,486,0,53.0,7.0,2026
1,598429,Trhové Dušníky,7,703,0,9.0,1.0,2026
1,598437,Vševily,7,140,0,8.0,8.0,2026
1,598445,Morávka,7,1266,0,41.0,6.0,2026
1,598453,Mosty u Jablunkova,11,3667,0,44.0,4.0,2026
1,598461,Kňovice,7,334,0,12.0,12.0,2026
1,598470,Osečany,9,270,0,18.0,2.0,2026
1,598488,Radíč,9,234,0,14.0,14.0,2026
1,598496,Šípy,7,154,0,9.0,1.0,2026
1,598500,Krty,7,123,0,17.0,3.0,2026
1,598518,Žďár,5,130,0,6.0,1.0,2026
1,598526,Roztoky,9,1009,0,27.0,3.0,2026
1,598542,Ostravice,15,2558,0,75.0,5.0,2026
1,598551,Palkovice,15,3547,0,75.0,5.0,2026
1,598569,Paskov,17,3855,0,85.0,5.0,2026
1,598577,Přerubenice,7,88,0,7.0,1.0,2026
1,598585,Nezabudice,5,89,0,11.0,2.0,2026
1,598593,Heřmaň,7,211,0,8.0,8.0,2026
1,598607,Hlincová Hora,7,493,0,21.0,3.0,2026
1,598615,Modrá Hůrka,5,98,0,6.0,1.0,2026
1,598623,Mojné,7,300,0,27.0,4.0,2026
1,598631,Kamenný Malíkov,5,78,0,6.0,1.0,2026
1,598640,Vlčetínec,5,51,0,6.0,1.0,2026
1,598658,Horní Meziříčko,5,109,0,6.0,1.0,2026
1,598666,Zlátenka,7,46,0,7.0,1.0,2026
1,598674,Sedliště,15,1715,0,60.0,4.0,2026
1,598691,Hukvaldy,15,2198,0,56.0,5.0,2026
1,598704,Čížkov,7,142,0,7.0,1.0,2026
1,598712,Kojčice,7,354,0,7.0,7.0,2026
1,598721,Libkova Voda,7,271,0,8.0,2.0,2026
1,598739,Stará Ves nad Ondřejnicí,15,2990,0,60.0,4.0,2026
1,598747,Staré Hamry,7,541,0,30.0,4.0,2026
1,598755,Putimov,7,287,0,12.0,12.0,2026
1,598763,Svépravice,8,113,0,8.0,1.0,2026
1,598771,Syrov,7,60,0,7.0,1.0,2026
1,598780,Borovany,7,212,0,9.0,9.0,2026
1,598798,Šenov,17,6642,0,102.0,6.0,2026
1,598801,Květov,7,110,0,10.0,10.0,2026
1,598810,Třinec,27,33523,0,187.0,7.0,2026
1,598828,Osek,9,153,0,9.0,9.0,2026
1,598836,Václavovice,15,2125,0,31.0,3.0,2026
1,598844,Vlastec,5,238,0,23.0,4.0,2026
1,598852,Vlksice,7,149,0,9.0,1.0,2026
1,598861,Žďár,7,254,0,10.0,10.0,2026
1,598879,Vratimov,17,7469,0,116.0,7.0,2026
1,598887,Pivkovice,7,86,0,7.0,1.0,2026
1,598895,Bezdědovice,7,383,0,20.0,3.0,2026
1,598909,Skály,7,76,0,13.0,2.0,2026
1,598917,Karviná,41,48684,0,306.0,8.0,2026
1,598925,Albrechtice,15,3782,0,90.0,6.0,2026
1,598933,Český Těšín,27,22870,0,274.0,11.0,2026
1,598941,Dětmarovice,15,4512,0,90.0,6.0,2026
1,598950,Lažánky,7,115,0,10.0,10.0,2026
1,598968,Dolní Lutyně,15,5350,0,90.0,6.0,2026
1,598976,Čenkov u Bechyně,7,62,0,7.0,7.0,2026
1,598992,Hodětín,7,90,0,9.0,2.0,2026
1,599000,Záhoří,7,72,0,7.0,7.0,2026
1,599026,Slapsko,7,131,0,10.0,10.0,2026
1,599034,Zhoř u Mladé Vožice,7,115,0,11.0,11.0,2026
1,599042,Slapy,9,526,0,9.0,9.0,2026
1,599051,Bohumín,23,20234,0,138.0,6.0,2026
1,599069,Orlová,31,27383,0,279.0,9.0,2026
1,599077,Petrovice u Karviné,21,4973,0,63.0,3.0,2026
1,599085,Petřvald,15,7350,0,90.0,6.0,2026
1,599107,Rychvald,15,7823,0,135.0,9.0,2026
1,599115,Řípec,7,339,0,8.0,1.0,2026
1,599123,Ústrašice,7,406,0,18.0,2.0,2026
1,599131,Nová Ves,7,146,0,5.0,5.0,2026
1,599140,Stonava,7,1745,0,33.0,4.0,2026
1,599158,Těrlicko,15,4876,0,75.0,5.0,2026
1,599166,Němčice,7,129,0,9.0,1.0,2026
1,599174,Močerady,7,71,0,7.0,1.0,2026
1,599182,Pařezov,7,228,0,9.0,9.0,2026
1,599191,Nový Jičín,29,22740,0,290.0,10.0,2026
1,599204,Korkyně,9,143,0,18.0,2.0,2026
1,599212,Bartošovice,15,1714,0,16.0,2.0,2026
1,599221,Popovičky,7,481,0,14.0,2.0,2026
1,599239,Vokov,7,210,0,8.0,8.0,2026
1,599247,Bílovec,15,7349,0,135.0,9.0,2026
1,599255,Mezná,7,115,0,8.0,1.0,2026
1,599263,Sedlečko u Soběslavě,9,227,0,9.0,1.0,2026
1,599271,Zlukov,7,289,0,7.0,1.0,2026
1,599280,Komárov,7,129,0,8.0,8.0,2026
1,599298,Drahenice,7,150,0,9.0,1.0,2026
1,599301,Černíky,5,171,0,11.0,3.0,2026
1,599344,Frenštát pod Radhoštěm,21,10495,0,189.0,9.0,2026
1,599352,Fulnek,15,5436,0,90.0,6.0,2026
1,599361,Strojetice,7,145,0,8.0,8.0,2026
1,599379,Stranný,9,117,0,11.0,11.0,2026
1,599387,Soutice,7,272,0,16.0,2.0,2026
1,599395,Ostrov,7,74,0,13.0,5.0,2026
1,599409,Hodslavice,15,1692,0,46.0,4.0,2026
1,599417,Železná,5,329,0,12.0,2.0,2026
1,599425,Želenice,7,208,0,7.0,1.0,2026
1,599433,Svárov,7,622,0,7.0,1.0,2026
1,599441,Stradonice,7,148,0,7.0,1.0,2026
1,599450,Grunta,7,97,0,7.0,1.0,2026
1,599468,Jeseník nad Odrou,15,1919,0,60.0,4.0,2026
1,599476,Církvice,7,188,0,9.0,1.0,2026
1,599484,Krychnov,5,107,0,6.0,1.0,2026
1,599492,Újezdec,7,141,0,10.0,10.0,2026
1,599506,Jistebník,15,1814,0,30.0,2.0,2026
1,599514,Březovice,5,345,0,12.0,2.0,2026
1,599522,Husí Lhota,7,162,0,8.0,1.0,2026
1,599531,Horní Slivno,9,395,0,9.0,1.0,2026
1,599549,Klimkovice,17,4396,0,85.0,5.0,2026
1,599557,Koryta,7,109,0,8.0,8.0,2026
1,599565,Kopřivnice,21,21245,0,227.0,12.0,2026
1,599573,Sezemice,7,125,0,9.0,1.0,2026
1,599581,Jiřice,7,325,0,21.0,3.0,2026
1,599590,Podmoky,7,200,0,8.0,1.0,2026
1,599603,Lichnov,15,1604,0,30.0,2.0,2026
1,599611,Vrbice,7,188,0,13.0,13.0,2026
1,599620,Chleby,7,459,0,7.0,1.0,2026
1,599638,Hrubý Jeseník,7,605,0,9.0,1.0,2026
1,599646,Luboměř,7,387,0,15.0,2.0,2026
1,599654,Nový Dvůr,7,78,0,11.0,11.0,2026
1,599662,Oseček,7,166,0,8.0,1.0,2026
1,599671,Čilec,5,243,0,5.0,1.0,2026
1,599689,Mořkov,15,2369,0,15.0,1.0,2026
1,599697,Zbožíčko,7,291,0,25.0,3.0,2026
1,599701,Odry,19,7336,0,114.0,6.0,2026
1,599719,Tehovec,7,700,0,9.0,1.0,2026
1,599727,Karlík,7,482,0,9.0,1.0,2026
1,599735,Březová-Oleško,9,1475,0,18.0,2.0,2026
1,599743,Petřvald,15,1728,0,30.0,2.0,2026
1,599751,Modřovice,5,104,0,5.0,5.0,2026
1,599760,Račice,5,175,0,6.0,1.0,2026
1,599778,Závraty,7,62,0,7.0,1.0,2026
1,599808,Příbor,21,8311,0,127.0,8.0,2026
1,599832,Sedlnice,15,1840,0,78.0,6.0,2026
1,599867,Spálov,7,917,0,18.0,2.0,2026
1,599905,Starý Jičín,15,3007,0,45.0,3.0,2026
1,599921,Studénka,21,9166,0,84.0,4.0,2026
1,599930,Suchdol nad Odrou,15,2902,0,45.0,3.0,2026
1,599948,Štramberk,15,3478,0,75.0,5.0,2026
1,599956,Tichá,11,2002,0,33.0,3.0,2026
1,599964,Tísek,9,980,0,36.0,4.0,2026
1,599999,Trojanovice,11,2710,0,33.0,3.0,2026
